ISO-10303-21;
HEADER;
FILE_DESCRIPTION(('FreeCAD Model'),'2;1');
FILE_NAME('Open CASCADE Shape Model','2026-10-03T14:00:41',('FreeCAD'),(
    'FreeCAD'),'Open CASCADE STEP processor 7.8','FreeCAD','Unknown');
FILE_SCHEMA(('AUTOMOTIVE_DESIGN { 1 0 10303 214 1 1 1 1 }'));
ENDSEC;
DATA;
#1 = APPLICATION_PROTOCOL_DEFINITION('international standard',
  'automotive_design',2000,#2);
#2 = APPLICATION_CONTEXT(
  'core data for automotive mechanical design processes');
#3 = SHAPE_DEFINITION_REPRESENTATION(#4,#10);
#4 = PRODUCT_DEFINITION_SHAPE('','',#5);
#5 = PRODUCT_DEFINITION('design','',#6,#9);
#6 = PRODUCT_DEFINITION_FORMATION('','',#7);
#7 = PRODUCT('Open CASCADE STEP translator 7.8 11',
  'Open CASCADE STEP translator 7.8 11','',(#8));
#8 = PRODUCT_CONTEXT('',#2,'mechanical');
#9 = PRODUCT_DEFINITION_CONTEXT('part definition',#2,'design');
#10 = SHAPE_REPRESENTATION('',(#11,#15,#68,#121,#174,#227,#280,#333,#386
    ,#439,#492,#545,#734,#787,#840,#893,#1043,#1193,#1246,#1299,#1352,
    #1405,#1458,#1511,#1564,#1617,#1670,#1723,#1912,#1965,#2018,#2071,
    #2221,#2371,#2424,#2477,#2530,#2583,#2636,#2689,#2742,#2795,#2945,
    #3037,#3090,#3143,#3235,#3417,#3470,#3523,#3576,#3629,#3682,#3735,
    #3827,#3880,#3933,#3986,#4039,#4092,#4145,#5391,#5483,#5536,#5589,
    #5681,#5863,#5916,#5969,#6022,#6075,#6128,#6181,#6273,#6326,#6379,
    #6432,#6485,#6538,#6591,#7837,#7890,#7943,#7996,#8049,#8199,#8349,
    #8499,#8649,#8799,#8949,#9099,#9249,#9399,#9549,#9699,#9849,#9902,
    #9955,#10008,#10061,#10211,#10361,#10511,#10661,#10811,#10961,#11111
    ,#11261,#11411,#11561,#11711,#11861,#11914,#11967,#12020,#12073,
    #12126,#12179,#12329,#12479,#12629,#12682,#12735,#12885,#13035,
    #13185,#13335,#13485,#13635,#13785,#13935,#14085,#14235,#14288,
    #14438,#14588,#14738,#14888,#14941,#14994,#15144,#15294,#15444,
    #15594,#15744,#15894,#16044,#16194,#16344,#16494,#16644,#16794,
    #16944,#17094,#17244,#17394,#17544,#17694,#17844,#17994,#18144,
    #18294,#18444,#18594,#18744,#18894,#19044,#19097,#19150,#19203,
    #19256,#19406,#19556,#19706,#19856,#19909,#19962,#20015,#20165,
    #20315,#20368,#20518,#20668,#20721,#20774,#20924,#21074,#21127,
    #21180,#21233,#21286,#21339,#21489,#21639),#21789);
#11 = AXIS2_PLACEMENT_3D('',#12,#13,#14);
#12 = CARTESIAN_POINT('',(0.,0.,0.));
#13 = DIRECTION('',(0.,0.,1.));
#14 = DIRECTION('',(1.,0.,-0.));
#15 = MANIFOLD_SOLID_BREP('',#16);
#16 = CLOSED_SHELL('',(#17,#50,#59));
#17 = ADVANCED_FACE('',(#18),#45,.T.);
#18 = FACE_BOUND('',#19,.T.);
#19 = EDGE_LOOP('',(#20,#29,#37,#44));
#20 = ORIENTED_EDGE('',*,*,#21,.F.);
#21 = EDGE_CURVE('',#22,#22,#24,.T.);
#22 = VERTEX_POINT('',#23);
#23 = CARTESIAN_POINT('',(-57.3,380.,480.));
#24 = CIRCLE('',#25,12.7);
#25 = AXIS2_PLACEMENT_3D('',#26,#27,#28);
#26 = CARTESIAN_POINT('',(-70.,380.,480.));
#27 = DIRECTION('',(-0.,1.,1.110223024625E-16));
#28 = DIRECTION('',(1.,0.,0.));
#29 = ORIENTED_EDGE('',*,*,#30,.F.);
#30 = EDGE_CURVE('',#31,#22,#33,.T.);
#31 = VERTEX_POINT('',#32);
#32 = CARTESIAN_POINT('',(-57.3,-60.,480.));
#33 = LINE('',#34,#35);
#34 = CARTESIAN_POINT('',(-57.3,-60.,480.));
#35 = VECTOR('',#36,1.);
#36 = DIRECTION('',(0.,1.,1.110223024625E-16));
#37 = ORIENTED_EDGE('',*,*,#38,.T.);
#38 = EDGE_CURVE('',#31,#31,#39,.T.);
#39 = CIRCLE('',#40,12.7);
#40 = AXIS2_PLACEMENT_3D('',#41,#42,#43);
#41 = CARTESIAN_POINT('',(-70.,-60.,480.));
#42 = DIRECTION('',(-0.,1.,1.110223024625E-16));
#43 = DIRECTION('',(1.,0.,0.));
#44 = ORIENTED_EDGE('',*,*,#30,.T.);
#45 = CYLINDRICAL_SURFACE('',#46,12.7);
#46 = AXIS2_PLACEMENT_3D('',#47,#48,#49);
#47 = CARTESIAN_POINT('',(-70.,-60.,480.));
#48 = DIRECTION('',(0.,1.,1.110223024625E-16));
#49 = DIRECTION('',(1.,0.,0.));
#50 = ADVANCED_FACE('',(#51),#54,.T.);
#51 = FACE_BOUND('',#52,.T.);
#52 = EDGE_LOOP('',(#53));
#53 = ORIENTED_EDGE('',*,*,#21,.T.);
#54 = PLANE('',#55);
#55 = AXIS2_PLACEMENT_3D('',#56,#57,#58);
#56 = CARTESIAN_POINT('',(-70.,380.,480.));
#57 = DIRECTION('',(0.,1.,1.110223024625E-16));
#58 = DIRECTION('',(1.,0.,0.));
#59 = ADVANCED_FACE('',(#60),#63,.F.);
#60 = FACE_BOUND('',#61,.T.);
#61 = EDGE_LOOP('',(#62));
#62 = ORIENTED_EDGE('',*,*,#38,.F.);
#63 = PLANE('',#64);
#64 = AXIS2_PLACEMENT_3D('',#65,#66,#67);
#65 = CARTESIAN_POINT('',(-70.,-60.,480.));
#66 = DIRECTION('',(0.,1.,1.110223024625E-16));
#67 = DIRECTION('',(1.,0.,0.));
#68 = MANIFOLD_SOLID_BREP('',#69);
#69 = CLOSED_SHELL('',(#70,#103,#112));
#70 = ADVANCED_FACE('',(#71),#98,.T.);
#71 = FACE_BOUND('',#72,.T.);
#72 = EDGE_LOOP('',(#73,#82,#90,#97));
#73 = ORIENTED_EDGE('',*,*,#74,.F.);
#74 = EDGE_CURVE('',#75,#75,#77,.T.);
#75 = VERTEX_POINT('',#76);
#76 = CARTESIAN_POINT('',(-57.3,380.,160.));
#77 = CIRCLE('',#78,12.7);
#78 = AXIS2_PLACEMENT_3D('',#79,#80,#81);
#79 = CARTESIAN_POINT('',(-70.,380.,160.));
#80 = DIRECTION('',(-0.,1.,1.110223024625E-16));
#81 = DIRECTION('',(1.,0.,0.));
#82 = ORIENTED_EDGE('',*,*,#83,.F.);
#83 = EDGE_CURVE('',#84,#75,#86,.T.);
#84 = VERTEX_POINT('',#85);
#85 = CARTESIAN_POINT('',(-57.3,-60.,160.));
#86 = LINE('',#87,#88);
#87 = CARTESIAN_POINT('',(-57.3,-60.,160.));
#88 = VECTOR('',#89,1.);
#89 = DIRECTION('',(0.,1.,1.110223024625E-16));
#90 = ORIENTED_EDGE('',*,*,#91,.T.);
#91 = EDGE_CURVE('',#84,#84,#92,.T.);
#92 = CIRCLE('',#93,12.7);
#93 = AXIS2_PLACEMENT_3D('',#94,#95,#96);
#94 = CARTESIAN_POINT('',(-70.,-60.,160.));
#95 = DIRECTION('',(-0.,1.,1.110223024625E-16));
#96 = DIRECTION('',(1.,0.,0.));
#97 = ORIENTED_EDGE('',*,*,#83,.T.);
#98 = CYLINDRICAL_SURFACE('',#99,12.7);
#99 = AXIS2_PLACEMENT_3D('',#100,#101,#102);
#100 = CARTESIAN_POINT('',(-70.,-60.,160.));
#101 = DIRECTION('',(0.,1.,1.110223024625E-16));
#102 = DIRECTION('',(1.,0.,0.));
#103 = ADVANCED_FACE('',(#104),#107,.T.);
#104 = FACE_BOUND('',#105,.T.);
#105 = EDGE_LOOP('',(#106));
#106 = ORIENTED_EDGE('',*,*,#74,.T.);
#107 = PLANE('',#108);
#108 = AXIS2_PLACEMENT_3D('',#109,#110,#111);
#109 = CARTESIAN_POINT('',(-70.,380.,160.));
#110 = DIRECTION('',(0.,1.,1.110223024625E-16));
#111 = DIRECTION('',(1.,0.,0.));
#112 = ADVANCED_FACE('',(#113),#116,.F.);
#113 = FACE_BOUND('',#114,.T.);
#114 = EDGE_LOOP('',(#115));
#115 = ORIENTED_EDGE('',*,*,#91,.F.);
#116 = PLANE('',#117);
#117 = AXIS2_PLACEMENT_3D('',#118,#119,#120);
#118 = CARTESIAN_POINT('',(-70.,-60.,160.));
#119 = DIRECTION('',(0.,1.,1.110223024625E-16));
#120 = DIRECTION('',(1.,0.,0.));
#121 = MANIFOLD_SOLID_BREP('',#122);
#122 = CLOSED_SHELL('',(#123,#156,#165));
#123 = ADVANCED_FACE('',(#124),#151,.T.);
#124 = FACE_BOUND('',#125,.T.);
#125 = EDGE_LOOP('',(#126,#135,#143,#150));
#126 = ORIENTED_EDGE('',*,*,#127,.F.);
#127 = EDGE_CURVE('',#128,#128,#130,.T.);
#128 = VERTEX_POINT('',#129);
#129 = CARTESIAN_POINT('',(-55.,380.,490.));
#130 = CIRCLE('',#131,15.);
#131 = AXIS2_PLACEMENT_3D('',#132,#133,#134);
#132 = CARTESIAN_POINT('',(-70.,380.,490.));
#133 = DIRECTION('',(0.,0.,1.));
#134 = DIRECTION('',(1.,0.,0.));
#135 = ORIENTED_EDGE('',*,*,#136,.F.);
#136 = EDGE_CURVE('',#137,#128,#139,.T.);
#137 = VERTEX_POINT('',#138);
#138 = CARTESIAN_POINT('',(-55.,380.,130.));
#139 = LINE('',#140,#141);
#140 = CARTESIAN_POINT('',(-55.,380.,130.));
#141 = VECTOR('',#142,1.);
#142 = DIRECTION('',(0.,0.,1.));
#143 = ORIENTED_EDGE('',*,*,#144,.T.);
#144 = EDGE_CURVE('',#137,#137,#145,.T.);
#145 = CIRCLE('',#146,15.);
#146 = AXIS2_PLACEMENT_3D('',#147,#148,#149);
#147 = CARTESIAN_POINT('',(-70.,380.,130.));
#148 = DIRECTION('',(0.,0.,1.));
#149 = DIRECTION('',(1.,0.,0.));
#150 = ORIENTED_EDGE('',*,*,#136,.T.);
#151 = CYLINDRICAL_SURFACE('',#152,15.);
#152 = AXIS2_PLACEMENT_3D('',#153,#154,#155);
#153 = CARTESIAN_POINT('',(-70.,380.,130.));
#154 = DIRECTION('',(0.,0.,1.));
#155 = DIRECTION('',(1.,0.,0.));
#156 = ADVANCED_FACE('',(#157),#160,.T.);
#157 = FACE_BOUND('',#158,.T.);
#158 = EDGE_LOOP('',(#159));
#159 = ORIENTED_EDGE('',*,*,#127,.T.);
#160 = PLANE('',#161);
#161 = AXIS2_PLACEMENT_3D('',#162,#163,#164);
#162 = CARTESIAN_POINT('',(-70.,380.,490.));
#163 = DIRECTION('',(0.,0.,1.));
#164 = DIRECTION('',(1.,0.,0.));
#165 = ADVANCED_FACE('',(#166),#169,.F.);
#166 = FACE_BOUND('',#167,.T.);
#167 = EDGE_LOOP('',(#168));
#168 = ORIENTED_EDGE('',*,*,#144,.F.);
#169 = PLANE('',#170);
#170 = AXIS2_PLACEMENT_3D('',#171,#172,#173);
#171 = CARTESIAN_POINT('',(-70.,380.,130.));
#172 = DIRECTION('',(0.,0.,1.));
#173 = DIRECTION('',(1.,0.,0.));
#174 = MANIFOLD_SOLID_BREP('',#175);
#175 = CLOSED_SHELL('',(#176,#209,#218));
#176 = ADVANCED_FACE('',(#177),#204,.T.);
#177 = FACE_BOUND('',#178,.T.);
#178 = EDGE_LOOP('',(#179,#188,#196,#203));
#179 = ORIENTED_EDGE('',*,*,#180,.F.);
#180 = EDGE_CURVE('',#181,#181,#183,.T.);
#181 = VERTEX_POINT('',#182);
#182 = CARTESIAN_POINT('',(-52.,380.,498.));
#183 = CIRCLE('',#184,18.);
#184 = AXIS2_PLACEMENT_3D('',#185,#186,#187);
#185 = CARTESIAN_POINT('',(-70.,380.,498.));
#186 = DIRECTION('',(0.,0.,1.));
#187 = DIRECTION('',(1.,0.,0.));
#188 = ORIENTED_EDGE('',*,*,#189,.F.);
#189 = EDGE_CURVE('',#190,#181,#192,.T.);
#190 = VERTEX_POINT('',#191);
#191 = CARTESIAN_POINT('',(-52.,380.,490.));
#192 = LINE('',#193,#194);
#193 = CARTESIAN_POINT('',(-52.,380.,490.));
#194 = VECTOR('',#195,1.);
#195 = DIRECTION('',(0.,0.,1.));
#196 = ORIENTED_EDGE('',*,*,#197,.T.);
#197 = EDGE_CURVE('',#190,#190,#198,.T.);
#198 = CIRCLE('',#199,18.);
#199 = AXIS2_PLACEMENT_3D('',#200,#201,#202);
#200 = CARTESIAN_POINT('',(-70.,380.,490.));
#201 = DIRECTION('',(0.,0.,1.));
#202 = DIRECTION('',(1.,0.,0.));
#203 = ORIENTED_EDGE('',*,*,#189,.T.);
#204 = CYLINDRICAL_SURFACE('',#205,18.);
#205 = AXIS2_PLACEMENT_3D('',#206,#207,#208);
#206 = CARTESIAN_POINT('',(-70.,380.,490.));
#207 = DIRECTION('',(0.,0.,1.));
#208 = DIRECTION('',(1.,0.,0.));
#209 = ADVANCED_FACE('',(#210),#213,.T.);
#210 = FACE_BOUND('',#211,.T.);
#211 = EDGE_LOOP('',(#212));
#212 = ORIENTED_EDGE('',*,*,#180,.T.);
#213 = PLANE('',#214);
#214 = AXIS2_PLACEMENT_3D('',#215,#216,#217);
#215 = CARTESIAN_POINT('',(-70.,380.,498.));
#216 = DIRECTION('',(0.,0.,1.));
#217 = DIRECTION('',(1.,0.,0.));
#218 = ADVANCED_FACE('',(#219),#222,.F.);
#219 = FACE_BOUND('',#220,.T.);
#220 = EDGE_LOOP('',(#221));
#221 = ORIENTED_EDGE('',*,*,#197,.F.);
#222 = PLANE('',#223);
#223 = AXIS2_PLACEMENT_3D('',#224,#225,#226);
#224 = CARTESIAN_POINT('',(-70.,380.,490.));
#225 = DIRECTION('',(0.,0.,1.));
#226 = DIRECTION('',(1.,0.,0.));
#227 = MANIFOLD_SOLID_BREP('',#228);
#228 = CLOSED_SHELL('',(#229,#262,#271));
#229 = ADVANCED_FACE('',(#230),#257,.T.);
#230 = FACE_BOUND('',#231,.T.);
#231 = EDGE_LOOP('',(#232,#241,#249,#256));
#232 = ORIENTED_EDGE('',*,*,#233,.F.);
#233 = EDGE_CURVE('',#234,#234,#236,.T.);
#234 = VERTEX_POINT('',#235);
#235 = CARTESIAN_POINT('',(-52.,380.,130.));
#236 = CIRCLE('',#237,18.);
#237 = AXIS2_PLACEMENT_3D('',#238,#239,#240);
#238 = CARTESIAN_POINT('',(-70.,380.,130.));
#239 = DIRECTION('',(0.,0.,1.));
#240 = DIRECTION('',(1.,0.,0.));
#241 = ORIENTED_EDGE('',*,*,#242,.F.);
#242 = EDGE_CURVE('',#243,#234,#245,.T.);
#243 = VERTEX_POINT('',#244);
#244 = CARTESIAN_POINT('',(-52.,380.,122.));
#245 = LINE('',#246,#247);
#246 = CARTESIAN_POINT('',(-52.,380.,122.));
#247 = VECTOR('',#248,1.);
#248 = DIRECTION('',(0.,0.,1.));
#249 = ORIENTED_EDGE('',*,*,#250,.T.);
#250 = EDGE_CURVE('',#243,#243,#251,.T.);
#251 = CIRCLE('',#252,18.);
#252 = AXIS2_PLACEMENT_3D('',#253,#254,#255);
#253 = CARTESIAN_POINT('',(-70.,380.,122.));
#254 = DIRECTION('',(0.,0.,1.));
#255 = DIRECTION('',(1.,0.,0.));
#256 = ORIENTED_EDGE('',*,*,#242,.T.);
#257 = CYLINDRICAL_SURFACE('',#258,18.);
#258 = AXIS2_PLACEMENT_3D('',#259,#260,#261);
#259 = CARTESIAN_POINT('',(-70.,380.,122.));
#260 = DIRECTION('',(0.,0.,1.));
#261 = DIRECTION('',(1.,0.,0.));
#262 = ADVANCED_FACE('',(#263),#266,.T.);
#263 = FACE_BOUND('',#264,.T.);
#264 = EDGE_LOOP('',(#265));
#265 = ORIENTED_EDGE('',*,*,#233,.T.);
#266 = PLANE('',#267);
#267 = AXIS2_PLACEMENT_3D('',#268,#269,#270);
#268 = CARTESIAN_POINT('',(-70.,380.,130.));
#269 = DIRECTION('',(0.,0.,1.));
#270 = DIRECTION('',(1.,0.,0.));
#271 = ADVANCED_FACE('',(#272),#275,.F.);
#272 = FACE_BOUND('',#273,.T.);
#273 = EDGE_LOOP('',(#274));
#274 = ORIENTED_EDGE('',*,*,#250,.F.);
#275 = PLANE('',#276);
#276 = AXIS2_PLACEMENT_3D('',#277,#278,#279);
#277 = CARTESIAN_POINT('',(-70.,380.,122.));
#278 = DIRECTION('',(0.,0.,1.));
#279 = DIRECTION('',(1.,0.,0.));
#280 = MANIFOLD_SOLID_BREP('',#281);
#281 = CLOSED_SHELL('',(#282,#315,#324));
#282 = ADVANCED_FACE('',(#283),#310,.T.);
#283 = FACE_BOUND('',#284,.T.);
#284 = EDGE_LOOP('',(#285,#294,#302,#309));
#285 = ORIENTED_EDGE('',*,*,#286,.F.);
#286 = EDGE_CURVE('',#287,#287,#289,.T.);
#287 = VERTEX_POINT('',#288);
#288 = CARTESIAN_POINT('',(-57.3,-60.,850.));
#289 = CIRCLE('',#290,12.7);
#290 = AXIS2_PLACEMENT_3D('',#291,#292,#293);
#291 = CARTESIAN_POINT('',(-70.,-60.,850.));
#292 = DIRECTION('',(0.,0.,1.));
#293 = DIRECTION('',(1.,0.,0.));
#294 = ORIENTED_EDGE('',*,*,#295,.F.);
#295 = EDGE_CURVE('',#296,#287,#298,.T.);
#296 = VERTEX_POINT('',#297);
#297 = CARTESIAN_POINT('',(-57.3,-60.,130.));
#298 = LINE('',#299,#300);
#299 = CARTESIAN_POINT('',(-57.3,-60.,130.));
#300 = VECTOR('',#301,1.);
#301 = DIRECTION('',(0.,0.,1.));
#302 = ORIENTED_EDGE('',*,*,#303,.T.);
#303 = EDGE_CURVE('',#296,#296,#304,.T.);
#304 = CIRCLE('',#305,12.7);
#305 = AXIS2_PLACEMENT_3D('',#306,#307,#308);
#306 = CARTESIAN_POINT('',(-70.,-60.,130.));
#307 = DIRECTION('',(0.,0.,1.));
#308 = DIRECTION('',(1.,0.,0.));
#309 = ORIENTED_EDGE('',*,*,#295,.T.);
#310 = CYLINDRICAL_SURFACE('',#311,12.7);
#311 = AXIS2_PLACEMENT_3D('',#312,#313,#314);
#312 = CARTESIAN_POINT('',(-70.,-60.,130.));
#313 = DIRECTION('',(0.,0.,1.));
#314 = DIRECTION('',(1.,0.,0.));
#315 = ADVANCED_FACE('',(#316),#319,.T.);
#316 = FACE_BOUND('',#317,.T.);
#317 = EDGE_LOOP('',(#318));
#318 = ORIENTED_EDGE('',*,*,#286,.T.);
#319 = PLANE('',#320);
#320 = AXIS2_PLACEMENT_3D('',#321,#322,#323);
#321 = CARTESIAN_POINT('',(-70.,-60.,850.));
#322 = DIRECTION('',(0.,0.,1.));
#323 = DIRECTION('',(1.,0.,0.));
#324 = ADVANCED_FACE('',(#325),#328,.F.);
#325 = FACE_BOUND('',#326,.T.);
#326 = EDGE_LOOP('',(#327));
#327 = ORIENTED_EDGE('',*,*,#303,.F.);
#328 = PLANE('',#329);
#329 = AXIS2_PLACEMENT_3D('',#330,#331,#332);
#330 = CARTESIAN_POINT('',(-70.,-60.,130.));
#331 = DIRECTION('',(0.,0.,1.));
#332 = DIRECTION('',(1.,0.,0.));
#333 = MANIFOLD_SOLID_BREP('',#334);
#334 = CLOSED_SHELL('',(#335,#368,#377));
#335 = ADVANCED_FACE('',(#336),#363,.T.);
#336 = FACE_BOUND('',#337,.T.);
#337 = EDGE_LOOP('',(#338,#347,#355,#362));
#338 = ORIENTED_EDGE('',*,*,#339,.F.);
#339 = EDGE_CURVE('',#340,#340,#342,.T.);
#340 = VERTEX_POINT('',#341);
#341 = CARTESIAN_POINT('',(-57.3,-160.,920.));
#342 = CIRCLE('',#343,12.7);
#343 = AXIS2_PLACEMENT_3D('',#344,#345,#346);
#344 = CARTESIAN_POINT('',(-70.,-160.,920.));
#345 = DIRECTION('',(0.,-0.819231920519,0.573462344363));
#346 = DIRECTION('',(1.,0.,0.));
#347 = ORIENTED_EDGE('',*,*,#348,.F.);
#348 = EDGE_CURVE('',#349,#340,#351,.T.);
#349 = VERTEX_POINT('',#350);
#350 = CARTESIAN_POINT('',(-57.3,-60.,850.));
#351 = LINE('',#352,#353);
#352 = CARTESIAN_POINT('',(-57.3,-60.,850.));
#353 = VECTOR('',#354,1.);
#354 = DIRECTION('',(0.,-0.819231920519,0.573462344363));
#355 = ORIENTED_EDGE('',*,*,#356,.T.);
#356 = EDGE_CURVE('',#349,#349,#357,.T.);
#357 = CIRCLE('',#358,12.7);
#358 = AXIS2_PLACEMENT_3D('',#359,#360,#361);
#359 = CARTESIAN_POINT('',(-70.,-60.,850.));
#360 = DIRECTION('',(0.,-0.819231920519,0.573462344363));
#361 = DIRECTION('',(1.,0.,0.));
#362 = ORIENTED_EDGE('',*,*,#348,.T.);
#363 = CYLINDRICAL_SURFACE('',#364,12.7);
#364 = AXIS2_PLACEMENT_3D('',#365,#366,#367);
#365 = CARTESIAN_POINT('',(-70.,-60.,850.));
#366 = DIRECTION('',(0.,-0.819231920519,0.573462344363));
#367 = DIRECTION('',(1.,0.,0.));
#368 = ADVANCED_FACE('',(#369),#372,.T.);
#369 = FACE_BOUND('',#370,.T.);
#370 = EDGE_LOOP('',(#371));
#371 = ORIENTED_EDGE('',*,*,#339,.T.);
#372 = PLANE('',#373);
#373 = AXIS2_PLACEMENT_3D('',#374,#375,#376);
#374 = CARTESIAN_POINT('',(-70.,-160.,920.));
#375 = DIRECTION('',(0.,-0.819231920519,0.573462344363));
#376 = DIRECTION('',(1.,0.,0.));
#377 = ADVANCED_FACE('',(#378),#381,.F.);
#378 = FACE_BOUND('',#379,.T.);
#379 = EDGE_LOOP('',(#380));
#380 = ORIENTED_EDGE('',*,*,#356,.F.);
#381 = PLANE('',#382);
#382 = AXIS2_PLACEMENT_3D('',#383,#384,#385);
#383 = CARTESIAN_POINT('',(-70.,-60.,850.));
#384 = DIRECTION('',(0.,-0.819231920519,0.573462344363));
#385 = DIRECTION('',(1.,0.,0.));
#386 = MANIFOLD_SOLID_BREP('',#387);
#387 = CLOSED_SHELL('',(#388,#421,#430));
#388 = ADVANCED_FACE('',(#389),#416,.T.);
#389 = FACE_BOUND('',#390,.T.);
#390 = EDGE_LOOP('',(#391,#400,#408,#415));
#391 = ORIENTED_EDGE('',*,*,#392,.F.);
#392 = EDGE_CURVE('',#393,#393,#395,.T.);
#393 = VERTEX_POINT('',#394);
#394 = CARTESIAN_POINT('',(-53.5,-170.,926.));
#395 = CIRCLE('',#396,16.5);
#396 = AXIS2_PLACEMENT_3D('',#397,#398,#399);
#397 = CARTESIAN_POINT('',(-70.,-170.,926.));
#398 = DIRECTION('',(0.,-0.824728851846,0.565528355552));
#399 = DIRECTION('',(1.,0.,0.));
#400 = ORIENTED_EDGE('',*,*,#401,.F.);
#401 = EDGE_CURVE('',#402,#393,#404,.T.);
#402 = VERTEX_POINT('',#403);
#403 = CARTESIAN_POINT('',(-53.5,-100.,878.));
#404 = LINE('',#405,#406);
#405 = CARTESIAN_POINT('',(-53.5,-100.,878.));
#406 = VECTOR('',#407,1.);
#407 = DIRECTION('',(0.,-0.824728851846,0.565528355552));
#408 = ORIENTED_EDGE('',*,*,#409,.T.);
#409 = EDGE_CURVE('',#402,#402,#410,.T.);
#410 = CIRCLE('',#411,16.5);
#411 = AXIS2_PLACEMENT_3D('',#412,#413,#414);
#412 = CARTESIAN_POINT('',(-70.,-100.,878.));
#413 = DIRECTION('',(0.,-0.824728851846,0.565528355552));
#414 = DIRECTION('',(1.,0.,0.));
#415 = ORIENTED_EDGE('',*,*,#401,.T.);
#416 = CYLINDRICAL_SURFACE('',#417,16.5);
#417 = AXIS2_PLACEMENT_3D('',#418,#419,#420);
#418 = CARTESIAN_POINT('',(-70.,-100.,878.));
#419 = DIRECTION('',(0.,-0.824728851846,0.565528355552));
#420 = DIRECTION('',(1.,0.,0.));
#421 = ADVANCED_FACE('',(#422),#425,.T.);
#422 = FACE_BOUND('',#423,.T.);
#423 = EDGE_LOOP('',(#424));
#424 = ORIENTED_EDGE('',*,*,#392,.T.);
#425 = PLANE('',#426);
#426 = AXIS2_PLACEMENT_3D('',#427,#428,#429);
#427 = CARTESIAN_POINT('',(-70.,-170.,926.));
#428 = DIRECTION('',(0.,-0.824728851846,0.565528355552));
#429 = DIRECTION('',(1.,0.,0.));
#430 = ADVANCED_FACE('',(#431),#434,.F.);
#431 = FACE_BOUND('',#432,.T.);
#432 = EDGE_LOOP('',(#433));
#433 = ORIENTED_EDGE('',*,*,#409,.F.);
#434 = PLANE('',#435);
#435 = AXIS2_PLACEMENT_3D('',#436,#437,#438);
#436 = CARTESIAN_POINT('',(-70.,-100.,878.));
#437 = DIRECTION('',(0.,-0.824728851846,0.565528355552));
#438 = DIRECTION('',(1.,0.,0.));
#439 = MANIFOLD_SOLID_BREP('',#440);
#440 = CLOSED_SHELL('',(#441,#474,#483));
#441 = ADVANCED_FACE('',(#442),#469,.T.);
#442 = FACE_BOUND('',#443,.T.);
#443 = EDGE_LOOP('',(#444,#453,#461,#468));
#444 = ORIENTED_EDGE('',*,*,#445,.F.);
#445 = EDGE_CURVE('',#446,#446,#448,.T.);
#446 = VERTEX_POINT('',#447);
#447 = CARTESIAN_POINT('',(-59.,-220.,120.));
#448 = CIRCLE('',#449,11.);
#449 = AXIS2_PLACEMENT_3D('',#450,#451,#452);
#450 = CARTESIAN_POINT('',(-70.,-220.,120.));
#451 = DIRECTION('',(0.,-0.992277876714,-0.124034734589));
#452 = DIRECTION('',(1.,0.,0.));
#453 = ORIENTED_EDGE('',*,*,#454,.F.);
#454 = EDGE_CURVE('',#455,#446,#457,.T.);
#455 = VERTEX_POINT('',#456);
#456 = CARTESIAN_POINT('',(-59.,-60.,140.));
#457 = LINE('',#458,#459);
#458 = CARTESIAN_POINT('',(-59.,-60.,140.));
#459 = VECTOR('',#460,1.);
#460 = DIRECTION('',(0.,-0.992277876714,-0.124034734589));
#461 = ORIENTED_EDGE('',*,*,#462,.T.);
#462 = EDGE_CURVE('',#455,#455,#463,.T.);
#463 = CIRCLE('',#464,11.);
#464 = AXIS2_PLACEMENT_3D('',#465,#466,#467);
#465 = CARTESIAN_POINT('',(-70.,-60.,140.));
#466 = DIRECTION('',(0.,-0.992277876714,-0.124034734589));
#467 = DIRECTION('',(1.,0.,0.));
#468 = ORIENTED_EDGE('',*,*,#454,.T.);
#469 = CYLINDRICAL_SURFACE('',#470,11.);
#470 = AXIS2_PLACEMENT_3D('',#471,#472,#473);
#471 = CARTESIAN_POINT('',(-70.,-60.,140.));
#472 = DIRECTION('',(0.,-0.992277876714,-0.124034734589));
#473 = DIRECTION('',(1.,0.,0.));
#474 = ADVANCED_FACE('',(#475),#478,.T.);
#475 = FACE_BOUND('',#476,.T.);
#476 = EDGE_LOOP('',(#477));
#477 = ORIENTED_EDGE('',*,*,#445,.T.);
#478 = PLANE('',#479);
#479 = AXIS2_PLACEMENT_3D('',#480,#481,#482);
#480 = CARTESIAN_POINT('',(-70.,-220.,120.));
#481 = DIRECTION('',(0.,-0.992277876714,-0.124034734589));
#482 = DIRECTION('',(1.,0.,0.));
#483 = ADVANCED_FACE('',(#484),#487,.F.);
#484 = FACE_BOUND('',#485,.T.);
#485 = EDGE_LOOP('',(#486));
#486 = ORIENTED_EDGE('',*,*,#462,.F.);
#487 = PLANE('',#488);
#488 = AXIS2_PLACEMENT_3D('',#489,#490,#491);
#489 = CARTESIAN_POINT('',(-70.,-60.,140.));
#490 = DIRECTION('',(0.,-0.992277876714,-0.124034734589));
#491 = DIRECTION('',(1.,0.,0.));
#492 = MANIFOLD_SOLID_BREP('',#493);
#493 = CLOSED_SHELL('',(#494,#527,#536));
#494 = ADVANCED_FACE('',(#495),#522,.T.);
#495 = FACE_BOUND('',#496,.T.);
#496 = EDGE_LOOP('',(#497,#506,#514,#521));
#497 = ORIENTED_EDGE('',*,*,#498,.F.);
#498 = EDGE_CURVE('',#499,#499,#501,.T.);
#499 = VERTEX_POINT('',#500);
#500 = CARTESIAN_POINT('',(-70.,-250.,106.));
#501 = CIRCLE('',#502,14.);
#502 = AXIS2_PLACEMENT_3D('',#503,#504,#505);
#503 = CARTESIAN_POINT('',(-70.,-250.,120.));
#504 = DIRECTION('',(0.,-1.,0.));
#505 = DIRECTION('',(0.,0.,-1.));
#506 = ORIENTED_EDGE('',*,*,#507,.F.);
#507 = EDGE_CURVE('',#508,#499,#510,.T.);
#508 = VERTEX_POINT('',#509);
#509 = CARTESIAN_POINT('',(-70.,-225.,106.));
#510 = LINE('',#511,#512);
#511 = CARTESIAN_POINT('',(-70.,-225.,106.));
#512 = VECTOR('',#513,1.);
#513 = DIRECTION('',(0.,-1.,0.));
#514 = ORIENTED_EDGE('',*,*,#515,.T.);
#515 = EDGE_CURVE('',#508,#508,#516,.T.);
#516 = CIRCLE('',#517,14.);
#517 = AXIS2_PLACEMENT_3D('',#518,#519,#520);
#518 = CARTESIAN_POINT('',(-70.,-225.,120.));
#519 = DIRECTION('',(0.,-1.,0.));
#520 = DIRECTION('',(0.,0.,-1.));
#521 = ORIENTED_EDGE('',*,*,#507,.T.);
#522 = CYLINDRICAL_SURFACE('',#523,14.);
#523 = AXIS2_PLACEMENT_3D('',#524,#525,#526);
#524 = CARTESIAN_POINT('',(-70.,-225.,120.));
#525 = DIRECTION('',(0.,-1.,0.));
#526 = DIRECTION('',(0.,0.,-1.));
#527 = ADVANCED_FACE('',(#528),#531,.T.);
#528 = FACE_BOUND('',#529,.T.);
#529 = EDGE_LOOP('',(#530));
#530 = ORIENTED_EDGE('',*,*,#498,.T.);
#531 = PLANE('',#532);
#532 = AXIS2_PLACEMENT_3D('',#533,#534,#535);
#533 = CARTESIAN_POINT('',(-70.,-250.,120.));
#534 = DIRECTION('',(0.,-1.,0.));
#535 = DIRECTION('',(0.,0.,-1.));
#536 = ADVANCED_FACE('',(#537),#540,.F.);
#537 = FACE_BOUND('',#538,.T.);
#538 = EDGE_LOOP('',(#539));
#539 = ORIENTED_EDGE('',*,*,#515,.F.);
#540 = PLANE('',#541);
#541 = AXIS2_PLACEMENT_3D('',#542,#543,#544);
#542 = CARTESIAN_POINT('',(-70.,-225.,120.));
#543 = DIRECTION('',(0.,-1.,0.));
#544 = DIRECTION('',(0.,0.,-1.));
#545 = MANIFOLD_SOLID_BREP('',#546);
#546 = CLOSED_SHELL('',(#547,#598,#629,#653,#677,#694,#719));
#547 = ADVANCED_FACE('',(#548,#582),#593,.F.);
#548 = FACE_BOUND('',#549,.F.);
#549 = EDGE_LOOP('',(#550,#560,#568,#576));
#550 = ORIENTED_EDGE('',*,*,#551,.F.);
#551 = EDGE_CURVE('',#552,#554,#556,.T.);
#552 = VERTEX_POINT('',#553);
#553 = CARTESIAN_POINT('',(-72.,-40.,220.));
#554 = VERTEX_POINT('',#555);
#555 = CARTESIAN_POINT('',(-72.,-40.,380.));
#556 = LINE('',#557,#558);
#557 = CARTESIAN_POINT('',(-72.,-40.,220.));
#558 = VECTOR('',#559,1.);
#559 = DIRECTION('',(0.,0.,1.));
#560 = ORIENTED_EDGE('',*,*,#561,.T.);
#561 = EDGE_CURVE('',#552,#562,#564,.T.);
#562 = VERTEX_POINT('',#563);
#563 = CARTESIAN_POINT('',(-72.,40.,220.));
#564 = LINE('',#565,#566);
#565 = CARTESIAN_POINT('',(-72.,-40.,220.));
#566 = VECTOR('',#567,1.);
#567 = DIRECTION('',(0.,1.,0.));
#568 = ORIENTED_EDGE('',*,*,#569,.T.);
#569 = EDGE_CURVE('',#562,#570,#572,.T.);
#570 = VERTEX_POINT('',#571);
#571 = CARTESIAN_POINT('',(-72.,40.,380.));
#572 = LINE('',#573,#574);
#573 = CARTESIAN_POINT('',(-72.,40.,220.));
#574 = VECTOR('',#575,1.);
#575 = DIRECTION('',(0.,0.,1.));
#576 = ORIENTED_EDGE('',*,*,#577,.F.);
#577 = EDGE_CURVE('',#554,#570,#578,.T.);
#578 = LINE('',#579,#580);
#579 = CARTESIAN_POINT('',(-72.,-40.,380.));
#580 = VECTOR('',#581,1.);
#581 = DIRECTION('',(0.,1.,0.));
#582 = FACE_BOUND('',#583,.F.);
#583 = EDGE_LOOP('',(#584));
#584 = ORIENTED_EDGE('',*,*,#585,.F.);
#585 = EDGE_CURVE('',#586,#586,#588,.T.);
#586 = VERTEX_POINT('',#587);
#587 = CARTESIAN_POINT('',(-72.,1.592040838892E-15,311.5));
#588 = CIRCLE('',#589,6.5);
#589 = AXIS2_PLACEMENT_3D('',#590,#591,#592);
#590 = CARTESIAN_POINT('',(-72.,0.,305.));
#591 = DIRECTION('',(1.,0.,-0.));
#592 = DIRECTION('',(0.,0.,1.));
#593 = PLANE('',#594);
#594 = AXIS2_PLACEMENT_3D('',#595,#596,#597);
#595 = CARTESIAN_POINT('',(-72.,-40.,220.));
#596 = DIRECTION('',(1.,0.,0.));
#597 = DIRECTION('',(0.,0.,1.));
#598 = ADVANCED_FACE('',(#599),#624,.F.);
#599 = FACE_BOUND('',#600,.F.);
#600 = EDGE_LOOP('',(#601,#609,#610,#618));
#601 = ORIENTED_EDGE('',*,*,#602,.F.);
#602 = EDGE_CURVE('',#552,#603,#605,.T.);
#603 = VERTEX_POINT('',#604);
#604 = CARTESIAN_POINT('',(-68.,-40.,220.));
#605 = LINE('',#606,#607);
#606 = CARTESIAN_POINT('',(-72.,-40.,220.));
#607 = VECTOR('',#608,1.);
#608 = DIRECTION('',(1.,0.,0.));
#609 = ORIENTED_EDGE('',*,*,#551,.T.);
#610 = ORIENTED_EDGE('',*,*,#611,.T.);
#611 = EDGE_CURVE('',#554,#612,#614,.T.);
#612 = VERTEX_POINT('',#613);
#613 = CARTESIAN_POINT('',(-68.,-40.,380.));
#614 = LINE('',#615,#616);
#615 = CARTESIAN_POINT('',(-72.,-40.,380.));
#616 = VECTOR('',#617,1.);
#617 = DIRECTION('',(1.,0.,0.));
#618 = ORIENTED_EDGE('',*,*,#619,.F.);
#619 = EDGE_CURVE('',#603,#612,#620,.T.);
#620 = LINE('',#621,#622);
#621 = CARTESIAN_POINT('',(-68.,-40.,220.));
#622 = VECTOR('',#623,1.);
#623 = DIRECTION('',(0.,0.,1.));
#624 = PLANE('',#625);
#625 = AXIS2_PLACEMENT_3D('',#626,#627,#628);
#626 = CARTESIAN_POINT('',(-72.,-40.,220.));
#627 = DIRECTION('',(0.,1.,0.));
#628 = DIRECTION('',(0.,0.,1.));
#629 = ADVANCED_FACE('',(#630),#648,.T.);
#630 = FACE_BOUND('',#631,.T.);
#631 = EDGE_LOOP('',(#632,#633,#634,#642));
#632 = ORIENTED_EDGE('',*,*,#577,.F.);
#633 = ORIENTED_EDGE('',*,*,#611,.T.);
#634 = ORIENTED_EDGE('',*,*,#635,.T.);
#635 = EDGE_CURVE('',#612,#636,#638,.T.);
#636 = VERTEX_POINT('',#637);
#637 = CARTESIAN_POINT('',(-68.,40.,380.));
#638 = LINE('',#639,#640);
#639 = CARTESIAN_POINT('',(-68.,-40.,380.));
#640 = VECTOR('',#641,1.);
#641 = DIRECTION('',(0.,1.,0.));
#642 = ORIENTED_EDGE('',*,*,#643,.F.);
#643 = EDGE_CURVE('',#570,#636,#644,.T.);
#644 = LINE('',#645,#646);
#645 = CARTESIAN_POINT('',(-72.,40.,380.));
#646 = VECTOR('',#647,1.);
#647 = DIRECTION('',(1.,0.,0.));
#648 = PLANE('',#649);
#649 = AXIS2_PLACEMENT_3D('',#650,#651,#652);
#650 = CARTESIAN_POINT('',(-72.,-40.,380.));
#651 = DIRECTION('',(0.,0.,1.));
#652 = DIRECTION('',(1.,0.,0.));
#653 = ADVANCED_FACE('',(#654),#672,.F.);
#654 = FACE_BOUND('',#655,.F.);
#655 = EDGE_LOOP('',(#656,#657,#658,#666));
#656 = ORIENTED_EDGE('',*,*,#561,.F.);
#657 = ORIENTED_EDGE('',*,*,#602,.T.);
#658 = ORIENTED_EDGE('',*,*,#659,.T.);
#659 = EDGE_CURVE('',#603,#660,#662,.T.);
#660 = VERTEX_POINT('',#661);
#661 = CARTESIAN_POINT('',(-68.,40.,220.));
#662 = LINE('',#663,#664);
#663 = CARTESIAN_POINT('',(-68.,-40.,220.));
#664 = VECTOR('',#665,1.);
#665 = DIRECTION('',(0.,1.,0.));
#666 = ORIENTED_EDGE('',*,*,#667,.F.);
#667 = EDGE_CURVE('',#562,#660,#668,.T.);
#668 = LINE('',#669,#670);
#669 = CARTESIAN_POINT('',(-72.,40.,220.));
#670 = VECTOR('',#671,1.);
#671 = DIRECTION('',(1.,0.,0.));
#672 = PLANE('',#673);
#673 = AXIS2_PLACEMENT_3D('',#674,#675,#676);
#674 = CARTESIAN_POINT('',(-72.,-40.,220.));
#675 = DIRECTION('',(0.,0.,1.));
#676 = DIRECTION('',(1.,0.,0.));
#677 = ADVANCED_FACE('',(#678),#689,.T.);
#678 = FACE_BOUND('',#679,.T.);
#679 = EDGE_LOOP('',(#680,#681,#682,#683));
#680 = ORIENTED_EDGE('',*,*,#667,.F.);
#681 = ORIENTED_EDGE('',*,*,#569,.T.);
#682 = ORIENTED_EDGE('',*,*,#643,.T.);
#683 = ORIENTED_EDGE('',*,*,#684,.F.);
#684 = EDGE_CURVE('',#660,#636,#685,.T.);
#685 = LINE('',#686,#687);
#686 = CARTESIAN_POINT('',(-68.,40.,220.));
#687 = VECTOR('',#688,1.);
#688 = DIRECTION('',(0.,0.,1.));
#689 = PLANE('',#690);
#690 = AXIS2_PLACEMENT_3D('',#691,#692,#693);
#691 = CARTESIAN_POINT('',(-72.,40.,220.));
#692 = DIRECTION('',(0.,1.,0.));
#693 = DIRECTION('',(0.,0.,1.));
#694 = ADVANCED_FACE('',(#695),#714,.F.);
#695 = FACE_BOUND('',#696,.F.);
#696 = EDGE_LOOP('',(#697,#706,#712,#713));
#697 = ORIENTED_EDGE('',*,*,#698,.F.);
#698 = EDGE_CURVE('',#699,#699,#701,.T.);
#699 = VERTEX_POINT('',#700);
#700 = CARTESIAN_POINT('',(-68.,1.592040838892E-15,311.5));
#701 = CIRCLE('',#702,6.5);
#702 = AXIS2_PLACEMENT_3D('',#703,#704,#705);
#703 = CARTESIAN_POINT('',(-68.,0.,305.));
#704 = DIRECTION('',(1.,0.,-0.));
#705 = DIRECTION('',(0.,0.,1.));
#706 = ORIENTED_EDGE('',*,*,#707,.F.);
#707 = EDGE_CURVE('',#586,#699,#708,.T.);
#708 = LINE('',#709,#710);
#709 = CARTESIAN_POINT('',(-75.,1.592040838892E-15,311.5));
#710 = VECTOR('',#711,1.);
#711 = DIRECTION('',(1.,0.,0.));
#712 = ORIENTED_EDGE('',*,*,#585,.T.);
#713 = ORIENTED_EDGE('',*,*,#707,.T.);
#714 = CYLINDRICAL_SURFACE('',#715,6.5);
#715 = AXIS2_PLACEMENT_3D('',#716,#717,#718);
#716 = CARTESIAN_POINT('',(-75.,0.,305.));
#717 = DIRECTION('',(1.,0.,0.));
#718 = DIRECTION('',(0.,0.,1.));
#719 = ADVANCED_FACE('',(#720,#726),#729,.T.);
#720 = FACE_BOUND('',#721,.T.);
#721 = EDGE_LOOP('',(#722,#723,#724,#725));
#722 = ORIENTED_EDGE('',*,*,#619,.F.);
#723 = ORIENTED_EDGE('',*,*,#659,.T.);
#724 = ORIENTED_EDGE('',*,*,#684,.T.);
#725 = ORIENTED_EDGE('',*,*,#635,.F.);
#726 = FACE_BOUND('',#727,.T.);
#727 = EDGE_LOOP('',(#728));
#728 = ORIENTED_EDGE('',*,*,#698,.F.);
#729 = PLANE('',#730);
#730 = AXIS2_PLACEMENT_3D('',#731,#732,#733);
#731 = CARTESIAN_POINT('',(-68.,-40.,220.));
#732 = DIRECTION('',(1.,0.,0.));
#733 = DIRECTION('',(0.,0.,1.));
#734 = MANIFOLD_SOLID_BREP('',#735);
#735 = CLOSED_SHELL('',(#736,#769,#778));
#736 = ADVANCED_FACE('',(#737),#764,.T.);
#737 = FACE_BOUND('',#738,.T.);
#738 = EDGE_LOOP('',(#739,#748,#756,#763));
#739 = ORIENTED_EDGE('',*,*,#740,.F.);
#740 = EDGE_CURVE('',#741,#741,#743,.T.);
#741 = VERTEX_POINT('',#742);
#742 = CARTESIAN_POINT('',(-60.,40.,640.));
#743 = CIRCLE('',#744,10.);
#744 = AXIS2_PLACEMENT_3D('',#745,#746,#747);
#745 = CARTESIAN_POINT('',(-70.,40.,640.));
#746 = DIRECTION('',(0.,0.,1.));
#747 = DIRECTION('',(1.,0.,0.));
#748 = ORIENTED_EDGE('',*,*,#749,.F.);
#749 = EDGE_CURVE('',#750,#741,#752,.T.);
#750 = VERTEX_POINT('',#751);
#751 = CARTESIAN_POINT('',(-60.,40.,480.));
#752 = LINE('',#753,#754);
#753 = CARTESIAN_POINT('',(-60.,40.,480.));
#754 = VECTOR('',#755,1.);
#755 = DIRECTION('',(0.,0.,1.));
#756 = ORIENTED_EDGE('',*,*,#757,.T.);
#757 = EDGE_CURVE('',#750,#750,#758,.T.);
#758 = CIRCLE('',#759,10.);
#759 = AXIS2_PLACEMENT_3D('',#760,#761,#762);
#760 = CARTESIAN_POINT('',(-70.,40.,480.));
#761 = DIRECTION('',(0.,0.,1.));
#762 = DIRECTION('',(1.,0.,0.));
#763 = ORIENTED_EDGE('',*,*,#749,.T.);
#764 = CYLINDRICAL_SURFACE('',#765,10.);
#765 = AXIS2_PLACEMENT_3D('',#766,#767,#768);
#766 = CARTESIAN_POINT('',(-70.,40.,480.));
#767 = DIRECTION('',(0.,0.,1.));
#768 = DIRECTION('',(1.,0.,0.));
#769 = ADVANCED_FACE('',(#770),#773,.T.);
#770 = FACE_BOUND('',#771,.T.);
#771 = EDGE_LOOP('',(#772));
#772 = ORIENTED_EDGE('',*,*,#740,.T.);
#773 = PLANE('',#774);
#774 = AXIS2_PLACEMENT_3D('',#775,#776,#777);
#775 = CARTESIAN_POINT('',(-70.,40.,640.));
#776 = DIRECTION('',(0.,0.,1.));
#777 = DIRECTION('',(1.,0.,0.));
#778 = ADVANCED_FACE('',(#779),#782,.F.);
#779 = FACE_BOUND('',#780,.T.);
#780 = EDGE_LOOP('',(#781));
#781 = ORIENTED_EDGE('',*,*,#757,.F.);
#782 = PLANE('',#783);
#783 = AXIS2_PLACEMENT_3D('',#784,#785,#786);
#784 = CARTESIAN_POINT('',(-70.,40.,480.));
#785 = DIRECTION('',(0.,0.,1.));
#786 = DIRECTION('',(1.,0.,0.));
#787 = MANIFOLD_SOLID_BREP('',#788);
#788 = CLOSED_SHELL('',(#789,#822,#831));
#789 = ADVANCED_FACE('',(#790),#817,.T.);
#790 = FACE_BOUND('',#791,.T.);
#791 = EDGE_LOOP('',(#792,#801,#809,#816));
#792 = ORIENTED_EDGE('',*,*,#793,.F.);
#793 = EDGE_CURVE('',#794,#794,#796,.T.);
#794 = VERTEX_POINT('',#795);
#795 = CARTESIAN_POINT('',(-60.,280.,640.));
#796 = CIRCLE('',#797,10.);
#797 = AXIS2_PLACEMENT_3D('',#798,#799,#800);
#798 = CARTESIAN_POINT('',(-70.,280.,640.));
#799 = DIRECTION('',(0.,0.,1.));
#800 = DIRECTION('',(1.,0.,0.));
#801 = ORIENTED_EDGE('',*,*,#802,.F.);
#802 = EDGE_CURVE('',#803,#794,#805,.T.);
#803 = VERTEX_POINT('',#804);
#804 = CARTESIAN_POINT('',(-60.,280.,480.));
#805 = LINE('',#806,#807);
#806 = CARTESIAN_POINT('',(-60.,280.,480.));
#807 = VECTOR('',#808,1.);
#808 = DIRECTION('',(0.,0.,1.));
#809 = ORIENTED_EDGE('',*,*,#810,.T.);
#810 = EDGE_CURVE('',#803,#803,#811,.T.);
#811 = CIRCLE('',#812,10.);
#812 = AXIS2_PLACEMENT_3D('',#813,#814,#815);
#813 = CARTESIAN_POINT('',(-70.,280.,480.));
#814 = DIRECTION('',(0.,0.,1.));
#815 = DIRECTION('',(1.,0.,0.));
#816 = ORIENTED_EDGE('',*,*,#802,.T.);
#817 = CYLINDRICAL_SURFACE('',#818,10.);
#818 = AXIS2_PLACEMENT_3D('',#819,#820,#821);
#819 = CARTESIAN_POINT('',(-70.,280.,480.));
#820 = DIRECTION('',(0.,0.,1.));
#821 = DIRECTION('',(1.,0.,0.));
#822 = ADVANCED_FACE('',(#823),#826,.T.);
#823 = FACE_BOUND('',#824,.T.);
#824 = EDGE_LOOP('',(#825));
#825 = ORIENTED_EDGE('',*,*,#793,.T.);
#826 = PLANE('',#827);
#827 = AXIS2_PLACEMENT_3D('',#828,#829,#830);
#828 = CARTESIAN_POINT('',(-70.,280.,640.));
#829 = DIRECTION('',(0.,0.,1.));
#830 = DIRECTION('',(1.,0.,0.));
#831 = ADVANCED_FACE('',(#832),#835,.F.);
#832 = FACE_BOUND('',#833,.T.);
#833 = EDGE_LOOP('',(#834));
#834 = ORIENTED_EDGE('',*,*,#810,.F.);
#835 = PLANE('',#836);
#836 = AXIS2_PLACEMENT_3D('',#837,#838,#839);
#837 = CARTESIAN_POINT('',(-70.,280.,480.));
#838 = DIRECTION('',(0.,0.,1.));
#839 = DIRECTION('',(1.,0.,0.));
#840 = MANIFOLD_SOLID_BREP('',#841);
#841 = CLOSED_SHELL('',(#842,#875,#884));
#842 = ADVANCED_FACE('',(#843),#870,.T.);
#843 = FACE_BOUND('',#844,.T.);
#844 = EDGE_LOOP('',(#845,#854,#862,#869));
#845 = ORIENTED_EDGE('',*,*,#846,.F.);
#846 = EDGE_CURVE('',#847,#847,#849,.T.);
#847 = VERTEX_POINT('',#848);
#848 = CARTESIAN_POINT('',(-60.,300.,640.));
#849 = CIRCLE('',#850,10.);
#850 = AXIS2_PLACEMENT_3D('',#851,#852,#853);
#851 = CARTESIAN_POINT('',(-70.,300.,640.));
#852 = DIRECTION('',(-0.,1.,1.110223024625E-16));
#853 = DIRECTION('',(1.,0.,0.));
#854 = ORIENTED_EDGE('',*,*,#855,.F.);
#855 = EDGE_CURVE('',#856,#847,#858,.T.);
#856 = VERTEX_POINT('',#857);
#857 = CARTESIAN_POINT('',(-60.,20.,640.));
#858 = LINE('',#859,#860);
#859 = CARTESIAN_POINT('',(-60.,20.,640.));
#860 = VECTOR('',#861,1.);
#861 = DIRECTION('',(0.,1.,1.110223024625E-16));
#862 = ORIENTED_EDGE('',*,*,#863,.T.);
#863 = EDGE_CURVE('',#856,#856,#864,.T.);
#864 = CIRCLE('',#865,10.);
#865 = AXIS2_PLACEMENT_3D('',#866,#867,#868);
#866 = CARTESIAN_POINT('',(-70.,20.,640.));
#867 = DIRECTION('',(-0.,1.,1.110223024625E-16));
#868 = DIRECTION('',(1.,0.,0.));
#869 = ORIENTED_EDGE('',*,*,#855,.T.);
#870 = CYLINDRICAL_SURFACE('',#871,10.);
#871 = AXIS2_PLACEMENT_3D('',#872,#873,#874);
#872 = CARTESIAN_POINT('',(-70.,20.,640.));
#873 = DIRECTION('',(0.,1.,1.110223024625E-16));
#874 = DIRECTION('',(1.,0.,0.));
#875 = ADVANCED_FACE('',(#876),#879,.T.);
#876 = FACE_BOUND('',#877,.T.);
#877 = EDGE_LOOP('',(#878));
#878 = ORIENTED_EDGE('',*,*,#846,.T.);
#879 = PLANE('',#880);
#880 = AXIS2_PLACEMENT_3D('',#881,#882,#883);
#881 = CARTESIAN_POINT('',(-70.,300.,640.));
#882 = DIRECTION('',(0.,1.,1.110223024625E-16));
#883 = DIRECTION('',(1.,0.,0.));
#884 = ADVANCED_FACE('',(#885),#888,.F.);
#885 = FACE_BOUND('',#886,.T.);
#886 = EDGE_LOOP('',(#887));
#887 = ORIENTED_EDGE('',*,*,#863,.F.);
#888 = PLANE('',#889);
#889 = AXIS2_PLACEMENT_3D('',#890,#891,#892);
#890 = CARTESIAN_POINT('',(-70.,20.,640.));
#891 = DIRECTION('',(0.,1.,1.110223024625E-16));
#892 = DIRECTION('',(1.,0.,0.));
#893 = MANIFOLD_SOLID_BREP('',#894);
#894 = CLOSED_SHELL('',(#895,#935,#975,#997,#1019,#1031));
#895 = ADVANCED_FACE('',(#896),#930,.F.);
#896 = FACE_BOUND('',#897,.F.);
#897 = EDGE_LOOP('',(#898,#908,#916,#924));
#898 = ORIENTED_EDGE('',*,*,#899,.F.);
#899 = EDGE_CURVE('',#900,#902,#904,.T.);
#900 = VERTEX_POINT('',#901);
#901 = CARTESIAN_POINT('',(-97.,30.,645.));
#902 = VERTEX_POINT('',#903);
#903 = CARTESIAN_POINT('',(-97.,30.,673.));
#904 = LINE('',#905,#906);
#905 = CARTESIAN_POINT('',(-97.,30.,645.));
#906 = VECTOR('',#907,1.);
#907 = DIRECTION('',(0.,0.,1.));
#908 = ORIENTED_EDGE('',*,*,#909,.T.);
#909 = EDGE_CURVE('',#900,#910,#912,.T.);
#910 = VERTEX_POINT('',#911);
#911 = CARTESIAN_POINT('',(-97.,290.,645.));
#912 = LINE('',#913,#914);
#913 = CARTESIAN_POINT('',(-97.,30.,645.));
#914 = VECTOR('',#915,1.);
#915 = DIRECTION('',(0.,1.,0.));
#916 = ORIENTED_EDGE('',*,*,#917,.T.);
#917 = EDGE_CURVE('',#910,#918,#920,.T.);
#918 = VERTEX_POINT('',#919);
#919 = CARTESIAN_POINT('',(-97.,290.,673.));
#920 = LINE('',#921,#922);
#921 = CARTESIAN_POINT('',(-97.,290.,645.));
#922 = VECTOR('',#923,1.);
#923 = DIRECTION('',(0.,0.,1.));
#924 = ORIENTED_EDGE('',*,*,#925,.F.);
#925 = EDGE_CURVE('',#902,#918,#926,.T.);
#926 = LINE('',#927,#928);
#927 = CARTESIAN_POINT('',(-97.,30.,673.));
#928 = VECTOR('',#929,1.);
#929 = DIRECTION('',(0.,1.,0.));
#930 = PLANE('',#931);
#931 = AXIS2_PLACEMENT_3D('',#932,#933,#934);
#932 = CARTESIAN_POINT('',(-97.,30.,645.));
#933 = DIRECTION('',(1.,0.,0.));
#934 = DIRECTION('',(0.,0.,1.));
#935 = ADVANCED_FACE('',(#936),#970,.T.);
#936 = FACE_BOUND('',#937,.T.);
#937 = EDGE_LOOP('',(#938,#948,#956,#964));
#938 = ORIENTED_EDGE('',*,*,#939,.F.);
#939 = EDGE_CURVE('',#940,#942,#944,.T.);
#940 = VERTEX_POINT('',#941);
#941 = CARTESIAN_POINT('',(-43.,30.,645.));
#942 = VERTEX_POINT('',#943);
#943 = CARTESIAN_POINT('',(-43.,30.,673.));
#944 = LINE('',#945,#946);
#945 = CARTESIAN_POINT('',(-43.,30.,645.));
#946 = VECTOR('',#947,1.);
#947 = DIRECTION('',(0.,0.,1.));
#948 = ORIENTED_EDGE('',*,*,#949,.T.);
#949 = EDGE_CURVE('',#940,#950,#952,.T.);
#950 = VERTEX_POINT('',#951);
#951 = CARTESIAN_POINT('',(-43.,290.,645.));
#952 = LINE('',#953,#954);
#953 = CARTESIAN_POINT('',(-43.,30.,645.));
#954 = VECTOR('',#955,1.);
#955 = DIRECTION('',(0.,1.,0.));
#956 = ORIENTED_EDGE('',*,*,#957,.T.);
#957 = EDGE_CURVE('',#950,#958,#960,.T.);
#958 = VERTEX_POINT('',#959);
#959 = CARTESIAN_POINT('',(-43.,290.,673.));
#960 = LINE('',#961,#962);
#961 = CARTESIAN_POINT('',(-43.,290.,645.));
#962 = VECTOR('',#963,1.);
#963 = DIRECTION('',(0.,0.,1.));
#964 = ORIENTED_EDGE('',*,*,#965,.F.);
#965 = EDGE_CURVE('',#942,#958,#966,.T.);
#966 = LINE('',#967,#968);
#967 = CARTESIAN_POINT('',(-43.,30.,673.));
#968 = VECTOR('',#969,1.);
#969 = DIRECTION('',(0.,1.,0.));
#970 = PLANE('',#971);
#971 = AXIS2_PLACEMENT_3D('',#972,#973,#974);
#972 = CARTESIAN_POINT('',(-43.,30.,645.));
#973 = DIRECTION('',(1.,0.,0.));
#974 = DIRECTION('',(0.,0.,1.));
#975 = ADVANCED_FACE('',(#976),#992,.F.);
#976 = FACE_BOUND('',#977,.F.);
#977 = EDGE_LOOP('',(#978,#984,#985,#991));
#978 = ORIENTED_EDGE('',*,*,#979,.F.);
#979 = EDGE_CURVE('',#900,#940,#980,.T.);
#980 = LINE('',#981,#982);
#981 = CARTESIAN_POINT('',(-97.,30.,645.));
#982 = VECTOR('',#983,1.);
#983 = DIRECTION('',(1.,0.,0.));
#984 = ORIENTED_EDGE('',*,*,#899,.T.);
#985 = ORIENTED_EDGE('',*,*,#986,.T.);
#986 = EDGE_CURVE('',#902,#942,#987,.T.);
#987 = LINE('',#988,#989);
#988 = CARTESIAN_POINT('',(-97.,30.,673.));
#989 = VECTOR('',#990,1.);
#990 = DIRECTION('',(1.,0.,0.));
#991 = ORIENTED_EDGE('',*,*,#939,.F.);
#992 = PLANE('',#993);
#993 = AXIS2_PLACEMENT_3D('',#994,#995,#996);
#994 = CARTESIAN_POINT('',(-97.,30.,645.));
#995 = DIRECTION('',(0.,1.,0.));
#996 = DIRECTION('',(0.,0.,1.));
#997 = ADVANCED_FACE('',(#998),#1014,.T.);
#998 = FACE_BOUND('',#999,.T.);
#999 = EDGE_LOOP('',(#1000,#1006,#1007,#1013));
#1000 = ORIENTED_EDGE('',*,*,#1001,.F.);
#1001 = EDGE_CURVE('',#910,#950,#1002,.T.);
#1002 = LINE('',#1003,#1004);
#1003 = CARTESIAN_POINT('',(-97.,290.,645.));
#1004 = VECTOR('',#1005,1.);
#1005 = DIRECTION('',(1.,0.,0.));
#1006 = ORIENTED_EDGE('',*,*,#917,.T.);
#1007 = ORIENTED_EDGE('',*,*,#1008,.T.);
#1008 = EDGE_CURVE('',#918,#958,#1009,.T.);
#1009 = LINE('',#1010,#1011);
#1010 = CARTESIAN_POINT('',(-97.,290.,673.));
#1011 = VECTOR('',#1012,1.);
#1012 = DIRECTION('',(1.,0.,0.));
#1013 = ORIENTED_EDGE('',*,*,#957,.F.);
#1014 = PLANE('',#1015);
#1015 = AXIS2_PLACEMENT_3D('',#1016,#1017,#1018);
#1016 = CARTESIAN_POINT('',(-97.,290.,645.));
#1017 = DIRECTION('',(0.,1.,0.));
#1018 = DIRECTION('',(0.,0.,1.));
#1019 = ADVANCED_FACE('',(#1020),#1026,.F.);
#1020 = FACE_BOUND('',#1021,.F.);
#1021 = EDGE_LOOP('',(#1022,#1023,#1024,#1025));
#1022 = ORIENTED_EDGE('',*,*,#909,.F.);
#1023 = ORIENTED_EDGE('',*,*,#979,.T.);
#1024 = ORIENTED_EDGE('',*,*,#949,.T.);
#1025 = ORIENTED_EDGE('',*,*,#1001,.F.);
#1026 = PLANE('',#1027);
#1027 = AXIS2_PLACEMENT_3D('',#1028,#1029,#1030);
#1028 = CARTESIAN_POINT('',(-97.,30.,645.));
#1029 = DIRECTION('',(0.,0.,1.));
#1030 = DIRECTION('',(1.,0.,0.));
#1031 = ADVANCED_FACE('',(#1032),#1038,.T.);
#1032 = FACE_BOUND('',#1033,.T.);
#1033 = EDGE_LOOP('',(#1034,#1035,#1036,#1037));
#1034 = ORIENTED_EDGE('',*,*,#925,.F.);
#1035 = ORIENTED_EDGE('',*,*,#986,.T.);
#1036 = ORIENTED_EDGE('',*,*,#965,.T.);
#1037 = ORIENTED_EDGE('',*,*,#1008,.F.);
#1038 = PLANE('',#1039);
#1039 = AXIS2_PLACEMENT_3D('',#1040,#1041,#1042);
#1040 = CARTESIAN_POINT('',(-97.,30.,673.));
#1041 = DIRECTION('',(0.,0.,1.));
#1042 = DIRECTION('',(1.,0.,0.));
#1043 = MANIFOLD_SOLID_BREP('',#1044);
#1044 = CLOSED_SHELL('',(#1045,#1085,#1125,#1147,#1169,#1181));
#1045 = ADVANCED_FACE('',(#1046),#1080,.F.);
#1046 = FACE_BOUND('',#1047,.F.);
#1047 = EDGE_LOOP('',(#1048,#1058,#1066,#1074));
#1048 = ORIENTED_EDGE('',*,*,#1049,.F.);
#1049 = EDGE_CURVE('',#1050,#1052,#1054,.T.);
#1050 = VERTEX_POINT('',#1051);
#1051 = CARTESIAN_POINT('',(-84.,0.,470.));
#1052 = VERTEX_POINT('',#1053);
#1053 = CARTESIAN_POINT('',(-84.,0.,650.));
#1054 = LINE('',#1055,#1056);
#1055 = CARTESIAN_POINT('',(-84.,0.,470.));
#1056 = VECTOR('',#1057,1.);
#1057 = DIRECTION('',(0.,0.,1.));
#1058 = ORIENTED_EDGE('',*,*,#1059,.T.);
#1059 = EDGE_CURVE('',#1050,#1060,#1062,.T.);
#1060 = VERTEX_POINT('',#1061);
#1061 = CARTESIAN_POINT('',(-84.,360.,470.));
#1062 = LINE('',#1063,#1064);
#1063 = CARTESIAN_POINT('',(-84.,0.,470.));
#1064 = VECTOR('',#1065,1.);
#1065 = DIRECTION('',(0.,1.,0.));
#1066 = ORIENTED_EDGE('',*,*,#1067,.T.);
#1067 = EDGE_CURVE('',#1060,#1068,#1070,.T.);
#1068 = VERTEX_POINT('',#1069);
#1069 = CARTESIAN_POINT('',(-84.,360.,650.));
#1070 = LINE('',#1071,#1072);
#1071 = CARTESIAN_POINT('',(-84.,360.,470.));
#1072 = VECTOR('',#1073,1.);
#1073 = DIRECTION('',(0.,0.,1.));
#1074 = ORIENTED_EDGE('',*,*,#1075,.F.);
#1075 = EDGE_CURVE('',#1052,#1068,#1076,.T.);
#1076 = LINE('',#1077,#1078);
#1077 = CARTESIAN_POINT('',(-84.,0.,650.));
#1078 = VECTOR('',#1079,1.);
#1079 = DIRECTION('',(0.,1.,0.));
#1080 = PLANE('',#1081);
#1081 = AXIS2_PLACEMENT_3D('',#1082,#1083,#1084);
#1082 = CARTESIAN_POINT('',(-84.,0.,470.));
#1083 = DIRECTION('',(1.,0.,0.));
#1084 = DIRECTION('',(0.,0.,1.));
#1085 = ADVANCED_FACE('',(#1086),#1120,.T.);
#1086 = FACE_BOUND('',#1087,.T.);
#1087 = EDGE_LOOP('',(#1088,#1098,#1106,#1114));
#1088 = ORIENTED_EDGE('',*,*,#1089,.F.);
#1089 = EDGE_CURVE('',#1090,#1092,#1094,.T.);
#1090 = VERTEX_POINT('',#1091);
#1091 = CARTESIAN_POINT('',(-82.,0.,470.));
#1092 = VERTEX_POINT('',#1093);
#1093 = CARTESIAN_POINT('',(-82.,0.,650.));
#1094 = LINE('',#1095,#1096);
#1095 = CARTESIAN_POINT('',(-82.,0.,470.));
#1096 = VECTOR('',#1097,1.);
#1097 = DIRECTION('',(0.,0.,1.));
#1098 = ORIENTED_EDGE('',*,*,#1099,.T.);
#1099 = EDGE_CURVE('',#1090,#1100,#1102,.T.);
#1100 = VERTEX_POINT('',#1101);
#1101 = CARTESIAN_POINT('',(-82.,360.,470.));
#1102 = LINE('',#1103,#1104);
#1103 = CARTESIAN_POINT('',(-82.,0.,470.));
#1104 = VECTOR('',#1105,1.);
#1105 = DIRECTION('',(0.,1.,0.));
#1106 = ORIENTED_EDGE('',*,*,#1107,.T.);
#1107 = EDGE_CURVE('',#1100,#1108,#1110,.T.);
#1108 = VERTEX_POINT('',#1109);
#1109 = CARTESIAN_POINT('',(-82.,360.,650.));
#1110 = LINE('',#1111,#1112);
#1111 = CARTESIAN_POINT('',(-82.,360.,470.));
#1112 = VECTOR('',#1113,1.);
#1113 = DIRECTION('',(0.,0.,1.));
#1114 = ORIENTED_EDGE('',*,*,#1115,.F.);
#1115 = EDGE_CURVE('',#1092,#1108,#1116,.T.);
#1116 = LINE('',#1117,#1118);
#1117 = CARTESIAN_POINT('',(-82.,0.,650.));
#1118 = VECTOR('',#1119,1.);
#1119 = DIRECTION('',(0.,1.,0.));
#1120 = PLANE('',#1121);
#1121 = AXIS2_PLACEMENT_3D('',#1122,#1123,#1124);
#1122 = CARTESIAN_POINT('',(-82.,0.,470.));
#1123 = DIRECTION('',(1.,0.,0.));
#1124 = DIRECTION('',(0.,0.,1.));
#1125 = ADVANCED_FACE('',(#1126),#1142,.F.);
#1126 = FACE_BOUND('',#1127,.F.);
#1127 = EDGE_LOOP('',(#1128,#1134,#1135,#1141));
#1128 = ORIENTED_EDGE('',*,*,#1129,.F.);
#1129 = EDGE_CURVE('',#1050,#1090,#1130,.T.);
#1130 = LINE('',#1131,#1132);
#1131 = CARTESIAN_POINT('',(-84.,0.,470.));
#1132 = VECTOR('',#1133,1.);
#1133 = DIRECTION('',(1.,0.,0.));
#1134 = ORIENTED_EDGE('',*,*,#1049,.T.);
#1135 = ORIENTED_EDGE('',*,*,#1136,.T.);
#1136 = EDGE_CURVE('',#1052,#1092,#1137,.T.);
#1137 = LINE('',#1138,#1139);
#1138 = CARTESIAN_POINT('',(-84.,0.,650.));
#1139 = VECTOR('',#1140,1.);
#1140 = DIRECTION('',(1.,0.,0.));
#1141 = ORIENTED_EDGE('',*,*,#1089,.F.);
#1142 = PLANE('',#1143);
#1143 = AXIS2_PLACEMENT_3D('',#1144,#1145,#1146);
#1144 = CARTESIAN_POINT('',(-84.,0.,470.));
#1145 = DIRECTION('',(0.,1.,0.));
#1146 = DIRECTION('',(0.,0.,1.));
#1147 = ADVANCED_FACE('',(#1148),#1164,.T.);
#1148 = FACE_BOUND('',#1149,.T.);
#1149 = EDGE_LOOP('',(#1150,#1156,#1157,#1163));
#1150 = ORIENTED_EDGE('',*,*,#1151,.F.);
#1151 = EDGE_CURVE('',#1060,#1100,#1152,.T.);
#1152 = LINE('',#1153,#1154);
#1153 = CARTESIAN_POINT('',(-84.,360.,470.));
#1154 = VECTOR('',#1155,1.);
#1155 = DIRECTION('',(1.,0.,0.));
#1156 = ORIENTED_EDGE('',*,*,#1067,.T.);
#1157 = ORIENTED_EDGE('',*,*,#1158,.T.);
#1158 = EDGE_CURVE('',#1068,#1108,#1159,.T.);
#1159 = LINE('',#1160,#1161);
#1160 = CARTESIAN_POINT('',(-84.,360.,650.));
#1161 = VECTOR('',#1162,1.);
#1162 = DIRECTION('',(1.,0.,0.));
#1163 = ORIENTED_EDGE('',*,*,#1107,.F.);
#1164 = PLANE('',#1165);
#1165 = AXIS2_PLACEMENT_3D('',#1166,#1167,#1168);
#1166 = CARTESIAN_POINT('',(-84.,360.,470.));
#1167 = DIRECTION('',(0.,1.,0.));
#1168 = DIRECTION('',(0.,0.,1.));
#1169 = ADVANCED_FACE('',(#1170),#1176,.F.);
#1170 = FACE_BOUND('',#1171,.F.);
#1171 = EDGE_LOOP('',(#1172,#1173,#1174,#1175));
#1172 = ORIENTED_EDGE('',*,*,#1059,.F.);
#1173 = ORIENTED_EDGE('',*,*,#1129,.T.);
#1174 = ORIENTED_EDGE('',*,*,#1099,.T.);
#1175 = ORIENTED_EDGE('',*,*,#1151,.F.);
#1176 = PLANE('',#1177);
#1177 = AXIS2_PLACEMENT_3D('',#1178,#1179,#1180);
#1178 = CARTESIAN_POINT('',(-84.,0.,470.));
#1179 = DIRECTION('',(0.,0.,1.));
#1180 = DIRECTION('',(1.,0.,0.));
#1181 = ADVANCED_FACE('',(#1182),#1188,.T.);
#1182 = FACE_BOUND('',#1183,.T.);
#1183 = EDGE_LOOP('',(#1184,#1185,#1186,#1187));
#1184 = ORIENTED_EDGE('',*,*,#1075,.F.);
#1185 = ORIENTED_EDGE('',*,*,#1136,.T.);
#1186 = ORIENTED_EDGE('',*,*,#1115,.T.);
#1187 = ORIENTED_EDGE('',*,*,#1158,.F.);
#1188 = PLANE('',#1189);
#1189 = AXIS2_PLACEMENT_3D('',#1190,#1191,#1192);
#1190 = CARTESIAN_POINT('',(-84.,0.,650.));
#1191 = DIRECTION('',(0.,0.,1.));
#1192 = DIRECTION('',(1.,0.,0.));
#1193 = MANIFOLD_SOLID_BREP('',#1194);
#1194 = CLOSED_SHELL('',(#1195,#1228,#1237));
#1195 = ADVANCED_FACE('',(#1196),#1223,.T.);
#1196 = FACE_BOUND('',#1197,.T.);
#1197 = EDGE_LOOP('',(#1198,#1207,#1215,#1222));
#1198 = ORIENTED_EDGE('',*,*,#1199,.F.);
#1199 = EDGE_CURVE('',#1200,#1200,#1202,.T.);
#1200 = VERTEX_POINT('',#1201);
#1201 = CARTESIAN_POINT('',(82.7,380.,480.));
#1202 = CIRCLE('',#1203,12.7);
#1203 = AXIS2_PLACEMENT_3D('',#1204,#1205,#1206);
#1204 = CARTESIAN_POINT('',(70.,380.,480.));
#1205 = DIRECTION('',(-0.,1.,1.110223024625E-16));
#1206 = DIRECTION('',(1.,0.,0.));
#1207 = ORIENTED_EDGE('',*,*,#1208,.F.);
#1208 = EDGE_CURVE('',#1209,#1200,#1211,.T.);
#1209 = VERTEX_POINT('',#1210);
#1210 = CARTESIAN_POINT('',(82.7,-60.,480.));
#1211 = LINE('',#1212,#1213);
#1212 = CARTESIAN_POINT('',(82.7,-60.,480.));
#1213 = VECTOR('',#1214,1.);
#1214 = DIRECTION('',(0.,1.,1.110223024625E-16));
#1215 = ORIENTED_EDGE('',*,*,#1216,.T.);
#1216 = EDGE_CURVE('',#1209,#1209,#1217,.T.);
#1217 = CIRCLE('',#1218,12.7);
#1218 = AXIS2_PLACEMENT_3D('',#1219,#1220,#1221);
#1219 = CARTESIAN_POINT('',(70.,-60.,480.));
#1220 = DIRECTION('',(-0.,1.,1.110223024625E-16));
#1221 = DIRECTION('',(1.,0.,0.));
#1222 = ORIENTED_EDGE('',*,*,#1208,.T.);
#1223 = CYLINDRICAL_SURFACE('',#1224,12.7);
#1224 = AXIS2_PLACEMENT_3D('',#1225,#1226,#1227);
#1225 = CARTESIAN_POINT('',(70.,-60.,480.));
#1226 = DIRECTION('',(0.,1.,1.110223024625E-16));
#1227 = DIRECTION('',(1.,0.,0.));
#1228 = ADVANCED_FACE('',(#1229),#1232,.T.);
#1229 = FACE_BOUND('',#1230,.T.);
#1230 = EDGE_LOOP('',(#1231));
#1231 = ORIENTED_EDGE('',*,*,#1199,.T.);
#1232 = PLANE('',#1233);
#1233 = AXIS2_PLACEMENT_3D('',#1234,#1235,#1236);
#1234 = CARTESIAN_POINT('',(70.,380.,480.));
#1235 = DIRECTION('',(0.,1.,1.110223024625E-16));
#1236 = DIRECTION('',(1.,0.,0.));
#1237 = ADVANCED_FACE('',(#1238),#1241,.F.);
#1238 = FACE_BOUND('',#1239,.T.);
#1239 = EDGE_LOOP('',(#1240));
#1240 = ORIENTED_EDGE('',*,*,#1216,.F.);
#1241 = PLANE('',#1242);
#1242 = AXIS2_PLACEMENT_3D('',#1243,#1244,#1245);
#1243 = CARTESIAN_POINT('',(70.,-60.,480.));
#1244 = DIRECTION('',(0.,1.,1.110223024625E-16));
#1245 = DIRECTION('',(1.,0.,0.));
#1246 = MANIFOLD_SOLID_BREP('',#1247);
#1247 = CLOSED_SHELL('',(#1248,#1281,#1290));
#1248 = ADVANCED_FACE('',(#1249),#1276,.T.);
#1249 = FACE_BOUND('',#1250,.T.);
#1250 = EDGE_LOOP('',(#1251,#1260,#1268,#1275));
#1251 = ORIENTED_EDGE('',*,*,#1252,.F.);
#1252 = EDGE_CURVE('',#1253,#1253,#1255,.T.);
#1253 = VERTEX_POINT('',#1254);
#1254 = CARTESIAN_POINT('',(82.7,380.,160.));
#1255 = CIRCLE('',#1256,12.7);
#1256 = AXIS2_PLACEMENT_3D('',#1257,#1258,#1259);
#1257 = CARTESIAN_POINT('',(70.,380.,160.));
#1258 = DIRECTION('',(-0.,1.,1.110223024625E-16));
#1259 = DIRECTION('',(1.,0.,0.));
#1260 = ORIENTED_EDGE('',*,*,#1261,.F.);
#1261 = EDGE_CURVE('',#1262,#1253,#1264,.T.);
#1262 = VERTEX_POINT('',#1263);
#1263 = CARTESIAN_POINT('',(82.7,-60.,160.));
#1264 = LINE('',#1265,#1266);
#1265 = CARTESIAN_POINT('',(82.7,-60.,160.));
#1266 = VECTOR('',#1267,1.);
#1267 = DIRECTION('',(0.,1.,1.110223024625E-16));
#1268 = ORIENTED_EDGE('',*,*,#1269,.T.);
#1269 = EDGE_CURVE('',#1262,#1262,#1270,.T.);
#1270 = CIRCLE('',#1271,12.7);
#1271 = AXIS2_PLACEMENT_3D('',#1272,#1273,#1274);
#1272 = CARTESIAN_POINT('',(70.,-60.,160.));
#1273 = DIRECTION('',(-0.,1.,1.110223024625E-16));
#1274 = DIRECTION('',(1.,0.,0.));
#1275 = ORIENTED_EDGE('',*,*,#1261,.T.);
#1276 = CYLINDRICAL_SURFACE('',#1277,12.7);
#1277 = AXIS2_PLACEMENT_3D('',#1278,#1279,#1280);
#1278 = CARTESIAN_POINT('',(70.,-60.,160.));
#1279 = DIRECTION('',(0.,1.,1.110223024625E-16));
#1280 = DIRECTION('',(1.,0.,0.));
#1281 = ADVANCED_FACE('',(#1282),#1285,.T.);
#1282 = FACE_BOUND('',#1283,.T.);
#1283 = EDGE_LOOP('',(#1284));
#1284 = ORIENTED_EDGE('',*,*,#1252,.T.);
#1285 = PLANE('',#1286);
#1286 = AXIS2_PLACEMENT_3D('',#1287,#1288,#1289);
#1287 = CARTESIAN_POINT('',(70.,380.,160.));
#1288 = DIRECTION('',(0.,1.,1.110223024625E-16));
#1289 = DIRECTION('',(1.,0.,0.));
#1290 = ADVANCED_FACE('',(#1291),#1294,.F.);
#1291 = FACE_BOUND('',#1292,.T.);
#1292 = EDGE_LOOP('',(#1293));
#1293 = ORIENTED_EDGE('',*,*,#1269,.F.);
#1294 = PLANE('',#1295);
#1295 = AXIS2_PLACEMENT_3D('',#1296,#1297,#1298);
#1296 = CARTESIAN_POINT('',(70.,-60.,160.));
#1297 = DIRECTION('',(0.,1.,1.110223024625E-16));
#1298 = DIRECTION('',(1.,0.,0.));
#1299 = MANIFOLD_SOLID_BREP('',#1300);
#1300 = CLOSED_SHELL('',(#1301,#1334,#1343));
#1301 = ADVANCED_FACE('',(#1302),#1329,.T.);
#1302 = FACE_BOUND('',#1303,.T.);
#1303 = EDGE_LOOP('',(#1304,#1313,#1321,#1328));
#1304 = ORIENTED_EDGE('',*,*,#1305,.F.);
#1305 = EDGE_CURVE('',#1306,#1306,#1308,.T.);
#1306 = VERTEX_POINT('',#1307);
#1307 = CARTESIAN_POINT('',(85.,380.,490.));
#1308 = CIRCLE('',#1309,15.);
#1309 = AXIS2_PLACEMENT_3D('',#1310,#1311,#1312);
#1310 = CARTESIAN_POINT('',(70.,380.,490.));
#1311 = DIRECTION('',(0.,0.,1.));
#1312 = DIRECTION('',(1.,0.,0.));
#1313 = ORIENTED_EDGE('',*,*,#1314,.F.);
#1314 = EDGE_CURVE('',#1315,#1306,#1317,.T.);
#1315 = VERTEX_POINT('',#1316);
#1316 = CARTESIAN_POINT('',(85.,380.,130.));
#1317 = LINE('',#1318,#1319);
#1318 = CARTESIAN_POINT('',(85.,380.,130.));
#1319 = VECTOR('',#1320,1.);
#1320 = DIRECTION('',(0.,0.,1.));
#1321 = ORIENTED_EDGE('',*,*,#1322,.T.);
#1322 = EDGE_CURVE('',#1315,#1315,#1323,.T.);
#1323 = CIRCLE('',#1324,15.);
#1324 = AXIS2_PLACEMENT_3D('',#1325,#1326,#1327);
#1325 = CARTESIAN_POINT('',(70.,380.,130.));
#1326 = DIRECTION('',(0.,0.,1.));
#1327 = DIRECTION('',(1.,0.,0.));
#1328 = ORIENTED_EDGE('',*,*,#1314,.T.);
#1329 = CYLINDRICAL_SURFACE('',#1330,15.);
#1330 = AXIS2_PLACEMENT_3D('',#1331,#1332,#1333);
#1331 = CARTESIAN_POINT('',(70.,380.,130.));
#1332 = DIRECTION('',(0.,0.,1.));
#1333 = DIRECTION('',(1.,0.,0.));
#1334 = ADVANCED_FACE('',(#1335),#1338,.T.);
#1335 = FACE_BOUND('',#1336,.T.);
#1336 = EDGE_LOOP('',(#1337));
#1337 = ORIENTED_EDGE('',*,*,#1305,.T.);
#1338 = PLANE('',#1339);
#1339 = AXIS2_PLACEMENT_3D('',#1340,#1341,#1342);
#1340 = CARTESIAN_POINT('',(70.,380.,490.));
#1341 = DIRECTION('',(0.,0.,1.));
#1342 = DIRECTION('',(1.,0.,0.));
#1343 = ADVANCED_FACE('',(#1344),#1347,.F.);
#1344 = FACE_BOUND('',#1345,.T.);
#1345 = EDGE_LOOP('',(#1346));
#1346 = ORIENTED_EDGE('',*,*,#1322,.F.);
#1347 = PLANE('',#1348);
#1348 = AXIS2_PLACEMENT_3D('',#1349,#1350,#1351);
#1349 = CARTESIAN_POINT('',(70.,380.,130.));
#1350 = DIRECTION('',(0.,0.,1.));
#1351 = DIRECTION('',(1.,0.,0.));
#1352 = MANIFOLD_SOLID_BREP('',#1353);
#1353 = CLOSED_SHELL('',(#1354,#1387,#1396));
#1354 = ADVANCED_FACE('',(#1355),#1382,.T.);
#1355 = FACE_BOUND('',#1356,.T.);
#1356 = EDGE_LOOP('',(#1357,#1366,#1374,#1381));
#1357 = ORIENTED_EDGE('',*,*,#1358,.F.);
#1358 = EDGE_CURVE('',#1359,#1359,#1361,.T.);
#1359 = VERTEX_POINT('',#1360);
#1360 = CARTESIAN_POINT('',(88.,380.,498.));
#1361 = CIRCLE('',#1362,18.);
#1362 = AXIS2_PLACEMENT_3D('',#1363,#1364,#1365);
#1363 = CARTESIAN_POINT('',(70.,380.,498.));
#1364 = DIRECTION('',(0.,0.,1.));
#1365 = DIRECTION('',(1.,0.,0.));
#1366 = ORIENTED_EDGE('',*,*,#1367,.F.);
#1367 = EDGE_CURVE('',#1368,#1359,#1370,.T.);
#1368 = VERTEX_POINT('',#1369);
#1369 = CARTESIAN_POINT('',(88.,380.,490.));
#1370 = LINE('',#1371,#1372);
#1371 = CARTESIAN_POINT('',(88.,380.,490.));
#1372 = VECTOR('',#1373,1.);
#1373 = DIRECTION('',(0.,0.,1.));
#1374 = ORIENTED_EDGE('',*,*,#1375,.T.);
#1375 = EDGE_CURVE('',#1368,#1368,#1376,.T.);
#1376 = CIRCLE('',#1377,18.);
#1377 = AXIS2_PLACEMENT_3D('',#1378,#1379,#1380);
#1378 = CARTESIAN_POINT('',(70.,380.,490.));
#1379 = DIRECTION('',(0.,0.,1.));
#1380 = DIRECTION('',(1.,0.,0.));
#1381 = ORIENTED_EDGE('',*,*,#1367,.T.);
#1382 = CYLINDRICAL_SURFACE('',#1383,18.);
#1383 = AXIS2_PLACEMENT_3D('',#1384,#1385,#1386);
#1384 = CARTESIAN_POINT('',(70.,380.,490.));
#1385 = DIRECTION('',(0.,0.,1.));
#1386 = DIRECTION('',(1.,0.,0.));
#1387 = ADVANCED_FACE('',(#1388),#1391,.T.);
#1388 = FACE_BOUND('',#1389,.T.);
#1389 = EDGE_LOOP('',(#1390));
#1390 = ORIENTED_EDGE('',*,*,#1358,.T.);
#1391 = PLANE('',#1392);
#1392 = AXIS2_PLACEMENT_3D('',#1393,#1394,#1395);
#1393 = CARTESIAN_POINT('',(70.,380.,498.));
#1394 = DIRECTION('',(0.,0.,1.));
#1395 = DIRECTION('',(1.,0.,0.));
#1396 = ADVANCED_FACE('',(#1397),#1400,.F.);
#1397 = FACE_BOUND('',#1398,.T.);
#1398 = EDGE_LOOP('',(#1399));
#1399 = ORIENTED_EDGE('',*,*,#1375,.F.);
#1400 = PLANE('',#1401);
#1401 = AXIS2_PLACEMENT_3D('',#1402,#1403,#1404);
#1402 = CARTESIAN_POINT('',(70.,380.,490.));
#1403 = DIRECTION('',(0.,0.,1.));
#1404 = DIRECTION('',(1.,0.,0.));
#1405 = MANIFOLD_SOLID_BREP('',#1406);
#1406 = CLOSED_SHELL('',(#1407,#1440,#1449));
#1407 = ADVANCED_FACE('',(#1408),#1435,.T.);
#1408 = FACE_BOUND('',#1409,.T.);
#1409 = EDGE_LOOP('',(#1410,#1419,#1427,#1434));
#1410 = ORIENTED_EDGE('',*,*,#1411,.F.);
#1411 = EDGE_CURVE('',#1412,#1412,#1414,.T.);
#1412 = VERTEX_POINT('',#1413);
#1413 = CARTESIAN_POINT('',(88.,380.,130.));
#1414 = CIRCLE('',#1415,18.);
#1415 = AXIS2_PLACEMENT_3D('',#1416,#1417,#1418);
#1416 = CARTESIAN_POINT('',(70.,380.,130.));
#1417 = DIRECTION('',(0.,0.,1.));
#1418 = DIRECTION('',(1.,0.,0.));
#1419 = ORIENTED_EDGE('',*,*,#1420,.F.);
#1420 = EDGE_CURVE('',#1421,#1412,#1423,.T.);
#1421 = VERTEX_POINT('',#1422);
#1422 = CARTESIAN_POINT('',(88.,380.,122.));
#1423 = LINE('',#1424,#1425);
#1424 = CARTESIAN_POINT('',(88.,380.,122.));
#1425 = VECTOR('',#1426,1.);
#1426 = DIRECTION('',(0.,0.,1.));
#1427 = ORIENTED_EDGE('',*,*,#1428,.T.);
#1428 = EDGE_CURVE('',#1421,#1421,#1429,.T.);
#1429 = CIRCLE('',#1430,18.);
#1430 = AXIS2_PLACEMENT_3D('',#1431,#1432,#1433);
#1431 = CARTESIAN_POINT('',(70.,380.,122.));
#1432 = DIRECTION('',(0.,0.,1.));
#1433 = DIRECTION('',(1.,0.,0.));
#1434 = ORIENTED_EDGE('',*,*,#1420,.T.);
#1435 = CYLINDRICAL_SURFACE('',#1436,18.);
#1436 = AXIS2_PLACEMENT_3D('',#1437,#1438,#1439);
#1437 = CARTESIAN_POINT('',(70.,380.,122.));
#1438 = DIRECTION('',(0.,0.,1.));
#1439 = DIRECTION('',(1.,0.,0.));
#1440 = ADVANCED_FACE('',(#1441),#1444,.T.);
#1441 = FACE_BOUND('',#1442,.T.);
#1442 = EDGE_LOOP('',(#1443));
#1443 = ORIENTED_EDGE('',*,*,#1411,.T.);
#1444 = PLANE('',#1445);
#1445 = AXIS2_PLACEMENT_3D('',#1446,#1447,#1448);
#1446 = CARTESIAN_POINT('',(70.,380.,130.));
#1447 = DIRECTION('',(0.,0.,1.));
#1448 = DIRECTION('',(1.,0.,0.));
#1449 = ADVANCED_FACE('',(#1450),#1453,.F.);
#1450 = FACE_BOUND('',#1451,.T.);
#1451 = EDGE_LOOP('',(#1452));
#1452 = ORIENTED_EDGE('',*,*,#1428,.F.);
#1453 = PLANE('',#1454);
#1454 = AXIS2_PLACEMENT_3D('',#1455,#1456,#1457);
#1455 = CARTESIAN_POINT('',(70.,380.,122.));
#1456 = DIRECTION('',(0.,0.,1.));
#1457 = DIRECTION('',(1.,0.,0.));
#1458 = MANIFOLD_SOLID_BREP('',#1459);
#1459 = CLOSED_SHELL('',(#1460,#1493,#1502));
#1460 = ADVANCED_FACE('',(#1461),#1488,.T.);
#1461 = FACE_BOUND('',#1462,.T.);
#1462 = EDGE_LOOP('',(#1463,#1472,#1480,#1487));
#1463 = ORIENTED_EDGE('',*,*,#1464,.F.);
#1464 = EDGE_CURVE('',#1465,#1465,#1467,.T.);
#1465 = VERTEX_POINT('',#1466);
#1466 = CARTESIAN_POINT('',(82.7,-60.,850.));
#1467 = CIRCLE('',#1468,12.7);
#1468 = AXIS2_PLACEMENT_3D('',#1469,#1470,#1471);
#1469 = CARTESIAN_POINT('',(70.,-60.,850.));
#1470 = DIRECTION('',(0.,0.,1.));
#1471 = DIRECTION('',(1.,0.,0.));
#1472 = ORIENTED_EDGE('',*,*,#1473,.F.);
#1473 = EDGE_CURVE('',#1474,#1465,#1476,.T.);
#1474 = VERTEX_POINT('',#1475);
#1475 = CARTESIAN_POINT('',(82.7,-60.,130.));
#1476 = LINE('',#1477,#1478);
#1477 = CARTESIAN_POINT('',(82.7,-60.,130.));
#1478 = VECTOR('',#1479,1.);
#1479 = DIRECTION('',(0.,0.,1.));
#1480 = ORIENTED_EDGE('',*,*,#1481,.T.);
#1481 = EDGE_CURVE('',#1474,#1474,#1482,.T.);
#1482 = CIRCLE('',#1483,12.7);
#1483 = AXIS2_PLACEMENT_3D('',#1484,#1485,#1486);
#1484 = CARTESIAN_POINT('',(70.,-60.,130.));
#1485 = DIRECTION('',(0.,0.,1.));
#1486 = DIRECTION('',(1.,0.,0.));
#1487 = ORIENTED_EDGE('',*,*,#1473,.T.);
#1488 = CYLINDRICAL_SURFACE('',#1489,12.7);
#1489 = AXIS2_PLACEMENT_3D('',#1490,#1491,#1492);
#1490 = CARTESIAN_POINT('',(70.,-60.,130.));
#1491 = DIRECTION('',(0.,0.,1.));
#1492 = DIRECTION('',(1.,0.,0.));
#1493 = ADVANCED_FACE('',(#1494),#1497,.T.);
#1494 = FACE_BOUND('',#1495,.T.);
#1495 = EDGE_LOOP('',(#1496));
#1496 = ORIENTED_EDGE('',*,*,#1464,.T.);
#1497 = PLANE('',#1498);
#1498 = AXIS2_PLACEMENT_3D('',#1499,#1500,#1501);
#1499 = CARTESIAN_POINT('',(70.,-60.,850.));
#1500 = DIRECTION('',(0.,0.,1.));
#1501 = DIRECTION('',(1.,0.,0.));
#1502 = ADVANCED_FACE('',(#1503),#1506,.F.);
#1503 = FACE_BOUND('',#1504,.T.);
#1504 = EDGE_LOOP('',(#1505));
#1505 = ORIENTED_EDGE('',*,*,#1481,.F.);
#1506 = PLANE('',#1507);
#1507 = AXIS2_PLACEMENT_3D('',#1508,#1509,#1510);
#1508 = CARTESIAN_POINT('',(70.,-60.,130.));
#1509 = DIRECTION('',(0.,0.,1.));
#1510 = DIRECTION('',(1.,0.,0.));
#1511 = MANIFOLD_SOLID_BREP('',#1512);
#1512 = CLOSED_SHELL('',(#1513,#1546,#1555));
#1513 = ADVANCED_FACE('',(#1514),#1541,.T.);
#1514 = FACE_BOUND('',#1515,.T.);
#1515 = EDGE_LOOP('',(#1516,#1525,#1533,#1540));
#1516 = ORIENTED_EDGE('',*,*,#1517,.F.);
#1517 = EDGE_CURVE('',#1518,#1518,#1520,.T.);
#1518 = VERTEX_POINT('',#1519);
#1519 = CARTESIAN_POINT('',(82.7,-160.,920.));
#1520 = CIRCLE('',#1521,12.7);
#1521 = AXIS2_PLACEMENT_3D('',#1522,#1523,#1524);
#1522 = CARTESIAN_POINT('',(70.,-160.,920.));
#1523 = DIRECTION('',(0.,-0.819231920519,0.573462344363));
#1524 = DIRECTION('',(1.,0.,0.));
#1525 = ORIENTED_EDGE('',*,*,#1526,.F.);
#1526 = EDGE_CURVE('',#1527,#1518,#1529,.T.);
#1527 = VERTEX_POINT('',#1528);
#1528 = CARTESIAN_POINT('',(82.7,-60.,850.));
#1529 = LINE('',#1530,#1531);
#1530 = CARTESIAN_POINT('',(82.7,-60.,850.));
#1531 = VECTOR('',#1532,1.);
#1532 = DIRECTION('',(0.,-0.819231920519,0.573462344363));
#1533 = ORIENTED_EDGE('',*,*,#1534,.T.);
#1534 = EDGE_CURVE('',#1527,#1527,#1535,.T.);
#1535 = CIRCLE('',#1536,12.7);
#1536 = AXIS2_PLACEMENT_3D('',#1537,#1538,#1539);
#1537 = CARTESIAN_POINT('',(70.,-60.,850.));
#1538 = DIRECTION('',(0.,-0.819231920519,0.573462344363));
#1539 = DIRECTION('',(1.,0.,0.));
#1540 = ORIENTED_EDGE('',*,*,#1526,.T.);
#1541 = CYLINDRICAL_SURFACE('',#1542,12.7);
#1542 = AXIS2_PLACEMENT_3D('',#1543,#1544,#1545);
#1543 = CARTESIAN_POINT('',(70.,-60.,850.));
#1544 = DIRECTION('',(0.,-0.819231920519,0.573462344363));
#1545 = DIRECTION('',(1.,0.,0.));
#1546 = ADVANCED_FACE('',(#1547),#1550,.T.);
#1547 = FACE_BOUND('',#1548,.T.);
#1548 = EDGE_LOOP('',(#1549));
#1549 = ORIENTED_EDGE('',*,*,#1517,.T.);
#1550 = PLANE('',#1551);
#1551 = AXIS2_PLACEMENT_3D('',#1552,#1553,#1554);
#1552 = CARTESIAN_POINT('',(70.,-160.,920.));
#1553 = DIRECTION('',(0.,-0.819231920519,0.573462344363));
#1554 = DIRECTION('',(1.,0.,0.));
#1555 = ADVANCED_FACE('',(#1556),#1559,.F.);
#1556 = FACE_BOUND('',#1557,.T.);
#1557 = EDGE_LOOP('',(#1558));
#1558 = ORIENTED_EDGE('',*,*,#1534,.F.);
#1559 = PLANE('',#1560);
#1560 = AXIS2_PLACEMENT_3D('',#1561,#1562,#1563);
#1561 = CARTESIAN_POINT('',(70.,-60.,850.));
#1562 = DIRECTION('',(0.,-0.819231920519,0.573462344363));
#1563 = DIRECTION('',(1.,0.,0.));
#1564 = MANIFOLD_SOLID_BREP('',#1565);
#1565 = CLOSED_SHELL('',(#1566,#1599,#1608));
#1566 = ADVANCED_FACE('',(#1567),#1594,.T.);
#1567 = FACE_BOUND('',#1568,.T.);
#1568 = EDGE_LOOP('',(#1569,#1578,#1586,#1593));
#1569 = ORIENTED_EDGE('',*,*,#1570,.F.);
#1570 = EDGE_CURVE('',#1571,#1571,#1573,.T.);
#1571 = VERTEX_POINT('',#1572);
#1572 = CARTESIAN_POINT('',(86.5,-170.,926.));
#1573 = CIRCLE('',#1574,16.5);
#1574 = AXIS2_PLACEMENT_3D('',#1575,#1576,#1577);
#1575 = CARTESIAN_POINT('',(70.,-170.,926.));
#1576 = DIRECTION('',(0.,-0.824728851846,0.565528355552));
#1577 = DIRECTION('',(1.,0.,0.));
#1578 = ORIENTED_EDGE('',*,*,#1579,.F.);
#1579 = EDGE_CURVE('',#1580,#1571,#1582,.T.);
#1580 = VERTEX_POINT('',#1581);
#1581 = CARTESIAN_POINT('',(86.5,-100.,878.));
#1582 = LINE('',#1583,#1584);
#1583 = CARTESIAN_POINT('',(86.5,-100.,878.));
#1584 = VECTOR('',#1585,1.);
#1585 = DIRECTION('',(0.,-0.824728851846,0.565528355552));
#1586 = ORIENTED_EDGE('',*,*,#1587,.T.);
#1587 = EDGE_CURVE('',#1580,#1580,#1588,.T.);
#1588 = CIRCLE('',#1589,16.5);
#1589 = AXIS2_PLACEMENT_3D('',#1590,#1591,#1592);
#1590 = CARTESIAN_POINT('',(70.,-100.,878.));
#1591 = DIRECTION('',(0.,-0.824728851846,0.565528355552));
#1592 = DIRECTION('',(1.,0.,0.));
#1593 = ORIENTED_EDGE('',*,*,#1579,.T.);
#1594 = CYLINDRICAL_SURFACE('',#1595,16.5);
#1595 = AXIS2_PLACEMENT_3D('',#1596,#1597,#1598);
#1596 = CARTESIAN_POINT('',(70.,-100.,878.));
#1597 = DIRECTION('',(0.,-0.824728851846,0.565528355552));
#1598 = DIRECTION('',(1.,0.,0.));
#1599 = ADVANCED_FACE('',(#1600),#1603,.T.);
#1600 = FACE_BOUND('',#1601,.T.);
#1601 = EDGE_LOOP('',(#1602));
#1602 = ORIENTED_EDGE('',*,*,#1570,.T.);
#1603 = PLANE('',#1604);
#1604 = AXIS2_PLACEMENT_3D('',#1605,#1606,#1607);
#1605 = CARTESIAN_POINT('',(70.,-170.,926.));
#1606 = DIRECTION('',(0.,-0.824728851846,0.565528355552));
#1607 = DIRECTION('',(1.,0.,0.));
#1608 = ADVANCED_FACE('',(#1609),#1612,.F.);
#1609 = FACE_BOUND('',#1610,.T.);
#1610 = EDGE_LOOP('',(#1611));
#1611 = ORIENTED_EDGE('',*,*,#1587,.F.);
#1612 = PLANE('',#1613);
#1613 = AXIS2_PLACEMENT_3D('',#1614,#1615,#1616);
#1614 = CARTESIAN_POINT('',(70.,-100.,878.));
#1615 = DIRECTION('',(0.,-0.824728851846,0.565528355552));
#1616 = DIRECTION('',(1.,0.,0.));
#1617 = MANIFOLD_SOLID_BREP('',#1618);
#1618 = CLOSED_SHELL('',(#1619,#1652,#1661));
#1619 = ADVANCED_FACE('',(#1620),#1647,.T.);
#1620 = FACE_BOUND('',#1621,.T.);
#1621 = EDGE_LOOP('',(#1622,#1631,#1639,#1646));
#1622 = ORIENTED_EDGE('',*,*,#1623,.F.);
#1623 = EDGE_CURVE('',#1624,#1624,#1626,.T.);
#1624 = VERTEX_POINT('',#1625);
#1625 = CARTESIAN_POINT('',(81.,-220.,120.));
#1626 = CIRCLE('',#1627,11.);
#1627 = AXIS2_PLACEMENT_3D('',#1628,#1629,#1630);
#1628 = CARTESIAN_POINT('',(70.,-220.,120.));
#1629 = DIRECTION('',(0.,-0.992277876714,-0.124034734589));
#1630 = DIRECTION('',(1.,0.,0.));
#1631 = ORIENTED_EDGE('',*,*,#1632,.F.);
#1632 = EDGE_CURVE('',#1633,#1624,#1635,.T.);
#1633 = VERTEX_POINT('',#1634);
#1634 = CARTESIAN_POINT('',(81.,-60.,140.));
#1635 = LINE('',#1636,#1637);
#1636 = CARTESIAN_POINT('',(81.,-60.,140.));
#1637 = VECTOR('',#1638,1.);
#1638 = DIRECTION('',(0.,-0.992277876714,-0.124034734589));
#1639 = ORIENTED_EDGE('',*,*,#1640,.T.);
#1640 = EDGE_CURVE('',#1633,#1633,#1641,.T.);
#1641 = CIRCLE('',#1642,11.);
#1642 = AXIS2_PLACEMENT_3D('',#1643,#1644,#1645);
#1643 = CARTESIAN_POINT('',(70.,-60.,140.));
#1644 = DIRECTION('',(0.,-0.992277876714,-0.124034734589));
#1645 = DIRECTION('',(1.,0.,0.));
#1646 = ORIENTED_EDGE('',*,*,#1632,.T.);
#1647 = CYLINDRICAL_SURFACE('',#1648,11.);
#1648 = AXIS2_PLACEMENT_3D('',#1649,#1650,#1651);
#1649 = CARTESIAN_POINT('',(70.,-60.,140.));
#1650 = DIRECTION('',(0.,-0.992277876714,-0.124034734589));
#1651 = DIRECTION('',(1.,0.,0.));
#1652 = ADVANCED_FACE('',(#1653),#1656,.T.);
#1653 = FACE_BOUND('',#1654,.T.);
#1654 = EDGE_LOOP('',(#1655));
#1655 = ORIENTED_EDGE('',*,*,#1623,.T.);
#1656 = PLANE('',#1657);
#1657 = AXIS2_PLACEMENT_3D('',#1658,#1659,#1660);
#1658 = CARTESIAN_POINT('',(70.,-220.,120.));
#1659 = DIRECTION('',(0.,-0.992277876714,-0.124034734589));
#1660 = DIRECTION('',(1.,0.,0.));
#1661 = ADVANCED_FACE('',(#1662),#1665,.F.);
#1662 = FACE_BOUND('',#1663,.T.);
#1663 = EDGE_LOOP('',(#1664));
#1664 = ORIENTED_EDGE('',*,*,#1640,.F.);
#1665 = PLANE('',#1666);
#1666 = AXIS2_PLACEMENT_3D('',#1667,#1668,#1669);
#1667 = CARTESIAN_POINT('',(70.,-60.,140.));
#1668 = DIRECTION('',(0.,-0.992277876714,-0.124034734589));
#1669 = DIRECTION('',(1.,0.,0.));
#1670 = MANIFOLD_SOLID_BREP('',#1671);
#1671 = CLOSED_SHELL('',(#1672,#1705,#1714));
#1672 = ADVANCED_FACE('',(#1673),#1700,.T.);
#1673 = FACE_BOUND('',#1674,.T.);
#1674 = EDGE_LOOP('',(#1675,#1684,#1692,#1699));
#1675 = ORIENTED_EDGE('',*,*,#1676,.F.);
#1676 = EDGE_CURVE('',#1677,#1677,#1679,.T.);
#1677 = VERTEX_POINT('',#1678);
#1678 = CARTESIAN_POINT('',(70.,-250.,106.));
#1679 = CIRCLE('',#1680,14.);
#1680 = AXIS2_PLACEMENT_3D('',#1681,#1682,#1683);
#1681 = CARTESIAN_POINT('',(70.,-250.,120.));
#1682 = DIRECTION('',(0.,-1.,0.));
#1683 = DIRECTION('',(0.,0.,-1.));
#1684 = ORIENTED_EDGE('',*,*,#1685,.F.);
#1685 = EDGE_CURVE('',#1686,#1677,#1688,.T.);
#1686 = VERTEX_POINT('',#1687);
#1687 = CARTESIAN_POINT('',(70.,-225.,106.));
#1688 = LINE('',#1689,#1690);
#1689 = CARTESIAN_POINT('',(70.,-225.,106.));
#1690 = VECTOR('',#1691,1.);
#1691 = DIRECTION('',(0.,-1.,0.));
#1692 = ORIENTED_EDGE('',*,*,#1693,.T.);
#1693 = EDGE_CURVE('',#1686,#1686,#1694,.T.);
#1694 = CIRCLE('',#1695,14.);
#1695 = AXIS2_PLACEMENT_3D('',#1696,#1697,#1698);
#1696 = CARTESIAN_POINT('',(70.,-225.,120.));
#1697 = DIRECTION('',(0.,-1.,0.));
#1698 = DIRECTION('',(0.,0.,-1.));
#1699 = ORIENTED_EDGE('',*,*,#1685,.T.);
#1700 = CYLINDRICAL_SURFACE('',#1701,14.);
#1701 = AXIS2_PLACEMENT_3D('',#1702,#1703,#1704);
#1702 = CARTESIAN_POINT('',(70.,-225.,120.));
#1703 = DIRECTION('',(0.,-1.,0.));
#1704 = DIRECTION('',(0.,0.,-1.));
#1705 = ADVANCED_FACE('',(#1706),#1709,.T.);
#1706 = FACE_BOUND('',#1707,.T.);
#1707 = EDGE_LOOP('',(#1708));
#1708 = ORIENTED_EDGE('',*,*,#1676,.T.);
#1709 = PLANE('',#1710);
#1710 = AXIS2_PLACEMENT_3D('',#1711,#1712,#1713);
#1711 = CARTESIAN_POINT('',(70.,-250.,120.));
#1712 = DIRECTION('',(0.,-1.,0.));
#1713 = DIRECTION('',(0.,0.,-1.));
#1714 = ADVANCED_FACE('',(#1715),#1718,.F.);
#1715 = FACE_BOUND('',#1716,.T.);
#1716 = EDGE_LOOP('',(#1717));
#1717 = ORIENTED_EDGE('',*,*,#1693,.F.);
#1718 = PLANE('',#1719);
#1719 = AXIS2_PLACEMENT_3D('',#1720,#1721,#1722);
#1720 = CARTESIAN_POINT('',(70.,-225.,120.));
#1721 = DIRECTION('',(0.,-1.,0.));
#1722 = DIRECTION('',(0.,0.,-1.));
#1723 = MANIFOLD_SOLID_BREP('',#1724);
#1724 = CLOSED_SHELL('',(#1725,#1776,#1807,#1831,#1855,#1872,#1897));
#1725 = ADVANCED_FACE('',(#1726,#1760),#1771,.F.);
#1726 = FACE_BOUND('',#1727,.F.);
#1727 = EDGE_LOOP('',(#1728,#1738,#1746,#1754));
#1728 = ORIENTED_EDGE('',*,*,#1729,.F.);
#1729 = EDGE_CURVE('',#1730,#1732,#1734,.T.);
#1730 = VERTEX_POINT('',#1731);
#1731 = CARTESIAN_POINT('',(68.,-40.,220.));
#1732 = VERTEX_POINT('',#1733);
#1733 = CARTESIAN_POINT('',(68.,-40.,380.));
#1734 = LINE('',#1735,#1736);
#1735 = CARTESIAN_POINT('',(68.,-40.,220.));
#1736 = VECTOR('',#1737,1.);
#1737 = DIRECTION('',(0.,0.,1.));
#1738 = ORIENTED_EDGE('',*,*,#1739,.T.);
#1739 = EDGE_CURVE('',#1730,#1740,#1742,.T.);
#1740 = VERTEX_POINT('',#1741);
#1741 = CARTESIAN_POINT('',(68.,40.,220.));
#1742 = LINE('',#1743,#1744);
#1743 = CARTESIAN_POINT('',(68.,-40.,220.));
#1744 = VECTOR('',#1745,1.);
#1745 = DIRECTION('',(0.,1.,0.));
#1746 = ORIENTED_EDGE('',*,*,#1747,.T.);
#1747 = EDGE_CURVE('',#1740,#1748,#1750,.T.);
#1748 = VERTEX_POINT('',#1749);
#1749 = CARTESIAN_POINT('',(68.,40.,380.));
#1750 = LINE('',#1751,#1752);
#1751 = CARTESIAN_POINT('',(68.,40.,220.));
#1752 = VECTOR('',#1753,1.);
#1753 = DIRECTION('',(0.,0.,1.));
#1754 = ORIENTED_EDGE('',*,*,#1755,.F.);
#1755 = EDGE_CURVE('',#1732,#1748,#1756,.T.);
#1756 = LINE('',#1757,#1758);
#1757 = CARTESIAN_POINT('',(68.,-40.,380.));
#1758 = VECTOR('',#1759,1.);
#1759 = DIRECTION('',(0.,1.,0.));
#1760 = FACE_BOUND('',#1761,.F.);
#1761 = EDGE_LOOP('',(#1762));
#1762 = ORIENTED_EDGE('',*,*,#1763,.F.);
#1763 = EDGE_CURVE('',#1764,#1764,#1766,.T.);
#1764 = VERTEX_POINT('',#1765);
#1765 = CARTESIAN_POINT('',(68.,1.592040838892E-15,311.5));
#1766 = CIRCLE('',#1767,6.5);
#1767 = AXIS2_PLACEMENT_3D('',#1768,#1769,#1770);
#1768 = CARTESIAN_POINT('',(68.,0.,305.));
#1769 = DIRECTION('',(1.,0.,-0.));
#1770 = DIRECTION('',(0.,0.,1.));
#1771 = PLANE('',#1772);
#1772 = AXIS2_PLACEMENT_3D('',#1773,#1774,#1775);
#1773 = CARTESIAN_POINT('',(68.,-40.,220.));
#1774 = DIRECTION('',(1.,0.,0.));
#1775 = DIRECTION('',(0.,0.,1.));
#1776 = ADVANCED_FACE('',(#1777),#1802,.F.);
#1777 = FACE_BOUND('',#1778,.F.);
#1778 = EDGE_LOOP('',(#1779,#1787,#1788,#1796));
#1779 = ORIENTED_EDGE('',*,*,#1780,.F.);
#1780 = EDGE_CURVE('',#1730,#1781,#1783,.T.);
#1781 = VERTEX_POINT('',#1782);
#1782 = CARTESIAN_POINT('',(72.,-40.,220.));
#1783 = LINE('',#1784,#1785);
#1784 = CARTESIAN_POINT('',(68.,-40.,220.));
#1785 = VECTOR('',#1786,1.);
#1786 = DIRECTION('',(1.,0.,0.));
#1787 = ORIENTED_EDGE('',*,*,#1729,.T.);
#1788 = ORIENTED_EDGE('',*,*,#1789,.T.);
#1789 = EDGE_CURVE('',#1732,#1790,#1792,.T.);
#1790 = VERTEX_POINT('',#1791);
#1791 = CARTESIAN_POINT('',(72.,-40.,380.));
#1792 = LINE('',#1793,#1794);
#1793 = CARTESIAN_POINT('',(68.,-40.,380.));
#1794 = VECTOR('',#1795,1.);
#1795 = DIRECTION('',(1.,0.,0.));
#1796 = ORIENTED_EDGE('',*,*,#1797,.F.);
#1797 = EDGE_CURVE('',#1781,#1790,#1798,.T.);
#1798 = LINE('',#1799,#1800);
#1799 = CARTESIAN_POINT('',(72.,-40.,220.));
#1800 = VECTOR('',#1801,1.);
#1801 = DIRECTION('',(0.,0.,1.));
#1802 = PLANE('',#1803);
#1803 = AXIS2_PLACEMENT_3D('',#1804,#1805,#1806);
#1804 = CARTESIAN_POINT('',(68.,-40.,220.));
#1805 = DIRECTION('',(0.,1.,0.));
#1806 = DIRECTION('',(0.,0.,1.));
#1807 = ADVANCED_FACE('',(#1808),#1826,.T.);
#1808 = FACE_BOUND('',#1809,.T.);
#1809 = EDGE_LOOP('',(#1810,#1811,#1812,#1820));
#1810 = ORIENTED_EDGE('',*,*,#1755,.F.);
#1811 = ORIENTED_EDGE('',*,*,#1789,.T.);
#1812 = ORIENTED_EDGE('',*,*,#1813,.T.);
#1813 = EDGE_CURVE('',#1790,#1814,#1816,.T.);
#1814 = VERTEX_POINT('',#1815);
#1815 = CARTESIAN_POINT('',(72.,40.,380.));
#1816 = LINE('',#1817,#1818);
#1817 = CARTESIAN_POINT('',(72.,-40.,380.));
#1818 = VECTOR('',#1819,1.);
#1819 = DIRECTION('',(0.,1.,0.));
#1820 = ORIENTED_EDGE('',*,*,#1821,.F.);
#1821 = EDGE_CURVE('',#1748,#1814,#1822,.T.);
#1822 = LINE('',#1823,#1824);
#1823 = CARTESIAN_POINT('',(68.,40.,380.));
#1824 = VECTOR('',#1825,1.);
#1825 = DIRECTION('',(1.,0.,0.));
#1826 = PLANE('',#1827);
#1827 = AXIS2_PLACEMENT_3D('',#1828,#1829,#1830);
#1828 = CARTESIAN_POINT('',(68.,-40.,380.));
#1829 = DIRECTION('',(0.,0.,1.));
#1830 = DIRECTION('',(1.,0.,0.));
#1831 = ADVANCED_FACE('',(#1832),#1850,.F.);
#1832 = FACE_BOUND('',#1833,.F.);
#1833 = EDGE_LOOP('',(#1834,#1835,#1836,#1844));
#1834 = ORIENTED_EDGE('',*,*,#1739,.F.);
#1835 = ORIENTED_EDGE('',*,*,#1780,.T.);
#1836 = ORIENTED_EDGE('',*,*,#1837,.T.);
#1837 = EDGE_CURVE('',#1781,#1838,#1840,.T.);
#1838 = VERTEX_POINT('',#1839);
#1839 = CARTESIAN_POINT('',(72.,40.,220.));
#1840 = LINE('',#1841,#1842);
#1841 = CARTESIAN_POINT('',(72.,-40.,220.));
#1842 = VECTOR('',#1843,1.);
#1843 = DIRECTION('',(0.,1.,0.));
#1844 = ORIENTED_EDGE('',*,*,#1845,.F.);
#1845 = EDGE_CURVE('',#1740,#1838,#1846,.T.);
#1846 = LINE('',#1847,#1848);
#1847 = CARTESIAN_POINT('',(68.,40.,220.));
#1848 = VECTOR('',#1849,1.);
#1849 = DIRECTION('',(1.,0.,0.));
#1850 = PLANE('',#1851);
#1851 = AXIS2_PLACEMENT_3D('',#1852,#1853,#1854);
#1852 = CARTESIAN_POINT('',(68.,-40.,220.));
#1853 = DIRECTION('',(0.,0.,1.));
#1854 = DIRECTION('',(1.,0.,0.));
#1855 = ADVANCED_FACE('',(#1856),#1867,.T.);
#1856 = FACE_BOUND('',#1857,.T.);
#1857 = EDGE_LOOP('',(#1858,#1859,#1860,#1861));
#1858 = ORIENTED_EDGE('',*,*,#1845,.F.);
#1859 = ORIENTED_EDGE('',*,*,#1747,.T.);
#1860 = ORIENTED_EDGE('',*,*,#1821,.T.);
#1861 = ORIENTED_EDGE('',*,*,#1862,.F.);
#1862 = EDGE_CURVE('',#1838,#1814,#1863,.T.);
#1863 = LINE('',#1864,#1865);
#1864 = CARTESIAN_POINT('',(72.,40.,220.));
#1865 = VECTOR('',#1866,1.);
#1866 = DIRECTION('',(0.,0.,1.));
#1867 = PLANE('',#1868);
#1868 = AXIS2_PLACEMENT_3D('',#1869,#1870,#1871);
#1869 = CARTESIAN_POINT('',(68.,40.,220.));
#1870 = DIRECTION('',(0.,1.,0.));
#1871 = DIRECTION('',(0.,0.,1.));
#1872 = ADVANCED_FACE('',(#1873),#1892,.F.);
#1873 = FACE_BOUND('',#1874,.F.);
#1874 = EDGE_LOOP('',(#1875,#1884,#1890,#1891));
#1875 = ORIENTED_EDGE('',*,*,#1876,.F.);
#1876 = EDGE_CURVE('',#1877,#1877,#1879,.T.);
#1877 = VERTEX_POINT('',#1878);
#1878 = CARTESIAN_POINT('',(72.,1.592040838892E-15,311.5));
#1879 = CIRCLE('',#1880,6.5);
#1880 = AXIS2_PLACEMENT_3D('',#1881,#1882,#1883);
#1881 = CARTESIAN_POINT('',(72.,0.,305.));
#1882 = DIRECTION('',(1.,0.,-0.));
#1883 = DIRECTION('',(0.,0.,1.));
#1884 = ORIENTED_EDGE('',*,*,#1885,.F.);
#1885 = EDGE_CURVE('',#1764,#1877,#1886,.T.);
#1886 = LINE('',#1887,#1888);
#1887 = CARTESIAN_POINT('',(65.,1.592040838892E-15,311.5));
#1888 = VECTOR('',#1889,1.);
#1889 = DIRECTION('',(1.,0.,0.));
#1890 = ORIENTED_EDGE('',*,*,#1763,.T.);
#1891 = ORIENTED_EDGE('',*,*,#1885,.T.);
#1892 = CYLINDRICAL_SURFACE('',#1893,6.5);
#1893 = AXIS2_PLACEMENT_3D('',#1894,#1895,#1896);
#1894 = CARTESIAN_POINT('',(65.,0.,305.));
#1895 = DIRECTION('',(1.,0.,0.));
#1896 = DIRECTION('',(0.,0.,1.));
#1897 = ADVANCED_FACE('',(#1898,#1904),#1907,.T.);
#1898 = FACE_BOUND('',#1899,.T.);
#1899 = EDGE_LOOP('',(#1900,#1901,#1902,#1903));
#1900 = ORIENTED_EDGE('',*,*,#1797,.F.);
#1901 = ORIENTED_EDGE('',*,*,#1837,.T.);
#1902 = ORIENTED_EDGE('',*,*,#1862,.T.);
#1903 = ORIENTED_EDGE('',*,*,#1813,.F.);
#1904 = FACE_BOUND('',#1905,.T.);
#1905 = EDGE_LOOP('',(#1906));
#1906 = ORIENTED_EDGE('',*,*,#1876,.F.);
#1907 = PLANE('',#1908);
#1908 = AXIS2_PLACEMENT_3D('',#1909,#1910,#1911);
#1909 = CARTESIAN_POINT('',(72.,-40.,220.));
#1910 = DIRECTION('',(1.,0.,0.));
#1911 = DIRECTION('',(0.,0.,1.));
#1912 = MANIFOLD_SOLID_BREP('',#1913);
#1913 = CLOSED_SHELL('',(#1914,#1947,#1956));
#1914 = ADVANCED_FACE('',(#1915),#1942,.T.);
#1915 = FACE_BOUND('',#1916,.T.);
#1916 = EDGE_LOOP('',(#1917,#1926,#1934,#1941));
#1917 = ORIENTED_EDGE('',*,*,#1918,.F.);
#1918 = EDGE_CURVE('',#1919,#1919,#1921,.T.);
#1919 = VERTEX_POINT('',#1920);
#1920 = CARTESIAN_POINT('',(80.,40.,640.));
#1921 = CIRCLE('',#1922,10.);
#1922 = AXIS2_PLACEMENT_3D('',#1923,#1924,#1925);
#1923 = CARTESIAN_POINT('',(70.,40.,640.));
#1924 = DIRECTION('',(0.,0.,1.));
#1925 = DIRECTION('',(1.,0.,0.));
#1926 = ORIENTED_EDGE('',*,*,#1927,.F.);
#1927 = EDGE_CURVE('',#1928,#1919,#1930,.T.);
#1928 = VERTEX_POINT('',#1929);
#1929 = CARTESIAN_POINT('',(80.,40.,480.));
#1930 = LINE('',#1931,#1932);
#1931 = CARTESIAN_POINT('',(80.,40.,480.));
#1932 = VECTOR('',#1933,1.);
#1933 = DIRECTION('',(0.,0.,1.));
#1934 = ORIENTED_EDGE('',*,*,#1935,.T.);
#1935 = EDGE_CURVE('',#1928,#1928,#1936,.T.);
#1936 = CIRCLE('',#1937,10.);
#1937 = AXIS2_PLACEMENT_3D('',#1938,#1939,#1940);
#1938 = CARTESIAN_POINT('',(70.,40.,480.));
#1939 = DIRECTION('',(0.,0.,1.));
#1940 = DIRECTION('',(1.,0.,0.));
#1941 = ORIENTED_EDGE('',*,*,#1927,.T.);
#1942 = CYLINDRICAL_SURFACE('',#1943,10.);
#1943 = AXIS2_PLACEMENT_3D('',#1944,#1945,#1946);
#1944 = CARTESIAN_POINT('',(70.,40.,480.));
#1945 = DIRECTION('',(0.,0.,1.));
#1946 = DIRECTION('',(1.,0.,0.));
#1947 = ADVANCED_FACE('',(#1948),#1951,.T.);
#1948 = FACE_BOUND('',#1949,.T.);
#1949 = EDGE_LOOP('',(#1950));
#1950 = ORIENTED_EDGE('',*,*,#1918,.T.);
#1951 = PLANE('',#1952);
#1952 = AXIS2_PLACEMENT_3D('',#1953,#1954,#1955);
#1953 = CARTESIAN_POINT('',(70.,40.,640.));
#1954 = DIRECTION('',(0.,0.,1.));
#1955 = DIRECTION('',(1.,0.,0.));
#1956 = ADVANCED_FACE('',(#1957),#1960,.F.);
#1957 = FACE_BOUND('',#1958,.T.);
#1958 = EDGE_LOOP('',(#1959));
#1959 = ORIENTED_EDGE('',*,*,#1935,.F.);
#1960 = PLANE('',#1961);
#1961 = AXIS2_PLACEMENT_3D('',#1962,#1963,#1964);
#1962 = CARTESIAN_POINT('',(70.,40.,480.));
#1963 = DIRECTION('',(0.,0.,1.));
#1964 = DIRECTION('',(1.,0.,0.));
#1965 = MANIFOLD_SOLID_BREP('',#1966);
#1966 = CLOSED_SHELL('',(#1967,#2000,#2009));
#1967 = ADVANCED_FACE('',(#1968),#1995,.T.);
#1968 = FACE_BOUND('',#1969,.T.);
#1969 = EDGE_LOOP('',(#1970,#1979,#1987,#1994));
#1970 = ORIENTED_EDGE('',*,*,#1971,.F.);
#1971 = EDGE_CURVE('',#1972,#1972,#1974,.T.);
#1972 = VERTEX_POINT('',#1973);
#1973 = CARTESIAN_POINT('',(80.,280.,640.));
#1974 = CIRCLE('',#1975,10.);
#1975 = AXIS2_PLACEMENT_3D('',#1976,#1977,#1978);
#1976 = CARTESIAN_POINT('',(70.,280.,640.));
#1977 = DIRECTION('',(0.,0.,1.));
#1978 = DIRECTION('',(1.,0.,0.));
#1979 = ORIENTED_EDGE('',*,*,#1980,.F.);
#1980 = EDGE_CURVE('',#1981,#1972,#1983,.T.);
#1981 = VERTEX_POINT('',#1982);
#1982 = CARTESIAN_POINT('',(80.,280.,480.));
#1983 = LINE('',#1984,#1985);
#1984 = CARTESIAN_POINT('',(80.,280.,480.));
#1985 = VECTOR('',#1986,1.);
#1986 = DIRECTION('',(0.,0.,1.));
#1987 = ORIENTED_EDGE('',*,*,#1988,.T.);
#1988 = EDGE_CURVE('',#1981,#1981,#1989,.T.);
#1989 = CIRCLE('',#1990,10.);
#1990 = AXIS2_PLACEMENT_3D('',#1991,#1992,#1993);
#1991 = CARTESIAN_POINT('',(70.,280.,480.));
#1992 = DIRECTION('',(0.,0.,1.));
#1993 = DIRECTION('',(1.,0.,0.));
#1994 = ORIENTED_EDGE('',*,*,#1980,.T.);
#1995 = CYLINDRICAL_SURFACE('',#1996,10.);
#1996 = AXIS2_PLACEMENT_3D('',#1997,#1998,#1999);
#1997 = CARTESIAN_POINT('',(70.,280.,480.));
#1998 = DIRECTION('',(0.,0.,1.));
#1999 = DIRECTION('',(1.,0.,0.));
#2000 = ADVANCED_FACE('',(#2001),#2004,.T.);
#2001 = FACE_BOUND('',#2002,.T.);
#2002 = EDGE_LOOP('',(#2003));
#2003 = ORIENTED_EDGE('',*,*,#1971,.T.);
#2004 = PLANE('',#2005);
#2005 = AXIS2_PLACEMENT_3D('',#2006,#2007,#2008);
#2006 = CARTESIAN_POINT('',(70.,280.,640.));
#2007 = DIRECTION('',(0.,0.,1.));
#2008 = DIRECTION('',(1.,0.,0.));
#2009 = ADVANCED_FACE('',(#2010),#2013,.F.);
#2010 = FACE_BOUND('',#2011,.T.);
#2011 = EDGE_LOOP('',(#2012));
#2012 = ORIENTED_EDGE('',*,*,#1988,.F.);
#2013 = PLANE('',#2014);
#2014 = AXIS2_PLACEMENT_3D('',#2015,#2016,#2017);
#2015 = CARTESIAN_POINT('',(70.,280.,480.));
#2016 = DIRECTION('',(0.,0.,1.));
#2017 = DIRECTION('',(1.,0.,0.));
#2018 = MANIFOLD_SOLID_BREP('',#2019);
#2019 = CLOSED_SHELL('',(#2020,#2053,#2062));
#2020 = ADVANCED_FACE('',(#2021),#2048,.T.);
#2021 = FACE_BOUND('',#2022,.T.);
#2022 = EDGE_LOOP('',(#2023,#2032,#2040,#2047));
#2023 = ORIENTED_EDGE('',*,*,#2024,.F.);
#2024 = EDGE_CURVE('',#2025,#2025,#2027,.T.);
#2025 = VERTEX_POINT('',#2026);
#2026 = CARTESIAN_POINT('',(80.,300.,640.));
#2027 = CIRCLE('',#2028,10.);
#2028 = AXIS2_PLACEMENT_3D('',#2029,#2030,#2031);
#2029 = CARTESIAN_POINT('',(70.,300.,640.));
#2030 = DIRECTION('',(-0.,1.,1.110223024625E-16));
#2031 = DIRECTION('',(1.,0.,0.));
#2032 = ORIENTED_EDGE('',*,*,#2033,.F.);
#2033 = EDGE_CURVE('',#2034,#2025,#2036,.T.);
#2034 = VERTEX_POINT('',#2035);
#2035 = CARTESIAN_POINT('',(80.,20.,640.));
#2036 = LINE('',#2037,#2038);
#2037 = CARTESIAN_POINT('',(80.,20.,640.));
#2038 = VECTOR('',#2039,1.);
#2039 = DIRECTION('',(0.,1.,1.110223024625E-16));
#2040 = ORIENTED_EDGE('',*,*,#2041,.T.);
#2041 = EDGE_CURVE('',#2034,#2034,#2042,.T.);
#2042 = CIRCLE('',#2043,10.);
#2043 = AXIS2_PLACEMENT_3D('',#2044,#2045,#2046);
#2044 = CARTESIAN_POINT('',(70.,20.,640.));
#2045 = DIRECTION('',(-0.,1.,1.110223024625E-16));
#2046 = DIRECTION('',(1.,0.,0.));
#2047 = ORIENTED_EDGE('',*,*,#2033,.T.);
#2048 = CYLINDRICAL_SURFACE('',#2049,10.);
#2049 = AXIS2_PLACEMENT_3D('',#2050,#2051,#2052);
#2050 = CARTESIAN_POINT('',(70.,20.,640.));
#2051 = DIRECTION('',(0.,1.,1.110223024625E-16));
#2052 = DIRECTION('',(1.,0.,0.));
#2053 = ADVANCED_FACE('',(#2054),#2057,.T.);
#2054 = FACE_BOUND('',#2055,.T.);
#2055 = EDGE_LOOP('',(#2056));
#2056 = ORIENTED_EDGE('',*,*,#2024,.T.);
#2057 = PLANE('',#2058);
#2058 = AXIS2_PLACEMENT_3D('',#2059,#2060,#2061);
#2059 = CARTESIAN_POINT('',(70.,300.,640.));
#2060 = DIRECTION('',(0.,1.,1.110223024625E-16));
#2061 = DIRECTION('',(1.,0.,0.));
#2062 = ADVANCED_FACE('',(#2063),#2066,.F.);
#2063 = FACE_BOUND('',#2064,.T.);
#2064 = EDGE_LOOP('',(#2065));
#2065 = ORIENTED_EDGE('',*,*,#2041,.F.);
#2066 = PLANE('',#2067);
#2067 = AXIS2_PLACEMENT_3D('',#2068,#2069,#2070);
#2068 = CARTESIAN_POINT('',(70.,20.,640.));
#2069 = DIRECTION('',(0.,1.,1.110223024625E-16));
#2070 = DIRECTION('',(1.,0.,0.));
#2071 = MANIFOLD_SOLID_BREP('',#2072);
#2072 = CLOSED_SHELL('',(#2073,#2113,#2153,#2175,#2197,#2209));
#2073 = ADVANCED_FACE('',(#2074),#2108,.F.);
#2074 = FACE_BOUND('',#2075,.F.);
#2075 = EDGE_LOOP('',(#2076,#2086,#2094,#2102));
#2076 = ORIENTED_EDGE('',*,*,#2077,.F.);
#2077 = EDGE_CURVE('',#2078,#2080,#2082,.T.);
#2078 = VERTEX_POINT('',#2079);
#2079 = CARTESIAN_POINT('',(43.,30.,645.));
#2080 = VERTEX_POINT('',#2081);
#2081 = CARTESIAN_POINT('',(43.,30.,673.));
#2082 = LINE('',#2083,#2084);
#2083 = CARTESIAN_POINT('',(43.,30.,645.));
#2084 = VECTOR('',#2085,1.);
#2085 = DIRECTION('',(0.,0.,1.));
#2086 = ORIENTED_EDGE('',*,*,#2087,.T.);
#2087 = EDGE_CURVE('',#2078,#2088,#2090,.T.);
#2088 = VERTEX_POINT('',#2089);
#2089 = CARTESIAN_POINT('',(43.,290.,645.));
#2090 = LINE('',#2091,#2092);
#2091 = CARTESIAN_POINT('',(43.,30.,645.));
#2092 = VECTOR('',#2093,1.);
#2093 = DIRECTION('',(0.,1.,0.));
#2094 = ORIENTED_EDGE('',*,*,#2095,.T.);
#2095 = EDGE_CURVE('',#2088,#2096,#2098,.T.);
#2096 = VERTEX_POINT('',#2097);
#2097 = CARTESIAN_POINT('',(43.,290.,673.));
#2098 = LINE('',#2099,#2100);
#2099 = CARTESIAN_POINT('',(43.,290.,645.));
#2100 = VECTOR('',#2101,1.);
#2101 = DIRECTION('',(0.,0.,1.));
#2102 = ORIENTED_EDGE('',*,*,#2103,.F.);
#2103 = EDGE_CURVE('',#2080,#2096,#2104,.T.);
#2104 = LINE('',#2105,#2106);
#2105 = CARTESIAN_POINT('',(43.,30.,673.));
#2106 = VECTOR('',#2107,1.);
#2107 = DIRECTION('',(0.,1.,0.));
#2108 = PLANE('',#2109);
#2109 = AXIS2_PLACEMENT_3D('',#2110,#2111,#2112);
#2110 = CARTESIAN_POINT('',(43.,30.,645.));
#2111 = DIRECTION('',(1.,0.,0.));
#2112 = DIRECTION('',(0.,0.,1.));
#2113 = ADVANCED_FACE('',(#2114),#2148,.T.);
#2114 = FACE_BOUND('',#2115,.T.);
#2115 = EDGE_LOOP('',(#2116,#2126,#2134,#2142));
#2116 = ORIENTED_EDGE('',*,*,#2117,.F.);
#2117 = EDGE_CURVE('',#2118,#2120,#2122,.T.);
#2118 = VERTEX_POINT('',#2119);
#2119 = CARTESIAN_POINT('',(97.,30.,645.));
#2120 = VERTEX_POINT('',#2121);
#2121 = CARTESIAN_POINT('',(97.,30.,673.));
#2122 = LINE('',#2123,#2124);
#2123 = CARTESIAN_POINT('',(97.,30.,645.));
#2124 = VECTOR('',#2125,1.);
#2125 = DIRECTION('',(0.,0.,1.));
#2126 = ORIENTED_EDGE('',*,*,#2127,.T.);
#2127 = EDGE_CURVE('',#2118,#2128,#2130,.T.);
#2128 = VERTEX_POINT('',#2129);
#2129 = CARTESIAN_POINT('',(97.,290.,645.));
#2130 = LINE('',#2131,#2132);
#2131 = CARTESIAN_POINT('',(97.,30.,645.));
#2132 = VECTOR('',#2133,1.);
#2133 = DIRECTION('',(0.,1.,0.));
#2134 = ORIENTED_EDGE('',*,*,#2135,.T.);
#2135 = EDGE_CURVE('',#2128,#2136,#2138,.T.);
#2136 = VERTEX_POINT('',#2137);
#2137 = CARTESIAN_POINT('',(97.,290.,673.));
#2138 = LINE('',#2139,#2140);
#2139 = CARTESIAN_POINT('',(97.,290.,645.));
#2140 = VECTOR('',#2141,1.);
#2141 = DIRECTION('',(0.,0.,1.));
#2142 = ORIENTED_EDGE('',*,*,#2143,.F.);
#2143 = EDGE_CURVE('',#2120,#2136,#2144,.T.);
#2144 = LINE('',#2145,#2146);
#2145 = CARTESIAN_POINT('',(97.,30.,673.));
#2146 = VECTOR('',#2147,1.);
#2147 = DIRECTION('',(0.,1.,0.));
#2148 = PLANE('',#2149);
#2149 = AXIS2_PLACEMENT_3D('',#2150,#2151,#2152);
#2150 = CARTESIAN_POINT('',(97.,30.,645.));
#2151 = DIRECTION('',(1.,0.,0.));
#2152 = DIRECTION('',(0.,0.,1.));
#2153 = ADVANCED_FACE('',(#2154),#2170,.F.);
#2154 = FACE_BOUND('',#2155,.F.);
#2155 = EDGE_LOOP('',(#2156,#2162,#2163,#2169));
#2156 = ORIENTED_EDGE('',*,*,#2157,.F.);
#2157 = EDGE_CURVE('',#2078,#2118,#2158,.T.);
#2158 = LINE('',#2159,#2160);
#2159 = CARTESIAN_POINT('',(43.,30.,645.));
#2160 = VECTOR('',#2161,1.);
#2161 = DIRECTION('',(1.,0.,0.));
#2162 = ORIENTED_EDGE('',*,*,#2077,.T.);
#2163 = ORIENTED_EDGE('',*,*,#2164,.T.);
#2164 = EDGE_CURVE('',#2080,#2120,#2165,.T.);
#2165 = LINE('',#2166,#2167);
#2166 = CARTESIAN_POINT('',(43.,30.,673.));
#2167 = VECTOR('',#2168,1.);
#2168 = DIRECTION('',(1.,0.,0.));
#2169 = ORIENTED_EDGE('',*,*,#2117,.F.);
#2170 = PLANE('',#2171);
#2171 = AXIS2_PLACEMENT_3D('',#2172,#2173,#2174);
#2172 = CARTESIAN_POINT('',(43.,30.,645.));
#2173 = DIRECTION('',(0.,1.,0.));
#2174 = DIRECTION('',(0.,0.,1.));
#2175 = ADVANCED_FACE('',(#2176),#2192,.T.);
#2176 = FACE_BOUND('',#2177,.T.);
#2177 = EDGE_LOOP('',(#2178,#2184,#2185,#2191));
#2178 = ORIENTED_EDGE('',*,*,#2179,.F.);
#2179 = EDGE_CURVE('',#2088,#2128,#2180,.T.);
#2180 = LINE('',#2181,#2182);
#2181 = CARTESIAN_POINT('',(43.,290.,645.));
#2182 = VECTOR('',#2183,1.);
#2183 = DIRECTION('',(1.,0.,0.));
#2184 = ORIENTED_EDGE('',*,*,#2095,.T.);
#2185 = ORIENTED_EDGE('',*,*,#2186,.T.);
#2186 = EDGE_CURVE('',#2096,#2136,#2187,.T.);
#2187 = LINE('',#2188,#2189);
#2188 = CARTESIAN_POINT('',(43.,290.,673.));
#2189 = VECTOR('',#2190,1.);
#2190 = DIRECTION('',(1.,0.,0.));
#2191 = ORIENTED_EDGE('',*,*,#2135,.F.);
#2192 = PLANE('',#2193);
#2193 = AXIS2_PLACEMENT_3D('',#2194,#2195,#2196);
#2194 = CARTESIAN_POINT('',(43.,290.,645.));
#2195 = DIRECTION('',(0.,1.,0.));
#2196 = DIRECTION('',(0.,0.,1.));
#2197 = ADVANCED_FACE('',(#2198),#2204,.F.);
#2198 = FACE_BOUND('',#2199,.F.);
#2199 = EDGE_LOOP('',(#2200,#2201,#2202,#2203));
#2200 = ORIENTED_EDGE('',*,*,#2087,.F.);
#2201 = ORIENTED_EDGE('',*,*,#2157,.T.);
#2202 = ORIENTED_EDGE('',*,*,#2127,.T.);
#2203 = ORIENTED_EDGE('',*,*,#2179,.F.);
#2204 = PLANE('',#2205);
#2205 = AXIS2_PLACEMENT_3D('',#2206,#2207,#2208);
#2206 = CARTESIAN_POINT('',(43.,30.,645.));
#2207 = DIRECTION('',(0.,0.,1.));
#2208 = DIRECTION('',(1.,0.,0.));
#2209 = ADVANCED_FACE('',(#2210),#2216,.T.);
#2210 = FACE_BOUND('',#2211,.T.);
#2211 = EDGE_LOOP('',(#2212,#2213,#2214,#2215));
#2212 = ORIENTED_EDGE('',*,*,#2103,.F.);
#2213 = ORIENTED_EDGE('',*,*,#2164,.T.);
#2214 = ORIENTED_EDGE('',*,*,#2143,.T.);
#2215 = ORIENTED_EDGE('',*,*,#2186,.F.);
#2216 = PLANE('',#2217);
#2217 = AXIS2_PLACEMENT_3D('',#2218,#2219,#2220);
#2218 = CARTESIAN_POINT('',(43.,30.,673.));
#2219 = DIRECTION('',(0.,0.,1.));
#2220 = DIRECTION('',(1.,0.,0.));
#2221 = MANIFOLD_SOLID_BREP('',#2222);
#2222 = CLOSED_SHELL('',(#2223,#2263,#2303,#2325,#2347,#2359));
#2223 = ADVANCED_FACE('',(#2224),#2258,.F.);
#2224 = FACE_BOUND('',#2225,.F.);
#2225 = EDGE_LOOP('',(#2226,#2236,#2244,#2252));
#2226 = ORIENTED_EDGE('',*,*,#2227,.F.);
#2227 = EDGE_CURVE('',#2228,#2230,#2232,.T.);
#2228 = VERTEX_POINT('',#2229);
#2229 = CARTESIAN_POINT('',(82.,0.,470.));
#2230 = VERTEX_POINT('',#2231);
#2231 = CARTESIAN_POINT('',(82.,0.,650.));
#2232 = LINE('',#2233,#2234);
#2233 = CARTESIAN_POINT('',(82.,0.,470.));
#2234 = VECTOR('',#2235,1.);
#2235 = DIRECTION('',(0.,0.,1.));
#2236 = ORIENTED_EDGE('',*,*,#2237,.T.);
#2237 = EDGE_CURVE('',#2228,#2238,#2240,.T.);
#2238 = VERTEX_POINT('',#2239);
#2239 = CARTESIAN_POINT('',(82.,360.,470.));
#2240 = LINE('',#2241,#2242);
#2241 = CARTESIAN_POINT('',(82.,0.,470.));
#2242 = VECTOR('',#2243,1.);
#2243 = DIRECTION('',(0.,1.,0.));
#2244 = ORIENTED_EDGE('',*,*,#2245,.T.);
#2245 = EDGE_CURVE('',#2238,#2246,#2248,.T.);
#2246 = VERTEX_POINT('',#2247);
#2247 = CARTESIAN_POINT('',(82.,360.,650.));
#2248 = LINE('',#2249,#2250);
#2249 = CARTESIAN_POINT('',(82.,360.,470.));
#2250 = VECTOR('',#2251,1.);
#2251 = DIRECTION('',(0.,0.,1.));
#2252 = ORIENTED_EDGE('',*,*,#2253,.F.);
#2253 = EDGE_CURVE('',#2230,#2246,#2254,.T.);
#2254 = LINE('',#2255,#2256);
#2255 = CARTESIAN_POINT('',(82.,0.,650.));
#2256 = VECTOR('',#2257,1.);
#2257 = DIRECTION('',(0.,1.,0.));
#2258 = PLANE('',#2259);
#2259 = AXIS2_PLACEMENT_3D('',#2260,#2261,#2262);
#2260 = CARTESIAN_POINT('',(82.,0.,470.));
#2261 = DIRECTION('',(1.,0.,0.));
#2262 = DIRECTION('',(0.,0.,1.));
#2263 = ADVANCED_FACE('',(#2264),#2298,.T.);
#2264 = FACE_BOUND('',#2265,.T.);
#2265 = EDGE_LOOP('',(#2266,#2276,#2284,#2292));
#2266 = ORIENTED_EDGE('',*,*,#2267,.F.);
#2267 = EDGE_CURVE('',#2268,#2270,#2272,.T.);
#2268 = VERTEX_POINT('',#2269);
#2269 = CARTESIAN_POINT('',(84.,0.,470.));
#2270 = VERTEX_POINT('',#2271);
#2271 = CARTESIAN_POINT('',(84.,0.,650.));
#2272 = LINE('',#2273,#2274);
#2273 = CARTESIAN_POINT('',(84.,0.,470.));
#2274 = VECTOR('',#2275,1.);
#2275 = DIRECTION('',(0.,0.,1.));
#2276 = ORIENTED_EDGE('',*,*,#2277,.T.);
#2277 = EDGE_CURVE('',#2268,#2278,#2280,.T.);
#2278 = VERTEX_POINT('',#2279);
#2279 = CARTESIAN_POINT('',(84.,360.,470.));
#2280 = LINE('',#2281,#2282);
#2281 = CARTESIAN_POINT('',(84.,0.,470.));
#2282 = VECTOR('',#2283,1.);
#2283 = DIRECTION('',(0.,1.,0.));
#2284 = ORIENTED_EDGE('',*,*,#2285,.T.);
#2285 = EDGE_CURVE('',#2278,#2286,#2288,.T.);
#2286 = VERTEX_POINT('',#2287);
#2287 = CARTESIAN_POINT('',(84.,360.,650.));
#2288 = LINE('',#2289,#2290);
#2289 = CARTESIAN_POINT('',(84.,360.,470.));
#2290 = VECTOR('',#2291,1.);
#2291 = DIRECTION('',(0.,0.,1.));
#2292 = ORIENTED_EDGE('',*,*,#2293,.F.);
#2293 = EDGE_CURVE('',#2270,#2286,#2294,.T.);
#2294 = LINE('',#2295,#2296);
#2295 = CARTESIAN_POINT('',(84.,0.,650.));
#2296 = VECTOR('',#2297,1.);
#2297 = DIRECTION('',(0.,1.,0.));
#2298 = PLANE('',#2299);
#2299 = AXIS2_PLACEMENT_3D('',#2300,#2301,#2302);
#2300 = CARTESIAN_POINT('',(84.,0.,470.));
#2301 = DIRECTION('',(1.,0.,0.));
#2302 = DIRECTION('',(0.,0.,1.));
#2303 = ADVANCED_FACE('',(#2304),#2320,.F.);
#2304 = FACE_BOUND('',#2305,.F.);
#2305 = EDGE_LOOP('',(#2306,#2312,#2313,#2319));
#2306 = ORIENTED_EDGE('',*,*,#2307,.F.);
#2307 = EDGE_CURVE('',#2228,#2268,#2308,.T.);
#2308 = LINE('',#2309,#2310);
#2309 = CARTESIAN_POINT('',(82.,0.,470.));
#2310 = VECTOR('',#2311,1.);
#2311 = DIRECTION('',(1.,0.,0.));
#2312 = ORIENTED_EDGE('',*,*,#2227,.T.);
#2313 = ORIENTED_EDGE('',*,*,#2314,.T.);
#2314 = EDGE_CURVE('',#2230,#2270,#2315,.T.);
#2315 = LINE('',#2316,#2317);
#2316 = CARTESIAN_POINT('',(82.,0.,650.));
#2317 = VECTOR('',#2318,1.);
#2318 = DIRECTION('',(1.,0.,0.));
#2319 = ORIENTED_EDGE('',*,*,#2267,.F.);
#2320 = PLANE('',#2321);
#2321 = AXIS2_PLACEMENT_3D('',#2322,#2323,#2324);
#2322 = CARTESIAN_POINT('',(82.,0.,470.));
#2323 = DIRECTION('',(0.,1.,0.));
#2324 = DIRECTION('',(0.,0.,1.));
#2325 = ADVANCED_FACE('',(#2326),#2342,.T.);
#2326 = FACE_BOUND('',#2327,.T.);
#2327 = EDGE_LOOP('',(#2328,#2334,#2335,#2341));
#2328 = ORIENTED_EDGE('',*,*,#2329,.F.);
#2329 = EDGE_CURVE('',#2238,#2278,#2330,.T.);
#2330 = LINE('',#2331,#2332);
#2331 = CARTESIAN_POINT('',(82.,360.,470.));
#2332 = VECTOR('',#2333,1.);
#2333 = DIRECTION('',(1.,0.,0.));
#2334 = ORIENTED_EDGE('',*,*,#2245,.T.);
#2335 = ORIENTED_EDGE('',*,*,#2336,.T.);
#2336 = EDGE_CURVE('',#2246,#2286,#2337,.T.);
#2337 = LINE('',#2338,#2339);
#2338 = CARTESIAN_POINT('',(82.,360.,650.));
#2339 = VECTOR('',#2340,1.);
#2340 = DIRECTION('',(1.,0.,0.));
#2341 = ORIENTED_EDGE('',*,*,#2285,.F.);
#2342 = PLANE('',#2343);
#2343 = AXIS2_PLACEMENT_3D('',#2344,#2345,#2346);
#2344 = CARTESIAN_POINT('',(82.,360.,470.));
#2345 = DIRECTION('',(0.,1.,0.));
#2346 = DIRECTION('',(0.,0.,1.));
#2347 = ADVANCED_FACE('',(#2348),#2354,.F.);
#2348 = FACE_BOUND('',#2349,.F.);
#2349 = EDGE_LOOP('',(#2350,#2351,#2352,#2353));
#2350 = ORIENTED_EDGE('',*,*,#2237,.F.);
#2351 = ORIENTED_EDGE('',*,*,#2307,.T.);
#2352 = ORIENTED_EDGE('',*,*,#2277,.T.);
#2353 = ORIENTED_EDGE('',*,*,#2329,.F.);
#2354 = PLANE('',#2355);
#2355 = AXIS2_PLACEMENT_3D('',#2356,#2357,#2358);
#2356 = CARTESIAN_POINT('',(82.,0.,470.));
#2357 = DIRECTION('',(0.,0.,1.));
#2358 = DIRECTION('',(1.,0.,0.));
#2359 = ADVANCED_FACE('',(#2360),#2366,.T.);
#2360 = FACE_BOUND('',#2361,.T.);
#2361 = EDGE_LOOP('',(#2362,#2363,#2364,#2365));
#2362 = ORIENTED_EDGE('',*,*,#2253,.F.);
#2363 = ORIENTED_EDGE('',*,*,#2314,.T.);
#2364 = ORIENTED_EDGE('',*,*,#2293,.T.);
#2365 = ORIENTED_EDGE('',*,*,#2336,.F.);
#2366 = PLANE('',#2367);
#2367 = AXIS2_PLACEMENT_3D('',#2368,#2369,#2370);
#2368 = CARTESIAN_POINT('',(82.,0.,650.));
#2369 = DIRECTION('',(0.,0.,1.));
#2370 = DIRECTION('',(1.,0.,0.));
#2371 = MANIFOLD_SOLID_BREP('',#2372);
#2372 = CLOSED_SHELL('',(#2373,#2406,#2415));
#2373 = ADVANCED_FACE('',(#2374),#2401,.T.);
#2374 = FACE_BOUND('',#2375,.T.);
#2375 = EDGE_LOOP('',(#2376,#2385,#2393,#2400));
#2376 = ORIENTED_EDGE('',*,*,#2377,.F.);
#2377 = EDGE_CURVE('',#2378,#2378,#2380,.T.);
#2378 = VERTEX_POINT('',#2379);
#2379 = CARTESIAN_POINT('',(80.651147556488,180.,699.83085706535));
#2380 = CIRCLE('',#2381,11.);
#2381 = AXIS2_PLACEMENT_3D('',#2382,#2383,#2384);
#2382 = CARTESIAN_POINT('',(70.,180.,702.5791393889));
#2383 = DIRECTION('',(0.249843847595,-0.,0.968286141499));
#2384 = DIRECTION('',(0.968286141499,0.,-0.249843847595));
#2385 = ORIENTED_EDGE('',*,*,#2386,.F.);
#2386 = EDGE_CURVE('',#2387,#2378,#2389,.T.);
#2387 = VERTEX_POINT('',#2388);
#2388 = CARTESIAN_POINT('',(-59.34885244351,180.,157.25171767645));
#2389 = LINE('',#2390,#2391);
#2390 = CARTESIAN_POINT('',(-59.34885244351,180.,157.25171767645));
#2391 = VECTOR('',#2392,1.);
#2392 = DIRECTION('',(0.249843847595,0.,0.968286141499));
#2393 = ORIENTED_EDGE('',*,*,#2394,.T.);
#2394 = EDGE_CURVE('',#2387,#2387,#2395,.T.);
#2395 = CIRCLE('',#2396,11.);
#2396 = AXIS2_PLACEMENT_3D('',#2397,#2398,#2399);
#2397 = CARTESIAN_POINT('',(-70.,180.,160.));
#2398 = DIRECTION('',(0.249843847595,-0.,0.968286141499));
#2399 = DIRECTION('',(0.968286141499,0.,-0.249843847595));
#2400 = ORIENTED_EDGE('',*,*,#2386,.T.);
#2401 = CYLINDRICAL_SURFACE('',#2402,11.);
#2402 = AXIS2_PLACEMENT_3D('',#2403,#2404,#2405);
#2403 = CARTESIAN_POINT('',(-70.,180.,160.));
#2404 = DIRECTION('',(0.249843847595,0.,0.968286141499));
#2405 = DIRECTION('',(0.968286141499,0.,-0.249843847595));
#2406 = ADVANCED_FACE('',(#2407),#2410,.T.);
#2407 = FACE_BOUND('',#2408,.T.);
#2408 = EDGE_LOOP('',(#2409));
#2409 = ORIENTED_EDGE('',*,*,#2377,.T.);
#2410 = PLANE('',#2411);
#2411 = AXIS2_PLACEMENT_3D('',#2412,#2413,#2414);
#2412 = CARTESIAN_POINT('',(70.,180.,702.5791393889));
#2413 = DIRECTION('',(0.249843847595,0.,0.968286141499));
#2414 = DIRECTION('',(0.968286141499,0.,-0.249843847595));
#2415 = ADVANCED_FACE('',(#2416),#2419,.F.);
#2416 = FACE_BOUND('',#2417,.T.);
#2417 = EDGE_LOOP('',(#2418));
#2418 = ORIENTED_EDGE('',*,*,#2394,.F.);
#2419 = PLANE('',#2420);
#2420 = AXIS2_PLACEMENT_3D('',#2421,#2422,#2423);
#2421 = CARTESIAN_POINT('',(-70.,180.,160.));
#2422 = DIRECTION('',(0.249843847595,0.,0.968286141499));
#2423 = DIRECTION('',(0.968286141499,0.,-0.249843847595));
#2424 = MANIFOLD_SOLID_BREP('',#2425);
#2425 = CLOSED_SHELL('',(#2426,#2459,#2468));
#2426 = ADVANCED_FACE('',(#2427),#2454,.T.);
#2427 = FACE_BOUND('',#2428,.T.);
#2428 = EDGE_LOOP('',(#2429,#2438,#2446,#2453));
#2429 = ORIENTED_EDGE('',*,*,#2430,.F.);
#2430 = EDGE_CURVE('',#2431,#2431,#2433,.T.);
#2431 = VERTEX_POINT('',#2432);
#2432 = CARTESIAN_POINT('',(-59.34885244351,180.,705.32742171244));
#2433 = CIRCLE('',#2434,11.);
#2434 = AXIS2_PLACEMENT_3D('',#2435,#2436,#2437);
#2435 = CARTESIAN_POINT('',(-70.,180.,702.5791393889));
#2436 = DIRECTION('',(-0.249843847595,0.,0.968286141499));
#2437 = DIRECTION('',(0.968286141499,0.,0.249843847595));
#2438 = ORIENTED_EDGE('',*,*,#2439,.F.);
#2439 = EDGE_CURVE('',#2440,#2431,#2442,.T.);
#2440 = VERTEX_POINT('',#2441);
#2441 = CARTESIAN_POINT('',(80.651147556488,180.,162.74828232354));
#2442 = LINE('',#2443,#2444);
#2443 = CARTESIAN_POINT('',(80.651147556488,180.,162.74828232354));
#2444 = VECTOR('',#2445,1.);
#2445 = DIRECTION('',(-0.249843847595,0.,0.968286141499));
#2446 = ORIENTED_EDGE('',*,*,#2447,.T.);
#2447 = EDGE_CURVE('',#2440,#2440,#2448,.T.);
#2448 = CIRCLE('',#2449,11.);
#2449 = AXIS2_PLACEMENT_3D('',#2450,#2451,#2452);
#2450 = CARTESIAN_POINT('',(70.,180.,160.));
#2451 = DIRECTION('',(-0.249843847595,0.,0.968286141499));
#2452 = DIRECTION('',(0.968286141499,0.,0.249843847595));
#2453 = ORIENTED_EDGE('',*,*,#2439,.T.);
#2454 = CYLINDRICAL_SURFACE('',#2455,11.);
#2455 = AXIS2_PLACEMENT_3D('',#2456,#2457,#2458);
#2456 = CARTESIAN_POINT('',(70.,180.,160.));
#2457 = DIRECTION('',(-0.249843847595,0.,0.968286141499));
#2458 = DIRECTION('',(0.968286141499,0.,0.249843847595));
#2459 = ADVANCED_FACE('',(#2460),#2463,.T.);
#2460 = FACE_BOUND('',#2461,.T.);
#2461 = EDGE_LOOP('',(#2462));
#2462 = ORIENTED_EDGE('',*,*,#2430,.T.);
#2463 = PLANE('',#2464);
#2464 = AXIS2_PLACEMENT_3D('',#2465,#2466,#2467);
#2465 = CARTESIAN_POINT('',(-70.,180.,702.5791393889));
#2466 = DIRECTION('',(-0.249843847595,0.,0.968286141499));
#2467 = DIRECTION('',(0.968286141499,0.,0.249843847595));
#2468 = ADVANCED_FACE('',(#2469),#2472,.F.);
#2469 = FACE_BOUND('',#2470,.T.);
#2470 = EDGE_LOOP('',(#2471));
#2471 = ORIENTED_EDGE('',*,*,#2447,.F.);
#2472 = PLANE('',#2473);
#2473 = AXIS2_PLACEMENT_3D('',#2474,#2475,#2476);
#2474 = CARTESIAN_POINT('',(70.,180.,160.));
#2475 = DIRECTION('',(-0.249843847595,0.,0.968286141499));
#2476 = DIRECTION('',(0.968286141499,0.,0.249843847595));
#2477 = MANIFOLD_SOLID_BREP('',#2478);
#2478 = CLOSED_SHELL('',(#2479,#2512,#2521));
#2479 = ADVANCED_FACE('',(#2480),#2507,.T.);
#2480 = FACE_BOUND('',#2481,.T.);
#2481 = EDGE_LOOP('',(#2482,#2491,#2499,#2506));
#2482 = ORIENTED_EDGE('',*,*,#2483,.F.);
#2483 = EDGE_CURVE('',#2484,#2484,#2486,.T.);
#2484 = VERTEX_POINT('',#2485);
#2485 = CARTESIAN_POINT('',(70.,180.,436.28956969445));
#2486 = CIRCLE('',#2487,5.);
#2487 = AXIS2_PLACEMENT_3D('',#2488,#2489,#2490);
#2488 = CARTESIAN_POINT('',(70.,180.,431.28956969445));
#2489 = DIRECTION('',(1.,0.,-0.));
#2490 = DIRECTION('',(0.,0.,1.));
#2491 = ORIENTED_EDGE('',*,*,#2492,.F.);
#2492 = EDGE_CURVE('',#2493,#2484,#2495,.T.);
#2493 = VERTEX_POINT('',#2494);
#2494 = CARTESIAN_POINT('',(-70.,180.,436.28956969445));
#2495 = LINE('',#2496,#2497);
#2496 = CARTESIAN_POINT('',(-70.,180.,436.28956969445));
#2497 = VECTOR('',#2498,1.);
#2498 = DIRECTION('',(1.,0.,0.));
#2499 = ORIENTED_EDGE('',*,*,#2500,.T.);
#2500 = EDGE_CURVE('',#2493,#2493,#2501,.T.);
#2501 = CIRCLE('',#2502,5.);
#2502 = AXIS2_PLACEMENT_3D('',#2503,#2504,#2505);
#2503 = CARTESIAN_POINT('',(-70.,180.,431.28956969445));
#2504 = DIRECTION('',(1.,0.,-0.));
#2505 = DIRECTION('',(0.,0.,1.));
#2506 = ORIENTED_EDGE('',*,*,#2492,.T.);
#2507 = CYLINDRICAL_SURFACE('',#2508,5.);
#2508 = AXIS2_PLACEMENT_3D('',#2509,#2510,#2511);
#2509 = CARTESIAN_POINT('',(-70.,180.,431.28956969445));
#2510 = DIRECTION('',(1.,0.,0.));
#2511 = DIRECTION('',(0.,0.,1.));
#2512 = ADVANCED_FACE('',(#2513),#2516,.T.);
#2513 = FACE_BOUND('',#2514,.T.);
#2514 = EDGE_LOOP('',(#2515));
#2515 = ORIENTED_EDGE('',*,*,#2483,.T.);
#2516 = PLANE('',#2517);
#2517 = AXIS2_PLACEMENT_3D('',#2518,#2519,#2520);
#2518 = CARTESIAN_POINT('',(70.,180.,431.28956969445));
#2519 = DIRECTION('',(1.,0.,0.));
#2520 = DIRECTION('',(0.,0.,1.));
#2521 = ADVANCED_FACE('',(#2522),#2525,.F.);
#2522 = FACE_BOUND('',#2523,.T.);
#2523 = EDGE_LOOP('',(#2524));
#2524 = ORIENTED_EDGE('',*,*,#2500,.F.);
#2525 = PLANE('',#2526);
#2526 = AXIS2_PLACEMENT_3D('',#2527,#2528,#2529);
#2527 = CARTESIAN_POINT('',(-70.,180.,431.28956969445));
#2528 = DIRECTION('',(1.,0.,0.));
#2529 = DIRECTION('',(0.,0.,1.));
#2530 = MANIFOLD_SOLID_BREP('',#2531);
#2531 = CLOSED_SHELL('',(#2532,#2565,#2574));
#2532 = ADVANCED_FACE('',(#2533),#2560,.T.);
#2533 = FACE_BOUND('',#2534,.T.);
#2534 = EDGE_LOOP('',(#2535,#2544,#2552,#2559));
#2535 = ORIENTED_EDGE('',*,*,#2536,.F.);
#2536 = EDGE_CURVE('',#2537,#2537,#2539,.T.);
#2537 = VERTEX_POINT('',#2538);
#2538 = CARTESIAN_POINT('',(80.651147556488,20.,699.83085706535));
#2539 = CIRCLE('',#2540,11.);
#2540 = AXIS2_PLACEMENT_3D('',#2541,#2542,#2543);
#2541 = CARTESIAN_POINT('',(70.,20.,702.5791393889));
#2542 = DIRECTION('',(0.249843847595,-0.,0.968286141499));
#2543 = DIRECTION('',(0.968286141499,0.,-0.249843847595));
#2544 = ORIENTED_EDGE('',*,*,#2545,.F.);
#2545 = EDGE_CURVE('',#2546,#2537,#2548,.T.);
#2546 = VERTEX_POINT('',#2547);
#2547 = CARTESIAN_POINT('',(-59.34885244351,20.,157.25171767645));
#2548 = LINE('',#2549,#2550);
#2549 = CARTESIAN_POINT('',(-59.34885244351,20.,157.25171767645));
#2550 = VECTOR('',#2551,1.);
#2551 = DIRECTION('',(0.249843847595,0.,0.968286141499));
#2552 = ORIENTED_EDGE('',*,*,#2553,.T.);
#2553 = EDGE_CURVE('',#2546,#2546,#2554,.T.);
#2554 = CIRCLE('',#2555,11.);
#2555 = AXIS2_PLACEMENT_3D('',#2556,#2557,#2558);
#2556 = CARTESIAN_POINT('',(-70.,20.,160.));
#2557 = DIRECTION('',(0.249843847595,-0.,0.968286141499));
#2558 = DIRECTION('',(0.968286141499,0.,-0.249843847595));
#2559 = ORIENTED_EDGE('',*,*,#2545,.T.);
#2560 = CYLINDRICAL_SURFACE('',#2561,11.);
#2561 = AXIS2_PLACEMENT_3D('',#2562,#2563,#2564);
#2562 = CARTESIAN_POINT('',(-70.,20.,160.));
#2563 = DIRECTION('',(0.249843847595,0.,0.968286141499));
#2564 = DIRECTION('',(0.968286141499,0.,-0.249843847595));
#2565 = ADVANCED_FACE('',(#2566),#2569,.T.);
#2566 = FACE_BOUND('',#2567,.T.);
#2567 = EDGE_LOOP('',(#2568));
#2568 = ORIENTED_EDGE('',*,*,#2536,.T.);
#2569 = PLANE('',#2570);
#2570 = AXIS2_PLACEMENT_3D('',#2571,#2572,#2573);
#2571 = CARTESIAN_POINT('',(70.,20.,702.5791393889));
#2572 = DIRECTION('',(0.249843847595,0.,0.968286141499));
#2573 = DIRECTION('',(0.968286141499,0.,-0.249843847595));
#2574 = ADVANCED_FACE('',(#2575),#2578,.F.);
#2575 = FACE_BOUND('',#2576,.T.);
#2576 = EDGE_LOOP('',(#2577));
#2577 = ORIENTED_EDGE('',*,*,#2553,.F.);
#2578 = PLANE('',#2579);
#2579 = AXIS2_PLACEMENT_3D('',#2580,#2581,#2582);
#2580 = CARTESIAN_POINT('',(-70.,20.,160.));
#2581 = DIRECTION('',(0.249843847595,0.,0.968286141499));
#2582 = DIRECTION('',(0.968286141499,0.,-0.249843847595));
#2583 = MANIFOLD_SOLID_BREP('',#2584);
#2584 = CLOSED_SHELL('',(#2585,#2618,#2627));
#2585 = ADVANCED_FACE('',(#2586),#2613,.T.);
#2586 = FACE_BOUND('',#2587,.T.);
#2587 = EDGE_LOOP('',(#2588,#2597,#2605,#2612));
#2588 = ORIENTED_EDGE('',*,*,#2589,.F.);
#2589 = EDGE_CURVE('',#2590,#2590,#2592,.T.);
#2590 = VERTEX_POINT('',#2591);
#2591 = CARTESIAN_POINT('',(-59.34885244351,20.,705.32742171244));
#2592 = CIRCLE('',#2593,11.);
#2593 = AXIS2_PLACEMENT_3D('',#2594,#2595,#2596);
#2594 = CARTESIAN_POINT('',(-70.,20.,702.5791393889));
#2595 = DIRECTION('',(-0.249843847595,0.,0.968286141499));
#2596 = DIRECTION('',(0.968286141499,0.,0.249843847595));
#2597 = ORIENTED_EDGE('',*,*,#2598,.F.);
#2598 = EDGE_CURVE('',#2599,#2590,#2601,.T.);
#2599 = VERTEX_POINT('',#2600);
#2600 = CARTESIAN_POINT('',(80.651147556488,20.,162.74828232354));
#2601 = LINE('',#2602,#2603);
#2602 = CARTESIAN_POINT('',(80.651147556488,20.,162.74828232354));
#2603 = VECTOR('',#2604,1.);
#2604 = DIRECTION('',(-0.249843847595,0.,0.968286141499));
#2605 = ORIENTED_EDGE('',*,*,#2606,.T.);
#2606 = EDGE_CURVE('',#2599,#2599,#2607,.T.);
#2607 = CIRCLE('',#2608,11.);
#2608 = AXIS2_PLACEMENT_3D('',#2609,#2610,#2611);
#2609 = CARTESIAN_POINT('',(70.,20.,160.));
#2610 = DIRECTION('',(-0.249843847595,0.,0.968286141499));
#2611 = DIRECTION('',(0.968286141499,0.,0.249843847595));
#2612 = ORIENTED_EDGE('',*,*,#2598,.T.);
#2613 = CYLINDRICAL_SURFACE('',#2614,11.);
#2614 = AXIS2_PLACEMENT_3D('',#2615,#2616,#2617);
#2615 = CARTESIAN_POINT('',(70.,20.,160.));
#2616 = DIRECTION('',(-0.249843847595,0.,0.968286141499));
#2617 = DIRECTION('',(0.968286141499,0.,0.249843847595));
#2618 = ADVANCED_FACE('',(#2619),#2622,.T.);
#2619 = FACE_BOUND('',#2620,.T.);
#2620 = EDGE_LOOP('',(#2621));
#2621 = ORIENTED_EDGE('',*,*,#2589,.T.);
#2622 = PLANE('',#2623);
#2623 = AXIS2_PLACEMENT_3D('',#2624,#2625,#2626);
#2624 = CARTESIAN_POINT('',(-70.,20.,702.5791393889));
#2625 = DIRECTION('',(-0.249843847595,0.,0.968286141499));
#2626 = DIRECTION('',(0.968286141499,0.,0.249843847595));
#2627 = ADVANCED_FACE('',(#2628),#2631,.F.);
#2628 = FACE_BOUND('',#2629,.T.);
#2629 = EDGE_LOOP('',(#2630));
#2630 = ORIENTED_EDGE('',*,*,#2606,.F.);
#2631 = PLANE('',#2632);
#2632 = AXIS2_PLACEMENT_3D('',#2633,#2634,#2635);
#2633 = CARTESIAN_POINT('',(70.,20.,160.));
#2634 = DIRECTION('',(-0.249843847595,0.,0.968286141499));
#2635 = DIRECTION('',(0.968286141499,0.,0.249843847595));
#2636 = MANIFOLD_SOLID_BREP('',#2637);
#2637 = CLOSED_SHELL('',(#2638,#2671,#2680));
#2638 = ADVANCED_FACE('',(#2639),#2666,.T.);
#2639 = FACE_BOUND('',#2640,.T.);
#2640 = EDGE_LOOP('',(#2641,#2650,#2658,#2665));
#2641 = ORIENTED_EDGE('',*,*,#2642,.F.);
#2642 = EDGE_CURVE('',#2643,#2643,#2645,.T.);
#2643 = VERTEX_POINT('',#2644);
#2644 = CARTESIAN_POINT('',(70.,20.,436.28956969445));
#2645 = CIRCLE('',#2646,5.);
#2646 = AXIS2_PLACEMENT_3D('',#2647,#2648,#2649);
#2647 = CARTESIAN_POINT('',(70.,20.,431.28956969445));
#2648 = DIRECTION('',(1.,0.,-0.));
#2649 = DIRECTION('',(0.,0.,1.));
#2650 = ORIENTED_EDGE('',*,*,#2651,.F.);
#2651 = EDGE_CURVE('',#2652,#2643,#2654,.T.);
#2652 = VERTEX_POINT('',#2653);
#2653 = CARTESIAN_POINT('',(-70.,20.,436.28956969445));
#2654 = LINE('',#2655,#2656);
#2655 = CARTESIAN_POINT('',(-70.,20.,436.28956969445));
#2656 = VECTOR('',#2657,1.);
#2657 = DIRECTION('',(1.,0.,0.));
#2658 = ORIENTED_EDGE('',*,*,#2659,.T.);
#2659 = EDGE_CURVE('',#2652,#2652,#2660,.T.);
#2660 = CIRCLE('',#2661,5.);
#2661 = AXIS2_PLACEMENT_3D('',#2662,#2663,#2664);
#2662 = CARTESIAN_POINT('',(-70.,20.,431.28956969445));
#2663 = DIRECTION('',(1.,0.,-0.));
#2664 = DIRECTION('',(0.,0.,1.));
#2665 = ORIENTED_EDGE('',*,*,#2651,.T.);
#2666 = CYLINDRICAL_SURFACE('',#2667,5.);
#2667 = AXIS2_PLACEMENT_3D('',#2668,#2669,#2670);
#2668 = CARTESIAN_POINT('',(-70.,20.,431.28956969445));
#2669 = DIRECTION('',(1.,0.,0.));
#2670 = DIRECTION('',(0.,0.,1.));
#2671 = ADVANCED_FACE('',(#2672),#2675,.T.);
#2672 = FACE_BOUND('',#2673,.T.);
#2673 = EDGE_LOOP('',(#2674));
#2674 = ORIENTED_EDGE('',*,*,#2642,.T.);
#2675 = PLANE('',#2676);
#2676 = AXIS2_PLACEMENT_3D('',#2677,#2678,#2679);
#2677 = CARTESIAN_POINT('',(70.,20.,431.28956969445));
#2678 = DIRECTION('',(1.,0.,0.));
#2679 = DIRECTION('',(0.,0.,1.));
#2680 = ADVANCED_FACE('',(#2681),#2684,.F.);
#2681 = FACE_BOUND('',#2682,.T.);
#2682 = EDGE_LOOP('',(#2683));
#2683 = ORIENTED_EDGE('',*,*,#2659,.F.);
#2684 = PLANE('',#2685);
#2685 = AXIS2_PLACEMENT_3D('',#2686,#2687,#2688);
#2686 = CARTESIAN_POINT('',(-70.,20.,431.28956969445));
#2687 = DIRECTION('',(1.,0.,0.));
#2688 = DIRECTION('',(0.,0.,1.));
#2689 = MANIFOLD_SOLID_BREP('',#2690);
#2690 = CLOSED_SHELL('',(#2691,#2724,#2733));
#2691 = ADVANCED_FACE('',(#2692),#2719,.T.);
#2692 = FACE_BOUND('',#2693,.T.);
#2693 = EDGE_LOOP('',(#2694,#2703,#2711,#2718));
#2694 = ORIENTED_EDGE('',*,*,#2695,.F.);
#2695 = EDGE_CURVE('',#2696,#2696,#2698,.T.);
#2696 = VERTEX_POINT('',#2697);
#2697 = CARTESIAN_POINT('',(-59.,420.,702.5791393889));
#2698 = CIRCLE('',#2699,11.);
#2699 = AXIS2_PLACEMENT_3D('',#2700,#2701,#2702);
#2700 = CARTESIAN_POINT('',(-70.,420.,702.5791393889));
#2701 = DIRECTION('',(-0.,1.,1.110223024625E-16));
#2702 = DIRECTION('',(1.,0.,0.));
#2703 = ORIENTED_EDGE('',*,*,#2704,.F.);
#2704 = EDGE_CURVE('',#2705,#2696,#2707,.T.);
#2705 = VERTEX_POINT('',#2706);
#2706 = CARTESIAN_POINT('',(-59.,-60.,702.5791393889));
#2707 = LINE('',#2708,#2709);
#2708 = CARTESIAN_POINT('',(-59.,-60.,702.5791393889));
#2709 = VECTOR('',#2710,1.);
#2710 = DIRECTION('',(0.,1.,1.110223024625E-16));
#2711 = ORIENTED_EDGE('',*,*,#2712,.T.);
#2712 = EDGE_CURVE('',#2705,#2705,#2713,.T.);
#2713 = CIRCLE('',#2714,11.);
#2714 = AXIS2_PLACEMENT_3D('',#2715,#2716,#2717);
#2715 = CARTESIAN_POINT('',(-70.,-60.,702.5791393889));
#2716 = DIRECTION('',(-0.,1.,1.110223024625E-16));
#2717 = DIRECTION('',(1.,0.,0.));
#2718 = ORIENTED_EDGE('',*,*,#2704,.T.);
#2719 = CYLINDRICAL_SURFACE('',#2720,11.);
#2720 = AXIS2_PLACEMENT_3D('',#2721,#2722,#2723);
#2721 = CARTESIAN_POINT('',(-70.,-60.,702.5791393889));
#2722 = DIRECTION('',(0.,1.,1.110223024625E-16));
#2723 = DIRECTION('',(1.,0.,0.));
#2724 = ADVANCED_FACE('',(#2725),#2728,.T.);
#2725 = FACE_BOUND('',#2726,.T.);
#2726 = EDGE_LOOP('',(#2727));
#2727 = ORIENTED_EDGE('',*,*,#2695,.T.);
#2728 = PLANE('',#2729);
#2729 = AXIS2_PLACEMENT_3D('',#2730,#2731,#2732);
#2730 = CARTESIAN_POINT('',(-70.,420.,702.5791393889));
#2731 = DIRECTION('',(0.,1.,1.110223024625E-16));
#2732 = DIRECTION('',(1.,0.,0.));
#2733 = ADVANCED_FACE('',(#2734),#2737,.F.);
#2734 = FACE_BOUND('',#2735,.T.);
#2735 = EDGE_LOOP('',(#2736));
#2736 = ORIENTED_EDGE('',*,*,#2712,.F.);
#2737 = PLANE('',#2738);
#2738 = AXIS2_PLACEMENT_3D('',#2739,#2740,#2741);
#2739 = CARTESIAN_POINT('',(-70.,-60.,702.5791393889));
#2740 = DIRECTION('',(0.,1.,1.110223024625E-16));
#2741 = DIRECTION('',(1.,0.,0.));
#2742 = MANIFOLD_SOLID_BREP('',#2743);
#2743 = CLOSED_SHELL('',(#2744,#2777,#2786));
#2744 = ADVANCED_FACE('',(#2745),#2772,.T.);
#2745 = FACE_BOUND('',#2746,.T.);
#2746 = EDGE_LOOP('',(#2747,#2756,#2764,#2771));
#2747 = ORIENTED_EDGE('',*,*,#2748,.F.);
#2748 = EDGE_CURVE('',#2749,#2749,#2751,.T.);
#2749 = VERTEX_POINT('',#2750);
#2750 = CARTESIAN_POINT('',(81.,420.,702.5791393889));
#2751 = CIRCLE('',#2752,11.);
#2752 = AXIS2_PLACEMENT_3D('',#2753,#2754,#2755);
#2753 = CARTESIAN_POINT('',(70.,420.,702.5791393889));
#2754 = DIRECTION('',(-0.,1.,1.110223024625E-16));
#2755 = DIRECTION('',(1.,0.,0.));
#2756 = ORIENTED_EDGE('',*,*,#2757,.F.);
#2757 = EDGE_CURVE('',#2758,#2749,#2760,.T.);
#2758 = VERTEX_POINT('',#2759);
#2759 = CARTESIAN_POINT('',(81.,-60.,702.5791393889));
#2760 = LINE('',#2761,#2762);
#2761 = CARTESIAN_POINT('',(81.,-60.,702.5791393889));
#2762 = VECTOR('',#2763,1.);
#2763 = DIRECTION('',(0.,1.,1.110223024625E-16));
#2764 = ORIENTED_EDGE('',*,*,#2765,.T.);
#2765 = EDGE_CURVE('',#2758,#2758,#2766,.T.);
#2766 = CIRCLE('',#2767,11.);
#2767 = AXIS2_PLACEMENT_3D('',#2768,#2769,#2770);
#2768 = CARTESIAN_POINT('',(70.,-60.,702.5791393889));
#2769 = DIRECTION('',(-0.,1.,1.110223024625E-16));
#2770 = DIRECTION('',(1.,0.,0.));
#2771 = ORIENTED_EDGE('',*,*,#2757,.T.);
#2772 = CYLINDRICAL_SURFACE('',#2773,11.);
#2773 = AXIS2_PLACEMENT_3D('',#2774,#2775,#2776);
#2774 = CARTESIAN_POINT('',(70.,-60.,702.5791393889));
#2775 = DIRECTION('',(0.,1.,1.110223024625E-16));
#2776 = DIRECTION('',(1.,0.,0.));
#2777 = ADVANCED_FACE('',(#2778),#2781,.T.);
#2778 = FACE_BOUND('',#2779,.T.);
#2779 = EDGE_LOOP('',(#2780));
#2780 = ORIENTED_EDGE('',*,*,#2748,.T.);
#2781 = PLANE('',#2782);
#2782 = AXIS2_PLACEMENT_3D('',#2783,#2784,#2785);
#2783 = CARTESIAN_POINT('',(70.,420.,702.5791393889));
#2784 = DIRECTION('',(0.,1.,1.110223024625E-16));
#2785 = DIRECTION('',(1.,0.,0.));
#2786 = ADVANCED_FACE('',(#2787),#2790,.F.);
#2787 = FACE_BOUND('',#2788,.T.);
#2788 = EDGE_LOOP('',(#2789));
#2789 = ORIENTED_EDGE('',*,*,#2765,.F.);
#2790 = PLANE('',#2791);
#2791 = AXIS2_PLACEMENT_3D('',#2792,#2793,#2794);
#2792 = CARTESIAN_POINT('',(70.,-60.,702.5791393889));
#2793 = DIRECTION('',(0.,1.,1.110223024625E-16));
#2794 = DIRECTION('',(1.,0.,0.));
#2795 = MANIFOLD_SOLID_BREP('',#2796);
#2796 = CLOSED_SHELL('',(#2797,#2837,#2877,#2899,#2921,#2933));
#2797 = ADVANCED_FACE('',(#2798),#2832,.F.);
#2798 = FACE_BOUND('',#2799,.F.);
#2799 = EDGE_LOOP('',(#2800,#2810,#2818,#2826));
#2800 = ORIENTED_EDGE('',*,*,#2801,.F.);
#2801 = EDGE_CURVE('',#2802,#2804,#2806,.T.);
#2802 = VERTEX_POINT('',#2803);
#2803 = CARTESIAN_POINT('',(-56.,160.,747.5791393889));
#2804 = VERTEX_POINT('',#2805);
#2805 = CARTESIAN_POINT('',(-56.,160.,751.5791393889));
#2806 = LINE('',#2807,#2808);
#2807 = CARTESIAN_POINT('',(-56.,160.,747.5791393889));
#2808 = VECTOR('',#2809,1.);
#2809 = DIRECTION('',(0.,0.,1.));
#2810 = ORIENTED_EDGE('',*,*,#2811,.T.);
#2811 = EDGE_CURVE('',#2802,#2812,#2814,.T.);
#2812 = VERTEX_POINT('',#2813);
#2813 = CARTESIAN_POINT('',(-56.,200.,747.5791393889));
#2814 = LINE('',#2815,#2816);
#2815 = CARTESIAN_POINT('',(-56.,160.,747.5791393889));
#2816 = VECTOR('',#2817,1.);
#2817 = DIRECTION('',(0.,1.,0.));
#2818 = ORIENTED_EDGE('',*,*,#2819,.T.);
#2819 = EDGE_CURVE('',#2812,#2820,#2822,.T.);
#2820 = VERTEX_POINT('',#2821);
#2821 = CARTESIAN_POINT('',(-56.,200.,751.5791393889));
#2822 = LINE('',#2823,#2824);
#2823 = CARTESIAN_POINT('',(-56.,200.,747.5791393889));
#2824 = VECTOR('',#2825,1.);
#2825 = DIRECTION('',(0.,0.,1.));
#2826 = ORIENTED_EDGE('',*,*,#2827,.F.);
#2827 = EDGE_CURVE('',#2804,#2820,#2828,.T.);
#2828 = LINE('',#2829,#2830);
#2829 = CARTESIAN_POINT('',(-56.,160.,751.5791393889));
#2830 = VECTOR('',#2831,1.);
#2831 = DIRECTION('',(0.,1.,0.));
#2832 = PLANE('',#2833);
#2833 = AXIS2_PLACEMENT_3D('',#2834,#2835,#2836);
#2834 = CARTESIAN_POINT('',(-56.,160.,747.5791393889));
#2835 = DIRECTION('',(1.,0.,0.));
#2836 = DIRECTION('',(0.,0.,1.));
#2837 = ADVANCED_FACE('',(#2838),#2872,.T.);
#2838 = FACE_BOUND('',#2839,.T.);
#2839 = EDGE_LOOP('',(#2840,#2850,#2858,#2866));
#2840 = ORIENTED_EDGE('',*,*,#2841,.F.);
#2841 = EDGE_CURVE('',#2842,#2844,#2846,.T.);
#2842 = VERTEX_POINT('',#2843);
#2843 = CARTESIAN_POINT('',(56.,160.,747.5791393889));
#2844 = VERTEX_POINT('',#2845);
#2845 = CARTESIAN_POINT('',(56.,160.,751.5791393889));
#2846 = LINE('',#2847,#2848);
#2847 = CARTESIAN_POINT('',(56.,160.,747.5791393889));
#2848 = VECTOR('',#2849,1.);
#2849 = DIRECTION('',(0.,0.,1.));
#2850 = ORIENTED_EDGE('',*,*,#2851,.T.);
#2851 = EDGE_CURVE('',#2842,#2852,#2854,.T.);
#2852 = VERTEX_POINT('',#2853);
#2853 = CARTESIAN_POINT('',(56.,200.,747.5791393889));
#2854 = LINE('',#2855,#2856);
#2855 = CARTESIAN_POINT('',(56.,160.,747.5791393889));
#2856 = VECTOR('',#2857,1.);
#2857 = DIRECTION('',(0.,1.,0.));
#2858 = ORIENTED_EDGE('',*,*,#2859,.T.);
#2859 = EDGE_CURVE('',#2852,#2860,#2862,.T.);
#2860 = VERTEX_POINT('',#2861);
#2861 = CARTESIAN_POINT('',(56.,200.,751.5791393889));
#2862 = LINE('',#2863,#2864);
#2863 = CARTESIAN_POINT('',(56.,200.,747.5791393889));
#2864 = VECTOR('',#2865,1.);
#2865 = DIRECTION('',(0.,0.,1.));
#2866 = ORIENTED_EDGE('',*,*,#2867,.F.);
#2867 = EDGE_CURVE('',#2844,#2860,#2868,.T.);
#2868 = LINE('',#2869,#2870);
#2869 = CARTESIAN_POINT('',(56.,160.,751.5791393889));
#2870 = VECTOR('',#2871,1.);
#2871 = DIRECTION('',(0.,1.,0.));
#2872 = PLANE('',#2873);
#2873 = AXIS2_PLACEMENT_3D('',#2874,#2875,#2876);
#2874 = CARTESIAN_POINT('',(56.,160.,747.5791393889));
#2875 = DIRECTION('',(1.,0.,0.));
#2876 = DIRECTION('',(0.,0.,1.));
#2877 = ADVANCED_FACE('',(#2878),#2894,.F.);
#2878 = FACE_BOUND('',#2879,.F.);
#2879 = EDGE_LOOP('',(#2880,#2886,#2887,#2893));
#2880 = ORIENTED_EDGE('',*,*,#2881,.F.);
#2881 = EDGE_CURVE('',#2802,#2842,#2882,.T.);
#2882 = LINE('',#2883,#2884);
#2883 = CARTESIAN_POINT('',(-56.,160.,747.5791393889));
#2884 = VECTOR('',#2885,1.);
#2885 = DIRECTION('',(1.,0.,0.));
#2886 = ORIENTED_EDGE('',*,*,#2801,.T.);
#2887 = ORIENTED_EDGE('',*,*,#2888,.T.);
#2888 = EDGE_CURVE('',#2804,#2844,#2889,.T.);
#2889 = LINE('',#2890,#2891);
#2890 = CARTESIAN_POINT('',(-56.,160.,751.5791393889));
#2891 = VECTOR('',#2892,1.);
#2892 = DIRECTION('',(1.,0.,0.));
#2893 = ORIENTED_EDGE('',*,*,#2841,.F.);
#2894 = PLANE('',#2895);
#2895 = AXIS2_PLACEMENT_3D('',#2896,#2897,#2898);
#2896 = CARTESIAN_POINT('',(-56.,160.,747.5791393889));
#2897 = DIRECTION('',(0.,1.,0.));
#2898 = DIRECTION('',(0.,0.,1.));
#2899 = ADVANCED_FACE('',(#2900),#2916,.T.);
#2900 = FACE_BOUND('',#2901,.T.);
#2901 = EDGE_LOOP('',(#2902,#2908,#2909,#2915));
#2902 = ORIENTED_EDGE('',*,*,#2903,.F.);
#2903 = EDGE_CURVE('',#2812,#2852,#2904,.T.);
#2904 = LINE('',#2905,#2906);
#2905 = CARTESIAN_POINT('',(-56.,200.,747.5791393889));
#2906 = VECTOR('',#2907,1.);
#2907 = DIRECTION('',(1.,0.,0.));
#2908 = ORIENTED_EDGE('',*,*,#2819,.T.);
#2909 = ORIENTED_EDGE('',*,*,#2910,.T.);
#2910 = EDGE_CURVE('',#2820,#2860,#2911,.T.);
#2911 = LINE('',#2912,#2913);
#2912 = CARTESIAN_POINT('',(-56.,200.,751.5791393889));
#2913 = VECTOR('',#2914,1.);
#2914 = DIRECTION('',(1.,0.,0.));
#2915 = ORIENTED_EDGE('',*,*,#2859,.F.);
#2916 = PLANE('',#2917);
#2917 = AXIS2_PLACEMENT_3D('',#2918,#2919,#2920);
#2918 = CARTESIAN_POINT('',(-56.,200.,747.5791393889));
#2919 = DIRECTION('',(0.,1.,0.));
#2920 = DIRECTION('',(0.,0.,1.));
#2921 = ADVANCED_FACE('',(#2922),#2928,.F.);
#2922 = FACE_BOUND('',#2923,.F.);
#2923 = EDGE_LOOP('',(#2924,#2925,#2926,#2927));
#2924 = ORIENTED_EDGE('',*,*,#2811,.F.);
#2925 = ORIENTED_EDGE('',*,*,#2881,.T.);
#2926 = ORIENTED_EDGE('',*,*,#2851,.T.);
#2927 = ORIENTED_EDGE('',*,*,#2903,.F.);
#2928 = PLANE('',#2929);
#2929 = AXIS2_PLACEMENT_3D('',#2930,#2931,#2932);
#2930 = CARTESIAN_POINT('',(-56.,160.,747.5791393889));
#2931 = DIRECTION('',(0.,0.,1.));
#2932 = DIRECTION('',(1.,0.,0.));
#2933 = ADVANCED_FACE('',(#2934),#2940,.T.);
#2934 = FACE_BOUND('',#2935,.T.);
#2935 = EDGE_LOOP('',(#2936,#2937,#2938,#2939));
#2936 = ORIENTED_EDGE('',*,*,#2827,.F.);
#2937 = ORIENTED_EDGE('',*,*,#2888,.T.);
#2938 = ORIENTED_EDGE('',*,*,#2867,.T.);
#2939 = ORIENTED_EDGE('',*,*,#2910,.F.);
#2940 = PLANE('',#2941);
#2941 = AXIS2_PLACEMENT_3D('',#2942,#2943,#2944);
#2942 = CARTESIAN_POINT('',(-56.,160.,751.5791393889));
#2943 = DIRECTION('',(0.,0.,1.));
#2944 = DIRECTION('',(1.,0.,0.));
#2945 = MANIFOLD_SOLID_BREP('',#2946);
#2946 = CLOSED_SHELL('',(#2947,#2980,#3000,#3020));
#2947 = ADVANCED_FACE('',(#2948),#2975,.T.);
#2948 = FACE_BOUND('',#2949,.T.);
#2949 = EDGE_LOOP('',(#2950,#2959,#2967,#2974));
#2950 = ORIENTED_EDGE('',*,*,#2951,.F.);
#2951 = EDGE_CURVE('',#2952,#2952,#2954,.T.);
#2952 = VERTEX_POINT('',#2953);
#2953 = CARTESIAN_POINT('',(-262.5,7.347880794884E-15,335.));
#2954 = CIRCLE('',#2955,30.);
#2955 = AXIS2_PLACEMENT_3D('',#2956,#2957,#2958);
#2956 = CARTESIAN_POINT('',(-262.5,0.,305.));
#2957 = DIRECTION('',(1.,0.,-0.));
#2958 = DIRECTION('',(0.,0.,1.));
#2959 = ORIENTED_EDGE('',*,*,#2960,.F.);
#2960 = EDGE_CURVE('',#2961,#2952,#2963,.T.);
#2961 = VERTEX_POINT('',#2962);
#2962 = CARTESIAN_POINT('',(-317.5,7.347880794884E-15,335.));
#2963 = LINE('',#2964,#2965);
#2964 = CARTESIAN_POINT('',(-317.5,7.347880794884E-15,335.));
#2965 = VECTOR('',#2966,1.);
#2966 = DIRECTION('',(1.,0.,0.));
#2967 = ORIENTED_EDGE('',*,*,#2968,.T.);
#2968 = EDGE_CURVE('',#2961,#2961,#2969,.T.);
#2969 = CIRCLE('',#2970,30.);
#2970 = AXIS2_PLACEMENT_3D('',#2971,#2972,#2973);
#2971 = CARTESIAN_POINT('',(-317.5,0.,305.));
#2972 = DIRECTION('',(1.,0.,-0.));
#2973 = DIRECTION('',(0.,0.,1.));
#2974 = ORIENTED_EDGE('',*,*,#2960,.T.);
#2975 = CYLINDRICAL_SURFACE('',#2976,30.);
#2976 = AXIS2_PLACEMENT_3D('',#2977,#2978,#2979);
#2977 = CARTESIAN_POINT('',(-317.5,0.,305.));
#2978 = DIRECTION('',(1.,0.,0.));
#2979 = DIRECTION('',(0.,0.,1.));
#2980 = ADVANCED_FACE('',(#2981,#2984),#2995,.T.);
#2981 = FACE_BOUND('',#2982,.T.);
#2982 = EDGE_LOOP('',(#2983));
#2983 = ORIENTED_EDGE('',*,*,#2951,.T.);
#2984 = FACE_BOUND('',#2985,.T.);
#2985 = EDGE_LOOP('',(#2986));
#2986 = ORIENTED_EDGE('',*,*,#2987,.F.);
#2987 = EDGE_CURVE('',#2988,#2988,#2990,.T.);
#2988 = VERTEX_POINT('',#2989);
#2989 = CARTESIAN_POINT('',(-262.5,1.555301434917E-15,311.35));
#2990 = CIRCLE('',#2991,6.35);
#2991 = AXIS2_PLACEMENT_3D('',#2992,#2993,#2994);
#2992 = CARTESIAN_POINT('',(-262.5,0.,305.));
#2993 = DIRECTION('',(1.,0.,-0.));
#2994 = DIRECTION('',(0.,0.,1.));
#2995 = PLANE('',#2996);
#2996 = AXIS2_PLACEMENT_3D('',#2997,#2998,#2999);
#2997 = CARTESIAN_POINT('',(-262.5,0.,305.));
#2998 = DIRECTION('',(1.,0.,0.));
#2999 = DIRECTION('',(0.,0.,1.));
#3000 = ADVANCED_FACE('',(#3001,#3004),#3015,.F.);
#3001 = FACE_BOUND('',#3002,.F.);
#3002 = EDGE_LOOP('',(#3003));
#3003 = ORIENTED_EDGE('',*,*,#2968,.T.);
#3004 = FACE_BOUND('',#3005,.F.);
#3005 = EDGE_LOOP('',(#3006));
#3006 = ORIENTED_EDGE('',*,*,#3007,.F.);
#3007 = EDGE_CURVE('',#3008,#3008,#3010,.T.);
#3008 = VERTEX_POINT('',#3009);
#3009 = CARTESIAN_POINT('',(-317.5,1.555301434917E-15,311.35));
#3010 = CIRCLE('',#3011,6.35);
#3011 = AXIS2_PLACEMENT_3D('',#3012,#3013,#3014);
#3012 = CARTESIAN_POINT('',(-317.5,0.,305.));
#3013 = DIRECTION('',(1.,0.,-0.));
#3014 = DIRECTION('',(0.,0.,1.));
#3015 = PLANE('',#3016);
#3016 = AXIS2_PLACEMENT_3D('',#3017,#3018,#3019);
#3017 = CARTESIAN_POINT('',(-317.5,0.,305.));
#3018 = DIRECTION('',(1.,0.,0.));
#3019 = DIRECTION('',(0.,0.,1.));
#3020 = ADVANCED_FACE('',(#3021),#3032,.F.);
#3021 = FACE_BOUND('',#3022,.F.);
#3022 = EDGE_LOOP('',(#3023,#3024,#3030,#3031));
#3023 = ORIENTED_EDGE('',*,*,#2987,.F.);
#3024 = ORIENTED_EDGE('',*,*,#3025,.F.);
#3025 = EDGE_CURVE('',#3008,#2988,#3026,.T.);
#3026 = LINE('',#3027,#3028);
#3027 = CARTESIAN_POINT('',(-322.5,1.555301434917E-15,311.35));
#3028 = VECTOR('',#3029,1.);
#3029 = DIRECTION('',(1.,0.,0.));
#3030 = ORIENTED_EDGE('',*,*,#3007,.T.);
#3031 = ORIENTED_EDGE('',*,*,#3025,.T.);
#3032 = CYLINDRICAL_SURFACE('',#3033,6.35);
#3033 = AXIS2_PLACEMENT_3D('',#3034,#3035,#3036);
#3034 = CARTESIAN_POINT('',(-322.5,0.,305.));
#3035 = DIRECTION('',(1.,0.,0.));
#3036 = DIRECTION('',(0.,0.,1.));
#3037 = MANIFOLD_SOLID_BREP('',#3038);
#3038 = CLOSED_SHELL('',(#3039,#3072,#3081));
#3039 = ADVANCED_FACE('',(#3040),#3067,.T.);
#3040 = FACE_BOUND('',#3041,.T.);
#3041 = EDGE_LOOP('',(#3042,#3051,#3059,#3066));
#3042 = ORIENTED_EDGE('',*,*,#3043,.F.);
#3043 = EDGE_CURVE('',#3044,#3044,#3046,.T.);
#3044 = VERTEX_POINT('',#3045);
#3045 = CARTESIAN_POINT('',(-312.5,8.327598234202E-15,339.));
#3046 = CIRCLE('',#3047,34.);
#3047 = AXIS2_PLACEMENT_3D('',#3048,#3049,#3050);
#3048 = CARTESIAN_POINT('',(-312.5,0.,305.));
#3049 = DIRECTION('',(1.,0.,-0.));
#3050 = DIRECTION('',(0.,0.,1.));
#3051 = ORIENTED_EDGE('',*,*,#3052,.F.);
#3052 = EDGE_CURVE('',#3053,#3044,#3055,.T.);
#3053 = VERTEX_POINT('',#3054);
#3054 = CARTESIAN_POINT('',(-317.5,8.327598234202E-15,339.));
#3055 = LINE('',#3056,#3057);
#3056 = CARTESIAN_POINT('',(-317.5,8.327598234202E-15,339.));
#3057 = VECTOR('',#3058,1.);
#3058 = DIRECTION('',(1.,0.,0.));
#3059 = ORIENTED_EDGE('',*,*,#3060,.T.);
#3060 = EDGE_CURVE('',#3053,#3053,#3061,.T.);
#3061 = CIRCLE('',#3062,34.);
#3062 = AXIS2_PLACEMENT_3D('',#3063,#3064,#3065);
#3063 = CARTESIAN_POINT('',(-317.5,0.,305.));
#3064 = DIRECTION('',(1.,0.,-0.));
#3065 = DIRECTION('',(0.,0.,1.));
#3066 = ORIENTED_EDGE('',*,*,#3052,.T.);
#3067 = CYLINDRICAL_SURFACE('',#3068,34.);
#3068 = AXIS2_PLACEMENT_3D('',#3069,#3070,#3071);
#3069 = CARTESIAN_POINT('',(-317.5,0.,305.));
#3070 = DIRECTION('',(1.,0.,0.));
#3071 = DIRECTION('',(0.,0.,1.));
#3072 = ADVANCED_FACE('',(#3073),#3076,.T.);
#3073 = FACE_BOUND('',#3074,.T.);
#3074 = EDGE_LOOP('',(#3075));
#3075 = ORIENTED_EDGE('',*,*,#3043,.T.);
#3076 = PLANE('',#3077);
#3077 = AXIS2_PLACEMENT_3D('',#3078,#3079,#3080);
#3078 = CARTESIAN_POINT('',(-312.5,0.,305.));
#3079 = DIRECTION('',(1.,0.,0.));
#3080 = DIRECTION('',(0.,0.,1.));
#3081 = ADVANCED_FACE('',(#3082),#3085,.F.);
#3082 = FACE_BOUND('',#3083,.T.);
#3083 = EDGE_LOOP('',(#3084));
#3084 = ORIENTED_EDGE('',*,*,#3060,.F.);
#3085 = PLANE('',#3086);
#3086 = AXIS2_PLACEMENT_3D('',#3087,#3088,#3089);
#3087 = CARTESIAN_POINT('',(-317.5,0.,305.));
#3088 = DIRECTION('',(1.,0.,0.));
#3089 = DIRECTION('',(0.,0.,1.));
#3090 = MANIFOLD_SOLID_BREP('',#3091);
#3091 = CLOSED_SHELL('',(#3092,#3125,#3134));
#3092 = ADVANCED_FACE('',(#3093),#3120,.T.);
#3093 = FACE_BOUND('',#3094,.T.);
#3094 = EDGE_LOOP('',(#3095,#3104,#3112,#3119));
#3095 = ORIENTED_EDGE('',*,*,#3096,.F.);
#3096 = EDGE_CURVE('',#3097,#3097,#3099,.T.);
#3097 = VERTEX_POINT('',#3098);
#3098 = CARTESIAN_POINT('',(-262.5,8.327598234202E-15,339.));
#3099 = CIRCLE('',#3100,34.);
#3100 = AXIS2_PLACEMENT_3D('',#3101,#3102,#3103);
#3101 = CARTESIAN_POINT('',(-262.5,0.,305.));
#3102 = DIRECTION('',(1.,0.,-0.));
#3103 = DIRECTION('',(0.,0.,1.));
#3104 = ORIENTED_EDGE('',*,*,#3105,.F.);
#3105 = EDGE_CURVE('',#3106,#3097,#3108,.T.);
#3106 = VERTEX_POINT('',#3107);
#3107 = CARTESIAN_POINT('',(-267.5,8.327598234202E-15,339.));
#3108 = LINE('',#3109,#3110);
#3109 = CARTESIAN_POINT('',(-267.5,8.327598234202E-15,339.));
#3110 = VECTOR('',#3111,1.);
#3111 = DIRECTION('',(1.,0.,0.));
#3112 = ORIENTED_EDGE('',*,*,#3113,.T.);
#3113 = EDGE_CURVE('',#3106,#3106,#3114,.T.);
#3114 = CIRCLE('',#3115,34.);
#3115 = AXIS2_PLACEMENT_3D('',#3116,#3117,#3118);
#3116 = CARTESIAN_POINT('',(-267.5,0.,305.));
#3117 = DIRECTION('',(1.,0.,-0.));
#3118 = DIRECTION('',(0.,0.,1.));
#3119 = ORIENTED_EDGE('',*,*,#3105,.T.);
#3120 = CYLINDRICAL_SURFACE('',#3121,34.);
#3121 = AXIS2_PLACEMENT_3D('',#3122,#3123,#3124);
#3122 = CARTESIAN_POINT('',(-267.5,0.,305.));
#3123 = DIRECTION('',(1.,0.,0.));
#3124 = DIRECTION('',(0.,0.,1.));
#3125 = ADVANCED_FACE('',(#3126),#3129,.T.);
#3126 = FACE_BOUND('',#3127,.T.);
#3127 = EDGE_LOOP('',(#3128));
#3128 = ORIENTED_EDGE('',*,*,#3096,.T.);
#3129 = PLANE('',#3130);
#3130 = AXIS2_PLACEMENT_3D('',#3131,#3132,#3133);
#3131 = CARTESIAN_POINT('',(-262.5,0.,305.));
#3132 = DIRECTION('',(1.,0.,0.));
#3133 = DIRECTION('',(0.,0.,1.));
#3134 = ADVANCED_FACE('',(#3135),#3138,.F.);
#3135 = FACE_BOUND('',#3136,.T.);
#3136 = EDGE_LOOP('',(#3137));
#3137 = ORIENTED_EDGE('',*,*,#3113,.F.);
#3138 = PLANE('',#3139);
#3139 = AXIS2_PLACEMENT_3D('',#3140,#3141,#3142);
#3140 = CARTESIAN_POINT('',(-267.5,0.,305.));
#3141 = DIRECTION('',(1.,0.,0.));
#3142 = DIRECTION('',(0.,0.,1.));
#3143 = MANIFOLD_SOLID_BREP('',#3144);
#3144 = CLOSED_SHELL('',(#3145,#3178,#3198,#3218));
#3145 = ADVANCED_FACE('',(#3146),#3173,.T.);
#3146 = FACE_BOUND('',#3147,.T.);
#3147 = EDGE_LOOP('',(#3148,#3157,#3165,#3172));
#3148 = ORIENTED_EDGE('',*,*,#3149,.F.);
#3149 = EDGE_CURVE('',#3150,#3150,#3152,.T.);
#3150 = VERTEX_POINT('',#3151);
#3151 = CARTESIAN_POINT('',(-278.,6.613092715396E-14,575.));
#3152 = CIRCLE('',#3153,270.);
#3153 = AXIS2_PLACEMENT_3D('',#3154,#3155,#3156);
#3154 = CARTESIAN_POINT('',(-278.,0.,305.));
#3155 = DIRECTION('',(1.,0.,-0.));
#3156 = DIRECTION('',(0.,0.,1.));
#3157 = ORIENTED_EDGE('',*,*,#3158,.F.);
#3158 = EDGE_CURVE('',#3159,#3150,#3161,.T.);
#3159 = VERTEX_POINT('',#3160);
#3160 = CARTESIAN_POINT('',(-302.,6.613092715396E-14,575.));
#3161 = LINE('',#3162,#3163);
#3162 = CARTESIAN_POINT('',(-302.,6.613092715396E-14,575.));
#3163 = VECTOR('',#3164,1.);
#3164 = DIRECTION('',(1.,0.,0.));
#3165 = ORIENTED_EDGE('',*,*,#3166,.T.);
#3166 = EDGE_CURVE('',#3159,#3159,#3167,.T.);
#3167 = CIRCLE('',#3168,270.);
#3168 = AXIS2_PLACEMENT_3D('',#3169,#3170,#3171);
#3169 = CARTESIAN_POINT('',(-302.,0.,305.));
#3170 = DIRECTION('',(1.,0.,-0.));
#3171 = DIRECTION('',(0.,0.,1.));
#3172 = ORIENTED_EDGE('',*,*,#3158,.T.);
#3173 = CYLINDRICAL_SURFACE('',#3174,270.);
#3174 = AXIS2_PLACEMENT_3D('',#3175,#3176,#3177);
#3175 = CARTESIAN_POINT('',(-302.,0.,305.));
#3176 = DIRECTION('',(1.,0.,0.));
#3177 = DIRECTION('',(0.,0.,1.));
#3178 = ADVANCED_FACE('',(#3179,#3182),#3193,.T.);
#3179 = FACE_BOUND('',#3180,.T.);
#3180 = EDGE_LOOP('',(#3181));
#3181 = ORIENTED_EDGE('',*,*,#3149,.T.);
#3182 = FACE_BOUND('',#3183,.T.);
#3183 = EDGE_LOOP('',(#3184));
#3184 = ORIENTED_EDGE('',*,*,#3185,.F.);
#3185 = EDGE_CURVE('',#3186,#3186,#3188,.T.);
#3186 = VERTEX_POINT('',#3187);
#3187 = CARTESIAN_POINT('',(-278.,6.172219867703E-14,557.));
#3188 = CIRCLE('',#3189,252.);
#3189 = AXIS2_PLACEMENT_3D('',#3190,#3191,#3192);
#3190 = CARTESIAN_POINT('',(-278.,0.,305.));
#3191 = DIRECTION('',(1.,0.,-0.));
#3192 = DIRECTION('',(0.,0.,1.));
#3193 = PLANE('',#3194);
#3194 = AXIS2_PLACEMENT_3D('',#3195,#3196,#3197);
#3195 = CARTESIAN_POINT('',(-278.,0.,305.));
#3196 = DIRECTION('',(1.,0.,0.));
#3197 = DIRECTION('',(0.,0.,1.));
#3198 = ADVANCED_FACE('',(#3199,#3202),#3213,.F.);
#3199 = FACE_BOUND('',#3200,.F.);
#3200 = EDGE_LOOP('',(#3201));
#3201 = ORIENTED_EDGE('',*,*,#3166,.T.);
#3202 = FACE_BOUND('',#3203,.F.);
#3203 = EDGE_LOOP('',(#3204));
#3204 = ORIENTED_EDGE('',*,*,#3205,.F.);
#3205 = EDGE_CURVE('',#3206,#3206,#3208,.T.);
#3206 = VERTEX_POINT('',#3207);
#3207 = CARTESIAN_POINT('',(-302.,6.172219867703E-14,557.));
#3208 = CIRCLE('',#3209,252.);
#3209 = AXIS2_PLACEMENT_3D('',#3210,#3211,#3212);
#3210 = CARTESIAN_POINT('',(-302.,0.,305.));
#3211 = DIRECTION('',(1.,0.,-0.));
#3212 = DIRECTION('',(0.,0.,1.));
#3213 = PLANE('',#3214);
#3214 = AXIS2_PLACEMENT_3D('',#3215,#3216,#3217);
#3215 = CARTESIAN_POINT('',(-302.,0.,305.));
#3216 = DIRECTION('',(1.,0.,0.));
#3217 = DIRECTION('',(0.,0.,1.));
#3218 = ADVANCED_FACE('',(#3219),#3230,.F.);
#3219 = FACE_BOUND('',#3220,.F.);
#3220 = EDGE_LOOP('',(#3221,#3222,#3228,#3229));
#3221 = ORIENTED_EDGE('',*,*,#3185,.F.);
#3222 = ORIENTED_EDGE('',*,*,#3223,.F.);
#3223 = EDGE_CURVE('',#3206,#3186,#3224,.T.);
#3224 = LINE('',#3225,#3226);
#3225 = CARTESIAN_POINT('',(-304.,6.172219867703E-14,557.));
#3226 = VECTOR('',#3227,1.);
#3227 = DIRECTION('',(1.,0.,0.));
#3228 = ORIENTED_EDGE('',*,*,#3205,.T.);
#3229 = ORIENTED_EDGE('',*,*,#3223,.T.);
#3230 = CYLINDRICAL_SURFACE('',#3231,252.);
#3231 = AXIS2_PLACEMENT_3D('',#3232,#3233,#3234);
#3232 = CARTESIAN_POINT('',(-304.,0.,305.));
#3233 = DIRECTION('',(1.,0.,0.));
#3234 = DIRECTION('',(0.,0.,1.));
#3235 = MANIFOLD_SOLID_BREP('',#3236);
#3236 = CLOSED_SHELL('',(#3237,#3270,#3290,#3310,#3335,#3360,#3380,#3400
    ));
#3237 = ADVANCED_FACE('',(#3238),#3265,.T.);
#3238 = FACE_BOUND('',#3239,.T.);
#3239 = EDGE_LOOP('',(#3240,#3250,#3257,#3258));
#3240 = ORIENTED_EDGE('',*,*,#3241,.T.);
#3241 = EDGE_CURVE('',#3242,#3244,#3246,.T.);
#3242 = VERTEX_POINT('',#3243);
#3243 = CARTESIAN_POINT('',(-288.,7.470345474799E-14,610.));
#3244 = VERTEX_POINT('',#3245);
#3245 = CARTESIAN_POINT('',(-274.,7.470345474799E-14,610.));
#3246 = LINE('',#3247,#3248);
#3247 = CARTESIAN_POINT('',(-306.,7.470345474799E-14,610.));
#3248 = VECTOR('',#3249,1.);
#3249 = DIRECTION('',(1.,0.,0.));
#3250 = ORIENTED_EDGE('',*,*,#3251,.F.);
#3251 = EDGE_CURVE('',#3244,#3244,#3252,.T.);
#3252 = CIRCLE('',#3253,305.);
#3253 = AXIS2_PLACEMENT_3D('',#3254,#3255,#3256);
#3254 = CARTESIAN_POINT('',(-274.,0.,305.));
#3255 = DIRECTION('',(1.,0.,-0.));
#3256 = DIRECTION('',(0.,0.,1.));
#3257 = ORIENTED_EDGE('',*,*,#3241,.F.);
#3258 = ORIENTED_EDGE('',*,*,#3259,.T.);
#3259 = EDGE_CURVE('',#3242,#3242,#3260,.T.);
#3260 = CIRCLE('',#3261,305.);
#3261 = AXIS2_PLACEMENT_3D('',#3262,#3263,#3264);
#3262 = CARTESIAN_POINT('',(-288.,0.,305.));
#3263 = DIRECTION('',(1.,0.,-0.));
#3264 = DIRECTION('',(0.,0.,1.));
#3265 = CYLINDRICAL_SURFACE('',#3266,305.);
#3266 = AXIS2_PLACEMENT_3D('',#3267,#3268,#3269);
#3267 = CARTESIAN_POINT('',(-306.,0.,305.));
#3268 = DIRECTION('',(1.,0.,0.));
#3269 = DIRECTION('',(0.,0.,1.));
#3270 = ADVANCED_FACE('',(#3271,#3274),#3285,.F.);
#3271 = FACE_BOUND('',#3272,.F.);
#3272 = EDGE_LOOP('',(#3273));
#3273 = ORIENTED_EDGE('',*,*,#3259,.T.);
#3274 = FACE_BOUND('',#3275,.F.);
#3275 = EDGE_LOOP('',(#3276));
#3276 = ORIENTED_EDGE('',*,*,#3277,.F.);
#3277 = EDGE_CURVE('',#3278,#3278,#3280,.T.);
#3278 = VERTEX_POINT('',#3279);
#3279 = CARTESIAN_POINT('',(-288.,7.39686666685E-14,607.));
#3280 = CIRCLE('',#3281,302.);
#3281 = AXIS2_PLACEMENT_3D('',#3282,#3283,#3284);
#3282 = CARTESIAN_POINT('',(-288.,0.,305.));
#3283 = DIRECTION('',(1.,0.,-0.));
#3284 = DIRECTION('',(0.,0.,1.));
#3285 = PLANE('',#3286);
#3286 = AXIS2_PLACEMENT_3D('',#3287,#3288,#3289);
#3287 = CARTESIAN_POINT('',(-288.,0.,305.));
#3288 = DIRECTION('',(1.,0.,0.));
#3289 = DIRECTION('',(0.,0.,1.));
#3290 = ADVANCED_FACE('',(#3291,#3294),#3305,.T.);
#3291 = FACE_BOUND('',#3292,.T.);
#3292 = EDGE_LOOP('',(#3293));
#3293 = ORIENTED_EDGE('',*,*,#3251,.T.);
#3294 = FACE_BOUND('',#3295,.T.);
#3295 = EDGE_LOOP('',(#3296));
#3296 = ORIENTED_EDGE('',*,*,#3297,.F.);
#3297 = EDGE_CURVE('',#3298,#3298,#3300,.T.);
#3298 = VERTEX_POINT('',#3299);
#3299 = CARTESIAN_POINT('',(-274.,6.56410684343E-14,573.));
#3300 = CIRCLE('',#3301,268.);
#3301 = AXIS2_PLACEMENT_3D('',#3302,#3303,#3304);
#3302 = CARTESIAN_POINT('',(-274.,0.,305.));
#3303 = DIRECTION('',(1.,0.,-0.));
#3304 = DIRECTION('',(0.,0.,1.));
#3305 = PLANE('',#3306);
#3306 = AXIS2_PLACEMENT_3D('',#3307,#3308,#3309);
#3307 = CARTESIAN_POINT('',(-274.,0.,305.));
#3308 = DIRECTION('',(1.,0.,0.));
#3309 = DIRECTION('',(0.,0.,1.));
#3310 = ADVANCED_FACE('',(#3311),#3330,.T.);
#3311 = FACE_BOUND('',#3312,.T.);
#3312 = EDGE_LOOP('',(#3313,#3314,#3322,#3329));
#3313 = ORIENTED_EDGE('',*,*,#3277,.F.);
#3314 = ORIENTED_EDGE('',*,*,#3315,.F.);
#3315 = EDGE_CURVE('',#3316,#3278,#3318,.T.);
#3316 = VERTEX_POINT('',#3317);
#3317 = CARTESIAN_POINT('',(-292.,7.39686666685E-14,607.));
#3318 = LINE('',#3319,#3320);
#3319 = CARTESIAN_POINT('',(-293.,7.39686666685E-14,607.));
#3320 = VECTOR('',#3321,1.);
#3321 = DIRECTION('',(1.,0.,0.));
#3322 = ORIENTED_EDGE('',*,*,#3323,.T.);
#3323 = EDGE_CURVE('',#3316,#3316,#3324,.T.);
#3324 = CIRCLE('',#3325,302.);
#3325 = AXIS2_PLACEMENT_3D('',#3326,#3327,#3328);
#3326 = CARTESIAN_POINT('',(-292.,0.,305.));
#3327 = DIRECTION('',(1.,0.,-0.));
#3328 = DIRECTION('',(0.,0.,1.));
#3329 = ORIENTED_EDGE('',*,*,#3315,.T.);
#3330 = CYLINDRICAL_SURFACE('',#3331,302.);
#3331 = AXIS2_PLACEMENT_3D('',#3332,#3333,#3334);
#3332 = CARTESIAN_POINT('',(-293.,0.,305.));
#3333 = DIRECTION('',(1.,0.,0.));
#3334 = DIRECTION('',(0.,0.,1.));
#3335 = ADVANCED_FACE('',(#3336),#3355,.F.);
#3336 = FACE_BOUND('',#3337,.F.);
#3337 = EDGE_LOOP('',(#3338,#3339,#3347,#3354));
#3338 = ORIENTED_EDGE('',*,*,#3297,.F.);
#3339 = ORIENTED_EDGE('',*,*,#3340,.F.);
#3340 = EDGE_CURVE('',#3341,#3298,#3343,.T.);
#3341 = VERTEX_POINT('',#3342);
#3342 = CARTESIAN_POINT('',(-306.,6.56410684343E-14,573.));
#3343 = LINE('',#3344,#3345);
#3344 = CARTESIAN_POINT('',(-308.,6.56410684343E-14,573.));
#3345 = VECTOR('',#3346,1.);
#3346 = DIRECTION('',(1.,0.,0.));
#3347 = ORIENTED_EDGE('',*,*,#3348,.T.);
#3348 = EDGE_CURVE('',#3341,#3341,#3349,.T.);
#3349 = CIRCLE('',#3350,268.);
#3350 = AXIS2_PLACEMENT_3D('',#3351,#3352,#3353);
#3351 = CARTESIAN_POINT('',(-306.,0.,305.));
#3352 = DIRECTION('',(1.,0.,-0.));
#3353 = DIRECTION('',(0.,0.,1.));
#3354 = ORIENTED_EDGE('',*,*,#3340,.T.);
#3355 = CYLINDRICAL_SURFACE('',#3356,268.);
#3356 = AXIS2_PLACEMENT_3D('',#3357,#3358,#3359);
#3357 = CARTESIAN_POINT('',(-308.,0.,305.));
#3358 = DIRECTION('',(1.,0.,0.));
#3359 = DIRECTION('',(0.,0.,1.));
#3360 = ADVANCED_FACE('',(#3361,#3372),#3375,.T.);
#3361 = FACE_BOUND('',#3362,.T.);
#3362 = EDGE_LOOP('',(#3363));
#3363 = ORIENTED_EDGE('',*,*,#3364,.T.);
#3364 = EDGE_CURVE('',#3365,#3365,#3367,.T.);
#3365 = VERTEX_POINT('',#3366);
#3366 = CARTESIAN_POINT('',(-292.,7.470345474799E-14,610.));
#3367 = CIRCLE('',#3368,305.);
#3368 = AXIS2_PLACEMENT_3D('',#3369,#3370,#3371);
#3369 = CARTESIAN_POINT('',(-292.,0.,305.));
#3370 = DIRECTION('',(1.,0.,-0.));
#3371 = DIRECTION('',(0.,0.,1.));
#3372 = FACE_BOUND('',#3373,.T.);
#3373 = EDGE_LOOP('',(#3374));
#3374 = ORIENTED_EDGE('',*,*,#3323,.F.);
#3375 = PLANE('',#3376);
#3376 = AXIS2_PLACEMENT_3D('',#3377,#3378,#3379);
#3377 = CARTESIAN_POINT('',(-292.,0.,305.));
#3378 = DIRECTION('',(1.,0.,0.));
#3379 = DIRECTION('',(0.,0.,1.));
#3380 = ADVANCED_FACE('',(#3381,#3392),#3395,.F.);
#3381 = FACE_BOUND('',#3382,.F.);
#3382 = EDGE_LOOP('',(#3383));
#3383 = ORIENTED_EDGE('',*,*,#3384,.T.);
#3384 = EDGE_CURVE('',#3385,#3385,#3387,.T.);
#3385 = VERTEX_POINT('',#3386);
#3386 = CARTESIAN_POINT('',(-306.,7.470345474799E-14,610.));
#3387 = CIRCLE('',#3388,305.);
#3388 = AXIS2_PLACEMENT_3D('',#3389,#3390,#3391);
#3389 = CARTESIAN_POINT('',(-306.,0.,305.));
#3390 = DIRECTION('',(1.,0.,-0.));
#3391 = DIRECTION('',(0.,0.,1.));
#3392 = FACE_BOUND('',#3393,.F.);
#3393 = EDGE_LOOP('',(#3394));
#3394 = ORIENTED_EDGE('',*,*,#3348,.F.);
#3395 = PLANE('',#3396);
#3396 = AXIS2_PLACEMENT_3D('',#3397,#3398,#3399);
#3397 = CARTESIAN_POINT('',(-306.,0.,305.));
#3398 = DIRECTION('',(1.,0.,0.));
#3399 = DIRECTION('',(0.,0.,1.));
#3400 = ADVANCED_FACE('',(#3401),#3412,.T.);
#3401 = FACE_BOUND('',#3402,.T.);
#3402 = EDGE_LOOP('',(#3403,#3404,#3410,#3411));
#3403 = ORIENTED_EDGE('',*,*,#3364,.F.);
#3404 = ORIENTED_EDGE('',*,*,#3405,.F.);
#3405 = EDGE_CURVE('',#3385,#3365,#3406,.T.);
#3406 = LINE('',#3407,#3408);
#3407 = CARTESIAN_POINT('',(-306.,7.470345474799E-14,610.));
#3408 = VECTOR('',#3409,1.);
#3409 = DIRECTION('',(1.,0.,0.));
#3410 = ORIENTED_EDGE('',*,*,#3384,.T.);
#3411 = ORIENTED_EDGE('',*,*,#3405,.T.);
#3412 = CYLINDRICAL_SURFACE('',#3413,305.);
#3413 = AXIS2_PLACEMENT_3D('',#3414,#3415,#3416);
#3414 = CARTESIAN_POINT('',(-306.,0.,305.));
#3415 = DIRECTION('',(1.,0.,0.));
#3416 = DIRECTION('',(0.,0.,1.));
#3417 = MANIFOLD_SOLID_BREP('',#3418);
#3418 = CLOSED_SHELL('',(#3419,#3452,#3461));
#3419 = ADVANCED_FACE('',(#3420),#3447,.T.);
#3420 = FACE_BOUND('',#3421,.T.);
#3421 = EDGE_LOOP('',(#3422,#3431,#3439,#3446));
#3422 = ORIENTED_EDGE('',*,*,#3423,.F.);
#3423 = EDGE_CURVE('',#3424,#3424,#3426,.T.);
#3424 = VERTEX_POINT('',#3425);
#3425 = CARTESIAN_POINT('',(-283.,252.,305.));
#3426 = CIRCLE('',#3427,7.);
#3427 = AXIS2_PLACEMENT_3D('',#3428,#3429,#3430);
#3428 = CARTESIAN_POINT('',(-290.,252.,305.));
#3429 = DIRECTION('',(-0.,1.,1.110223024625E-16));
#3430 = DIRECTION('',(1.,0.,0.));
#3431 = ORIENTED_EDGE('',*,*,#3432,.F.);
#3432 = EDGE_CURVE('',#3433,#3424,#3435,.T.);
#3433 = VERTEX_POINT('',#3434);
#3434 = CARTESIAN_POINT('',(-283.,30.,305.));
#3435 = LINE('',#3436,#3437);
#3436 = CARTESIAN_POINT('',(-283.,30.,305.));
#3437 = VECTOR('',#3438,1.);
#3438 = DIRECTION('',(0.,1.,1.110223024625E-16));
#3439 = ORIENTED_EDGE('',*,*,#3440,.T.);
#3440 = EDGE_CURVE('',#3433,#3433,#3441,.T.);
#3441 = CIRCLE('',#3442,7.);
#3442 = AXIS2_PLACEMENT_3D('',#3443,#3444,#3445);
#3443 = CARTESIAN_POINT('',(-290.,30.,305.));
#3444 = DIRECTION('',(-0.,1.,1.110223024625E-16));
#3445 = DIRECTION('',(1.,0.,0.));
#3446 = ORIENTED_EDGE('',*,*,#3432,.T.);
#3447 = CYLINDRICAL_SURFACE('',#3448,7.);
#3448 = AXIS2_PLACEMENT_3D('',#3449,#3450,#3451);
#3449 = CARTESIAN_POINT('',(-290.,30.,305.));
#3450 = DIRECTION('',(0.,1.,1.110223024625E-16));
#3451 = DIRECTION('',(1.,0.,0.));
#3452 = ADVANCED_FACE('',(#3453),#3456,.T.);
#3453 = FACE_BOUND('',#3454,.T.);
#3454 = EDGE_LOOP('',(#3455));
#3455 = ORIENTED_EDGE('',*,*,#3423,.T.);
#3456 = PLANE('',#3457);
#3457 = AXIS2_PLACEMENT_3D('',#3458,#3459,#3460);
#3458 = CARTESIAN_POINT('',(-290.,252.,305.));
#3459 = DIRECTION('',(0.,1.,1.110223024625E-16));
#3460 = DIRECTION('',(1.,0.,0.));
#3461 = ADVANCED_FACE('',(#3462),#3465,.F.);
#3462 = FACE_BOUND('',#3463,.T.);
#3463 = EDGE_LOOP('',(#3464));
#3464 = ORIENTED_EDGE('',*,*,#3440,.F.);
#3465 = PLANE('',#3466);
#3466 = AXIS2_PLACEMENT_3D('',#3467,#3468,#3469);
#3467 = CARTESIAN_POINT('',(-290.,30.,305.));
#3468 = DIRECTION('',(0.,1.,1.110223024625E-16));
#3469 = DIRECTION('',(1.,0.,0.));
#3470 = MANIFOLD_SOLID_BREP('',#3471);
#3471 = CLOSED_SHELL('',(#3472,#3505,#3514));
#3472 = ADVANCED_FACE('',(#3473),#3500,.T.);
#3473 = FACE_BOUND('',#3474,.T.);
#3474 = EDGE_LOOP('',(#3475,#3484,#3492,#3499));
#3475 = ORIENTED_EDGE('',*,*,#3476,.F.);
#3476 = EDGE_CURVE('',#3477,#3477,#3479,.T.);
#3477 = VERTEX_POINT('',#3478);
#3478 = CARTESIAN_POINT('',(-283.,126.,523.23840175367));
#3479 = CIRCLE('',#3480,7.);
#3480 = AXIS2_PLACEMENT_3D('',#3481,#3482,#3483);
#3481 = CARTESIAN_POINT('',(-290.,126.,523.23840175367));
#3482 = DIRECTION('',(-0.,0.5,0.866025403784));
#3483 = DIRECTION('',(1.,0.,0.));
#3484 = ORIENTED_EDGE('',*,*,#3485,.F.);
#3485 = EDGE_CURVE('',#3486,#3477,#3488,.T.);
#3486 = VERTEX_POINT('',#3487);
#3487 = CARTESIAN_POINT('',(-283.,15.,330.98076211353));
#3488 = LINE('',#3489,#3490);
#3489 = CARTESIAN_POINT('',(-283.,15.,330.98076211353));
#3490 = VECTOR('',#3491,1.);
#3491 = DIRECTION('',(0.,0.5,0.866025403784));
#3492 = ORIENTED_EDGE('',*,*,#3493,.T.);
#3493 = EDGE_CURVE('',#3486,#3486,#3494,.T.);
#3494 = CIRCLE('',#3495,7.);
#3495 = AXIS2_PLACEMENT_3D('',#3496,#3497,#3498);
#3496 = CARTESIAN_POINT('',(-290.,15.,330.98076211353));
#3497 = DIRECTION('',(-0.,0.5,0.866025403784));
#3498 = DIRECTION('',(1.,0.,0.));
#3499 = ORIENTED_EDGE('',*,*,#3485,.T.);
#3500 = CYLINDRICAL_SURFACE('',#3501,7.);
#3501 = AXIS2_PLACEMENT_3D('',#3502,#3503,#3504);
#3502 = CARTESIAN_POINT('',(-290.,15.,330.98076211353));
#3503 = DIRECTION('',(0.,0.5,0.866025403784));
#3504 = DIRECTION('',(1.,0.,0.));
#3505 = ADVANCED_FACE('',(#3506),#3509,.T.);
#3506 = FACE_BOUND('',#3507,.T.);
#3507 = EDGE_LOOP('',(#3508));
#3508 = ORIENTED_EDGE('',*,*,#3476,.T.);
#3509 = PLANE('',#3510);
#3510 = AXIS2_PLACEMENT_3D('',#3511,#3512,#3513);
#3511 = CARTESIAN_POINT('',(-290.,126.,523.23840175367));
#3512 = DIRECTION('',(0.,0.5,0.866025403784));
#3513 = DIRECTION('',(1.,0.,0.));
#3514 = ADVANCED_FACE('',(#3515),#3518,.F.);
#3515 = FACE_BOUND('',#3516,.T.);
#3516 = EDGE_LOOP('',(#3517));
#3517 = ORIENTED_EDGE('',*,*,#3493,.F.);
#3518 = PLANE('',#3519);
#3519 = AXIS2_PLACEMENT_3D('',#3520,#3521,#3522);
#3520 = CARTESIAN_POINT('',(-290.,15.,330.98076211353));
#3521 = DIRECTION('',(0.,0.5,0.866025403784));
#3522 = DIRECTION('',(1.,0.,0.));
#3523 = MANIFOLD_SOLID_BREP('',#3524);
#3524 = CLOSED_SHELL('',(#3525,#3558,#3567));
#3525 = ADVANCED_FACE('',(#3526),#3553,.T.);
#3526 = FACE_BOUND('',#3527,.T.);
#3527 = EDGE_LOOP('',(#3528,#3537,#3545,#3552));
#3528 = ORIENTED_EDGE('',*,*,#3529,.F.);
#3529 = EDGE_CURVE('',#3530,#3530,#3532,.T.);
#3530 = VERTEX_POINT('',#3531);
#3531 = CARTESIAN_POINT('',(-283.,-126.,523.23840175367));
#3532 = CIRCLE('',#3533,7.);
#3533 = AXIS2_PLACEMENT_3D('',#3534,#3535,#3536);
#3534 = CARTESIAN_POINT('',(-290.,-126.,523.23840175367));
#3535 = DIRECTION('',(0.,-0.5,0.866025403784));
#3536 = DIRECTION('',(1.,0.,0.));
#3537 = ORIENTED_EDGE('',*,*,#3538,.F.);
#3538 = EDGE_CURVE('',#3539,#3530,#3541,.T.);
#3539 = VERTEX_POINT('',#3540);
#3540 = CARTESIAN_POINT('',(-283.,-15.,330.98076211353));
#3541 = LINE('',#3542,#3543);
#3542 = CARTESIAN_POINT('',(-283.,-15.,330.98076211353));
#3543 = VECTOR('',#3544,1.);
#3544 = DIRECTION('',(0.,-0.5,0.866025403784));
#3545 = ORIENTED_EDGE('',*,*,#3546,.T.);
#3546 = EDGE_CURVE('',#3539,#3539,#3547,.T.);
#3547 = CIRCLE('',#3548,7.);
#3548 = AXIS2_PLACEMENT_3D('',#3549,#3550,#3551);
#3549 = CARTESIAN_POINT('',(-290.,-15.,330.98076211353));
#3550 = DIRECTION('',(0.,-0.5,0.866025403784));
#3551 = DIRECTION('',(1.,0.,0.));
#3552 = ORIENTED_EDGE('',*,*,#3538,.T.);
#3553 = CYLINDRICAL_SURFACE('',#3554,7.);
#3554 = AXIS2_PLACEMENT_3D('',#3555,#3556,#3557);
#3555 = CARTESIAN_POINT('',(-290.,-15.,330.98076211353));
#3556 = DIRECTION('',(0.,-0.5,0.866025403784));
#3557 = DIRECTION('',(1.,0.,0.));
#3558 = ADVANCED_FACE('',(#3559),#3562,.T.);
#3559 = FACE_BOUND('',#3560,.T.);
#3560 = EDGE_LOOP('',(#3561));
#3561 = ORIENTED_EDGE('',*,*,#3529,.T.);
#3562 = PLANE('',#3563);
#3563 = AXIS2_PLACEMENT_3D('',#3564,#3565,#3566);
#3564 = CARTESIAN_POINT('',(-290.,-126.,523.23840175367));
#3565 = DIRECTION('',(0.,-0.5,0.866025403784));
#3566 = DIRECTION('',(1.,0.,0.));
#3567 = ADVANCED_FACE('',(#3568),#3571,.F.);
#3568 = FACE_BOUND('',#3569,.T.);
#3569 = EDGE_LOOP('',(#3570));
#3570 = ORIENTED_EDGE('',*,*,#3546,.F.);
#3571 = PLANE('',#3572);
#3572 = AXIS2_PLACEMENT_3D('',#3573,#3574,#3575);
#3573 = CARTESIAN_POINT('',(-290.,-15.,330.98076211353));
#3574 = DIRECTION('',(0.,-0.5,0.866025403784));
#3575 = DIRECTION('',(1.,0.,0.));
#3576 = MANIFOLD_SOLID_BREP('',#3577);
#3577 = CLOSED_SHELL('',(#3578,#3611,#3620));
#3578 = ADVANCED_FACE('',(#3579),#3606,.T.);
#3579 = FACE_BOUND('',#3580,.T.);
#3580 = EDGE_LOOP('',(#3581,#3590,#3598,#3605));
#3581 = ORIENTED_EDGE('',*,*,#3582,.F.);
#3582 = EDGE_CURVE('',#3583,#3583,#3585,.T.);
#3583 = VERTEX_POINT('',#3584);
#3584 = CARTESIAN_POINT('',(-283.,-252.,305.));
#3585 = CIRCLE('',#3586,7.);
#3586 = AXIS2_PLACEMENT_3D('',#3587,#3588,#3589);
#3587 = CARTESIAN_POINT('',(-290.,-252.,305.));
#3588 = DIRECTION('',(0.,-1.,3.330669073875E-16));
#3589 = DIRECTION('',(1.,0.,0.));
#3590 = ORIENTED_EDGE('',*,*,#3591,.F.);
#3591 = EDGE_CURVE('',#3592,#3583,#3594,.T.);
#3592 = VERTEX_POINT('',#3593);
#3593 = CARTESIAN_POINT('',(-283.,-30.,305.));
#3594 = LINE('',#3595,#3596);
#3595 = CARTESIAN_POINT('',(-283.,-30.,305.));
#3596 = VECTOR('',#3597,1.);
#3597 = DIRECTION('',(0.,-1.,3.330669073875E-16));
#3598 = ORIENTED_EDGE('',*,*,#3599,.T.);
#3599 = EDGE_CURVE('',#3592,#3592,#3600,.T.);
#3600 = CIRCLE('',#3601,7.);
#3601 = AXIS2_PLACEMENT_3D('',#3602,#3603,#3604);
#3602 = CARTESIAN_POINT('',(-290.,-30.,305.));
#3603 = DIRECTION('',(0.,-1.,3.330669073875E-16));
#3604 = DIRECTION('',(1.,0.,0.));
#3605 = ORIENTED_EDGE('',*,*,#3591,.T.);
#3606 = CYLINDRICAL_SURFACE('',#3607,7.);
#3607 = AXIS2_PLACEMENT_3D('',#3608,#3609,#3610);
#3608 = CARTESIAN_POINT('',(-290.,-30.,305.));
#3609 = DIRECTION('',(0.,-1.,3.330669073875E-16));
#3610 = DIRECTION('',(1.,0.,0.));
#3611 = ADVANCED_FACE('',(#3612),#3615,.T.);
#3612 = FACE_BOUND('',#3613,.T.);
#3613 = EDGE_LOOP('',(#3614));
#3614 = ORIENTED_EDGE('',*,*,#3582,.T.);
#3615 = PLANE('',#3616);
#3616 = AXIS2_PLACEMENT_3D('',#3617,#3618,#3619);
#3617 = CARTESIAN_POINT('',(-290.,-252.,305.));
#3618 = DIRECTION('',(0.,-1.,3.330669073875E-16));
#3619 = DIRECTION('',(1.,0.,0.));
#3620 = ADVANCED_FACE('',(#3621),#3624,.F.);
#3621 = FACE_BOUND('',#3622,.T.);
#3622 = EDGE_LOOP('',(#3623));
#3623 = ORIENTED_EDGE('',*,*,#3599,.F.);
#3624 = PLANE('',#3625);
#3625 = AXIS2_PLACEMENT_3D('',#3626,#3627,#3628);
#3626 = CARTESIAN_POINT('',(-290.,-30.,305.));
#3627 = DIRECTION('',(0.,-1.,3.330669073875E-16));
#3628 = DIRECTION('',(1.,0.,0.));
#3629 = MANIFOLD_SOLID_BREP('',#3630);
#3630 = CLOSED_SHELL('',(#3631,#3664,#3673));
#3631 = ADVANCED_FACE('',(#3632),#3659,.T.);
#3632 = FACE_BOUND('',#3633,.T.);
#3633 = EDGE_LOOP('',(#3634,#3643,#3651,#3658));
#3634 = ORIENTED_EDGE('',*,*,#3635,.F.);
#3635 = EDGE_CURVE('',#3636,#3636,#3638,.T.);
#3636 = VERTEX_POINT('',#3637);
#3637 = CARTESIAN_POINT('',(-283.,-126.,86.761598246322));
#3638 = CIRCLE('',#3639,7.);
#3639 = AXIS2_PLACEMENT_3D('',#3640,#3641,#3642);
#3640 = CARTESIAN_POINT('',(-290.,-126.,86.761598246322));
#3641 = DIRECTION('',(0.,-0.5,-0.866025403784));
#3642 = DIRECTION('',(1.,0.,0.));
#3643 = ORIENTED_EDGE('',*,*,#3644,.F.);
#3644 = EDGE_CURVE('',#3645,#3636,#3647,.T.);
#3645 = VERTEX_POINT('',#3646);
#3646 = CARTESIAN_POINT('',(-283.,-15.,279.01923788646));
#3647 = LINE('',#3648,#3649);
#3648 = CARTESIAN_POINT('',(-283.,-15.,279.01923788646));
#3649 = VECTOR('',#3650,1.);
#3650 = DIRECTION('',(0.,-0.5,-0.866025403784));
#3651 = ORIENTED_EDGE('',*,*,#3652,.T.);
#3652 = EDGE_CURVE('',#3645,#3645,#3653,.T.);
#3653 = CIRCLE('',#3654,7.);
#3654 = AXIS2_PLACEMENT_3D('',#3655,#3656,#3657);
#3655 = CARTESIAN_POINT('',(-290.,-15.,279.01923788646));
#3656 = DIRECTION('',(0.,-0.5,-0.866025403784));
#3657 = DIRECTION('',(1.,0.,0.));
#3658 = ORIENTED_EDGE('',*,*,#3644,.T.);
#3659 = CYLINDRICAL_SURFACE('',#3660,7.);
#3660 = AXIS2_PLACEMENT_3D('',#3661,#3662,#3663);
#3661 = CARTESIAN_POINT('',(-290.,-15.,279.01923788646));
#3662 = DIRECTION('',(0.,-0.5,-0.866025403784));
#3663 = DIRECTION('',(1.,0.,0.));
#3664 = ADVANCED_FACE('',(#3665),#3668,.T.);
#3665 = FACE_BOUND('',#3666,.T.);
#3666 = EDGE_LOOP('',(#3667));
#3667 = ORIENTED_EDGE('',*,*,#3635,.T.);
#3668 = PLANE('',#3669);
#3669 = AXIS2_PLACEMENT_3D('',#3670,#3671,#3672);
#3670 = CARTESIAN_POINT('',(-290.,-126.,86.761598246322));
#3671 = DIRECTION('',(0.,-0.5,-0.866025403784));
#3672 = DIRECTION('',(1.,0.,0.));
#3673 = ADVANCED_FACE('',(#3674),#3677,.F.);
#3674 = FACE_BOUND('',#3675,.T.);
#3675 = EDGE_LOOP('',(#3676));
#3676 = ORIENTED_EDGE('',*,*,#3652,.F.);
#3677 = PLANE('',#3678);
#3678 = AXIS2_PLACEMENT_3D('',#3679,#3680,#3681);
#3679 = CARTESIAN_POINT('',(-290.,-15.,279.01923788646));
#3680 = DIRECTION('',(0.,-0.5,-0.866025403784));
#3681 = DIRECTION('',(1.,0.,0.));
#3682 = MANIFOLD_SOLID_BREP('',#3683);
#3683 = CLOSED_SHELL('',(#3684,#3717,#3726));
#3684 = ADVANCED_FACE('',(#3685),#3712,.T.);
#3685 = FACE_BOUND('',#3686,.T.);
#3686 = EDGE_LOOP('',(#3687,#3696,#3704,#3711));
#3687 = ORIENTED_EDGE('',*,*,#3688,.F.);
#3688 = EDGE_CURVE('',#3689,#3689,#3691,.T.);
#3689 = VERTEX_POINT('',#3690);
#3690 = CARTESIAN_POINT('',(-283.,126.,86.761598246321));
#3691 = CIRCLE('',#3692,7.);
#3692 = AXIS2_PLACEMENT_3D('',#3693,#3694,#3695);
#3693 = CARTESIAN_POINT('',(-290.,126.,86.761598246321));
#3694 = DIRECTION('',(0.,0.5,-0.866025403784));
#3695 = DIRECTION('',(1.,0.,0.));
#3696 = ORIENTED_EDGE('',*,*,#3697,.F.);
#3697 = EDGE_CURVE('',#3698,#3689,#3700,.T.);
#3698 = VERTEX_POINT('',#3699);
#3699 = CARTESIAN_POINT('',(-283.,15.,279.01923788646));
#3700 = LINE('',#3701,#3702);
#3701 = CARTESIAN_POINT('',(-283.,15.,279.01923788646));
#3702 = VECTOR('',#3703,1.);
#3703 = DIRECTION('',(0.,0.5,-0.866025403784));
#3704 = ORIENTED_EDGE('',*,*,#3705,.T.);
#3705 = EDGE_CURVE('',#3698,#3698,#3706,.T.);
#3706 = CIRCLE('',#3707,7.);
#3707 = AXIS2_PLACEMENT_3D('',#3708,#3709,#3710);
#3708 = CARTESIAN_POINT('',(-290.,15.,279.01923788646));
#3709 = DIRECTION('',(0.,0.5,-0.866025403784));
#3710 = DIRECTION('',(1.,0.,0.));
#3711 = ORIENTED_EDGE('',*,*,#3697,.T.);
#3712 = CYLINDRICAL_SURFACE('',#3713,7.);
#3713 = AXIS2_PLACEMENT_3D('',#3714,#3715,#3716);
#3714 = CARTESIAN_POINT('',(-290.,15.,279.01923788646));
#3715 = DIRECTION('',(0.,0.5,-0.866025403784));
#3716 = DIRECTION('',(1.,0.,0.));
#3717 = ADVANCED_FACE('',(#3718),#3721,.T.);
#3718 = FACE_BOUND('',#3719,.T.);
#3719 = EDGE_LOOP('',(#3720));
#3720 = ORIENTED_EDGE('',*,*,#3688,.T.);
#3721 = PLANE('',#3722);
#3722 = AXIS2_PLACEMENT_3D('',#3723,#3724,#3725);
#3723 = CARTESIAN_POINT('',(-290.,126.,86.761598246321));
#3724 = DIRECTION('',(0.,0.5,-0.866025403784));
#3725 = DIRECTION('',(1.,0.,0.));
#3726 = ADVANCED_FACE('',(#3727),#3730,.F.);
#3727 = FACE_BOUND('',#3728,.T.);
#3728 = EDGE_LOOP('',(#3729));
#3729 = ORIENTED_EDGE('',*,*,#3705,.F.);
#3730 = PLANE('',#3731);
#3731 = AXIS2_PLACEMENT_3D('',#3732,#3733,#3734);
#3732 = CARTESIAN_POINT('',(-290.,15.,279.01923788646));
#3733 = DIRECTION('',(0.,0.5,-0.866025403784));
#3734 = DIRECTION('',(1.,0.,0.));
#3735 = MANIFOLD_SOLID_BREP('',#3736);
#3736 = CLOSED_SHELL('',(#3737,#3770,#3790,#3810));
#3737 = ADVANCED_FACE('',(#3738),#3765,.T.);
#3738 = FACE_BOUND('',#3739,.T.);
#3739 = EDGE_LOOP('',(#3740,#3749,#3757,#3764));
#3740 = ORIENTED_EDGE('',*,*,#3741,.F.);
#3741 = EDGE_CURVE('',#3742,#3742,#3744,.T.);
#3742 = VERTEX_POINT('',#3743);
#3743 = CARTESIAN_POINT('',(-329.,6.490628035481E-14,570.));
#3744 = CIRCLE('',#3745,265.);
#3745 = AXIS2_PLACEMENT_3D('',#3746,#3747,#3748);
#3746 = CARTESIAN_POINT('',(-329.,0.,305.));
#3747 = DIRECTION('',(1.,0.,-0.));
#3748 = DIRECTION('',(0.,0.,1.));
#3749 = ORIENTED_EDGE('',*,*,#3750,.F.);
#3750 = EDGE_CURVE('',#3751,#3742,#3753,.T.);
#3751 = VERTEX_POINT('',#3752);
#3752 = CARTESIAN_POINT('',(-347.,6.490628035481E-14,570.));
#3753 = LINE('',#3754,#3755);
#3754 = CARTESIAN_POINT('',(-347.,6.490628035481E-14,570.));
#3755 = VECTOR('',#3756,1.);
#3756 = DIRECTION('',(1.,0.,0.));
#3757 = ORIENTED_EDGE('',*,*,#3758,.T.);
#3758 = EDGE_CURVE('',#3751,#3751,#3759,.T.);
#3759 = CIRCLE('',#3760,265.);
#3760 = AXIS2_PLACEMENT_3D('',#3761,#3762,#3763);
#3761 = CARTESIAN_POINT('',(-347.,0.,305.));
#3762 = DIRECTION('',(1.,0.,-0.));
#3763 = DIRECTION('',(0.,0.,1.));
#3764 = ORIENTED_EDGE('',*,*,#3750,.T.);
#3765 = CYLINDRICAL_SURFACE('',#3766,265.);
#3766 = AXIS2_PLACEMENT_3D('',#3767,#3768,#3769);
#3767 = CARTESIAN_POINT('',(-347.,0.,305.));
#3768 = DIRECTION('',(1.,0.,0.));
#3769 = DIRECTION('',(0.,0.,1.));
#3770 = ADVANCED_FACE('',(#3771,#3774),#3785,.T.);
#3771 = FACE_BOUND('',#3772,.T.);
#3772 = EDGE_LOOP('',(#3773));
#3773 = ORIENTED_EDGE('',*,*,#3741,.T.);
#3774 = FACE_BOUND('',#3775,.T.);
#3775 = EDGE_LOOP('',(#3776));
#3776 = ORIENTED_EDGE('',*,*,#3777,.F.);
#3777 = EDGE_CURVE('',#3778,#3778,#3780,.T.);
#3778 = VERTEX_POINT('',#3779);
#3779 = CARTESIAN_POINT('',(-329.,6.049755187788E-14,552.));
#3780 = CIRCLE('',#3781,247.);
#3781 = AXIS2_PLACEMENT_3D('',#3782,#3783,#3784);
#3782 = CARTESIAN_POINT('',(-329.,0.,305.));
#3783 = DIRECTION('',(1.,0.,-0.));
#3784 = DIRECTION('',(0.,0.,1.));
#3785 = PLANE('',#3786);
#3786 = AXIS2_PLACEMENT_3D('',#3787,#3788,#3789);
#3787 = CARTESIAN_POINT('',(-329.,0.,305.));
#3788 = DIRECTION('',(1.,0.,0.));
#3789 = DIRECTION('',(0.,0.,1.));
#3790 = ADVANCED_FACE('',(#3791,#3794),#3805,.F.);
#3791 = FACE_BOUND('',#3792,.F.);
#3792 = EDGE_LOOP('',(#3793));
#3793 = ORIENTED_EDGE('',*,*,#3758,.T.);
#3794 = FACE_BOUND('',#3795,.F.);
#3795 = EDGE_LOOP('',(#3796));
#3796 = ORIENTED_EDGE('',*,*,#3797,.F.);
#3797 = EDGE_CURVE('',#3798,#3798,#3800,.T.);
#3798 = VERTEX_POINT('',#3799);
#3799 = CARTESIAN_POINT('',(-347.,6.049755187788E-14,552.));
#3800 = CIRCLE('',#3801,247.);
#3801 = AXIS2_PLACEMENT_3D('',#3802,#3803,#3804);
#3802 = CARTESIAN_POINT('',(-347.,0.,305.));
#3803 = DIRECTION('',(1.,0.,-0.));
#3804 = DIRECTION('',(0.,0.,1.));
#3805 = PLANE('',#3806);
#3806 = AXIS2_PLACEMENT_3D('',#3807,#3808,#3809);
#3807 = CARTESIAN_POINT('',(-347.,0.,305.));
#3808 = DIRECTION('',(1.,0.,0.));
#3809 = DIRECTION('',(0.,0.,1.));
#3810 = ADVANCED_FACE('',(#3811),#3822,.F.);
#3811 = FACE_BOUND('',#3812,.F.);
#3812 = EDGE_LOOP('',(#3813,#3814,#3820,#3821));
#3813 = ORIENTED_EDGE('',*,*,#3777,.F.);
#3814 = ORIENTED_EDGE('',*,*,#3815,.F.);
#3815 = EDGE_CURVE('',#3798,#3778,#3816,.T.);
#3816 = LINE('',#3817,#3818);
#3817 = CARTESIAN_POINT('',(-349.,6.049755187788E-14,552.));
#3818 = VECTOR('',#3819,1.);
#3819 = DIRECTION('',(1.,0.,0.));
#3820 = ORIENTED_EDGE('',*,*,#3797,.T.);
#3821 = ORIENTED_EDGE('',*,*,#3815,.T.);
#3822 = CYLINDRICAL_SURFACE('',#3823,247.);
#3823 = AXIS2_PLACEMENT_3D('',#3824,#3825,#3826);
#3824 = CARTESIAN_POINT('',(-349.,0.,305.));
#3825 = DIRECTION('',(1.,0.,0.));
#3826 = DIRECTION('',(0.,0.,1.));
#3827 = MANIFOLD_SOLID_BREP('',#3828);
#3828 = CLOSED_SHELL('',(#3829,#3862,#3871));
#3829 = ADVANCED_FACE('',(#3830),#3857,.T.);
#3830 = FACE_BOUND('',#3831,.T.);
#3831 = EDGE_LOOP('',(#3832,#3841,#3849,#3856));
#3832 = ORIENTED_EDGE('',*,*,#3833,.F.);
#3833 = EDGE_CURVE('',#3834,#3834,#3836,.T.);
#3834 = VERTEX_POINT('',#3835);
#3835 = CARTESIAN_POINT('',(-338.,216.50635094611,435.));
#3836 = CIRCLE('',#3837,5.);
#3837 = AXIS2_PLACEMENT_3D('',#3838,#3839,#3840);
#3838 = CARTESIAN_POINT('',(-338.,216.50635094611,430.));
#3839 = DIRECTION('',(-1.,0.,1.110223024625E-16));
#3840 = DIRECTION('',(1.110223024625E-16,0.,1.));
#3841 = ORIENTED_EDGE('',*,*,#3842,.F.);
#3842 = EDGE_CURVE('',#3843,#3834,#3845,.T.);
#3843 = VERTEX_POINT('',#3844);
#3844 = CARTESIAN_POINT('',(-290.,216.50635094611,435.));
#3845 = LINE('',#3846,#3847);
#3846 = CARTESIAN_POINT('',(-290.,216.50635094611,435.));
#3847 = VECTOR('',#3848,1.);
#3848 = DIRECTION('',(-1.,0.,1.110223024625E-16));
#3849 = ORIENTED_EDGE('',*,*,#3850,.T.);
#3850 = EDGE_CURVE('',#3843,#3843,#3851,.T.);
#3851 = CIRCLE('',#3852,5.);
#3852 = AXIS2_PLACEMENT_3D('',#3853,#3854,#3855);
#3853 = CARTESIAN_POINT('',(-290.,216.50635094611,430.));
#3854 = DIRECTION('',(-1.,0.,1.110223024625E-16));
#3855 = DIRECTION('',(1.110223024625E-16,0.,1.));
#3856 = ORIENTED_EDGE('',*,*,#3842,.T.);
#3857 = CYLINDRICAL_SURFACE('',#3858,5.);
#3858 = AXIS2_PLACEMENT_3D('',#3859,#3860,#3861);
#3859 = CARTESIAN_POINT('',(-290.,216.50635094611,430.));
#3860 = DIRECTION('',(-1.,0.,1.110223024625E-16));
#3861 = DIRECTION('',(1.110223024625E-16,0.,1.));
#3862 = ADVANCED_FACE('',(#3863),#3866,.T.);
#3863 = FACE_BOUND('',#3864,.T.);
#3864 = EDGE_LOOP('',(#3865));
#3865 = ORIENTED_EDGE('',*,*,#3833,.T.);
#3866 = PLANE('',#3867);
#3867 = AXIS2_PLACEMENT_3D('',#3868,#3869,#3870);
#3868 = CARTESIAN_POINT('',(-338.,216.50635094611,430.));
#3869 = DIRECTION('',(-1.,0.,1.110223024625E-16));
#3870 = DIRECTION('',(1.110223024625E-16,0.,1.));
#3871 = ADVANCED_FACE('',(#3872),#3875,.F.);
#3872 = FACE_BOUND('',#3873,.T.);
#3873 = EDGE_LOOP('',(#3874));
#3874 = ORIENTED_EDGE('',*,*,#3850,.F.);
#3875 = PLANE('',#3876);
#3876 = AXIS2_PLACEMENT_3D('',#3877,#3878,#3879);
#3877 = CARTESIAN_POINT('',(-290.,216.50635094611,430.));
#3878 = DIRECTION('',(-1.,0.,1.110223024625E-16));
#3879 = DIRECTION('',(1.110223024625E-16,0.,1.));
#3880 = MANIFOLD_SOLID_BREP('',#3881);
#3881 = CLOSED_SHELL('',(#3882,#3915,#3924));
#3882 = ADVANCED_FACE('',(#3883),#3910,.T.);
#3883 = FACE_BOUND('',#3884,.T.);
#3884 = EDGE_LOOP('',(#3885,#3894,#3902,#3909));
#3885 = ORIENTED_EDGE('',*,*,#3886,.F.);
#3886 = EDGE_CURVE('',#3887,#3887,#3889,.T.);
#3887 = VERTEX_POINT('',#3888);
#3888 = CARTESIAN_POINT('',(-338.,1.408343819019E-14,560.));
#3889 = CIRCLE('',#3890,5.);
#3890 = AXIS2_PLACEMENT_3D('',#3891,#3892,#3893);
#3891 = CARTESIAN_POINT('',(-338.,1.530808498934E-14,555.));
#3892 = DIRECTION('',(-1.,0.,1.110223024625E-16));
#3893 = DIRECTION('',(1.110223024625E-16,0.,1.));
#3894 = ORIENTED_EDGE('',*,*,#3895,.F.);
#3895 = EDGE_CURVE('',#3896,#3887,#3898,.T.);
#3896 = VERTEX_POINT('',#3897);
#3897 = CARTESIAN_POINT('',(-290.,1.408343819019E-14,560.));
#3898 = LINE('',#3899,#3900);
#3899 = CARTESIAN_POINT('',(-290.,1.408343819019E-14,560.));
#3900 = VECTOR('',#3901,1.);
#3901 = DIRECTION('',(-1.,0.,1.110223024625E-16));
#3902 = ORIENTED_EDGE('',*,*,#3903,.T.);
#3903 = EDGE_CURVE('',#3896,#3896,#3904,.T.);
#3904 = CIRCLE('',#3905,5.);
#3905 = AXIS2_PLACEMENT_3D('',#3906,#3907,#3908);
#3906 = CARTESIAN_POINT('',(-290.,1.530808498934E-14,555.));
#3907 = DIRECTION('',(-1.,0.,1.110223024625E-16));
#3908 = DIRECTION('',(1.110223024625E-16,0.,1.));
#3909 = ORIENTED_EDGE('',*,*,#3895,.T.);
#3910 = CYLINDRICAL_SURFACE('',#3911,5.);
#3911 = AXIS2_PLACEMENT_3D('',#3912,#3913,#3914);
#3912 = CARTESIAN_POINT('',(-290.,1.530808498934E-14,555.));
#3913 = DIRECTION('',(-1.,0.,1.110223024625E-16));
#3914 = DIRECTION('',(1.110223024625E-16,0.,1.));
#3915 = ADVANCED_FACE('',(#3916),#3919,.T.);
#3916 = FACE_BOUND('',#3917,.T.);
#3917 = EDGE_LOOP('',(#3918));
#3918 = ORIENTED_EDGE('',*,*,#3886,.T.);
#3919 = PLANE('',#3920);
#3920 = AXIS2_PLACEMENT_3D('',#3921,#3922,#3923);
#3921 = CARTESIAN_POINT('',(-338.,1.530808498934E-14,555.));
#3922 = DIRECTION('',(-1.,0.,1.110223024625E-16));
#3923 = DIRECTION('',(1.110223024625E-16,0.,1.));
#3924 = ADVANCED_FACE('',(#3925),#3928,.F.);
#3925 = FACE_BOUND('',#3926,.T.);
#3926 = EDGE_LOOP('',(#3927));
#3927 = ORIENTED_EDGE('',*,*,#3903,.F.);
#3928 = PLANE('',#3929);
#3929 = AXIS2_PLACEMENT_3D('',#3930,#3931,#3932);
#3930 = CARTESIAN_POINT('',(-290.,1.530808498934E-14,555.));
#3931 = DIRECTION('',(-1.,0.,1.110223024625E-16));
#3932 = DIRECTION('',(1.110223024625E-16,0.,1.));
#3933 = MANIFOLD_SOLID_BREP('',#3934);
#3934 = CLOSED_SHELL('',(#3935,#3968,#3977));
#3935 = ADVANCED_FACE('',(#3936),#3963,.T.);
#3936 = FACE_BOUND('',#3937,.T.);
#3937 = EDGE_LOOP('',(#3938,#3947,#3955,#3962));
#3938 = ORIENTED_EDGE('',*,*,#3939,.F.);
#3939 = EDGE_CURVE('',#3940,#3940,#3942,.T.);
#3940 = VERTEX_POINT('',#3941);
#3941 = CARTESIAN_POINT('',(-338.,-216.5063509461,435.));
#3942 = CIRCLE('',#3943,5.);
#3943 = AXIS2_PLACEMENT_3D('',#3944,#3945,#3946);
#3944 = CARTESIAN_POINT('',(-338.,-216.5063509461,430.));
#3945 = DIRECTION('',(-1.,0.,1.110223024625E-16));
#3946 = DIRECTION('',(1.110223024625E-16,0.,1.));
#3947 = ORIENTED_EDGE('',*,*,#3948,.F.);
#3948 = EDGE_CURVE('',#3949,#3940,#3951,.T.);
#3949 = VERTEX_POINT('',#3950);
#3950 = CARTESIAN_POINT('',(-290.,-216.5063509461,435.));
#3951 = LINE('',#3952,#3953);
#3952 = CARTESIAN_POINT('',(-290.,-216.5063509461,435.));
#3953 = VECTOR('',#3954,1.);
#3954 = DIRECTION('',(-1.,0.,1.110223024625E-16));
#3955 = ORIENTED_EDGE('',*,*,#3956,.T.);
#3956 = EDGE_CURVE('',#3949,#3949,#3957,.T.);
#3957 = CIRCLE('',#3958,5.);
#3958 = AXIS2_PLACEMENT_3D('',#3959,#3960,#3961);
#3959 = CARTESIAN_POINT('',(-290.,-216.5063509461,430.));
#3960 = DIRECTION('',(-1.,0.,1.110223024625E-16));
#3961 = DIRECTION('',(1.110223024625E-16,0.,1.));
#3962 = ORIENTED_EDGE('',*,*,#3948,.T.);
#3963 = CYLINDRICAL_SURFACE('',#3964,5.);
#3964 = AXIS2_PLACEMENT_3D('',#3965,#3966,#3967);
#3965 = CARTESIAN_POINT('',(-290.,-216.5063509461,430.));
#3966 = DIRECTION('',(-1.,0.,1.110223024625E-16));
#3967 = DIRECTION('',(1.110223024625E-16,0.,1.));
#3968 = ADVANCED_FACE('',(#3969),#3972,.T.);
#3969 = FACE_BOUND('',#3970,.T.);
#3970 = EDGE_LOOP('',(#3971));
#3971 = ORIENTED_EDGE('',*,*,#3939,.T.);
#3972 = PLANE('',#3973);
#3973 = AXIS2_PLACEMENT_3D('',#3974,#3975,#3976);
#3974 = CARTESIAN_POINT('',(-338.,-216.5063509461,430.));
#3975 = DIRECTION('',(-1.,0.,1.110223024625E-16));
#3976 = DIRECTION('',(1.110223024625E-16,0.,1.));
#3977 = ADVANCED_FACE('',(#3978),#3981,.F.);
#3978 = FACE_BOUND('',#3979,.T.);
#3979 = EDGE_LOOP('',(#3980));
#3980 = ORIENTED_EDGE('',*,*,#3956,.F.);
#3981 = PLANE('',#3982);
#3982 = AXIS2_PLACEMENT_3D('',#3983,#3984,#3985);
#3983 = CARTESIAN_POINT('',(-290.,-216.5063509461,430.));
#3984 = DIRECTION('',(-1.,0.,1.110223024625E-16));
#3985 = DIRECTION('',(1.110223024625E-16,0.,1.));
#3986 = MANIFOLD_SOLID_BREP('',#3987);
#3987 = CLOSED_SHELL('',(#3988,#4021,#4030));
#3988 = ADVANCED_FACE('',(#3989),#4016,.T.);
#3989 = FACE_BOUND('',#3990,.T.);
#3990 = EDGE_LOOP('',(#3991,#4000,#4008,#4015));
#3991 = ORIENTED_EDGE('',*,*,#3992,.F.);
#3992 = EDGE_CURVE('',#3993,#3993,#3995,.T.);
#3993 = VERTEX_POINT('',#3994);
#3994 = CARTESIAN_POINT('',(-338.,-216.5063509461,185.));
#3995 = CIRCLE('',#3996,5.);
#3996 = AXIS2_PLACEMENT_3D('',#3997,#3998,#3999);
#3997 = CARTESIAN_POINT('',(-338.,-216.5063509461,180.));
#3998 = DIRECTION('',(-1.,0.,1.110223024625E-16));
#3999 = DIRECTION('',(1.110223024625E-16,0.,1.));
#4000 = ORIENTED_EDGE('',*,*,#4001,.F.);
#4001 = EDGE_CURVE('',#4002,#3993,#4004,.T.);
#4002 = VERTEX_POINT('',#4003);
#4003 = CARTESIAN_POINT('',(-290.,-216.5063509461,185.));
#4004 = LINE('',#4005,#4006);
#4005 = CARTESIAN_POINT('',(-290.,-216.5063509461,185.));
#4006 = VECTOR('',#4007,1.);
#4007 = DIRECTION('',(-1.,0.,1.110223024625E-16));
#4008 = ORIENTED_EDGE('',*,*,#4009,.T.);
#4009 = EDGE_CURVE('',#4002,#4002,#4010,.T.);
#4010 = CIRCLE('',#4011,5.);
#4011 = AXIS2_PLACEMENT_3D('',#4012,#4013,#4014);
#4012 = CARTESIAN_POINT('',(-290.,-216.5063509461,180.));
#4013 = DIRECTION('',(-1.,0.,1.110223024625E-16));
#4014 = DIRECTION('',(1.110223024625E-16,0.,1.));
#4015 = ORIENTED_EDGE('',*,*,#4001,.T.);
#4016 = CYLINDRICAL_SURFACE('',#4017,5.);
#4017 = AXIS2_PLACEMENT_3D('',#4018,#4019,#4020);
#4018 = CARTESIAN_POINT('',(-290.,-216.5063509461,180.));
#4019 = DIRECTION('',(-1.,0.,1.110223024625E-16));
#4020 = DIRECTION('',(1.110223024625E-16,0.,1.));
#4021 = ADVANCED_FACE('',(#4022),#4025,.T.);
#4022 = FACE_BOUND('',#4023,.T.);
#4023 = EDGE_LOOP('',(#4024));
#4024 = ORIENTED_EDGE('',*,*,#3992,.T.);
#4025 = PLANE('',#4026);
#4026 = AXIS2_PLACEMENT_3D('',#4027,#4028,#4029);
#4027 = CARTESIAN_POINT('',(-338.,-216.5063509461,180.));
#4028 = DIRECTION('',(-1.,0.,1.110223024625E-16));
#4029 = DIRECTION('',(1.110223024625E-16,0.,1.));
#4030 = ADVANCED_FACE('',(#4031),#4034,.F.);
#4031 = FACE_BOUND('',#4032,.T.);
#4032 = EDGE_LOOP('',(#4033));
#4033 = ORIENTED_EDGE('',*,*,#4009,.F.);
#4034 = PLANE('',#4035);
#4035 = AXIS2_PLACEMENT_3D('',#4036,#4037,#4038);
#4036 = CARTESIAN_POINT('',(-290.,-216.5063509461,180.));
#4037 = DIRECTION('',(-1.,0.,1.110223024625E-16));
#4038 = DIRECTION('',(1.110223024625E-16,0.,1.));
#4039 = MANIFOLD_SOLID_BREP('',#4040);
#4040 = CLOSED_SHELL('',(#4041,#4074,#4083));
#4041 = ADVANCED_FACE('',(#4042),#4069,.T.);
#4042 = FACE_BOUND('',#4043,.T.);
#4043 = EDGE_LOOP('',(#4044,#4053,#4061,#4068));
#4044 = ORIENTED_EDGE('',*,*,#4045,.F.);
#4045 = EDGE_CURVE('',#4046,#4046,#4048,.T.);
#4046 = VERTEX_POINT('',#4047);
#4047 = CARTESIAN_POINT('',(-338.,-4.714890176717E-14,60.));
#4048 = CIRCLE('',#4049,5.);
#4049 = AXIS2_PLACEMENT_3D('',#4050,#4051,#4052);
#4050 = CARTESIAN_POINT('',(-338.,-4.592425496803E-14,55.));
#4051 = DIRECTION('',(-1.,0.,1.110223024625E-16));
#4052 = DIRECTION('',(1.110223024625E-16,0.,1.));
#4053 = ORIENTED_EDGE('',*,*,#4054,.F.);
#4054 = EDGE_CURVE('',#4055,#4046,#4057,.T.);
#4055 = VERTEX_POINT('',#4056);
#4056 = CARTESIAN_POINT('',(-290.,-4.714890176717E-14,60.));
#4057 = LINE('',#4058,#4059);
#4058 = CARTESIAN_POINT('',(-290.,-4.714890176717E-14,60.));
#4059 = VECTOR('',#4060,1.);
#4060 = DIRECTION('',(-1.,0.,1.110223024625E-16));
#4061 = ORIENTED_EDGE('',*,*,#4062,.T.);
#4062 = EDGE_CURVE('',#4055,#4055,#4063,.T.);
#4063 = CIRCLE('',#4064,5.);
#4064 = AXIS2_PLACEMENT_3D('',#4065,#4066,#4067);
#4065 = CARTESIAN_POINT('',(-290.,-4.592425496803E-14,55.));
#4066 = DIRECTION('',(-1.,0.,1.110223024625E-16));
#4067 = DIRECTION('',(1.110223024625E-16,0.,1.));
#4068 = ORIENTED_EDGE('',*,*,#4054,.T.);
#4069 = CYLINDRICAL_SURFACE('',#4070,5.);
#4070 = AXIS2_PLACEMENT_3D('',#4071,#4072,#4073);
#4071 = CARTESIAN_POINT('',(-290.,-4.592425496803E-14,55.));
#4072 = DIRECTION('',(-1.,0.,1.110223024625E-16));
#4073 = DIRECTION('',(1.110223024625E-16,0.,1.));
#4074 = ADVANCED_FACE('',(#4075),#4078,.T.);
#4075 = FACE_BOUND('',#4076,.T.);
#4076 = EDGE_LOOP('',(#4077));
#4077 = ORIENTED_EDGE('',*,*,#4045,.T.);
#4078 = PLANE('',#4079);
#4079 = AXIS2_PLACEMENT_3D('',#4080,#4081,#4082);
#4080 = CARTESIAN_POINT('',(-338.,-4.592425496803E-14,55.));
#4081 = DIRECTION('',(-1.,0.,1.110223024625E-16));
#4082 = DIRECTION('',(1.110223024625E-16,0.,1.));
#4083 = ADVANCED_FACE('',(#4084),#4087,.F.);
#4084 = FACE_BOUND('',#4085,.T.);
#4085 = EDGE_LOOP('',(#4086));
#4086 = ORIENTED_EDGE('',*,*,#4062,.F.);
#4087 = PLANE('',#4088);
#4088 = AXIS2_PLACEMENT_3D('',#4089,#4090,#4091);
#4089 = CARTESIAN_POINT('',(-290.,-4.592425496803E-14,55.));
#4090 = DIRECTION('',(-1.,0.,1.110223024625E-16));
#4091 = DIRECTION('',(1.110223024625E-16,0.,1.));
#4092 = MANIFOLD_SOLID_BREP('',#4093);
#4093 = CLOSED_SHELL('',(#4094,#4127,#4136));
#4094 = ADVANCED_FACE('',(#4095),#4122,.T.);
#4095 = FACE_BOUND('',#4096,.T.);
#4096 = EDGE_LOOP('',(#4097,#4106,#4114,#4121));
#4097 = ORIENTED_EDGE('',*,*,#4098,.F.);
#4098 = EDGE_CURVE('',#4099,#4099,#4101,.T.);
#4099 = VERTEX_POINT('',#4100);
#4100 = CARTESIAN_POINT('',(-338.,216.50635094611,185.));
#4101 = CIRCLE('',#4102,5.);
#4102 = AXIS2_PLACEMENT_3D('',#4103,#4104,#4105);
#4103 = CARTESIAN_POINT('',(-338.,216.50635094611,180.));
#4104 = DIRECTION('',(-1.,0.,1.110223024625E-16));
#4105 = DIRECTION('',(1.110223024625E-16,0.,1.));
#4106 = ORIENTED_EDGE('',*,*,#4107,.F.);
#4107 = EDGE_CURVE('',#4108,#4099,#4110,.T.);
#4108 = VERTEX_POINT('',#4109);
#4109 = CARTESIAN_POINT('',(-290.,216.50635094611,185.));
#4110 = LINE('',#4111,#4112);
#4111 = CARTESIAN_POINT('',(-290.,216.50635094611,185.));
#4112 = VECTOR('',#4113,1.);
#4113 = DIRECTION('',(-1.,0.,1.110223024625E-16));
#4114 = ORIENTED_EDGE('',*,*,#4115,.T.);
#4115 = EDGE_CURVE('',#4108,#4108,#4116,.T.);
#4116 = CIRCLE('',#4117,5.);
#4117 = AXIS2_PLACEMENT_3D('',#4118,#4119,#4120);
#4118 = CARTESIAN_POINT('',(-290.,216.50635094611,180.));
#4119 = DIRECTION('',(-1.,0.,1.110223024625E-16));
#4120 = DIRECTION('',(1.110223024625E-16,0.,1.));
#4121 = ORIENTED_EDGE('',*,*,#4107,.T.);
#4122 = CYLINDRICAL_SURFACE('',#4123,5.);
#4123 = AXIS2_PLACEMENT_3D('',#4124,#4125,#4126);
#4124 = CARTESIAN_POINT('',(-290.,216.50635094611,180.));
#4125 = DIRECTION('',(-1.,0.,1.110223024625E-16));
#4126 = DIRECTION('',(1.110223024625E-16,0.,1.));
#4127 = ADVANCED_FACE('',(#4128),#4131,.T.);
#4128 = FACE_BOUND('',#4129,.T.);
#4129 = EDGE_LOOP('',(#4130));
#4130 = ORIENTED_EDGE('',*,*,#4098,.T.);
#4131 = PLANE('',#4132);
#4132 = AXIS2_PLACEMENT_3D('',#4133,#4134,#4135);
#4133 = CARTESIAN_POINT('',(-338.,216.50635094611,180.));
#4134 = DIRECTION('',(-1.,0.,1.110223024625E-16));
#4135 = DIRECTION('',(1.110223024625E-16,0.,1.));
#4136 = ADVANCED_FACE('',(#4137),#4140,.F.);
#4137 = FACE_BOUND('',#4138,.T.);
#4138 = EDGE_LOOP('',(#4139));
#4139 = ORIENTED_EDGE('',*,*,#4115,.F.);
#4140 = PLANE('',#4141);
#4141 = AXIS2_PLACEMENT_3D('',#4142,#4143,#4144);
#4142 = CARTESIAN_POINT('',(-290.,216.50635094611,180.));
#4143 = DIRECTION('',(-1.,0.,1.110223024625E-16));
#4144 = DIRECTION('',(1.110223024625E-16,0.,1.));
#4145 = MANIFOLD_SOLID_BREP('',#4146);
#4146 = CLOSED_SHELL('',(#4147,#4180,#4522,#4864,#4881,#4898,#4915,#4932
    ,#4949,#4966,#4983,#5000,#5017,#5034,#5051,#5068,#5090,#5107,#5119,
    #5141,#5158,#5170,#5187,#5204,#5221,#5238,#5255,#5272,#5289,#5306,
    #5323,#5340,#5357,#5374));
#4147 = ADVANCED_FACE('',(#4148),#4175,.T.);
#4148 = FACE_BOUND('',#4149,.T.);
#4149 = EDGE_LOOP('',(#4150,#4159,#4167,#4174));
#4150 = ORIENTED_EDGE('',*,*,#4151,.F.);
#4151 = EDGE_CURVE('',#4152,#4152,#4154,.T.);
#4152 = VERTEX_POINT('',#4153);
#4153 = CARTESIAN_POINT('',(-257.5,-8.327598234202E-15,271.));
#4154 = CIRCLE('',#4155,34.);
#4155 = AXIS2_PLACEMENT_3D('',#4156,#4157,#4158);
#4156 = CARTESIAN_POINT('',(-257.5,0.,305.));
#4157 = DIRECTION('',(1.,-0.,1.110223024625E-16));
#4158 = DIRECTION('',(1.110223024625E-16,0.,-1.));
#4159 = ORIENTED_EDGE('',*,*,#4160,.F.);
#4160 = EDGE_CURVE('',#4161,#4152,#4163,.T.);
#4161 = VERTEX_POINT('',#4162);
#4162 = CARTESIAN_POINT('',(-262.,-8.327598234202E-15,271.));
#4163 = LINE('',#4164,#4165);
#4164 = CARTESIAN_POINT('',(-262.,-8.327598234202E-15,271.));
#4165 = VECTOR('',#4166,1.);
#4166 = DIRECTION('',(1.,0.,1.110223024625E-16));
#4167 = ORIENTED_EDGE('',*,*,#4168,.T.);
#4168 = EDGE_CURVE('',#4161,#4161,#4169,.T.);
#4169 = CIRCLE('',#4170,34.);
#4170 = AXIS2_PLACEMENT_3D('',#4171,#4172,#4173);
#4171 = CARTESIAN_POINT('',(-262.,0.,305.));
#4172 = DIRECTION('',(1.,-0.,1.110223024625E-16));
#4173 = DIRECTION('',(1.110223024625E-16,0.,-1.));
#4174 = ORIENTED_EDGE('',*,*,#4160,.T.);
#4175 = CYLINDRICAL_SURFACE('',#4176,34.);
#4176 = AXIS2_PLACEMENT_3D('',#4177,#4178,#4179);
#4177 = CARTESIAN_POINT('',(-262.,0.,305.));
#4178 = DIRECTION('',(1.,0.,1.110223024625E-16));
#4179 = DIRECTION('',(1.110223024625E-16,0.,-1.));
#4180 = ADVANCED_FACE('',(#4181,#4184,#4195,#4206,#4217,#4228,#4239,
    #4250,#4261,#4272,#4283,#4294,#4305,#4316,#4345,#4374,#4385,#4396,
    #4407,#4418,#4429,#4440,#4451,#4462,#4473,#4484,#4495,#4506),#4517,
  .T.);
#4181 = FACE_BOUND('',#4182,.T.);
#4182 = EDGE_LOOP('',(#4183));
#4183 = ORIENTED_EDGE('',*,*,#4151,.T.);
#4184 = FACE_BOUND('',#4185,.T.);
#4185 = EDGE_LOOP('',(#4186));
#4186 = ORIENTED_EDGE('',*,*,#4187,.F.);
#4187 = EDGE_CURVE('',#4188,#4188,#4190,.T.);
#4188 = VERTEX_POINT('',#4189);
#4189 = CARTESIAN_POINT('',(-257.5,-21.21320343559,323.61320343559));
#4190 = CIRCLE('',#4191,2.6);
#4191 = AXIS2_PLACEMENT_3D('',#4192,#4193,#4194);
#4192 = CARTESIAN_POINT('',(-257.5,-21.21320343559,326.21320343559));
#4193 = DIRECTION('',(1.,-0.,1.110223024625E-16));
#4194 = DIRECTION('',(1.110223024625E-16,0.,-1.));
#4195 = FACE_BOUND('',#4196,.T.);
#4196 = EDGE_LOOP('',(#4197));
#4197 = ORIENTED_EDGE('',*,*,#4198,.F.);
#4198 = EDGE_CURVE('',#4199,#4199,#4201,.T.);
#4199 = VERTEX_POINT('',#4200);
#4200 = CARTESIAN_POINT('',(-257.5,-27.71638597533,313.88050297095));
#4201 = CIRCLE('',#4202,2.6);
#4202 = AXIS2_PLACEMENT_3D('',#4203,#4204,#4205);
#4203 = CARTESIAN_POINT('',(-257.5,-27.71638597533,316.48050297095));
#4204 = DIRECTION('',(1.,-0.,1.110223024625E-16));
#4205 = DIRECTION('',(1.110223024625E-16,0.,-1.));
#4206 = FACE_BOUND('',#4207,.T.);
#4207 = EDGE_LOOP('',(#4208));
#4208 = ORIENTED_EDGE('',*,*,#4209,.F.);
#4209 = EDGE_CURVE('',#4210,#4210,#4212,.T.);
#4210 = VERTEX_POINT('',#4211);
#4211 = CARTESIAN_POINT('',(-257.5,-30.,302.4));
#4212 = CIRCLE('',#4213,2.6);
#4213 = AXIS2_PLACEMENT_3D('',#4214,#4215,#4216);
#4214 = CARTESIAN_POINT('',(-257.5,-30.,305.));
#4215 = DIRECTION('',(1.,-0.,1.110223024625E-16));
#4216 = DIRECTION('',(1.110223024625E-16,0.,-1.));
#4217 = FACE_BOUND('',#4218,.T.);
#4218 = EDGE_LOOP('',(#4219));
#4219 = ORIENTED_EDGE('',*,*,#4220,.F.);
#4220 = EDGE_CURVE('',#4221,#4221,#4223,.T.);
#4221 = VERTEX_POINT('',#4222);
#4222 = CARTESIAN_POINT('',(-257.5,-21.21762239271,313.75));
#4223 = CIRCLE('',#4224,3.5);
#4224 = AXIS2_PLACEMENT_3D('',#4225,#4226,#4227);
#4225 = CARTESIAN_POINT('',(-257.5,-21.21762239271,317.25));
#4226 = DIRECTION('',(1.,-0.,1.110223024625E-16));
#4227 = DIRECTION('',(1.110223024625E-16,0.,-1.));
#4228 = FACE_BOUND('',#4229,.T.);
#4229 = EDGE_LOOP('',(#4230));
#4230 = ORIENTED_EDGE('',*,*,#4231,.F.);
#4231 = EDGE_CURVE('',#4232,#4232,#4234,.T.);
#4232 = VERTEX_POINT('',#4233);
#4233 = CARTESIAN_POINT('',(-257.5,-20.,302.4));
#4234 = CIRCLE('',#4235,2.6);
#4235 = AXIS2_PLACEMENT_3D('',#4236,#4237,#4238);
#4236 = CARTESIAN_POINT('',(-257.5,-20.,305.));
#4237 = DIRECTION('',(1.,-0.,1.110223024625E-16));
#4238 = DIRECTION('',(1.110223024625E-16,0.,-1.));
#4239 = FACE_BOUND('',#4240,.T.);
#4240 = EDGE_LOOP('',(#4241));
#4241 = ORIENTED_EDGE('',*,*,#4242,.F.);
#4242 = EDGE_CURVE('',#4243,#4243,#4245,.T.);
#4243 = VERTEX_POINT('',#4244);
#4244 = CARTESIAN_POINT('',(-257.5,-11.48050297095,330.11638597533));
#4245 = CIRCLE('',#4246,2.6);
#4246 = AXIS2_PLACEMENT_3D('',#4247,#4248,#4249);
#4247 = CARTESIAN_POINT('',(-257.5,-11.48050297095,332.71638597533));
#4248 = DIRECTION('',(1.,-0.,1.110223024625E-16));
#4249 = DIRECTION('',(1.110223024625E-16,0.,-1.));
#4250 = FACE_BOUND('',#4251,.T.);
#4251 = EDGE_LOOP('',(#4252));
#4252 = ORIENTED_EDGE('',*,*,#4253,.F.);
#4253 = EDGE_CURVE('',#4254,#4254,#4256,.T.);
#4254 = VERTEX_POINT('',#4255);
#4255 = CARTESIAN_POINT('',(-257.5,-10.,319.72050807568));
#4256 = CIRCLE('',#4257,2.6);
#4257 = AXIS2_PLACEMENT_3D('',#4258,#4259,#4260);
#4258 = CARTESIAN_POINT('',(-257.5,-10.,322.32050807568));
#4259 = DIRECTION('',(1.,-0.,1.110223024625E-16));
#4260 = DIRECTION('',(1.110223024625E-16,0.,-1.));
#4261 = FACE_BOUND('',#4262,.T.);
#4262 = EDGE_LOOP('',(#4263));
#4263 = ORIENTED_EDGE('',*,*,#4264,.F.);
#4264 = EDGE_CURVE('',#4265,#4265,#4267,.T.);
#4265 = VERTEX_POINT('',#4266);
#4266 = CARTESIAN_POINT('',(-257.5,-27.71638597533,290.91949702904));
#4267 = CIRCLE('',#4268,2.6);
#4268 = AXIS2_PLACEMENT_3D('',#4269,#4270,#4271);
#4269 = CARTESIAN_POINT('',(-257.5,-27.71638597533,293.51949702904));
#4270 = DIRECTION('',(1.,-0.,1.110223024625E-16));
#4271 = DIRECTION('',(1.110223024625E-16,0.,-1.));
#4272 = FACE_BOUND('',#4273,.T.);
#4273 = EDGE_LOOP('',(#4274));
#4274 = ORIENTED_EDGE('',*,*,#4275,.F.);
#4275 = EDGE_CURVE('',#4276,#4276,#4278,.T.);
#4276 = VERTEX_POINT('',#4277);
#4277 = CARTESIAN_POINT('',(-257.5,-21.21762239271,289.25));
#4278 = CIRCLE('',#4279,3.5);
#4279 = AXIS2_PLACEMENT_3D('',#4280,#4281,#4282);
#4280 = CARTESIAN_POINT('',(-257.5,-21.21762239271,292.75));
#4281 = DIRECTION('',(1.,-0.,1.110223024625E-16));
#4282 = DIRECTION('',(1.110223024625E-16,0.,-1.));
#4283 = FACE_BOUND('',#4284,.T.);
#4284 = EDGE_LOOP('',(#4285));
#4285 = ORIENTED_EDGE('',*,*,#4286,.F.);
#4286 = EDGE_CURVE('',#4287,#4287,#4289,.T.);
#4287 = VERTEX_POINT('',#4288);
#4288 = CARTESIAN_POINT('',(-257.5,-21.21320343559,281.1867965644));
#4289 = CIRCLE('',#4290,2.6);
#4290 = AXIS2_PLACEMENT_3D('',#4291,#4292,#4293);
#4291 = CARTESIAN_POINT('',(-257.5,-21.21320343559,283.7867965644));
#4292 = DIRECTION('',(1.,-0.,1.110223024625E-16));
#4293 = DIRECTION('',(1.110223024625E-16,0.,-1.));
#4294 = FACE_BOUND('',#4295,.T.);
#4295 = EDGE_LOOP('',(#4296));
#4296 = ORIENTED_EDGE('',*,*,#4297,.F.);
#4297 = EDGE_CURVE('',#4298,#4298,#4300,.T.);
#4298 = VERTEX_POINT('',#4299);
#4299 = CARTESIAN_POINT('',(-257.5,-10.,285.07949192431));
#4300 = CIRCLE('',#4301,2.6);
#4301 = AXIS2_PLACEMENT_3D('',#4302,#4303,#4304);
#4302 = CARTESIAN_POINT('',(-257.5,-10.,287.67949192431));
#4303 = DIRECTION('',(1.,-0.,1.110223024625E-16));
#4304 = DIRECTION('',(1.110223024625E-16,0.,-1.));
#4305 = FACE_BOUND('',#4306,.T.);
#4306 = EDGE_LOOP('',(#4307));
#4307 = ORIENTED_EDGE('',*,*,#4308,.F.);
#4308 = EDGE_CURVE('',#4309,#4309,#4311,.T.);
#4309 = VERTEX_POINT('',#4310);
#4310 = CARTESIAN_POINT('',(-257.5,-11.48050297095,274.68361402466));
#4311 = CIRCLE('',#4312,2.6);
#4312 = AXIS2_PLACEMENT_3D('',#4313,#4314,#4315);
#4313 = CARTESIAN_POINT('',(-257.5,-11.48050297095,277.28361402466));
#4314 = DIRECTION('',(1.,-0.,1.110223024625E-16));
#4315 = DIRECTION('',(1.110223024625E-16,0.,-1.));
#4316 = FACE_BOUND('',#4317,.T.);
#4317 = EDGE_LOOP('',(#4318,#4329,#4338));
#4318 = ORIENTED_EDGE('',*,*,#4319,.F.);
#4319 = EDGE_CURVE('',#4320,#4322,#4324,.T.);
#4320 = VERTEX_POINT('',#4321);
#4321 = CARTESIAN_POINT('',(-257.5,-6.368163355566E-16,272.4));
#4322 = VERTEX_POINT('',#4323);
#4323 = CARTESIAN_POINT('',(-257.5,1.301310210696,277.2509090909));
#4324 = CIRCLE('',#4325,2.6);
#4325 = AXIS2_PLACEMENT_3D('',#4326,#4327,#4328);
#4326 = CARTESIAN_POINT('',(-257.5,0.,275.));
#4327 = DIRECTION('',(1.,-0.,1.110223024625E-16));
#4328 = DIRECTION('',(1.110223024625E-16,0.,-1.));
#4329 = ORIENTED_EDGE('',*,*,#4330,.F.);
#4330 = EDGE_CURVE('',#4331,#4320,#4333,.T.);
#4331 = VERTEX_POINT('',#4332);
#4332 = CARTESIAN_POINT('',(-257.5,-1.301310210696,277.2509090909));
#4333 = CIRCLE('',#4334,2.6);
#4334 = AXIS2_PLACEMENT_3D('',#4335,#4336,#4337);
#4335 = CARTESIAN_POINT('',(-257.5,0.,275.));
#4336 = DIRECTION('',(1.,-0.,1.110223024625E-16));
#4337 = DIRECTION('',(1.110223024625E-16,0.,-1.));
#4338 = ORIENTED_EDGE('',*,*,#4339,.F.);
#4339 = EDGE_CURVE('',#4322,#4331,#4340,.T.);
#4340 = CIRCLE('',#4341,3.5);
#4341 = AXIS2_PLACEMENT_3D('',#4342,#4343,#4344);
#4342 = CARTESIAN_POINT('',(-257.5,-6.000769315822E-15,280.5));
#4343 = DIRECTION('',(1.,-0.,1.110223024625E-16));
#4344 = DIRECTION('',(1.110223024625E-16,0.,-1.));
#4345 = FACE_BOUND('',#4346,.T.);
#4346 = EDGE_LOOP('',(#4347,#4358,#4367));
#4347 = ORIENTED_EDGE('',*,*,#4348,.F.);
#4348 = EDGE_CURVE('',#4349,#4351,#4353,.T.);
#4349 = VERTEX_POINT('',#4350);
#4350 = CARTESIAN_POINT('',(-257.5,1.301310210696,332.74909090909));
#4351 = VERTEX_POINT('',#4352);
#4352 = CARTESIAN_POINT('',(-257.5,-1.301310210696,332.74909090909));
#4353 = CIRCLE('',#4354,2.6);
#4354 = AXIS2_PLACEMENT_3D('',#4355,#4356,#4357);
#4355 = CARTESIAN_POINT('',(-257.5,3.673940397442E-15,335.));
#4356 = DIRECTION('',(1.,-0.,1.110223024625E-16));
#4357 = DIRECTION('',(1.110223024625E-16,0.,-1.));
#4358 = ORIENTED_EDGE('',*,*,#4359,.F.);
#4359 = EDGE_CURVE('',#4360,#4349,#4362,.T.);
#4360 = VERTEX_POINT('',#4361);
#4361 = CARTESIAN_POINT('',(-257.5,2.143131898508E-15,326.));
#4362 = CIRCLE('',#4363,3.5);
#4363 = AXIS2_PLACEMENT_3D('',#4364,#4365,#4366);
#4364 = CARTESIAN_POINT('',(-257.5,3.000384657911E-15,329.5));
#4365 = DIRECTION('',(1.,-0.,1.110223024625E-16));
#4366 = DIRECTION('',(1.110223024625E-16,0.,-1.));
#4367 = ORIENTED_EDGE('',*,*,#4368,.F.);
#4368 = EDGE_CURVE('',#4351,#4360,#4369,.T.);
#4369 = CIRCLE('',#4370,3.5);
#4370 = AXIS2_PLACEMENT_3D('',#4371,#4372,#4373);
#4371 = CARTESIAN_POINT('',(-257.5,3.000384657911E-15,329.5));
#4372 = DIRECTION('',(1.,-0.,1.110223024625E-16));
#4373 = DIRECTION('',(1.110223024625E-16,0.,-1.));
#4374 = FACE_BOUND('',#4375,.T.);
#4375 = EDGE_LOOP('',(#4376));
#4376 = ORIENTED_EDGE('',*,*,#4377,.F.);
#4377 = EDGE_CURVE('',#4378,#4378,#4380,.T.);
#4378 = VERTEX_POINT('',#4379);
#4379 = CARTESIAN_POINT('',(-257.5,11.480502970953,330.11638597533));
#4380 = CIRCLE('',#4381,2.6);
#4381 = AXIS2_PLACEMENT_3D('',#4382,#4383,#4384);
#4382 = CARTESIAN_POINT('',(-257.5,11.480502970953,332.71638597533));
#4383 = DIRECTION('',(1.,-0.,1.110223024625E-16));
#4384 = DIRECTION('',(1.110223024625E-16,0.,-1.));
#4385 = FACE_BOUND('',#4386,.T.);
#4386 = EDGE_LOOP('',(#4387));
#4387 = ORIENTED_EDGE('',*,*,#4388,.F.);
#4388 = EDGE_CURVE('',#4389,#4389,#4391,.T.);
#4389 = VERTEX_POINT('',#4390);
#4390 = CARTESIAN_POINT('',(-257.5,10.,319.72050807568));
#4391 = CIRCLE('',#4392,2.6);
#4392 = AXIS2_PLACEMENT_3D('',#4393,#4394,#4395);
#4393 = CARTESIAN_POINT('',(-257.5,10.,322.32050807568));
#4394 = DIRECTION('',(1.,-0.,1.110223024625E-16));
#4395 = DIRECTION('',(1.110223024625E-16,0.,-1.));
#4396 = FACE_BOUND('',#4397,.T.);
#4397 = EDGE_LOOP('',(#4398));
#4398 = ORIENTED_EDGE('',*,*,#4399,.F.);
#4399 = EDGE_CURVE('',#4400,#4400,#4402,.T.);
#4400 = VERTEX_POINT('',#4401);
#4401 = CARTESIAN_POINT('',(-257.5,21.213203435596,323.61320343559));
#4402 = CIRCLE('',#4403,2.6);
#4403 = AXIS2_PLACEMENT_3D('',#4404,#4405,#4406);
#4404 = CARTESIAN_POINT('',(-257.5,21.213203435596,326.21320343559));
#4405 = DIRECTION('',(1.,-0.,1.110223024625E-16));
#4406 = DIRECTION('',(1.110223024625E-16,0.,-1.));
#4407 = FACE_BOUND('',#4408,.T.);
#4408 = EDGE_LOOP('',(#4409));
#4409 = ORIENTED_EDGE('',*,*,#4410,.F.);
#4410 = EDGE_CURVE('',#4411,#4411,#4413,.T.);
#4411 = VERTEX_POINT('',#4412);
#4412 = CARTESIAN_POINT('',(-257.5,21.217622392719,313.75));
#4413 = CIRCLE('',#4414,3.5);
#4414 = AXIS2_PLACEMENT_3D('',#4415,#4416,#4417);
#4415 = CARTESIAN_POINT('',(-257.5,21.217622392719,317.25));
#4416 = DIRECTION('',(1.,-0.,1.110223024625E-16));
#4417 = DIRECTION('',(1.110223024625E-16,0.,-1.));
#4418 = FACE_BOUND('',#4419,.T.);
#4419 = EDGE_LOOP('',(#4420));
#4420 = ORIENTED_EDGE('',*,*,#4421,.F.);
#4421 = EDGE_CURVE('',#4422,#4422,#4424,.T.);
#4422 = VERTEX_POINT('',#4423);
#4423 = CARTESIAN_POINT('',(-257.5,27.716385975339,313.88050297095));
#4424 = CIRCLE('',#4425,2.6);
#4425 = AXIS2_PLACEMENT_3D('',#4426,#4427,#4428);
#4426 = CARTESIAN_POINT('',(-257.5,27.716385975339,316.48050297095));
#4427 = DIRECTION('',(1.,-0.,1.110223024625E-16));
#4428 = DIRECTION('',(1.110223024625E-16,0.,-1.));
#4429 = FACE_BOUND('',#4430,.T.);
#4430 = EDGE_LOOP('',(#4431));
#4431 = ORIENTED_EDGE('',*,*,#4432,.F.);
#4432 = EDGE_CURVE('',#4433,#4433,#4435,.T.);
#4433 = VERTEX_POINT('',#4434);
#4434 = CARTESIAN_POINT('',(-257.5,-1.959434878636E-15,297.));
#4435 = CIRCLE('',#4436,8.);
#4436 = AXIS2_PLACEMENT_3D('',#4437,#4438,#4439);
#4437 = CARTESIAN_POINT('',(-257.5,0.,305.));
#4438 = DIRECTION('',(1.,-0.,1.110223024625E-16));
#4439 = DIRECTION('',(1.110223024625E-16,0.,-1.));
#4440 = FACE_BOUND('',#4441,.T.);
#4441 = EDGE_LOOP('',(#4442));
#4442 = ORIENTED_EDGE('',*,*,#4443,.F.);
#4443 = EDGE_CURVE('',#4444,#4444,#4446,.T.);
#4444 = VERTEX_POINT('',#4445);
#4445 = CARTESIAN_POINT('',(-257.5,10.,285.07949192431));
#4446 = CIRCLE('',#4447,2.6);
#4447 = AXIS2_PLACEMENT_3D('',#4448,#4449,#4450);
#4448 = CARTESIAN_POINT('',(-257.5,10.,287.67949192431));
#4449 = DIRECTION('',(1.,-0.,1.110223024625E-16));
#4450 = DIRECTION('',(1.110223024625E-16,0.,-1.));
#4451 = FACE_BOUND('',#4452,.T.);
#4452 = EDGE_LOOP('',(#4453));
#4453 = ORIENTED_EDGE('',*,*,#4454,.F.);
#4454 = EDGE_CURVE('',#4455,#4455,#4457,.T.);
#4455 = VERTEX_POINT('',#4456);
#4456 = CARTESIAN_POINT('',(-257.5,11.480502970953,274.68361402466));
#4457 = CIRCLE('',#4458,2.6);
#4458 = AXIS2_PLACEMENT_3D('',#4459,#4460,#4461);
#4459 = CARTESIAN_POINT('',(-257.5,11.480502970953,277.28361402466));
#4460 = DIRECTION('',(1.,-0.,1.110223024625E-16));
#4461 = DIRECTION('',(1.110223024625E-16,0.,-1.));
#4462 = FACE_BOUND('',#4463,.T.);
#4463 = EDGE_LOOP('',(#4464));
#4464 = ORIENTED_EDGE('',*,*,#4465,.F.);
#4465 = EDGE_CURVE('',#4466,#4466,#4468,.T.);
#4466 = VERTEX_POINT('',#4467);
#4467 = CARTESIAN_POINT('',(-257.5,20.,302.4));
#4468 = CIRCLE('',#4469,2.6);
#4469 = AXIS2_PLACEMENT_3D('',#4470,#4471,#4472);
#4470 = CARTESIAN_POINT('',(-257.5,20.,305.));
#4471 = DIRECTION('',(1.,-0.,1.110223024625E-16));
#4472 = DIRECTION('',(1.110223024625E-16,0.,-1.));
#4473 = FACE_BOUND('',#4474,.T.);
#4474 = EDGE_LOOP('',(#4475));
#4475 = ORIENTED_EDGE('',*,*,#4476,.F.);
#4476 = EDGE_CURVE('',#4477,#4477,#4479,.T.);
#4477 = VERTEX_POINT('',#4478);
#4478 = CARTESIAN_POINT('',(-257.5,21.217622392719,289.25));
#4479 = CIRCLE('',#4480,3.5);
#4480 = AXIS2_PLACEMENT_3D('',#4481,#4482,#4483);
#4481 = CARTESIAN_POINT('',(-257.5,21.217622392719,292.75));
#4482 = DIRECTION('',(1.,-0.,1.110223024625E-16));
#4483 = DIRECTION('',(1.110223024625E-16,0.,-1.));
#4484 = FACE_BOUND('',#4485,.T.);
#4485 = EDGE_LOOP('',(#4486));
#4486 = ORIENTED_EDGE('',*,*,#4487,.F.);
#4487 = EDGE_CURVE('',#4488,#4488,#4490,.T.);
#4488 = VERTEX_POINT('',#4489);
#4489 = CARTESIAN_POINT('',(-257.5,30.,302.4));
#4490 = CIRCLE('',#4491,2.6);
#4491 = AXIS2_PLACEMENT_3D('',#4492,#4493,#4494);
#4492 = CARTESIAN_POINT('',(-257.5,30.,305.));
#4493 = DIRECTION('',(1.,-0.,1.110223024625E-16));
#4494 = DIRECTION('',(1.110223024625E-16,0.,-1.));
#4495 = FACE_BOUND('',#4496,.T.);
#4496 = EDGE_LOOP('',(#4497));
#4497 = ORIENTED_EDGE('',*,*,#4498,.F.);
#4498 = EDGE_CURVE('',#4499,#4499,#4501,.T.);
#4499 = VERTEX_POINT('',#4500);
#4500 = CARTESIAN_POINT('',(-257.5,27.716385975339,290.91949702904));
#4501 = CIRCLE('',#4502,2.6);
#4502 = AXIS2_PLACEMENT_3D('',#4503,#4504,#4505);
#4503 = CARTESIAN_POINT('',(-257.5,27.716385975339,293.51949702904));
#4504 = DIRECTION('',(1.,-0.,1.110223024625E-16));
#4505 = DIRECTION('',(1.110223024625E-16,0.,-1.));
#4506 = FACE_BOUND('',#4507,.T.);
#4507 = EDGE_LOOP('',(#4508));
#4508 = ORIENTED_EDGE('',*,*,#4509,.F.);
#4509 = EDGE_CURVE('',#4510,#4510,#4512,.T.);
#4510 = VERTEX_POINT('',#4511);
#4511 = CARTESIAN_POINT('',(-257.5,21.213203435596,281.1867965644));
#4512 = CIRCLE('',#4513,2.6);
#4513 = AXIS2_PLACEMENT_3D('',#4514,#4515,#4516);
#4514 = CARTESIAN_POINT('',(-257.5,21.213203435596,283.7867965644));
#4515 = DIRECTION('',(1.,-0.,1.110223024625E-16));
#4516 = DIRECTION('',(1.110223024625E-16,0.,-1.));
#4517 = PLANE('',#4518);
#4518 = AXIS2_PLACEMENT_3D('',#4519,#4520,#4521);
#4519 = CARTESIAN_POINT('',(-257.5,0.,305.));
#4520 = DIRECTION('',(1.,0.,1.110223024625E-16));
#4521 = DIRECTION('',(1.110223024625E-16,0.,-1.));
#4522 = ADVANCED_FACE('',(#4523,#4526,#4537,#4548,#4559,#4570,#4581,
    #4592,#4603,#4614,#4625,#4636,#4647,#4658,#4687,#4716,#4727,#4738,
    #4749,#4760,#4771,#4782,#4793,#4804,#4815,#4826,#4837,#4848),#4859,
  .F.);
#4523 = FACE_BOUND('',#4524,.F.);
#4524 = EDGE_LOOP('',(#4525));
#4525 = ORIENTED_EDGE('',*,*,#4168,.T.);
#4526 = FACE_BOUND('',#4527,.F.);
#4527 = EDGE_LOOP('',(#4528));
#4528 = ORIENTED_EDGE('',*,*,#4529,.F.);
#4529 = EDGE_CURVE('',#4530,#4530,#4532,.T.);
#4530 = VERTEX_POINT('',#4531);
#4531 = CARTESIAN_POINT('',(-262.,-21.21320343559,323.61320343559));
#4532 = CIRCLE('',#4533,2.6);
#4533 = AXIS2_PLACEMENT_3D('',#4534,#4535,#4536);
#4534 = CARTESIAN_POINT('',(-262.,-21.21320343559,326.21320343559));
#4535 = DIRECTION('',(1.,-0.,1.110223024625E-16));
#4536 = DIRECTION('',(1.110223024625E-16,0.,-1.));
#4537 = FACE_BOUND('',#4538,.F.);
#4538 = EDGE_LOOP('',(#4539));
#4539 = ORIENTED_EDGE('',*,*,#4540,.F.);
#4540 = EDGE_CURVE('',#4541,#4541,#4543,.T.);
#4541 = VERTEX_POINT('',#4542);
#4542 = CARTESIAN_POINT('',(-262.,-27.71638597533,313.88050297095));
#4543 = CIRCLE('',#4544,2.6);
#4544 = AXIS2_PLACEMENT_3D('',#4545,#4546,#4547);
#4545 = CARTESIAN_POINT('',(-262.,-27.71638597533,316.48050297095));
#4546 = DIRECTION('',(1.,-0.,1.110223024625E-16));
#4547 = DIRECTION('',(1.110223024625E-16,0.,-1.));
#4548 = FACE_BOUND('',#4549,.F.);
#4549 = EDGE_LOOP('',(#4550));
#4550 = ORIENTED_EDGE('',*,*,#4551,.F.);
#4551 = EDGE_CURVE('',#4552,#4552,#4554,.T.);
#4552 = VERTEX_POINT('',#4553);
#4553 = CARTESIAN_POINT('',(-262.,-30.,302.4));
#4554 = CIRCLE('',#4555,2.6);
#4555 = AXIS2_PLACEMENT_3D('',#4556,#4557,#4558);
#4556 = CARTESIAN_POINT('',(-262.,-30.,305.));
#4557 = DIRECTION('',(1.,-0.,1.110223024625E-16));
#4558 = DIRECTION('',(1.110223024625E-16,0.,-1.));
#4559 = FACE_BOUND('',#4560,.F.);
#4560 = EDGE_LOOP('',(#4561));
#4561 = ORIENTED_EDGE('',*,*,#4562,.F.);
#4562 = EDGE_CURVE('',#4563,#4563,#4565,.T.);
#4563 = VERTEX_POINT('',#4564);
#4564 = CARTESIAN_POINT('',(-262.,-21.21762239271,313.75));
#4565 = CIRCLE('',#4566,3.5);
#4566 = AXIS2_PLACEMENT_3D('',#4567,#4568,#4569);
#4567 = CARTESIAN_POINT('',(-262.,-21.21762239271,317.25));
#4568 = DIRECTION('',(1.,-0.,1.110223024625E-16));
#4569 = DIRECTION('',(1.110223024625E-16,0.,-1.));
#4570 = FACE_BOUND('',#4571,.F.);
#4571 = EDGE_LOOP('',(#4572));
#4572 = ORIENTED_EDGE('',*,*,#4573,.F.);
#4573 = EDGE_CURVE('',#4574,#4574,#4576,.T.);
#4574 = VERTEX_POINT('',#4575);
#4575 = CARTESIAN_POINT('',(-262.,-20.,302.4));
#4576 = CIRCLE('',#4577,2.6);
#4577 = AXIS2_PLACEMENT_3D('',#4578,#4579,#4580);
#4578 = CARTESIAN_POINT('',(-262.,-20.,305.));
#4579 = DIRECTION('',(1.,-0.,1.110223024625E-16));
#4580 = DIRECTION('',(1.110223024625E-16,0.,-1.));
#4581 = FACE_BOUND('',#4582,.F.);
#4582 = EDGE_LOOP('',(#4583));
#4583 = ORIENTED_EDGE('',*,*,#4584,.F.);
#4584 = EDGE_CURVE('',#4585,#4585,#4587,.T.);
#4585 = VERTEX_POINT('',#4586);
#4586 = CARTESIAN_POINT('',(-262.,-11.48050297095,330.11638597533));
#4587 = CIRCLE('',#4588,2.6);
#4588 = AXIS2_PLACEMENT_3D('',#4589,#4590,#4591);
#4589 = CARTESIAN_POINT('',(-262.,-11.48050297095,332.71638597533));
#4590 = DIRECTION('',(1.,-0.,1.110223024625E-16));
#4591 = DIRECTION('',(1.110223024625E-16,0.,-1.));
#4592 = FACE_BOUND('',#4593,.F.);
#4593 = EDGE_LOOP('',(#4594));
#4594 = ORIENTED_EDGE('',*,*,#4595,.F.);
#4595 = EDGE_CURVE('',#4596,#4596,#4598,.T.);
#4596 = VERTEX_POINT('',#4597);
#4597 = CARTESIAN_POINT('',(-262.,-10.,319.72050807568));
#4598 = CIRCLE('',#4599,2.6);
#4599 = AXIS2_PLACEMENT_3D('',#4600,#4601,#4602);
#4600 = CARTESIAN_POINT('',(-262.,-10.,322.32050807568));
#4601 = DIRECTION('',(1.,-0.,1.110223024625E-16));
#4602 = DIRECTION('',(1.110223024625E-16,0.,-1.));
#4603 = FACE_BOUND('',#4604,.F.);
#4604 = EDGE_LOOP('',(#4605));
#4605 = ORIENTED_EDGE('',*,*,#4606,.F.);
#4606 = EDGE_CURVE('',#4607,#4607,#4609,.T.);
#4607 = VERTEX_POINT('',#4608);
#4608 = CARTESIAN_POINT('',(-262.,-27.71638597533,290.91949702904));
#4609 = CIRCLE('',#4610,2.6);
#4610 = AXIS2_PLACEMENT_3D('',#4611,#4612,#4613);
#4611 = CARTESIAN_POINT('',(-262.,-27.71638597533,293.51949702904));
#4612 = DIRECTION('',(1.,-0.,1.110223024625E-16));
#4613 = DIRECTION('',(1.110223024625E-16,0.,-1.));
#4614 = FACE_BOUND('',#4615,.F.);
#4615 = EDGE_LOOP('',(#4616));
#4616 = ORIENTED_EDGE('',*,*,#4617,.F.);
#4617 = EDGE_CURVE('',#4618,#4618,#4620,.T.);
#4618 = VERTEX_POINT('',#4619);
#4619 = CARTESIAN_POINT('',(-262.,-21.21762239271,289.25));
#4620 = CIRCLE('',#4621,3.5);
#4621 = AXIS2_PLACEMENT_3D('',#4622,#4623,#4624);
#4622 = CARTESIAN_POINT('',(-262.,-21.21762239271,292.75));
#4623 = DIRECTION('',(1.,-0.,1.110223024625E-16));
#4624 = DIRECTION('',(1.110223024625E-16,0.,-1.));
#4625 = FACE_BOUND('',#4626,.F.);
#4626 = EDGE_LOOP('',(#4627));
#4627 = ORIENTED_EDGE('',*,*,#4628,.F.);
#4628 = EDGE_CURVE('',#4629,#4629,#4631,.T.);
#4629 = VERTEX_POINT('',#4630);
#4630 = CARTESIAN_POINT('',(-262.,-21.21320343559,281.1867965644));
#4631 = CIRCLE('',#4632,2.6);
#4632 = AXIS2_PLACEMENT_3D('',#4633,#4634,#4635);
#4633 = CARTESIAN_POINT('',(-262.,-21.21320343559,283.7867965644));
#4634 = DIRECTION('',(1.,-0.,1.110223024625E-16));
#4635 = DIRECTION('',(1.110223024625E-16,0.,-1.));
#4636 = FACE_BOUND('',#4637,.F.);
#4637 = EDGE_LOOP('',(#4638));
#4638 = ORIENTED_EDGE('',*,*,#4639,.F.);
#4639 = EDGE_CURVE('',#4640,#4640,#4642,.T.);
#4640 = VERTEX_POINT('',#4641);
#4641 = CARTESIAN_POINT('',(-262.,-10.,285.07949192431));
#4642 = CIRCLE('',#4643,2.6);
#4643 = AXIS2_PLACEMENT_3D('',#4644,#4645,#4646);
#4644 = CARTESIAN_POINT('',(-262.,-10.,287.67949192431));
#4645 = DIRECTION('',(1.,-0.,1.110223024625E-16));
#4646 = DIRECTION('',(1.110223024625E-16,0.,-1.));
#4647 = FACE_BOUND('',#4648,.F.);
#4648 = EDGE_LOOP('',(#4649));
#4649 = ORIENTED_EDGE('',*,*,#4650,.F.);
#4650 = EDGE_CURVE('',#4651,#4651,#4653,.T.);
#4651 = VERTEX_POINT('',#4652);
#4652 = CARTESIAN_POINT('',(-262.,-11.48050297095,274.68361402466));
#4653 = CIRCLE('',#4654,2.6);
#4654 = AXIS2_PLACEMENT_3D('',#4655,#4656,#4657);
#4655 = CARTESIAN_POINT('',(-262.,-11.48050297095,277.28361402466));
#4656 = DIRECTION('',(1.,-0.,1.110223024625E-16));
#4657 = DIRECTION('',(1.110223024625E-16,0.,-1.));
#4658 = FACE_BOUND('',#4659,.F.);
#4659 = EDGE_LOOP('',(#4660,#4671,#4680));
#4660 = ORIENTED_EDGE('',*,*,#4661,.F.);
#4661 = EDGE_CURVE('',#4662,#4664,#4666,.T.);
#4662 = VERTEX_POINT('',#4663);
#4663 = CARTESIAN_POINT('',(-262.,-6.368163355566E-16,272.4));
#4664 = VERTEX_POINT('',#4665);
#4665 = CARTESIAN_POINT('',(-262.,1.301310210696,277.2509090909));
#4666 = CIRCLE('',#4667,2.6);
#4667 = AXIS2_PLACEMENT_3D('',#4668,#4669,#4670);
#4668 = CARTESIAN_POINT('',(-262.,0.,275.));
#4669 = DIRECTION('',(1.,-0.,1.110223024625E-16));
#4670 = DIRECTION('',(1.110223024625E-16,0.,-1.));
#4671 = ORIENTED_EDGE('',*,*,#4672,.F.);
#4672 = EDGE_CURVE('',#4673,#4662,#4675,.T.);
#4673 = VERTEX_POINT('',#4674);
#4674 = CARTESIAN_POINT('',(-262.,-1.301310210696,277.2509090909));
#4675 = CIRCLE('',#4676,2.6);
#4676 = AXIS2_PLACEMENT_3D('',#4677,#4678,#4679);
#4677 = CARTESIAN_POINT('',(-262.,0.,275.));
#4678 = DIRECTION('',(1.,-0.,1.110223024625E-16));
#4679 = DIRECTION('',(1.110223024625E-16,0.,-1.));
#4680 = ORIENTED_EDGE('',*,*,#4681,.F.);
#4681 = EDGE_CURVE('',#4664,#4673,#4682,.T.);
#4682 = CIRCLE('',#4683,3.5);
#4683 = AXIS2_PLACEMENT_3D('',#4684,#4685,#4686);
#4684 = CARTESIAN_POINT('',(-262.,-6.000769315822E-15,280.5));
#4685 = DIRECTION('',(1.,-0.,1.110223024625E-16));
#4686 = DIRECTION('',(1.110223024625E-16,0.,-1.));
#4687 = FACE_BOUND('',#4688,.F.);
#4688 = EDGE_LOOP('',(#4689,#4700,#4709));
#4689 = ORIENTED_EDGE('',*,*,#4690,.F.);
#4690 = EDGE_CURVE('',#4691,#4693,#4695,.T.);
#4691 = VERTEX_POINT('',#4692);
#4692 = CARTESIAN_POINT('',(-262.,1.301310210696,332.74909090909));
#4693 = VERTEX_POINT('',#4694);
#4694 = CARTESIAN_POINT('',(-262.,-1.301310210696,332.74909090909));
#4695 = CIRCLE('',#4696,2.6);
#4696 = AXIS2_PLACEMENT_3D('',#4697,#4698,#4699);
#4697 = CARTESIAN_POINT('',(-262.,3.673940397442E-15,335.));
#4698 = DIRECTION('',(1.,-0.,1.110223024625E-16));
#4699 = DIRECTION('',(1.110223024625E-16,0.,-1.));
#4700 = ORIENTED_EDGE('',*,*,#4701,.F.);
#4701 = EDGE_CURVE('',#4702,#4691,#4704,.T.);
#4702 = VERTEX_POINT('',#4703);
#4703 = CARTESIAN_POINT('',(-262.,2.143131898508E-15,326.));
#4704 = CIRCLE('',#4705,3.5);
#4705 = AXIS2_PLACEMENT_3D('',#4706,#4707,#4708);
#4706 = CARTESIAN_POINT('',(-262.,3.000384657911E-15,329.5));
#4707 = DIRECTION('',(1.,-0.,1.110223024625E-16));
#4708 = DIRECTION('',(1.110223024625E-16,0.,-1.));
#4709 = ORIENTED_EDGE('',*,*,#4710,.F.);
#4710 = EDGE_CURVE('',#4693,#4702,#4711,.T.);
#4711 = CIRCLE('',#4712,3.5);
#4712 = AXIS2_PLACEMENT_3D('',#4713,#4714,#4715);
#4713 = CARTESIAN_POINT('',(-262.,3.000384657911E-15,329.5));
#4714 = DIRECTION('',(1.,-0.,1.110223024625E-16));
#4715 = DIRECTION('',(1.110223024625E-16,0.,-1.));
#4716 = FACE_BOUND('',#4717,.F.);
#4717 = EDGE_LOOP('',(#4718));
#4718 = ORIENTED_EDGE('',*,*,#4719,.F.);
#4719 = EDGE_CURVE('',#4720,#4720,#4722,.T.);
#4720 = VERTEX_POINT('',#4721);
#4721 = CARTESIAN_POINT('',(-262.,11.480502970953,330.11638597533));
#4722 = CIRCLE('',#4723,2.6);
#4723 = AXIS2_PLACEMENT_3D('',#4724,#4725,#4726);
#4724 = CARTESIAN_POINT('',(-262.,11.480502970953,332.71638597533));
#4725 = DIRECTION('',(1.,-0.,1.110223024625E-16));
#4726 = DIRECTION('',(1.110223024625E-16,0.,-1.));
#4727 = FACE_BOUND('',#4728,.F.);
#4728 = EDGE_LOOP('',(#4729));
#4729 = ORIENTED_EDGE('',*,*,#4730,.F.);
#4730 = EDGE_CURVE('',#4731,#4731,#4733,.T.);
#4731 = VERTEX_POINT('',#4732);
#4732 = CARTESIAN_POINT('',(-262.,10.,319.72050807568));
#4733 = CIRCLE('',#4734,2.6);
#4734 = AXIS2_PLACEMENT_3D('',#4735,#4736,#4737);
#4735 = CARTESIAN_POINT('',(-262.,10.,322.32050807568));
#4736 = DIRECTION('',(1.,-0.,1.110223024625E-16));
#4737 = DIRECTION('',(1.110223024625E-16,0.,-1.));
#4738 = FACE_BOUND('',#4739,.F.);
#4739 = EDGE_LOOP('',(#4740));
#4740 = ORIENTED_EDGE('',*,*,#4741,.F.);
#4741 = EDGE_CURVE('',#4742,#4742,#4744,.T.);
#4742 = VERTEX_POINT('',#4743);
#4743 = CARTESIAN_POINT('',(-262.,21.213203435596,323.61320343559));
#4744 = CIRCLE('',#4745,2.6);
#4745 = AXIS2_PLACEMENT_3D('',#4746,#4747,#4748);
#4746 = CARTESIAN_POINT('',(-262.,21.213203435596,326.21320343559));
#4747 = DIRECTION('',(1.,-0.,1.110223024625E-16));
#4748 = DIRECTION('',(1.110223024625E-16,0.,-1.));
#4749 = FACE_BOUND('',#4750,.F.);
#4750 = EDGE_LOOP('',(#4751));
#4751 = ORIENTED_EDGE('',*,*,#4752,.F.);
#4752 = EDGE_CURVE('',#4753,#4753,#4755,.T.);
#4753 = VERTEX_POINT('',#4754);
#4754 = CARTESIAN_POINT('',(-262.,21.217622392719,313.75));
#4755 = CIRCLE('',#4756,3.5);
#4756 = AXIS2_PLACEMENT_3D('',#4757,#4758,#4759);
#4757 = CARTESIAN_POINT('',(-262.,21.217622392719,317.25));
#4758 = DIRECTION('',(1.,-0.,1.110223024625E-16));
#4759 = DIRECTION('',(1.110223024625E-16,0.,-1.));
#4760 = FACE_BOUND('',#4761,.F.);
#4761 = EDGE_LOOP('',(#4762));
#4762 = ORIENTED_EDGE('',*,*,#4763,.F.);
#4763 = EDGE_CURVE('',#4764,#4764,#4766,.T.);
#4764 = VERTEX_POINT('',#4765);
#4765 = CARTESIAN_POINT('',(-262.,27.716385975339,313.88050297095));
#4766 = CIRCLE('',#4767,2.6);
#4767 = AXIS2_PLACEMENT_3D('',#4768,#4769,#4770);
#4768 = CARTESIAN_POINT('',(-262.,27.716385975339,316.48050297095));
#4769 = DIRECTION('',(1.,-0.,1.110223024625E-16));
#4770 = DIRECTION('',(1.110223024625E-16,0.,-1.));
#4771 = FACE_BOUND('',#4772,.F.);
#4772 = EDGE_LOOP('',(#4773));
#4773 = ORIENTED_EDGE('',*,*,#4774,.F.);
#4774 = EDGE_CURVE('',#4775,#4775,#4777,.T.);
#4775 = VERTEX_POINT('',#4776);
#4776 = CARTESIAN_POINT('',(-262.,-1.959434878636E-15,297.));
#4777 = CIRCLE('',#4778,8.);
#4778 = AXIS2_PLACEMENT_3D('',#4779,#4780,#4781);
#4779 = CARTESIAN_POINT('',(-262.,0.,305.));
#4780 = DIRECTION('',(1.,-0.,1.110223024625E-16));
#4781 = DIRECTION('',(1.110223024625E-16,0.,-1.));
#4782 = FACE_BOUND('',#4783,.F.);
#4783 = EDGE_LOOP('',(#4784));
#4784 = ORIENTED_EDGE('',*,*,#4785,.F.);
#4785 = EDGE_CURVE('',#4786,#4786,#4788,.T.);
#4786 = VERTEX_POINT('',#4787);
#4787 = CARTESIAN_POINT('',(-262.,10.,285.07949192431));
#4788 = CIRCLE('',#4789,2.6);
#4789 = AXIS2_PLACEMENT_3D('',#4790,#4791,#4792);
#4790 = CARTESIAN_POINT('',(-262.,10.,287.67949192431));
#4791 = DIRECTION('',(1.,-0.,1.110223024625E-16));
#4792 = DIRECTION('',(1.110223024625E-16,0.,-1.));
#4793 = FACE_BOUND('',#4794,.F.);
#4794 = EDGE_LOOP('',(#4795));
#4795 = ORIENTED_EDGE('',*,*,#4796,.F.);
#4796 = EDGE_CURVE('',#4797,#4797,#4799,.T.);
#4797 = VERTEX_POINT('',#4798);
#4798 = CARTESIAN_POINT('',(-262.,11.480502970953,274.68361402466));
#4799 = CIRCLE('',#4800,2.6);
#4800 = AXIS2_PLACEMENT_3D('',#4801,#4802,#4803);
#4801 = CARTESIAN_POINT('',(-262.,11.480502970953,277.28361402466));
#4802 = DIRECTION('',(1.,-0.,1.110223024625E-16));
#4803 = DIRECTION('',(1.110223024625E-16,0.,-1.));
#4804 = FACE_BOUND('',#4805,.F.);
#4805 = EDGE_LOOP('',(#4806));
#4806 = ORIENTED_EDGE('',*,*,#4807,.F.);
#4807 = EDGE_CURVE('',#4808,#4808,#4810,.T.);
#4808 = VERTEX_POINT('',#4809);
#4809 = CARTESIAN_POINT('',(-262.,20.,302.4));
#4810 = CIRCLE('',#4811,2.6);
#4811 = AXIS2_PLACEMENT_3D('',#4812,#4813,#4814);
#4812 = CARTESIAN_POINT('',(-262.,20.,305.));
#4813 = DIRECTION('',(1.,-0.,1.110223024625E-16));
#4814 = DIRECTION('',(1.110223024625E-16,0.,-1.));
#4815 = FACE_BOUND('',#4816,.F.);
#4816 = EDGE_LOOP('',(#4817));
#4817 = ORIENTED_EDGE('',*,*,#4818,.F.);
#4818 = EDGE_CURVE('',#4819,#4819,#4821,.T.);
#4819 = VERTEX_POINT('',#4820);
#4820 = CARTESIAN_POINT('',(-262.,21.217622392719,289.25));
#4821 = CIRCLE('',#4822,3.5);
#4822 = AXIS2_PLACEMENT_3D('',#4823,#4824,#4825);
#4823 = CARTESIAN_POINT('',(-262.,21.217622392719,292.75));
#4824 = DIRECTION('',(1.,-0.,1.110223024625E-16));
#4825 = DIRECTION('',(1.110223024625E-16,0.,-1.));
#4826 = FACE_BOUND('',#4827,.F.);
#4827 = EDGE_LOOP('',(#4828));
#4828 = ORIENTED_EDGE('',*,*,#4829,.F.);
#4829 = EDGE_CURVE('',#4830,#4830,#4832,.T.);
#4830 = VERTEX_POINT('',#4831);
#4831 = CARTESIAN_POINT('',(-262.,30.,302.4));
#4832 = CIRCLE('',#4833,2.6);
#4833 = AXIS2_PLACEMENT_3D('',#4834,#4835,#4836);
#4834 = CARTESIAN_POINT('',(-262.,30.,305.));
#4835 = DIRECTION('',(1.,-0.,1.110223024625E-16));
#4836 = DIRECTION('',(1.110223024625E-16,0.,-1.));
#4837 = FACE_BOUND('',#4838,.F.);
#4838 = EDGE_LOOP('',(#4839));
#4839 = ORIENTED_EDGE('',*,*,#4840,.F.);
#4840 = EDGE_CURVE('',#4841,#4841,#4843,.T.);
#4841 = VERTEX_POINT('',#4842);
#4842 = CARTESIAN_POINT('',(-262.,27.716385975339,290.91949702904));
#4843 = CIRCLE('',#4844,2.6);
#4844 = AXIS2_PLACEMENT_3D('',#4845,#4846,#4847);
#4845 = CARTESIAN_POINT('',(-262.,27.716385975339,293.51949702904));
#4846 = DIRECTION('',(1.,-0.,1.110223024625E-16));
#4847 = DIRECTION('',(1.110223024625E-16,0.,-1.));
#4848 = FACE_BOUND('',#4849,.F.);
#4849 = EDGE_LOOP('',(#4850));
#4850 = ORIENTED_EDGE('',*,*,#4851,.F.);
#4851 = EDGE_CURVE('',#4852,#4852,#4854,.T.);
#4852 = VERTEX_POINT('',#4853);
#4853 = CARTESIAN_POINT('',(-262.,21.213203435596,281.1867965644));
#4854 = CIRCLE('',#4855,2.6);
#4855 = AXIS2_PLACEMENT_3D('',#4856,#4857,#4858);
#4856 = CARTESIAN_POINT('',(-262.,21.213203435596,283.7867965644));
#4857 = DIRECTION('',(1.,-0.,1.110223024625E-16));
#4858 = DIRECTION('',(1.110223024625E-16,0.,-1.));
#4859 = PLANE('',#4860);
#4860 = AXIS2_PLACEMENT_3D('',#4861,#4862,#4863);
#4861 = CARTESIAN_POINT('',(-262.,0.,305.));
#4862 = DIRECTION('',(1.,0.,1.110223024625E-16));
#4863 = DIRECTION('',(1.110223024625E-16,0.,-1.));
#4864 = ADVANCED_FACE('',(#4865),#4876,.F.);
#4865 = FACE_BOUND('',#4866,.F.);
#4866 = EDGE_LOOP('',(#4867,#4868,#4874,#4875));
#4867 = ORIENTED_EDGE('',*,*,#4187,.F.);
#4868 = ORIENTED_EDGE('',*,*,#4869,.F.);
#4869 = EDGE_CURVE('',#4530,#4188,#4870,.T.);
#4870 = LINE('',#4871,#4872);
#4871 = CARTESIAN_POINT('',(-264.,-21.21320343559,323.61320343559));
#4872 = VECTOR('',#4873,1.);
#4873 = DIRECTION('',(1.,0.,1.110223024625E-16));
#4874 = ORIENTED_EDGE('',*,*,#4529,.T.);
#4875 = ORIENTED_EDGE('',*,*,#4869,.T.);
#4876 = CYLINDRICAL_SURFACE('',#4877,2.6);
#4877 = AXIS2_PLACEMENT_3D('',#4878,#4879,#4880);
#4878 = CARTESIAN_POINT('',(-264.,-21.21320343559,326.21320343559));
#4879 = DIRECTION('',(1.,0.,1.110223024625E-16));
#4880 = DIRECTION('',(1.110223024625E-16,0.,-1.));
#4881 = ADVANCED_FACE('',(#4882),#4893,.F.);
#4882 = FACE_BOUND('',#4883,.F.);
#4883 = EDGE_LOOP('',(#4884,#4885,#4891,#4892));
#4884 = ORIENTED_EDGE('',*,*,#4198,.F.);
#4885 = ORIENTED_EDGE('',*,*,#4886,.F.);
#4886 = EDGE_CURVE('',#4541,#4199,#4887,.T.);
#4887 = LINE('',#4888,#4889);
#4888 = CARTESIAN_POINT('',(-264.,-27.71638597533,313.88050297095));
#4889 = VECTOR('',#4890,1.);
#4890 = DIRECTION('',(1.,0.,1.110223024625E-16));
#4891 = ORIENTED_EDGE('',*,*,#4540,.T.);
#4892 = ORIENTED_EDGE('',*,*,#4886,.T.);
#4893 = CYLINDRICAL_SURFACE('',#4894,2.6);
#4894 = AXIS2_PLACEMENT_3D('',#4895,#4896,#4897);
#4895 = CARTESIAN_POINT('',(-264.,-27.71638597533,316.48050297095));
#4896 = DIRECTION('',(1.,0.,1.110223024625E-16));
#4897 = DIRECTION('',(1.110223024625E-16,0.,-1.));
#4898 = ADVANCED_FACE('',(#4899),#4910,.F.);
#4899 = FACE_BOUND('',#4900,.F.);
#4900 = EDGE_LOOP('',(#4901,#4902,#4908,#4909));
#4901 = ORIENTED_EDGE('',*,*,#4209,.F.);
#4902 = ORIENTED_EDGE('',*,*,#4903,.F.);
#4903 = EDGE_CURVE('',#4552,#4210,#4904,.T.);
#4904 = LINE('',#4905,#4906);
#4905 = CARTESIAN_POINT('',(-264.,-30.,302.4));
#4906 = VECTOR('',#4907,1.);
#4907 = DIRECTION('',(1.,0.,1.110223024625E-16));
#4908 = ORIENTED_EDGE('',*,*,#4551,.T.);
#4909 = ORIENTED_EDGE('',*,*,#4903,.T.);
#4910 = CYLINDRICAL_SURFACE('',#4911,2.6);
#4911 = AXIS2_PLACEMENT_3D('',#4912,#4913,#4914);
#4912 = CARTESIAN_POINT('',(-264.,-30.,305.));
#4913 = DIRECTION('',(1.,0.,1.110223024625E-16));
#4914 = DIRECTION('',(1.110223024625E-16,0.,-1.));
#4915 = ADVANCED_FACE('',(#4916),#4927,.F.);
#4916 = FACE_BOUND('',#4917,.F.);
#4917 = EDGE_LOOP('',(#4918,#4919,#4925,#4926));
#4918 = ORIENTED_EDGE('',*,*,#4220,.F.);
#4919 = ORIENTED_EDGE('',*,*,#4920,.F.);
#4920 = EDGE_CURVE('',#4563,#4221,#4921,.T.);
#4921 = LINE('',#4922,#4923);
#4922 = CARTESIAN_POINT('',(-264.,-21.21762239271,313.75));
#4923 = VECTOR('',#4924,1.);
#4924 = DIRECTION('',(1.,0.,1.110223024625E-16));
#4925 = ORIENTED_EDGE('',*,*,#4562,.T.);
#4926 = ORIENTED_EDGE('',*,*,#4920,.T.);
#4927 = CYLINDRICAL_SURFACE('',#4928,3.5);
#4928 = AXIS2_PLACEMENT_3D('',#4929,#4930,#4931);
#4929 = CARTESIAN_POINT('',(-264.,-21.21762239271,317.25));
#4930 = DIRECTION('',(1.,0.,1.110223024625E-16));
#4931 = DIRECTION('',(1.110223024625E-16,0.,-1.));
#4932 = ADVANCED_FACE('',(#4933),#4944,.F.);
#4933 = FACE_BOUND('',#4934,.F.);
#4934 = EDGE_LOOP('',(#4935,#4936,#4942,#4943));
#4935 = ORIENTED_EDGE('',*,*,#4231,.F.);
#4936 = ORIENTED_EDGE('',*,*,#4937,.F.);
#4937 = EDGE_CURVE('',#4574,#4232,#4938,.T.);
#4938 = LINE('',#4939,#4940);
#4939 = CARTESIAN_POINT('',(-264.,-20.,302.4));
#4940 = VECTOR('',#4941,1.);
#4941 = DIRECTION('',(1.,0.,1.110223024625E-16));
#4942 = ORIENTED_EDGE('',*,*,#4573,.T.);
#4943 = ORIENTED_EDGE('',*,*,#4937,.T.);
#4944 = CYLINDRICAL_SURFACE('',#4945,2.6);
#4945 = AXIS2_PLACEMENT_3D('',#4946,#4947,#4948);
#4946 = CARTESIAN_POINT('',(-264.,-20.,305.));
#4947 = DIRECTION('',(1.,0.,1.110223024625E-16));
#4948 = DIRECTION('',(1.110223024625E-16,0.,-1.));
#4949 = ADVANCED_FACE('',(#4950),#4961,.F.);
#4950 = FACE_BOUND('',#4951,.F.);
#4951 = EDGE_LOOP('',(#4952,#4953,#4959,#4960));
#4952 = ORIENTED_EDGE('',*,*,#4242,.F.);
#4953 = ORIENTED_EDGE('',*,*,#4954,.F.);
#4954 = EDGE_CURVE('',#4585,#4243,#4955,.T.);
#4955 = LINE('',#4956,#4957);
#4956 = CARTESIAN_POINT('',(-264.,-11.48050297095,330.11638597533));
#4957 = VECTOR('',#4958,1.);
#4958 = DIRECTION('',(1.,0.,1.110223024625E-16));
#4959 = ORIENTED_EDGE('',*,*,#4584,.T.);
#4960 = ORIENTED_EDGE('',*,*,#4954,.T.);
#4961 = CYLINDRICAL_SURFACE('',#4962,2.6);
#4962 = AXIS2_PLACEMENT_3D('',#4963,#4964,#4965);
#4963 = CARTESIAN_POINT('',(-264.,-11.48050297095,332.71638597533));
#4964 = DIRECTION('',(1.,0.,1.110223024625E-16));
#4965 = DIRECTION('',(1.110223024625E-16,0.,-1.));
#4966 = ADVANCED_FACE('',(#4967),#4978,.F.);
#4967 = FACE_BOUND('',#4968,.F.);
#4968 = EDGE_LOOP('',(#4969,#4970,#4976,#4977));
#4969 = ORIENTED_EDGE('',*,*,#4253,.F.);
#4970 = ORIENTED_EDGE('',*,*,#4971,.F.);
#4971 = EDGE_CURVE('',#4596,#4254,#4972,.T.);
#4972 = LINE('',#4973,#4974);
#4973 = CARTESIAN_POINT('',(-264.,-10.,319.72050807568));
#4974 = VECTOR('',#4975,1.);
#4975 = DIRECTION('',(1.,0.,1.110223024625E-16));
#4976 = ORIENTED_EDGE('',*,*,#4595,.T.);
#4977 = ORIENTED_EDGE('',*,*,#4971,.T.);
#4978 = CYLINDRICAL_SURFACE('',#4979,2.6);
#4979 = AXIS2_PLACEMENT_3D('',#4980,#4981,#4982);
#4980 = CARTESIAN_POINT('',(-264.,-10.,322.32050807568));
#4981 = DIRECTION('',(1.,0.,1.110223024625E-16));
#4982 = DIRECTION('',(1.110223024625E-16,0.,-1.));
#4983 = ADVANCED_FACE('',(#4984),#4995,.F.);
#4984 = FACE_BOUND('',#4985,.F.);
#4985 = EDGE_LOOP('',(#4986,#4987,#4993,#4994));
#4986 = ORIENTED_EDGE('',*,*,#4264,.F.);
#4987 = ORIENTED_EDGE('',*,*,#4988,.F.);
#4988 = EDGE_CURVE('',#4607,#4265,#4989,.T.);
#4989 = LINE('',#4990,#4991);
#4990 = CARTESIAN_POINT('',(-264.,-27.71638597533,290.91949702904));
#4991 = VECTOR('',#4992,1.);
#4992 = DIRECTION('',(1.,0.,1.110223024625E-16));
#4993 = ORIENTED_EDGE('',*,*,#4606,.T.);
#4994 = ORIENTED_EDGE('',*,*,#4988,.T.);
#4995 = CYLINDRICAL_SURFACE('',#4996,2.6);
#4996 = AXIS2_PLACEMENT_3D('',#4997,#4998,#4999);
#4997 = CARTESIAN_POINT('',(-264.,-27.71638597533,293.51949702904));
#4998 = DIRECTION('',(1.,0.,1.110223024625E-16));
#4999 = DIRECTION('',(1.110223024625E-16,0.,-1.));
#5000 = ADVANCED_FACE('',(#5001),#5012,.F.);
#5001 = FACE_BOUND('',#5002,.F.);
#5002 = EDGE_LOOP('',(#5003,#5004,#5010,#5011));
#5003 = ORIENTED_EDGE('',*,*,#4275,.F.);
#5004 = ORIENTED_EDGE('',*,*,#5005,.F.);
#5005 = EDGE_CURVE('',#4618,#4276,#5006,.T.);
#5006 = LINE('',#5007,#5008);
#5007 = CARTESIAN_POINT('',(-264.,-21.21762239271,289.25));
#5008 = VECTOR('',#5009,1.);
#5009 = DIRECTION('',(1.,0.,1.110223024625E-16));
#5010 = ORIENTED_EDGE('',*,*,#4617,.T.);
#5011 = ORIENTED_EDGE('',*,*,#5005,.T.);
#5012 = CYLINDRICAL_SURFACE('',#5013,3.5);
#5013 = AXIS2_PLACEMENT_3D('',#5014,#5015,#5016);
#5014 = CARTESIAN_POINT('',(-264.,-21.21762239271,292.75));
#5015 = DIRECTION('',(1.,0.,1.110223024625E-16));
#5016 = DIRECTION('',(1.110223024625E-16,0.,-1.));
#5017 = ADVANCED_FACE('',(#5018),#5029,.F.);
#5018 = FACE_BOUND('',#5019,.F.);
#5019 = EDGE_LOOP('',(#5020,#5021,#5027,#5028));
#5020 = ORIENTED_EDGE('',*,*,#4286,.F.);
#5021 = ORIENTED_EDGE('',*,*,#5022,.F.);
#5022 = EDGE_CURVE('',#4629,#4287,#5023,.T.);
#5023 = LINE('',#5024,#5025);
#5024 = CARTESIAN_POINT('',(-264.,-21.21320343559,281.1867965644));
#5025 = VECTOR('',#5026,1.);
#5026 = DIRECTION('',(1.,0.,1.110223024625E-16));
#5027 = ORIENTED_EDGE('',*,*,#4628,.T.);
#5028 = ORIENTED_EDGE('',*,*,#5022,.T.);
#5029 = CYLINDRICAL_SURFACE('',#5030,2.6);
#5030 = AXIS2_PLACEMENT_3D('',#5031,#5032,#5033);
#5031 = CARTESIAN_POINT('',(-264.,-21.21320343559,283.7867965644));
#5032 = DIRECTION('',(1.,0.,1.110223024625E-16));
#5033 = DIRECTION('',(1.110223024625E-16,0.,-1.));
#5034 = ADVANCED_FACE('',(#5035),#5046,.F.);
#5035 = FACE_BOUND('',#5036,.F.);
#5036 = EDGE_LOOP('',(#5037,#5038,#5044,#5045));
#5037 = ORIENTED_EDGE('',*,*,#4297,.F.);
#5038 = ORIENTED_EDGE('',*,*,#5039,.F.);
#5039 = EDGE_CURVE('',#4640,#4298,#5040,.T.);
#5040 = LINE('',#5041,#5042);
#5041 = CARTESIAN_POINT('',(-264.,-10.,285.07949192431));
#5042 = VECTOR('',#5043,1.);
#5043 = DIRECTION('',(1.,0.,1.110223024625E-16));
#5044 = ORIENTED_EDGE('',*,*,#4639,.T.);
#5045 = ORIENTED_EDGE('',*,*,#5039,.T.);
#5046 = CYLINDRICAL_SURFACE('',#5047,2.6);
#5047 = AXIS2_PLACEMENT_3D('',#5048,#5049,#5050);
#5048 = CARTESIAN_POINT('',(-264.,-10.,287.67949192431));
#5049 = DIRECTION('',(1.,0.,1.110223024625E-16));
#5050 = DIRECTION('',(1.110223024625E-16,0.,-1.));
#5051 = ADVANCED_FACE('',(#5052),#5063,.F.);
#5052 = FACE_BOUND('',#5053,.F.);
#5053 = EDGE_LOOP('',(#5054,#5055,#5061,#5062));
#5054 = ORIENTED_EDGE('',*,*,#4308,.F.);
#5055 = ORIENTED_EDGE('',*,*,#5056,.F.);
#5056 = EDGE_CURVE('',#4651,#4309,#5057,.T.);
#5057 = LINE('',#5058,#5059);
#5058 = CARTESIAN_POINT('',(-264.,-11.48050297095,274.68361402466));
#5059 = VECTOR('',#5060,1.);
#5060 = DIRECTION('',(1.,0.,1.110223024625E-16));
#5061 = ORIENTED_EDGE('',*,*,#4650,.T.);
#5062 = ORIENTED_EDGE('',*,*,#5056,.T.);
#5063 = CYLINDRICAL_SURFACE('',#5064,2.6);
#5064 = AXIS2_PLACEMENT_3D('',#5065,#5066,#5067);
#5065 = CARTESIAN_POINT('',(-264.,-11.48050297095,277.28361402466));
#5066 = DIRECTION('',(1.,0.,1.110223024625E-16));
#5067 = DIRECTION('',(1.110223024625E-16,0.,-1.));
#5068 = ADVANCED_FACE('',(#5069),#5085,.F.);
#5069 = FACE_BOUND('',#5070,.F.);
#5070 = EDGE_LOOP('',(#5071,#5072,#5078,#5079));
#5071 = ORIENTED_EDGE('',*,*,#4319,.F.);
#5072 = ORIENTED_EDGE('',*,*,#5073,.F.);
#5073 = EDGE_CURVE('',#4662,#4320,#5074,.T.);
#5074 = LINE('',#5075,#5076);
#5075 = CARTESIAN_POINT('',(-264.,-6.368163355566E-16,272.4));
#5076 = VECTOR('',#5077,1.);
#5077 = DIRECTION('',(1.,0.,1.110223024625E-16));
#5078 = ORIENTED_EDGE('',*,*,#4661,.T.);
#5079 = ORIENTED_EDGE('',*,*,#5080,.T.);
#5080 = EDGE_CURVE('',#4664,#4322,#5081,.T.);
#5081 = LINE('',#5082,#5083);
#5082 = CARTESIAN_POINT('',(-264.,1.301310210696,277.2509090909));
#5083 = VECTOR('',#5084,1.);
#5084 = DIRECTION('',(1.,0.,1.110223024625E-16));
#5085 = CYLINDRICAL_SURFACE('',#5086,2.6);
#5086 = AXIS2_PLACEMENT_3D('',#5087,#5088,#5089);
#5087 = CARTESIAN_POINT('',(-264.,0.,275.));
#5088 = DIRECTION('',(1.,0.,1.110223024625E-16));
#5089 = DIRECTION('',(1.110223024625E-16,0.,-1.));
#5090 = ADVANCED_FACE('',(#5091),#5102,.F.);
#5091 = FACE_BOUND('',#5092,.F.);
#5092 = EDGE_LOOP('',(#5093,#5094,#5095,#5096));
#5093 = ORIENTED_EDGE('',*,*,#4339,.F.);
#5094 = ORIENTED_EDGE('',*,*,#5080,.F.);
#5095 = ORIENTED_EDGE('',*,*,#4681,.T.);
#5096 = ORIENTED_EDGE('',*,*,#5097,.T.);
#5097 = EDGE_CURVE('',#4673,#4331,#5098,.T.);
#5098 = LINE('',#5099,#5100);
#5099 = CARTESIAN_POINT('',(-264.,-1.301310210696,277.2509090909));
#5100 = VECTOR('',#5101,1.);
#5101 = DIRECTION('',(1.,0.,1.110223024625E-16));
#5102 = CYLINDRICAL_SURFACE('',#5103,3.5);
#5103 = AXIS2_PLACEMENT_3D('',#5104,#5105,#5106);
#5104 = CARTESIAN_POINT('',(-264.,-6.000769315822E-15,280.5));
#5105 = DIRECTION('',(1.,0.,1.110223024625E-16));
#5106 = DIRECTION('',(1.110223024625E-16,0.,-1.));
#5107 = ADVANCED_FACE('',(#5108),#5114,.F.);
#5108 = FACE_BOUND('',#5109,.F.);
#5109 = EDGE_LOOP('',(#5110,#5111,#5112,#5113));
#5110 = ORIENTED_EDGE('',*,*,#5073,.T.);
#5111 = ORIENTED_EDGE('',*,*,#4330,.F.);
#5112 = ORIENTED_EDGE('',*,*,#5097,.F.);
#5113 = ORIENTED_EDGE('',*,*,#4672,.T.);
#5114 = CYLINDRICAL_SURFACE('',#5115,2.6);
#5115 = AXIS2_PLACEMENT_3D('',#5116,#5117,#5118);
#5116 = CARTESIAN_POINT('',(-264.,0.,275.));
#5117 = DIRECTION('',(1.,0.,1.110223024625E-16));
#5118 = DIRECTION('',(1.110223024625E-16,0.,-1.));
#5119 = ADVANCED_FACE('',(#5120),#5136,.F.);
#5120 = FACE_BOUND('',#5121,.F.);
#5121 = EDGE_LOOP('',(#5122,#5123,#5129,#5130));
#5122 = ORIENTED_EDGE('',*,*,#4348,.F.);
#5123 = ORIENTED_EDGE('',*,*,#5124,.F.);
#5124 = EDGE_CURVE('',#4691,#4349,#5125,.T.);
#5125 = LINE('',#5126,#5127);
#5126 = CARTESIAN_POINT('',(-264.,1.301310210696,332.74909090909));
#5127 = VECTOR('',#5128,1.);
#5128 = DIRECTION('',(1.,0.,1.110223024625E-16));
#5129 = ORIENTED_EDGE('',*,*,#4690,.T.);
#5130 = ORIENTED_EDGE('',*,*,#5131,.T.);
#5131 = EDGE_CURVE('',#4693,#4351,#5132,.T.);
#5132 = LINE('',#5133,#5134);
#5133 = CARTESIAN_POINT('',(-264.,-1.301310210696,332.74909090909));
#5134 = VECTOR('',#5135,1.);
#5135 = DIRECTION('',(1.,0.,1.110223024625E-16));
#5136 = CYLINDRICAL_SURFACE('',#5137,2.6);
#5137 = AXIS2_PLACEMENT_3D('',#5138,#5139,#5140);
#5138 = CARTESIAN_POINT('',(-264.,3.673940397442E-15,335.));
#5139 = DIRECTION('',(1.,0.,1.110223024625E-16));
#5140 = DIRECTION('',(1.110223024625E-16,0.,-1.));
#5141 = ADVANCED_FACE('',(#5142),#5153,.F.);
#5142 = FACE_BOUND('',#5143,.F.);
#5143 = EDGE_LOOP('',(#5144,#5150,#5151,#5152));
#5144 = ORIENTED_EDGE('',*,*,#5145,.T.);
#5145 = EDGE_CURVE('',#4702,#4360,#5146,.T.);
#5146 = LINE('',#5147,#5148);
#5147 = CARTESIAN_POINT('',(-264.,2.143131898508E-15,326.));
#5148 = VECTOR('',#5149,1.);
#5149 = DIRECTION('',(1.,0.,1.110223024625E-16));
#5150 = ORIENTED_EDGE('',*,*,#4368,.F.);
#5151 = ORIENTED_EDGE('',*,*,#5131,.F.);
#5152 = ORIENTED_EDGE('',*,*,#4710,.T.);
#5153 = CYLINDRICAL_SURFACE('',#5154,3.5);
#5154 = AXIS2_PLACEMENT_3D('',#5155,#5156,#5157);
#5155 = CARTESIAN_POINT('',(-264.,3.000384657911E-15,329.5));
#5156 = DIRECTION('',(1.,0.,1.110223024625E-16));
#5157 = DIRECTION('',(1.110223024625E-16,0.,-1.));
#5158 = ADVANCED_FACE('',(#5159),#5165,.F.);
#5159 = FACE_BOUND('',#5160,.F.);
#5160 = EDGE_LOOP('',(#5161,#5162,#5163,#5164));
#5161 = ORIENTED_EDGE('',*,*,#4359,.F.);
#5162 = ORIENTED_EDGE('',*,*,#5145,.F.);
#5163 = ORIENTED_EDGE('',*,*,#4701,.T.);
#5164 = ORIENTED_EDGE('',*,*,#5124,.T.);
#5165 = CYLINDRICAL_SURFACE('',#5166,3.5);
#5166 = AXIS2_PLACEMENT_3D('',#5167,#5168,#5169);
#5167 = CARTESIAN_POINT('',(-264.,3.000384657911E-15,329.5));
#5168 = DIRECTION('',(1.,0.,1.110223024625E-16));
#5169 = DIRECTION('',(1.110223024625E-16,0.,-1.));
#5170 = ADVANCED_FACE('',(#5171),#5182,.F.);
#5171 = FACE_BOUND('',#5172,.F.);
#5172 = EDGE_LOOP('',(#5173,#5174,#5180,#5181));
#5173 = ORIENTED_EDGE('',*,*,#4377,.F.);
#5174 = ORIENTED_EDGE('',*,*,#5175,.F.);
#5175 = EDGE_CURVE('',#4720,#4378,#5176,.T.);
#5176 = LINE('',#5177,#5178);
#5177 = CARTESIAN_POINT('',(-264.,11.480502970953,330.11638597533));
#5178 = VECTOR('',#5179,1.);
#5179 = DIRECTION('',(1.,0.,1.110223024625E-16));
#5180 = ORIENTED_EDGE('',*,*,#4719,.T.);
#5181 = ORIENTED_EDGE('',*,*,#5175,.T.);
#5182 = CYLINDRICAL_SURFACE('',#5183,2.6);
#5183 = AXIS2_PLACEMENT_3D('',#5184,#5185,#5186);
#5184 = CARTESIAN_POINT('',(-264.,11.480502970953,332.71638597533));
#5185 = DIRECTION('',(1.,0.,1.110223024625E-16));
#5186 = DIRECTION('',(1.110223024625E-16,0.,-1.));
#5187 = ADVANCED_FACE('',(#5188),#5199,.F.);
#5188 = FACE_BOUND('',#5189,.F.);
#5189 = EDGE_LOOP('',(#5190,#5191,#5197,#5198));
#5190 = ORIENTED_EDGE('',*,*,#4388,.F.);
#5191 = ORIENTED_EDGE('',*,*,#5192,.F.);
#5192 = EDGE_CURVE('',#4731,#4389,#5193,.T.);
#5193 = LINE('',#5194,#5195);
#5194 = CARTESIAN_POINT('',(-264.,10.,319.72050807568));
#5195 = VECTOR('',#5196,1.);
#5196 = DIRECTION('',(1.,0.,1.110223024625E-16));
#5197 = ORIENTED_EDGE('',*,*,#4730,.T.);
#5198 = ORIENTED_EDGE('',*,*,#5192,.T.);
#5199 = CYLINDRICAL_SURFACE('',#5200,2.6);
#5200 = AXIS2_PLACEMENT_3D('',#5201,#5202,#5203);
#5201 = CARTESIAN_POINT('',(-264.,10.,322.32050807568));
#5202 = DIRECTION('',(1.,0.,1.110223024625E-16));
#5203 = DIRECTION('',(1.110223024625E-16,0.,-1.));
#5204 = ADVANCED_FACE('',(#5205),#5216,.F.);
#5205 = FACE_BOUND('',#5206,.F.);
#5206 = EDGE_LOOP('',(#5207,#5208,#5214,#5215));
#5207 = ORIENTED_EDGE('',*,*,#4399,.F.);
#5208 = ORIENTED_EDGE('',*,*,#5209,.F.);
#5209 = EDGE_CURVE('',#4742,#4400,#5210,.T.);
#5210 = LINE('',#5211,#5212);
#5211 = CARTESIAN_POINT('',(-264.,21.213203435596,323.61320343559));
#5212 = VECTOR('',#5213,1.);
#5213 = DIRECTION('',(1.,0.,1.110223024625E-16));
#5214 = ORIENTED_EDGE('',*,*,#4741,.T.);
#5215 = ORIENTED_EDGE('',*,*,#5209,.T.);
#5216 = CYLINDRICAL_SURFACE('',#5217,2.6);
#5217 = AXIS2_PLACEMENT_3D('',#5218,#5219,#5220);
#5218 = CARTESIAN_POINT('',(-264.,21.213203435596,326.21320343559));
#5219 = DIRECTION('',(1.,0.,1.110223024625E-16));
#5220 = DIRECTION('',(1.110223024625E-16,0.,-1.));
#5221 = ADVANCED_FACE('',(#5222),#5233,.F.);
#5222 = FACE_BOUND('',#5223,.F.);
#5223 = EDGE_LOOP('',(#5224,#5225,#5231,#5232));
#5224 = ORIENTED_EDGE('',*,*,#4410,.F.);
#5225 = ORIENTED_EDGE('',*,*,#5226,.F.);
#5226 = EDGE_CURVE('',#4753,#4411,#5227,.T.);
#5227 = LINE('',#5228,#5229);
#5228 = CARTESIAN_POINT('',(-264.,21.217622392719,313.75));
#5229 = VECTOR('',#5230,1.);
#5230 = DIRECTION('',(1.,0.,1.110223024625E-16));
#5231 = ORIENTED_EDGE('',*,*,#4752,.T.);
#5232 = ORIENTED_EDGE('',*,*,#5226,.T.);
#5233 = CYLINDRICAL_SURFACE('',#5234,3.5);
#5234 = AXIS2_PLACEMENT_3D('',#5235,#5236,#5237);
#5235 = CARTESIAN_POINT('',(-264.,21.217622392719,317.25));
#5236 = DIRECTION('',(1.,0.,1.110223024625E-16));
#5237 = DIRECTION('',(1.110223024625E-16,0.,-1.));
#5238 = ADVANCED_FACE('',(#5239),#5250,.F.);
#5239 = FACE_BOUND('',#5240,.F.);
#5240 = EDGE_LOOP('',(#5241,#5242,#5248,#5249));
#5241 = ORIENTED_EDGE('',*,*,#4421,.F.);
#5242 = ORIENTED_EDGE('',*,*,#5243,.F.);
#5243 = EDGE_CURVE('',#4764,#4422,#5244,.T.);
#5244 = LINE('',#5245,#5246);
#5245 = CARTESIAN_POINT('',(-264.,27.716385975339,313.88050297095));
#5246 = VECTOR('',#5247,1.);
#5247 = DIRECTION('',(1.,0.,1.110223024625E-16));
#5248 = ORIENTED_EDGE('',*,*,#4763,.T.);
#5249 = ORIENTED_EDGE('',*,*,#5243,.T.);
#5250 = CYLINDRICAL_SURFACE('',#5251,2.6);
#5251 = AXIS2_PLACEMENT_3D('',#5252,#5253,#5254);
#5252 = CARTESIAN_POINT('',(-264.,27.716385975339,316.48050297095));
#5253 = DIRECTION('',(1.,0.,1.110223024625E-16));
#5254 = DIRECTION('',(1.110223024625E-16,0.,-1.));
#5255 = ADVANCED_FACE('',(#5256),#5267,.F.);
#5256 = FACE_BOUND('',#5257,.F.);
#5257 = EDGE_LOOP('',(#5258,#5259,#5265,#5266));
#5258 = ORIENTED_EDGE('',*,*,#4432,.F.);
#5259 = ORIENTED_EDGE('',*,*,#5260,.F.);
#5260 = EDGE_CURVE('',#4775,#4433,#5261,.T.);
#5261 = LINE('',#5262,#5263);
#5262 = CARTESIAN_POINT('',(-264.,-1.959434878636E-15,297.));
#5263 = VECTOR('',#5264,1.);
#5264 = DIRECTION('',(1.,0.,1.110223024625E-16));
#5265 = ORIENTED_EDGE('',*,*,#4774,.T.);
#5266 = ORIENTED_EDGE('',*,*,#5260,.T.);
#5267 = CYLINDRICAL_SURFACE('',#5268,8.);
#5268 = AXIS2_PLACEMENT_3D('',#5269,#5270,#5271);
#5269 = CARTESIAN_POINT('',(-264.,0.,305.));
#5270 = DIRECTION('',(1.,0.,1.110223024625E-16));
#5271 = DIRECTION('',(1.110223024625E-16,0.,-1.));
#5272 = ADVANCED_FACE('',(#5273),#5284,.F.);
#5273 = FACE_BOUND('',#5274,.F.);
#5274 = EDGE_LOOP('',(#5275,#5276,#5282,#5283));
#5275 = ORIENTED_EDGE('',*,*,#4443,.F.);
#5276 = ORIENTED_EDGE('',*,*,#5277,.F.);
#5277 = EDGE_CURVE('',#4786,#4444,#5278,.T.);
#5278 = LINE('',#5279,#5280);
#5279 = CARTESIAN_POINT('',(-264.,10.,285.07949192431));
#5280 = VECTOR('',#5281,1.);
#5281 = DIRECTION('',(1.,0.,1.110223024625E-16));
#5282 = ORIENTED_EDGE('',*,*,#4785,.T.);
#5283 = ORIENTED_EDGE('',*,*,#5277,.T.);
#5284 = CYLINDRICAL_SURFACE('',#5285,2.6);
#5285 = AXIS2_PLACEMENT_3D('',#5286,#5287,#5288);
#5286 = CARTESIAN_POINT('',(-264.,10.,287.67949192431));
#5287 = DIRECTION('',(1.,0.,1.110223024625E-16));
#5288 = DIRECTION('',(1.110223024625E-16,0.,-1.));
#5289 = ADVANCED_FACE('',(#5290),#5301,.F.);
#5290 = FACE_BOUND('',#5291,.F.);
#5291 = EDGE_LOOP('',(#5292,#5293,#5299,#5300));
#5292 = ORIENTED_EDGE('',*,*,#4454,.F.);
#5293 = ORIENTED_EDGE('',*,*,#5294,.F.);
#5294 = EDGE_CURVE('',#4797,#4455,#5295,.T.);
#5295 = LINE('',#5296,#5297);
#5296 = CARTESIAN_POINT('',(-264.,11.480502970953,274.68361402466));
#5297 = VECTOR('',#5298,1.);
#5298 = DIRECTION('',(1.,0.,1.110223024625E-16));
#5299 = ORIENTED_EDGE('',*,*,#4796,.T.);
#5300 = ORIENTED_EDGE('',*,*,#5294,.T.);
#5301 = CYLINDRICAL_SURFACE('',#5302,2.6);
#5302 = AXIS2_PLACEMENT_3D('',#5303,#5304,#5305);
#5303 = CARTESIAN_POINT('',(-264.,11.480502970953,277.28361402466));
#5304 = DIRECTION('',(1.,0.,1.110223024625E-16));
#5305 = DIRECTION('',(1.110223024625E-16,0.,-1.));
#5306 = ADVANCED_FACE('',(#5307),#5318,.F.);
#5307 = FACE_BOUND('',#5308,.F.);
#5308 = EDGE_LOOP('',(#5309,#5310,#5316,#5317));
#5309 = ORIENTED_EDGE('',*,*,#4465,.F.);
#5310 = ORIENTED_EDGE('',*,*,#5311,.F.);
#5311 = EDGE_CURVE('',#4808,#4466,#5312,.T.);
#5312 = LINE('',#5313,#5314);
#5313 = CARTESIAN_POINT('',(-264.,20.,302.4));
#5314 = VECTOR('',#5315,1.);
#5315 = DIRECTION('',(1.,0.,1.110223024625E-16));
#5316 = ORIENTED_EDGE('',*,*,#4807,.T.);
#5317 = ORIENTED_EDGE('',*,*,#5311,.T.);
#5318 = CYLINDRICAL_SURFACE('',#5319,2.6);
#5319 = AXIS2_PLACEMENT_3D('',#5320,#5321,#5322);
#5320 = CARTESIAN_POINT('',(-264.,20.,305.));
#5321 = DIRECTION('',(1.,0.,1.110223024625E-16));
#5322 = DIRECTION('',(1.110223024625E-16,0.,-1.));
#5323 = ADVANCED_FACE('',(#5324),#5335,.F.);
#5324 = FACE_BOUND('',#5325,.F.);
#5325 = EDGE_LOOP('',(#5326,#5327,#5333,#5334));
#5326 = ORIENTED_EDGE('',*,*,#4476,.F.);
#5327 = ORIENTED_EDGE('',*,*,#5328,.F.);
#5328 = EDGE_CURVE('',#4819,#4477,#5329,.T.);
#5329 = LINE('',#5330,#5331);
#5330 = CARTESIAN_POINT('',(-264.,21.217622392719,289.25));
#5331 = VECTOR('',#5332,1.);
#5332 = DIRECTION('',(1.,0.,1.110223024625E-16));
#5333 = ORIENTED_EDGE('',*,*,#4818,.T.);
#5334 = ORIENTED_EDGE('',*,*,#5328,.T.);
#5335 = CYLINDRICAL_SURFACE('',#5336,3.5);
#5336 = AXIS2_PLACEMENT_3D('',#5337,#5338,#5339);
#5337 = CARTESIAN_POINT('',(-264.,21.217622392719,292.75));
#5338 = DIRECTION('',(1.,0.,1.110223024625E-16));
#5339 = DIRECTION('',(1.110223024625E-16,0.,-1.));
#5340 = ADVANCED_FACE('',(#5341),#5352,.F.);
#5341 = FACE_BOUND('',#5342,.F.);
#5342 = EDGE_LOOP('',(#5343,#5344,#5350,#5351));
#5343 = ORIENTED_EDGE('',*,*,#4487,.F.);
#5344 = ORIENTED_EDGE('',*,*,#5345,.F.);
#5345 = EDGE_CURVE('',#4830,#4488,#5346,.T.);
#5346 = LINE('',#5347,#5348);
#5347 = CARTESIAN_POINT('',(-264.,30.,302.4));
#5348 = VECTOR('',#5349,1.);
#5349 = DIRECTION('',(1.,0.,1.110223024625E-16));
#5350 = ORIENTED_EDGE('',*,*,#4829,.T.);
#5351 = ORIENTED_EDGE('',*,*,#5345,.T.);
#5352 = CYLINDRICAL_SURFACE('',#5353,2.6);
#5353 = AXIS2_PLACEMENT_3D('',#5354,#5355,#5356);
#5354 = CARTESIAN_POINT('',(-264.,30.,305.));
#5355 = DIRECTION('',(1.,0.,1.110223024625E-16));
#5356 = DIRECTION('',(1.110223024625E-16,0.,-1.));
#5357 = ADVANCED_FACE('',(#5358),#5369,.F.);
#5358 = FACE_BOUND('',#5359,.F.);
#5359 = EDGE_LOOP('',(#5360,#5361,#5367,#5368));
#5360 = ORIENTED_EDGE('',*,*,#4498,.F.);
#5361 = ORIENTED_EDGE('',*,*,#5362,.F.);
#5362 = EDGE_CURVE('',#4841,#4499,#5363,.T.);
#5363 = LINE('',#5364,#5365);
#5364 = CARTESIAN_POINT('',(-264.,27.716385975339,290.91949702904));
#5365 = VECTOR('',#5366,1.);
#5366 = DIRECTION('',(1.,0.,1.110223024625E-16));
#5367 = ORIENTED_EDGE('',*,*,#4840,.T.);
#5368 = ORIENTED_EDGE('',*,*,#5362,.T.);
#5369 = CYLINDRICAL_SURFACE('',#5370,2.6);
#5370 = AXIS2_PLACEMENT_3D('',#5371,#5372,#5373);
#5371 = CARTESIAN_POINT('',(-264.,27.716385975339,293.51949702904));
#5372 = DIRECTION('',(1.,0.,1.110223024625E-16));
#5373 = DIRECTION('',(1.110223024625E-16,0.,-1.));
#5374 = ADVANCED_FACE('',(#5375),#5386,.F.);
#5375 = FACE_BOUND('',#5376,.F.);
#5376 = EDGE_LOOP('',(#5377,#5378,#5384,#5385));
#5377 = ORIENTED_EDGE('',*,*,#4509,.F.);
#5378 = ORIENTED_EDGE('',*,*,#5379,.F.);
#5379 = EDGE_CURVE('',#4852,#4510,#5380,.T.);
#5380 = LINE('',#5381,#5382);
#5381 = CARTESIAN_POINT('',(-264.,21.213203435596,281.1867965644));
#5382 = VECTOR('',#5383,1.);
#5383 = DIRECTION('',(1.,0.,1.110223024625E-16));
#5384 = ORIENTED_EDGE('',*,*,#4851,.T.);
#5385 = ORIENTED_EDGE('',*,*,#5379,.T.);
#5386 = CYLINDRICAL_SURFACE('',#5387,2.6);
#5387 = AXIS2_PLACEMENT_3D('',#5388,#5389,#5390);
#5388 = CARTESIAN_POINT('',(-264.,21.213203435596,283.7867965644));
#5389 = DIRECTION('',(1.,0.,1.110223024625E-16));
#5390 = DIRECTION('',(1.110223024625E-16,0.,-1.));
#5391 = MANIFOLD_SOLID_BREP('',#5392);
#5392 = CLOSED_SHELL('',(#5393,#5426,#5446,#5466));
#5393 = ADVANCED_FACE('',(#5394),#5421,.T.);
#5394 = FACE_BOUND('',#5395,.T.);
#5395 = EDGE_LOOP('',(#5396,#5405,#5413,#5420));
#5396 = ORIENTED_EDGE('',*,*,#5397,.F.);
#5397 = EDGE_CURVE('',#5398,#5398,#5400,.T.);
#5398 = VERTEX_POINT('',#5399);
#5399 = CARTESIAN_POINT('',(317.5,7.347880794884E-15,335.));
#5400 = CIRCLE('',#5401,30.);
#5401 = AXIS2_PLACEMENT_3D('',#5402,#5403,#5404);
#5402 = CARTESIAN_POINT('',(317.5,0.,305.));
#5403 = DIRECTION('',(1.,0.,-0.));
#5404 = DIRECTION('',(0.,0.,1.));
#5405 = ORIENTED_EDGE('',*,*,#5406,.F.);
#5406 = EDGE_CURVE('',#5407,#5398,#5409,.T.);
#5407 = VERTEX_POINT('',#5408);
#5408 = CARTESIAN_POINT('',(262.5,7.347880794884E-15,335.));
#5409 = LINE('',#5410,#5411);
#5410 = CARTESIAN_POINT('',(262.5,7.347880794884E-15,335.));
#5411 = VECTOR('',#5412,1.);
#5412 = DIRECTION('',(1.,0.,0.));
#5413 = ORIENTED_EDGE('',*,*,#5414,.T.);
#5414 = EDGE_CURVE('',#5407,#5407,#5415,.T.);
#5415 = CIRCLE('',#5416,30.);
#5416 = AXIS2_PLACEMENT_3D('',#5417,#5418,#5419);
#5417 = CARTESIAN_POINT('',(262.5,0.,305.));
#5418 = DIRECTION('',(1.,0.,-0.));
#5419 = DIRECTION('',(0.,0.,1.));
#5420 = ORIENTED_EDGE('',*,*,#5406,.T.);
#5421 = CYLINDRICAL_SURFACE('',#5422,30.);
#5422 = AXIS2_PLACEMENT_3D('',#5423,#5424,#5425);
#5423 = CARTESIAN_POINT('',(262.5,0.,305.));
#5424 = DIRECTION('',(1.,0.,0.));
#5425 = DIRECTION('',(0.,0.,1.));
#5426 = ADVANCED_FACE('',(#5427,#5430),#5441,.T.);
#5427 = FACE_BOUND('',#5428,.T.);
#5428 = EDGE_LOOP('',(#5429));
#5429 = ORIENTED_EDGE('',*,*,#5397,.T.);
#5430 = FACE_BOUND('',#5431,.T.);
#5431 = EDGE_LOOP('',(#5432));
#5432 = ORIENTED_EDGE('',*,*,#5433,.F.);
#5433 = EDGE_CURVE('',#5434,#5434,#5436,.T.);
#5434 = VERTEX_POINT('',#5435);
#5435 = CARTESIAN_POINT('',(317.5,1.555301434917E-15,311.35));
#5436 = CIRCLE('',#5437,6.35);
#5437 = AXIS2_PLACEMENT_3D('',#5438,#5439,#5440);
#5438 = CARTESIAN_POINT('',(317.5,0.,305.));
#5439 = DIRECTION('',(1.,0.,-0.));
#5440 = DIRECTION('',(0.,0.,1.));
#5441 = PLANE('',#5442);
#5442 = AXIS2_PLACEMENT_3D('',#5443,#5444,#5445);
#5443 = CARTESIAN_POINT('',(317.5,0.,305.));
#5444 = DIRECTION('',(1.,0.,0.));
#5445 = DIRECTION('',(0.,0.,1.));
#5446 = ADVANCED_FACE('',(#5447,#5450),#5461,.F.);
#5447 = FACE_BOUND('',#5448,.F.);
#5448 = EDGE_LOOP('',(#5449));
#5449 = ORIENTED_EDGE('',*,*,#5414,.T.);
#5450 = FACE_BOUND('',#5451,.F.);
#5451 = EDGE_LOOP('',(#5452));
#5452 = ORIENTED_EDGE('',*,*,#5453,.F.);
#5453 = EDGE_CURVE('',#5454,#5454,#5456,.T.);
#5454 = VERTEX_POINT('',#5455);
#5455 = CARTESIAN_POINT('',(262.5,1.555301434917E-15,311.35));
#5456 = CIRCLE('',#5457,6.35);
#5457 = AXIS2_PLACEMENT_3D('',#5458,#5459,#5460);
#5458 = CARTESIAN_POINT('',(262.5,0.,305.));
#5459 = DIRECTION('',(1.,0.,-0.));
#5460 = DIRECTION('',(0.,0.,1.));
#5461 = PLANE('',#5462);
#5462 = AXIS2_PLACEMENT_3D('',#5463,#5464,#5465);
#5463 = CARTESIAN_POINT('',(262.5,0.,305.));
#5464 = DIRECTION('',(1.,0.,0.));
#5465 = DIRECTION('',(0.,0.,1.));
#5466 = ADVANCED_FACE('',(#5467),#5478,.F.);
#5467 = FACE_BOUND('',#5468,.F.);
#5468 = EDGE_LOOP('',(#5469,#5470,#5476,#5477));
#5469 = ORIENTED_EDGE('',*,*,#5433,.F.);
#5470 = ORIENTED_EDGE('',*,*,#5471,.F.);
#5471 = EDGE_CURVE('',#5454,#5434,#5472,.T.);
#5472 = LINE('',#5473,#5474);
#5473 = CARTESIAN_POINT('',(257.5,1.555301434917E-15,311.35));
#5474 = VECTOR('',#5475,1.);
#5475 = DIRECTION('',(1.,0.,0.));
#5476 = ORIENTED_EDGE('',*,*,#5453,.T.);
#5477 = ORIENTED_EDGE('',*,*,#5471,.T.);
#5478 = CYLINDRICAL_SURFACE('',#5479,6.35);
#5479 = AXIS2_PLACEMENT_3D('',#5480,#5481,#5482);
#5480 = CARTESIAN_POINT('',(257.5,0.,305.));
#5481 = DIRECTION('',(1.,0.,0.));
#5482 = DIRECTION('',(0.,0.,1.));
#5483 = MANIFOLD_SOLID_BREP('',#5484);
#5484 = CLOSED_SHELL('',(#5485,#5518,#5527));
#5485 = ADVANCED_FACE('',(#5486),#5513,.T.);
#5486 = FACE_BOUND('',#5487,.T.);
#5487 = EDGE_LOOP('',(#5488,#5497,#5505,#5512));
#5488 = ORIENTED_EDGE('',*,*,#5489,.F.);
#5489 = EDGE_CURVE('',#5490,#5490,#5492,.T.);
#5490 = VERTEX_POINT('',#5491);
#5491 = CARTESIAN_POINT('',(267.5,8.327598234202E-15,339.));
#5492 = CIRCLE('',#5493,34.);
#5493 = AXIS2_PLACEMENT_3D('',#5494,#5495,#5496);
#5494 = CARTESIAN_POINT('',(267.5,0.,305.));
#5495 = DIRECTION('',(1.,0.,-0.));
#5496 = DIRECTION('',(0.,0.,1.));
#5497 = ORIENTED_EDGE('',*,*,#5498,.F.);
#5498 = EDGE_CURVE('',#5499,#5490,#5501,.T.);
#5499 = VERTEX_POINT('',#5500);
#5500 = CARTESIAN_POINT('',(262.5,8.327598234202E-15,339.));
#5501 = LINE('',#5502,#5503);
#5502 = CARTESIAN_POINT('',(262.5,8.327598234202E-15,339.));
#5503 = VECTOR('',#5504,1.);
#5504 = DIRECTION('',(1.,0.,0.));
#5505 = ORIENTED_EDGE('',*,*,#5506,.T.);
#5506 = EDGE_CURVE('',#5499,#5499,#5507,.T.);
#5507 = CIRCLE('',#5508,34.);
#5508 = AXIS2_PLACEMENT_3D('',#5509,#5510,#5511);
#5509 = CARTESIAN_POINT('',(262.5,0.,305.));
#5510 = DIRECTION('',(1.,0.,-0.));
#5511 = DIRECTION('',(0.,0.,1.));
#5512 = ORIENTED_EDGE('',*,*,#5498,.T.);
#5513 = CYLINDRICAL_SURFACE('',#5514,34.);
#5514 = AXIS2_PLACEMENT_3D('',#5515,#5516,#5517);
#5515 = CARTESIAN_POINT('',(262.5,0.,305.));
#5516 = DIRECTION('',(1.,0.,0.));
#5517 = DIRECTION('',(0.,0.,1.));
#5518 = ADVANCED_FACE('',(#5519),#5522,.T.);
#5519 = FACE_BOUND('',#5520,.T.);
#5520 = EDGE_LOOP('',(#5521));
#5521 = ORIENTED_EDGE('',*,*,#5489,.T.);
#5522 = PLANE('',#5523);
#5523 = AXIS2_PLACEMENT_3D('',#5524,#5525,#5526);
#5524 = CARTESIAN_POINT('',(267.5,0.,305.));
#5525 = DIRECTION('',(1.,0.,0.));
#5526 = DIRECTION('',(0.,0.,1.));
#5527 = ADVANCED_FACE('',(#5528),#5531,.F.);
#5528 = FACE_BOUND('',#5529,.T.);
#5529 = EDGE_LOOP('',(#5530));
#5530 = ORIENTED_EDGE('',*,*,#5506,.F.);
#5531 = PLANE('',#5532);
#5532 = AXIS2_PLACEMENT_3D('',#5533,#5534,#5535);
#5533 = CARTESIAN_POINT('',(262.5,0.,305.));
#5534 = DIRECTION('',(1.,0.,0.));
#5535 = DIRECTION('',(0.,0.,1.));
#5536 = MANIFOLD_SOLID_BREP('',#5537);
#5537 = CLOSED_SHELL('',(#5538,#5571,#5580));
#5538 = ADVANCED_FACE('',(#5539),#5566,.T.);
#5539 = FACE_BOUND('',#5540,.T.);
#5540 = EDGE_LOOP('',(#5541,#5550,#5558,#5565));
#5541 = ORIENTED_EDGE('',*,*,#5542,.F.);
#5542 = EDGE_CURVE('',#5543,#5543,#5545,.T.);
#5543 = VERTEX_POINT('',#5544);
#5544 = CARTESIAN_POINT('',(317.5,8.327598234202E-15,339.));
#5545 = CIRCLE('',#5546,34.);
#5546 = AXIS2_PLACEMENT_3D('',#5547,#5548,#5549);
#5547 = CARTESIAN_POINT('',(317.5,0.,305.));
#5548 = DIRECTION('',(1.,0.,-0.));
#5549 = DIRECTION('',(0.,0.,1.));
#5550 = ORIENTED_EDGE('',*,*,#5551,.F.);
#5551 = EDGE_CURVE('',#5552,#5543,#5554,.T.);
#5552 = VERTEX_POINT('',#5553);
#5553 = CARTESIAN_POINT('',(312.5,8.327598234202E-15,339.));
#5554 = LINE('',#5555,#5556);
#5555 = CARTESIAN_POINT('',(312.5,8.327598234202E-15,339.));
#5556 = VECTOR('',#5557,1.);
#5557 = DIRECTION('',(1.,0.,0.));
#5558 = ORIENTED_EDGE('',*,*,#5559,.T.);
#5559 = EDGE_CURVE('',#5552,#5552,#5560,.T.);
#5560 = CIRCLE('',#5561,34.);
#5561 = AXIS2_PLACEMENT_3D('',#5562,#5563,#5564);
#5562 = CARTESIAN_POINT('',(312.5,0.,305.));
#5563 = DIRECTION('',(1.,0.,-0.));
#5564 = DIRECTION('',(0.,0.,1.));
#5565 = ORIENTED_EDGE('',*,*,#5551,.T.);
#5566 = CYLINDRICAL_SURFACE('',#5567,34.);
#5567 = AXIS2_PLACEMENT_3D('',#5568,#5569,#5570);
#5568 = CARTESIAN_POINT('',(312.5,0.,305.));
#5569 = DIRECTION('',(1.,0.,0.));
#5570 = DIRECTION('',(0.,0.,1.));
#5571 = ADVANCED_FACE('',(#5572),#5575,.T.);
#5572 = FACE_BOUND('',#5573,.T.);
#5573 = EDGE_LOOP('',(#5574));
#5574 = ORIENTED_EDGE('',*,*,#5542,.T.);
#5575 = PLANE('',#5576);
#5576 = AXIS2_PLACEMENT_3D('',#5577,#5578,#5579);
#5577 = CARTESIAN_POINT('',(317.5,0.,305.));
#5578 = DIRECTION('',(1.,0.,0.));
#5579 = DIRECTION('',(0.,0.,1.));
#5580 = ADVANCED_FACE('',(#5581),#5584,.F.);
#5581 = FACE_BOUND('',#5582,.T.);
#5582 = EDGE_LOOP('',(#5583));
#5583 = ORIENTED_EDGE('',*,*,#5559,.F.);
#5584 = PLANE('',#5585);
#5585 = AXIS2_PLACEMENT_3D('',#5586,#5587,#5588);
#5586 = CARTESIAN_POINT('',(312.5,0.,305.));
#5587 = DIRECTION('',(1.,0.,0.));
#5588 = DIRECTION('',(0.,0.,1.));
#5589 = MANIFOLD_SOLID_BREP('',#5590);
#5590 = CLOSED_SHELL('',(#5591,#5624,#5644,#5664));
#5591 = ADVANCED_FACE('',(#5592),#5619,.T.);
#5592 = FACE_BOUND('',#5593,.T.);
#5593 = EDGE_LOOP('',(#5594,#5603,#5611,#5618));
#5594 = ORIENTED_EDGE('',*,*,#5595,.F.);
#5595 = EDGE_CURVE('',#5596,#5596,#5598,.T.);
#5596 = VERTEX_POINT('',#5597);
#5597 = CARTESIAN_POINT('',(302.,6.613092715396E-14,575.));
#5598 = CIRCLE('',#5599,270.);
#5599 = AXIS2_PLACEMENT_3D('',#5600,#5601,#5602);
#5600 = CARTESIAN_POINT('',(302.,0.,305.));
#5601 = DIRECTION('',(1.,0.,-0.));
#5602 = DIRECTION('',(0.,0.,1.));
#5603 = ORIENTED_EDGE('',*,*,#5604,.F.);
#5604 = EDGE_CURVE('',#5605,#5596,#5607,.T.);
#5605 = VERTEX_POINT('',#5606);
#5606 = CARTESIAN_POINT('',(278.,6.613092715396E-14,575.));
#5607 = LINE('',#5608,#5609);
#5608 = CARTESIAN_POINT('',(278.,6.613092715396E-14,575.));
#5609 = VECTOR('',#5610,1.);
#5610 = DIRECTION('',(1.,0.,0.));
#5611 = ORIENTED_EDGE('',*,*,#5612,.T.);
#5612 = EDGE_CURVE('',#5605,#5605,#5613,.T.);
#5613 = CIRCLE('',#5614,270.);
#5614 = AXIS2_PLACEMENT_3D('',#5615,#5616,#5617);
#5615 = CARTESIAN_POINT('',(278.,0.,305.));
#5616 = DIRECTION('',(1.,0.,-0.));
#5617 = DIRECTION('',(0.,0.,1.));
#5618 = ORIENTED_EDGE('',*,*,#5604,.T.);
#5619 = CYLINDRICAL_SURFACE('',#5620,270.);
#5620 = AXIS2_PLACEMENT_3D('',#5621,#5622,#5623);
#5621 = CARTESIAN_POINT('',(278.,0.,305.));
#5622 = DIRECTION('',(1.,0.,0.));
#5623 = DIRECTION('',(0.,0.,1.));
#5624 = ADVANCED_FACE('',(#5625,#5628),#5639,.T.);
#5625 = FACE_BOUND('',#5626,.T.);
#5626 = EDGE_LOOP('',(#5627));
#5627 = ORIENTED_EDGE('',*,*,#5595,.T.);
#5628 = FACE_BOUND('',#5629,.T.);
#5629 = EDGE_LOOP('',(#5630));
#5630 = ORIENTED_EDGE('',*,*,#5631,.F.);
#5631 = EDGE_CURVE('',#5632,#5632,#5634,.T.);
#5632 = VERTEX_POINT('',#5633);
#5633 = CARTESIAN_POINT('',(302.,6.172219867703E-14,557.));
#5634 = CIRCLE('',#5635,252.);
#5635 = AXIS2_PLACEMENT_3D('',#5636,#5637,#5638);
#5636 = CARTESIAN_POINT('',(302.,0.,305.));
#5637 = DIRECTION('',(1.,0.,-0.));
#5638 = DIRECTION('',(0.,0.,1.));
#5639 = PLANE('',#5640);
#5640 = AXIS2_PLACEMENT_3D('',#5641,#5642,#5643);
#5641 = CARTESIAN_POINT('',(302.,0.,305.));
#5642 = DIRECTION('',(1.,0.,0.));
#5643 = DIRECTION('',(0.,0.,1.));
#5644 = ADVANCED_FACE('',(#5645,#5648),#5659,.F.);
#5645 = FACE_BOUND('',#5646,.F.);
#5646 = EDGE_LOOP('',(#5647));
#5647 = ORIENTED_EDGE('',*,*,#5612,.T.);
#5648 = FACE_BOUND('',#5649,.F.);
#5649 = EDGE_LOOP('',(#5650));
#5650 = ORIENTED_EDGE('',*,*,#5651,.F.);
#5651 = EDGE_CURVE('',#5652,#5652,#5654,.T.);
#5652 = VERTEX_POINT('',#5653);
#5653 = CARTESIAN_POINT('',(278.,6.172219867703E-14,557.));
#5654 = CIRCLE('',#5655,252.);
#5655 = AXIS2_PLACEMENT_3D('',#5656,#5657,#5658);
#5656 = CARTESIAN_POINT('',(278.,0.,305.));
#5657 = DIRECTION('',(1.,0.,-0.));
#5658 = DIRECTION('',(0.,0.,1.));
#5659 = PLANE('',#5660);
#5660 = AXIS2_PLACEMENT_3D('',#5661,#5662,#5663);
#5661 = CARTESIAN_POINT('',(278.,0.,305.));
#5662 = DIRECTION('',(1.,0.,0.));
#5663 = DIRECTION('',(0.,0.,1.));
#5664 = ADVANCED_FACE('',(#5665),#5676,.F.);
#5665 = FACE_BOUND('',#5666,.F.);
#5666 = EDGE_LOOP('',(#5667,#5668,#5674,#5675));
#5667 = ORIENTED_EDGE('',*,*,#5631,.F.);
#5668 = ORIENTED_EDGE('',*,*,#5669,.F.);
#5669 = EDGE_CURVE('',#5652,#5632,#5670,.T.);
#5670 = LINE('',#5671,#5672);
#5671 = CARTESIAN_POINT('',(276.,6.172219867703E-14,557.));
#5672 = VECTOR('',#5673,1.);
#5673 = DIRECTION('',(1.,0.,0.));
#5674 = ORIENTED_EDGE('',*,*,#5651,.T.);
#5675 = ORIENTED_EDGE('',*,*,#5669,.T.);
#5676 = CYLINDRICAL_SURFACE('',#5677,252.);
#5677 = AXIS2_PLACEMENT_3D('',#5678,#5679,#5680);
#5678 = CARTESIAN_POINT('',(276.,0.,305.));
#5679 = DIRECTION('',(1.,0.,0.));
#5680 = DIRECTION('',(0.,0.,1.));
#5681 = MANIFOLD_SOLID_BREP('',#5682);
#5682 = CLOSED_SHELL('',(#5683,#5716,#5736,#5756,#5781,#5806,#5826,#5846
    ));
#5683 = ADVANCED_FACE('',(#5684),#5711,.T.);
#5684 = FACE_BOUND('',#5685,.T.);
#5685 = EDGE_LOOP('',(#5686,#5696,#5703,#5704));
#5686 = ORIENTED_EDGE('',*,*,#5687,.T.);
#5687 = EDGE_CURVE('',#5688,#5690,#5692,.T.);
#5688 = VERTEX_POINT('',#5689);
#5689 = CARTESIAN_POINT('',(292.,7.470345474799E-14,610.));
#5690 = VERTEX_POINT('',#5691);
#5691 = CARTESIAN_POINT('',(306.,7.470345474799E-14,610.));
#5692 = LINE('',#5693,#5694);
#5693 = CARTESIAN_POINT('',(274.,7.470345474799E-14,610.));
#5694 = VECTOR('',#5695,1.);
#5695 = DIRECTION('',(1.,0.,0.));
#5696 = ORIENTED_EDGE('',*,*,#5697,.F.);
#5697 = EDGE_CURVE('',#5690,#5690,#5698,.T.);
#5698 = CIRCLE('',#5699,305.);
#5699 = AXIS2_PLACEMENT_3D('',#5700,#5701,#5702);
#5700 = CARTESIAN_POINT('',(306.,0.,305.));
#5701 = DIRECTION('',(1.,0.,-0.));
#5702 = DIRECTION('',(0.,0.,1.));
#5703 = ORIENTED_EDGE('',*,*,#5687,.F.);
#5704 = ORIENTED_EDGE('',*,*,#5705,.T.);
#5705 = EDGE_CURVE('',#5688,#5688,#5706,.T.);
#5706 = CIRCLE('',#5707,305.);
#5707 = AXIS2_PLACEMENT_3D('',#5708,#5709,#5710);
#5708 = CARTESIAN_POINT('',(292.,0.,305.));
#5709 = DIRECTION('',(1.,0.,-0.));
#5710 = DIRECTION('',(0.,0.,1.));
#5711 = CYLINDRICAL_SURFACE('',#5712,305.);
#5712 = AXIS2_PLACEMENT_3D('',#5713,#5714,#5715);
#5713 = CARTESIAN_POINT('',(274.,0.,305.));
#5714 = DIRECTION('',(1.,0.,0.));
#5715 = DIRECTION('',(0.,0.,1.));
#5716 = ADVANCED_FACE('',(#5717,#5720),#5731,.F.);
#5717 = FACE_BOUND('',#5718,.F.);
#5718 = EDGE_LOOP('',(#5719));
#5719 = ORIENTED_EDGE('',*,*,#5705,.T.);
#5720 = FACE_BOUND('',#5721,.F.);
#5721 = EDGE_LOOP('',(#5722));
#5722 = ORIENTED_EDGE('',*,*,#5723,.F.);
#5723 = EDGE_CURVE('',#5724,#5724,#5726,.T.);
#5724 = VERTEX_POINT('',#5725);
#5725 = CARTESIAN_POINT('',(292.,7.39686666685E-14,607.));
#5726 = CIRCLE('',#5727,302.);
#5727 = AXIS2_PLACEMENT_3D('',#5728,#5729,#5730);
#5728 = CARTESIAN_POINT('',(292.,0.,305.));
#5729 = DIRECTION('',(1.,0.,-0.));
#5730 = DIRECTION('',(0.,0.,1.));
#5731 = PLANE('',#5732);
#5732 = AXIS2_PLACEMENT_3D('',#5733,#5734,#5735);
#5733 = CARTESIAN_POINT('',(292.,0.,305.));
#5734 = DIRECTION('',(1.,0.,0.));
#5735 = DIRECTION('',(0.,0.,1.));
#5736 = ADVANCED_FACE('',(#5737,#5740),#5751,.T.);
#5737 = FACE_BOUND('',#5738,.T.);
#5738 = EDGE_LOOP('',(#5739));
#5739 = ORIENTED_EDGE('',*,*,#5697,.T.);
#5740 = FACE_BOUND('',#5741,.T.);
#5741 = EDGE_LOOP('',(#5742));
#5742 = ORIENTED_EDGE('',*,*,#5743,.F.);
#5743 = EDGE_CURVE('',#5744,#5744,#5746,.T.);
#5744 = VERTEX_POINT('',#5745);
#5745 = CARTESIAN_POINT('',(306.,6.56410684343E-14,573.));
#5746 = CIRCLE('',#5747,268.);
#5747 = AXIS2_PLACEMENT_3D('',#5748,#5749,#5750);
#5748 = CARTESIAN_POINT('',(306.,0.,305.));
#5749 = DIRECTION('',(1.,0.,-0.));
#5750 = DIRECTION('',(0.,0.,1.));
#5751 = PLANE('',#5752);
#5752 = AXIS2_PLACEMENT_3D('',#5753,#5754,#5755);
#5753 = CARTESIAN_POINT('',(306.,0.,305.));
#5754 = DIRECTION('',(1.,0.,0.));
#5755 = DIRECTION('',(0.,0.,1.));
#5756 = ADVANCED_FACE('',(#5757),#5776,.T.);
#5757 = FACE_BOUND('',#5758,.T.);
#5758 = EDGE_LOOP('',(#5759,#5760,#5768,#5775));
#5759 = ORIENTED_EDGE('',*,*,#5723,.F.);
#5760 = ORIENTED_EDGE('',*,*,#5761,.F.);
#5761 = EDGE_CURVE('',#5762,#5724,#5764,.T.);
#5762 = VERTEX_POINT('',#5763);
#5763 = CARTESIAN_POINT('',(288.,7.39686666685E-14,607.));
#5764 = LINE('',#5765,#5766);
#5765 = CARTESIAN_POINT('',(287.,7.39686666685E-14,607.));
#5766 = VECTOR('',#5767,1.);
#5767 = DIRECTION('',(1.,0.,0.));
#5768 = ORIENTED_EDGE('',*,*,#5769,.T.);
#5769 = EDGE_CURVE('',#5762,#5762,#5770,.T.);
#5770 = CIRCLE('',#5771,302.);
#5771 = AXIS2_PLACEMENT_3D('',#5772,#5773,#5774);
#5772 = CARTESIAN_POINT('',(288.,0.,305.));
#5773 = DIRECTION('',(1.,0.,-0.));
#5774 = DIRECTION('',(0.,0.,1.));
#5775 = ORIENTED_EDGE('',*,*,#5761,.T.);
#5776 = CYLINDRICAL_SURFACE('',#5777,302.);
#5777 = AXIS2_PLACEMENT_3D('',#5778,#5779,#5780);
#5778 = CARTESIAN_POINT('',(287.,0.,305.));
#5779 = DIRECTION('',(1.,0.,0.));
#5780 = DIRECTION('',(0.,0.,1.));
#5781 = ADVANCED_FACE('',(#5782),#5801,.F.);
#5782 = FACE_BOUND('',#5783,.F.);
#5783 = EDGE_LOOP('',(#5784,#5785,#5793,#5800));
#5784 = ORIENTED_EDGE('',*,*,#5743,.F.);
#5785 = ORIENTED_EDGE('',*,*,#5786,.F.);
#5786 = EDGE_CURVE('',#5787,#5744,#5789,.T.);
#5787 = VERTEX_POINT('',#5788);
#5788 = CARTESIAN_POINT('',(274.,6.56410684343E-14,573.));
#5789 = LINE('',#5790,#5791);
#5790 = CARTESIAN_POINT('',(272.,6.56410684343E-14,573.));
#5791 = VECTOR('',#5792,1.);
#5792 = DIRECTION('',(1.,0.,0.));
#5793 = ORIENTED_EDGE('',*,*,#5794,.T.);
#5794 = EDGE_CURVE('',#5787,#5787,#5795,.T.);
#5795 = CIRCLE('',#5796,268.);
#5796 = AXIS2_PLACEMENT_3D('',#5797,#5798,#5799);
#5797 = CARTESIAN_POINT('',(274.,0.,305.));
#5798 = DIRECTION('',(1.,0.,-0.));
#5799 = DIRECTION('',(0.,0.,1.));
#5800 = ORIENTED_EDGE('',*,*,#5786,.T.);
#5801 = CYLINDRICAL_SURFACE('',#5802,268.);
#5802 = AXIS2_PLACEMENT_3D('',#5803,#5804,#5805);
#5803 = CARTESIAN_POINT('',(272.,0.,305.));
#5804 = DIRECTION('',(1.,0.,0.));
#5805 = DIRECTION('',(0.,0.,1.));
#5806 = ADVANCED_FACE('',(#5807,#5818),#5821,.T.);
#5807 = FACE_BOUND('',#5808,.T.);
#5808 = EDGE_LOOP('',(#5809));
#5809 = ORIENTED_EDGE('',*,*,#5810,.T.);
#5810 = EDGE_CURVE('',#5811,#5811,#5813,.T.);
#5811 = VERTEX_POINT('',#5812);
#5812 = CARTESIAN_POINT('',(288.,7.470345474799E-14,610.));
#5813 = CIRCLE('',#5814,305.);
#5814 = AXIS2_PLACEMENT_3D('',#5815,#5816,#5817);
#5815 = CARTESIAN_POINT('',(288.,0.,305.));
#5816 = DIRECTION('',(1.,0.,-0.));
#5817 = DIRECTION('',(0.,0.,1.));
#5818 = FACE_BOUND('',#5819,.T.);
#5819 = EDGE_LOOP('',(#5820));
#5820 = ORIENTED_EDGE('',*,*,#5769,.F.);
#5821 = PLANE('',#5822);
#5822 = AXIS2_PLACEMENT_3D('',#5823,#5824,#5825);
#5823 = CARTESIAN_POINT('',(288.,0.,305.));
#5824 = DIRECTION('',(1.,0.,0.));
#5825 = DIRECTION('',(0.,0.,1.));
#5826 = ADVANCED_FACE('',(#5827,#5838),#5841,.F.);
#5827 = FACE_BOUND('',#5828,.F.);
#5828 = EDGE_LOOP('',(#5829));
#5829 = ORIENTED_EDGE('',*,*,#5830,.T.);
#5830 = EDGE_CURVE('',#5831,#5831,#5833,.T.);
#5831 = VERTEX_POINT('',#5832);
#5832 = CARTESIAN_POINT('',(274.,7.470345474799E-14,610.));
#5833 = CIRCLE('',#5834,305.);
#5834 = AXIS2_PLACEMENT_3D('',#5835,#5836,#5837);
#5835 = CARTESIAN_POINT('',(274.,0.,305.));
#5836 = DIRECTION('',(1.,0.,-0.));
#5837 = DIRECTION('',(0.,0.,1.));
#5838 = FACE_BOUND('',#5839,.F.);
#5839 = EDGE_LOOP('',(#5840));
#5840 = ORIENTED_EDGE('',*,*,#5794,.F.);
#5841 = PLANE('',#5842);
#5842 = AXIS2_PLACEMENT_3D('',#5843,#5844,#5845);
#5843 = CARTESIAN_POINT('',(274.,0.,305.));
#5844 = DIRECTION('',(1.,0.,0.));
#5845 = DIRECTION('',(0.,0.,1.));
#5846 = ADVANCED_FACE('',(#5847),#5858,.T.);
#5847 = FACE_BOUND('',#5848,.T.);
#5848 = EDGE_LOOP('',(#5849,#5850,#5856,#5857));
#5849 = ORIENTED_EDGE('',*,*,#5810,.F.);
#5850 = ORIENTED_EDGE('',*,*,#5851,.F.);
#5851 = EDGE_CURVE('',#5831,#5811,#5852,.T.);
#5852 = LINE('',#5853,#5854);
#5853 = CARTESIAN_POINT('',(274.,7.470345474799E-14,610.));
#5854 = VECTOR('',#5855,1.);
#5855 = DIRECTION('',(1.,0.,0.));
#5856 = ORIENTED_EDGE('',*,*,#5830,.T.);
#5857 = ORIENTED_EDGE('',*,*,#5851,.T.);
#5858 = CYLINDRICAL_SURFACE('',#5859,305.);
#5859 = AXIS2_PLACEMENT_3D('',#5860,#5861,#5862);
#5860 = CARTESIAN_POINT('',(274.,0.,305.));
#5861 = DIRECTION('',(1.,0.,0.));
#5862 = DIRECTION('',(0.,0.,1.));
#5863 = MANIFOLD_SOLID_BREP('',#5864);
#5864 = CLOSED_SHELL('',(#5865,#5898,#5907));
#5865 = ADVANCED_FACE('',(#5866),#5893,.T.);
#5866 = FACE_BOUND('',#5867,.T.);
#5867 = EDGE_LOOP('',(#5868,#5877,#5885,#5892));
#5868 = ORIENTED_EDGE('',*,*,#5869,.F.);
#5869 = EDGE_CURVE('',#5870,#5870,#5872,.T.);
#5870 = VERTEX_POINT('',#5871);
#5871 = CARTESIAN_POINT('',(297.,252.,305.));
#5872 = CIRCLE('',#5873,7.);
#5873 = AXIS2_PLACEMENT_3D('',#5874,#5875,#5876);
#5874 = CARTESIAN_POINT('',(290.,252.,305.));
#5875 = DIRECTION('',(-0.,1.,1.110223024625E-16));
#5876 = DIRECTION('',(1.,0.,0.));
#5877 = ORIENTED_EDGE('',*,*,#5878,.F.);
#5878 = EDGE_CURVE('',#5879,#5870,#5881,.T.);
#5879 = VERTEX_POINT('',#5880);
#5880 = CARTESIAN_POINT('',(297.,30.,305.));
#5881 = LINE('',#5882,#5883);
#5882 = CARTESIAN_POINT('',(297.,30.,305.));
#5883 = VECTOR('',#5884,1.);
#5884 = DIRECTION('',(0.,1.,1.110223024625E-16));
#5885 = ORIENTED_EDGE('',*,*,#5886,.T.);
#5886 = EDGE_CURVE('',#5879,#5879,#5887,.T.);
#5887 = CIRCLE('',#5888,7.);
#5888 = AXIS2_PLACEMENT_3D('',#5889,#5890,#5891);
#5889 = CARTESIAN_POINT('',(290.,30.,305.));
#5890 = DIRECTION('',(-0.,1.,1.110223024625E-16));
#5891 = DIRECTION('',(1.,0.,0.));
#5892 = ORIENTED_EDGE('',*,*,#5878,.T.);
#5893 = CYLINDRICAL_SURFACE('',#5894,7.);
#5894 = AXIS2_PLACEMENT_3D('',#5895,#5896,#5897);
#5895 = CARTESIAN_POINT('',(290.,30.,305.));
#5896 = DIRECTION('',(0.,1.,1.110223024625E-16));
#5897 = DIRECTION('',(1.,0.,0.));
#5898 = ADVANCED_FACE('',(#5899),#5902,.T.);
#5899 = FACE_BOUND('',#5900,.T.);
#5900 = EDGE_LOOP('',(#5901));
#5901 = ORIENTED_EDGE('',*,*,#5869,.T.);
#5902 = PLANE('',#5903);
#5903 = AXIS2_PLACEMENT_3D('',#5904,#5905,#5906);
#5904 = CARTESIAN_POINT('',(290.,252.,305.));
#5905 = DIRECTION('',(0.,1.,1.110223024625E-16));
#5906 = DIRECTION('',(1.,0.,0.));
#5907 = ADVANCED_FACE('',(#5908),#5911,.F.);
#5908 = FACE_BOUND('',#5909,.T.);
#5909 = EDGE_LOOP('',(#5910));
#5910 = ORIENTED_EDGE('',*,*,#5886,.F.);
#5911 = PLANE('',#5912);
#5912 = AXIS2_PLACEMENT_3D('',#5913,#5914,#5915);
#5913 = CARTESIAN_POINT('',(290.,30.,305.));
#5914 = DIRECTION('',(0.,1.,1.110223024625E-16));
#5915 = DIRECTION('',(1.,0.,0.));
#5916 = MANIFOLD_SOLID_BREP('',#5917);
#5917 = CLOSED_SHELL('',(#5918,#5951,#5960));
#5918 = ADVANCED_FACE('',(#5919),#5946,.T.);
#5919 = FACE_BOUND('',#5920,.T.);
#5920 = EDGE_LOOP('',(#5921,#5930,#5938,#5945));
#5921 = ORIENTED_EDGE('',*,*,#5922,.F.);
#5922 = EDGE_CURVE('',#5923,#5923,#5925,.T.);
#5923 = VERTEX_POINT('',#5924);
#5924 = CARTESIAN_POINT('',(297.,126.,523.23840175367));
#5925 = CIRCLE('',#5926,7.);
#5926 = AXIS2_PLACEMENT_3D('',#5927,#5928,#5929);
#5927 = CARTESIAN_POINT('',(290.,126.,523.23840175367));
#5928 = DIRECTION('',(-0.,0.5,0.866025403784));
#5929 = DIRECTION('',(1.,0.,0.));
#5930 = ORIENTED_EDGE('',*,*,#5931,.F.);
#5931 = EDGE_CURVE('',#5932,#5923,#5934,.T.);
#5932 = VERTEX_POINT('',#5933);
#5933 = CARTESIAN_POINT('',(297.,15.,330.98076211353));
#5934 = LINE('',#5935,#5936);
#5935 = CARTESIAN_POINT('',(297.,15.,330.98076211353));
#5936 = VECTOR('',#5937,1.);
#5937 = DIRECTION('',(0.,0.5,0.866025403784));
#5938 = ORIENTED_EDGE('',*,*,#5939,.T.);
#5939 = EDGE_CURVE('',#5932,#5932,#5940,.T.);
#5940 = CIRCLE('',#5941,7.);
#5941 = AXIS2_PLACEMENT_3D('',#5942,#5943,#5944);
#5942 = CARTESIAN_POINT('',(290.,15.,330.98076211353));
#5943 = DIRECTION('',(-0.,0.5,0.866025403784));
#5944 = DIRECTION('',(1.,0.,0.));
#5945 = ORIENTED_EDGE('',*,*,#5931,.T.);
#5946 = CYLINDRICAL_SURFACE('',#5947,7.);
#5947 = AXIS2_PLACEMENT_3D('',#5948,#5949,#5950);
#5948 = CARTESIAN_POINT('',(290.,15.,330.98076211353));
#5949 = DIRECTION('',(0.,0.5,0.866025403784));
#5950 = DIRECTION('',(1.,0.,0.));
#5951 = ADVANCED_FACE('',(#5952),#5955,.T.);
#5952 = FACE_BOUND('',#5953,.T.);
#5953 = EDGE_LOOP('',(#5954));
#5954 = ORIENTED_EDGE('',*,*,#5922,.T.);
#5955 = PLANE('',#5956);
#5956 = AXIS2_PLACEMENT_3D('',#5957,#5958,#5959);
#5957 = CARTESIAN_POINT('',(290.,126.,523.23840175367));
#5958 = DIRECTION('',(0.,0.5,0.866025403784));
#5959 = DIRECTION('',(1.,0.,0.));
#5960 = ADVANCED_FACE('',(#5961),#5964,.F.);
#5961 = FACE_BOUND('',#5962,.T.);
#5962 = EDGE_LOOP('',(#5963));
#5963 = ORIENTED_EDGE('',*,*,#5939,.F.);
#5964 = PLANE('',#5965);
#5965 = AXIS2_PLACEMENT_3D('',#5966,#5967,#5968);
#5966 = CARTESIAN_POINT('',(290.,15.,330.98076211353));
#5967 = DIRECTION('',(0.,0.5,0.866025403784));
#5968 = DIRECTION('',(1.,0.,0.));
#5969 = MANIFOLD_SOLID_BREP('',#5970);
#5970 = CLOSED_SHELL('',(#5971,#6004,#6013));
#5971 = ADVANCED_FACE('',(#5972),#5999,.T.);
#5972 = FACE_BOUND('',#5973,.T.);
#5973 = EDGE_LOOP('',(#5974,#5983,#5991,#5998));
#5974 = ORIENTED_EDGE('',*,*,#5975,.F.);
#5975 = EDGE_CURVE('',#5976,#5976,#5978,.T.);
#5976 = VERTEX_POINT('',#5977);
#5977 = CARTESIAN_POINT('',(297.,-126.,523.23840175367));
#5978 = CIRCLE('',#5979,7.);
#5979 = AXIS2_PLACEMENT_3D('',#5980,#5981,#5982);
#5980 = CARTESIAN_POINT('',(290.,-126.,523.23840175367));
#5981 = DIRECTION('',(0.,-0.5,0.866025403784));
#5982 = DIRECTION('',(1.,0.,0.));
#5983 = ORIENTED_EDGE('',*,*,#5984,.F.);
#5984 = EDGE_CURVE('',#5985,#5976,#5987,.T.);
#5985 = VERTEX_POINT('',#5986);
#5986 = CARTESIAN_POINT('',(297.,-15.,330.98076211353));
#5987 = LINE('',#5988,#5989);
#5988 = CARTESIAN_POINT('',(297.,-15.,330.98076211353));
#5989 = VECTOR('',#5990,1.);
#5990 = DIRECTION('',(0.,-0.5,0.866025403784));
#5991 = ORIENTED_EDGE('',*,*,#5992,.T.);
#5992 = EDGE_CURVE('',#5985,#5985,#5993,.T.);
#5993 = CIRCLE('',#5994,7.);
#5994 = AXIS2_PLACEMENT_3D('',#5995,#5996,#5997);
#5995 = CARTESIAN_POINT('',(290.,-15.,330.98076211353));
#5996 = DIRECTION('',(0.,-0.5,0.866025403784));
#5997 = DIRECTION('',(1.,0.,0.));
#5998 = ORIENTED_EDGE('',*,*,#5984,.T.);
#5999 = CYLINDRICAL_SURFACE('',#6000,7.);
#6000 = AXIS2_PLACEMENT_3D('',#6001,#6002,#6003);
#6001 = CARTESIAN_POINT('',(290.,-15.,330.98076211353));
#6002 = DIRECTION('',(0.,-0.5,0.866025403784));
#6003 = DIRECTION('',(1.,0.,0.));
#6004 = ADVANCED_FACE('',(#6005),#6008,.T.);
#6005 = FACE_BOUND('',#6006,.T.);
#6006 = EDGE_LOOP('',(#6007));
#6007 = ORIENTED_EDGE('',*,*,#5975,.T.);
#6008 = PLANE('',#6009);
#6009 = AXIS2_PLACEMENT_3D('',#6010,#6011,#6012);
#6010 = CARTESIAN_POINT('',(290.,-126.,523.23840175367));
#6011 = DIRECTION('',(0.,-0.5,0.866025403784));
#6012 = DIRECTION('',(1.,0.,0.));
#6013 = ADVANCED_FACE('',(#6014),#6017,.F.);
#6014 = FACE_BOUND('',#6015,.T.);
#6015 = EDGE_LOOP('',(#6016));
#6016 = ORIENTED_EDGE('',*,*,#5992,.F.);
#6017 = PLANE('',#6018);
#6018 = AXIS2_PLACEMENT_3D('',#6019,#6020,#6021);
#6019 = CARTESIAN_POINT('',(290.,-15.,330.98076211353));
#6020 = DIRECTION('',(0.,-0.5,0.866025403784));
#6021 = DIRECTION('',(1.,0.,0.));
#6022 = MANIFOLD_SOLID_BREP('',#6023);
#6023 = CLOSED_SHELL('',(#6024,#6057,#6066));
#6024 = ADVANCED_FACE('',(#6025),#6052,.T.);
#6025 = FACE_BOUND('',#6026,.T.);
#6026 = EDGE_LOOP('',(#6027,#6036,#6044,#6051));
#6027 = ORIENTED_EDGE('',*,*,#6028,.F.);
#6028 = EDGE_CURVE('',#6029,#6029,#6031,.T.);
#6029 = VERTEX_POINT('',#6030);
#6030 = CARTESIAN_POINT('',(297.,-252.,305.));
#6031 = CIRCLE('',#6032,7.);
#6032 = AXIS2_PLACEMENT_3D('',#6033,#6034,#6035);
#6033 = CARTESIAN_POINT('',(290.,-252.,305.));
#6034 = DIRECTION('',(0.,-1.,3.330669073875E-16));
#6035 = DIRECTION('',(1.,0.,0.));
#6036 = ORIENTED_EDGE('',*,*,#6037,.F.);
#6037 = EDGE_CURVE('',#6038,#6029,#6040,.T.);
#6038 = VERTEX_POINT('',#6039);
#6039 = CARTESIAN_POINT('',(297.,-30.,305.));
#6040 = LINE('',#6041,#6042);
#6041 = CARTESIAN_POINT('',(297.,-30.,305.));
#6042 = VECTOR('',#6043,1.);
#6043 = DIRECTION('',(0.,-1.,3.330669073875E-16));
#6044 = ORIENTED_EDGE('',*,*,#6045,.T.);
#6045 = EDGE_CURVE('',#6038,#6038,#6046,.T.);
#6046 = CIRCLE('',#6047,7.);
#6047 = AXIS2_PLACEMENT_3D('',#6048,#6049,#6050);
#6048 = CARTESIAN_POINT('',(290.,-30.,305.));
#6049 = DIRECTION('',(0.,-1.,3.330669073875E-16));
#6050 = DIRECTION('',(1.,0.,0.));
#6051 = ORIENTED_EDGE('',*,*,#6037,.T.);
#6052 = CYLINDRICAL_SURFACE('',#6053,7.);
#6053 = AXIS2_PLACEMENT_3D('',#6054,#6055,#6056);
#6054 = CARTESIAN_POINT('',(290.,-30.,305.));
#6055 = DIRECTION('',(0.,-1.,3.330669073875E-16));
#6056 = DIRECTION('',(1.,0.,0.));
#6057 = ADVANCED_FACE('',(#6058),#6061,.T.);
#6058 = FACE_BOUND('',#6059,.T.);
#6059 = EDGE_LOOP('',(#6060));
#6060 = ORIENTED_EDGE('',*,*,#6028,.T.);
#6061 = PLANE('',#6062);
#6062 = AXIS2_PLACEMENT_3D('',#6063,#6064,#6065);
#6063 = CARTESIAN_POINT('',(290.,-252.,305.));
#6064 = DIRECTION('',(0.,-1.,3.330669073875E-16));
#6065 = DIRECTION('',(1.,0.,0.));
#6066 = ADVANCED_FACE('',(#6067),#6070,.F.);
#6067 = FACE_BOUND('',#6068,.T.);
#6068 = EDGE_LOOP('',(#6069));
#6069 = ORIENTED_EDGE('',*,*,#6045,.F.);
#6070 = PLANE('',#6071);
#6071 = AXIS2_PLACEMENT_3D('',#6072,#6073,#6074);
#6072 = CARTESIAN_POINT('',(290.,-30.,305.));
#6073 = DIRECTION('',(0.,-1.,3.330669073875E-16));
#6074 = DIRECTION('',(1.,0.,0.));
#6075 = MANIFOLD_SOLID_BREP('',#6076);
#6076 = CLOSED_SHELL('',(#6077,#6110,#6119));
#6077 = ADVANCED_FACE('',(#6078),#6105,.T.);
#6078 = FACE_BOUND('',#6079,.T.);
#6079 = EDGE_LOOP('',(#6080,#6089,#6097,#6104));
#6080 = ORIENTED_EDGE('',*,*,#6081,.F.);
#6081 = EDGE_CURVE('',#6082,#6082,#6084,.T.);
#6082 = VERTEX_POINT('',#6083);
#6083 = CARTESIAN_POINT('',(297.,-126.,86.761598246322));
#6084 = CIRCLE('',#6085,7.);
#6085 = AXIS2_PLACEMENT_3D('',#6086,#6087,#6088);
#6086 = CARTESIAN_POINT('',(290.,-126.,86.761598246322));
#6087 = DIRECTION('',(0.,-0.5,-0.866025403784));
#6088 = DIRECTION('',(1.,0.,0.));
#6089 = ORIENTED_EDGE('',*,*,#6090,.F.);
#6090 = EDGE_CURVE('',#6091,#6082,#6093,.T.);
#6091 = VERTEX_POINT('',#6092);
#6092 = CARTESIAN_POINT('',(297.,-15.,279.01923788646));
#6093 = LINE('',#6094,#6095);
#6094 = CARTESIAN_POINT('',(297.,-15.,279.01923788646));
#6095 = VECTOR('',#6096,1.);
#6096 = DIRECTION('',(0.,-0.5,-0.866025403784));
#6097 = ORIENTED_EDGE('',*,*,#6098,.T.);
#6098 = EDGE_CURVE('',#6091,#6091,#6099,.T.);
#6099 = CIRCLE('',#6100,7.);
#6100 = AXIS2_PLACEMENT_3D('',#6101,#6102,#6103);
#6101 = CARTESIAN_POINT('',(290.,-15.,279.01923788646));
#6102 = DIRECTION('',(0.,-0.5,-0.866025403784));
#6103 = DIRECTION('',(1.,0.,0.));
#6104 = ORIENTED_EDGE('',*,*,#6090,.T.);
#6105 = CYLINDRICAL_SURFACE('',#6106,7.);
#6106 = AXIS2_PLACEMENT_3D('',#6107,#6108,#6109);
#6107 = CARTESIAN_POINT('',(290.,-15.,279.01923788646));
#6108 = DIRECTION('',(0.,-0.5,-0.866025403784));
#6109 = DIRECTION('',(1.,0.,0.));
#6110 = ADVANCED_FACE('',(#6111),#6114,.T.);
#6111 = FACE_BOUND('',#6112,.T.);
#6112 = EDGE_LOOP('',(#6113));
#6113 = ORIENTED_EDGE('',*,*,#6081,.T.);
#6114 = PLANE('',#6115);
#6115 = AXIS2_PLACEMENT_3D('',#6116,#6117,#6118);
#6116 = CARTESIAN_POINT('',(290.,-126.,86.761598246322));
#6117 = DIRECTION('',(0.,-0.5,-0.866025403784));
#6118 = DIRECTION('',(1.,0.,0.));
#6119 = ADVANCED_FACE('',(#6120),#6123,.F.);
#6120 = FACE_BOUND('',#6121,.T.);
#6121 = EDGE_LOOP('',(#6122));
#6122 = ORIENTED_EDGE('',*,*,#6098,.F.);
#6123 = PLANE('',#6124);
#6124 = AXIS2_PLACEMENT_3D('',#6125,#6126,#6127);
#6125 = CARTESIAN_POINT('',(290.,-15.,279.01923788646));
#6126 = DIRECTION('',(0.,-0.5,-0.866025403784));
#6127 = DIRECTION('',(1.,0.,0.));
#6128 = MANIFOLD_SOLID_BREP('',#6129);
#6129 = CLOSED_SHELL('',(#6130,#6163,#6172));
#6130 = ADVANCED_FACE('',(#6131),#6158,.T.);
#6131 = FACE_BOUND('',#6132,.T.);
#6132 = EDGE_LOOP('',(#6133,#6142,#6150,#6157));
#6133 = ORIENTED_EDGE('',*,*,#6134,.F.);
#6134 = EDGE_CURVE('',#6135,#6135,#6137,.T.);
#6135 = VERTEX_POINT('',#6136);
#6136 = CARTESIAN_POINT('',(297.,126.,86.761598246321));
#6137 = CIRCLE('',#6138,7.);
#6138 = AXIS2_PLACEMENT_3D('',#6139,#6140,#6141);
#6139 = CARTESIAN_POINT('',(290.,126.,86.761598246321));
#6140 = DIRECTION('',(0.,0.5,-0.866025403784));
#6141 = DIRECTION('',(1.,0.,0.));
#6142 = ORIENTED_EDGE('',*,*,#6143,.F.);
#6143 = EDGE_CURVE('',#6144,#6135,#6146,.T.);
#6144 = VERTEX_POINT('',#6145);
#6145 = CARTESIAN_POINT('',(297.,15.,279.01923788646));
#6146 = LINE('',#6147,#6148);
#6147 = CARTESIAN_POINT('',(297.,15.,279.01923788646));
#6148 = VECTOR('',#6149,1.);
#6149 = DIRECTION('',(0.,0.5,-0.866025403784));
#6150 = ORIENTED_EDGE('',*,*,#6151,.T.);
#6151 = EDGE_CURVE('',#6144,#6144,#6152,.T.);
#6152 = CIRCLE('',#6153,7.);
#6153 = AXIS2_PLACEMENT_3D('',#6154,#6155,#6156);
#6154 = CARTESIAN_POINT('',(290.,15.,279.01923788646));
#6155 = DIRECTION('',(0.,0.5,-0.866025403784));
#6156 = DIRECTION('',(1.,0.,0.));
#6157 = ORIENTED_EDGE('',*,*,#6143,.T.);
#6158 = CYLINDRICAL_SURFACE('',#6159,7.);
#6159 = AXIS2_PLACEMENT_3D('',#6160,#6161,#6162);
#6160 = CARTESIAN_POINT('',(290.,15.,279.01923788646));
#6161 = DIRECTION('',(0.,0.5,-0.866025403784));
#6162 = DIRECTION('',(1.,0.,0.));
#6163 = ADVANCED_FACE('',(#6164),#6167,.T.);
#6164 = FACE_BOUND('',#6165,.T.);
#6165 = EDGE_LOOP('',(#6166));
#6166 = ORIENTED_EDGE('',*,*,#6134,.T.);
#6167 = PLANE('',#6168);
#6168 = AXIS2_PLACEMENT_3D('',#6169,#6170,#6171);
#6169 = CARTESIAN_POINT('',(290.,126.,86.761598246321));
#6170 = DIRECTION('',(0.,0.5,-0.866025403784));
#6171 = DIRECTION('',(1.,0.,0.));
#6172 = ADVANCED_FACE('',(#6173),#6176,.F.);
#6173 = FACE_BOUND('',#6174,.T.);
#6174 = EDGE_LOOP('',(#6175));
#6175 = ORIENTED_EDGE('',*,*,#6151,.F.);
#6176 = PLANE('',#6177);
#6177 = AXIS2_PLACEMENT_3D('',#6178,#6179,#6180);
#6178 = CARTESIAN_POINT('',(290.,15.,279.01923788646));
#6179 = DIRECTION('',(0.,0.5,-0.866025403784));
#6180 = DIRECTION('',(1.,0.,0.));
#6181 = MANIFOLD_SOLID_BREP('',#6182);
#6182 = CLOSED_SHELL('',(#6183,#6216,#6236,#6256));
#6183 = ADVANCED_FACE('',(#6184),#6211,.T.);
#6184 = FACE_BOUND('',#6185,.T.);
#6185 = EDGE_LOOP('',(#6186,#6195,#6203,#6210));
#6186 = ORIENTED_EDGE('',*,*,#6187,.F.);
#6187 = EDGE_CURVE('',#6188,#6188,#6190,.T.);
#6188 = VERTEX_POINT('',#6189);
#6189 = CARTESIAN_POINT('',(347.,6.490628035481E-14,570.));
#6190 = CIRCLE('',#6191,265.);
#6191 = AXIS2_PLACEMENT_3D('',#6192,#6193,#6194);
#6192 = CARTESIAN_POINT('',(347.,0.,305.));
#6193 = DIRECTION('',(1.,0.,-0.));
#6194 = DIRECTION('',(0.,0.,1.));
#6195 = ORIENTED_EDGE('',*,*,#6196,.F.);
#6196 = EDGE_CURVE('',#6197,#6188,#6199,.T.);
#6197 = VERTEX_POINT('',#6198);
#6198 = CARTESIAN_POINT('',(329.,6.490628035481E-14,570.));
#6199 = LINE('',#6200,#6201);
#6200 = CARTESIAN_POINT('',(329.,6.490628035481E-14,570.));
#6201 = VECTOR('',#6202,1.);
#6202 = DIRECTION('',(1.,0.,0.));
#6203 = ORIENTED_EDGE('',*,*,#6204,.T.);
#6204 = EDGE_CURVE('',#6197,#6197,#6205,.T.);
#6205 = CIRCLE('',#6206,265.);
#6206 = AXIS2_PLACEMENT_3D('',#6207,#6208,#6209);
#6207 = CARTESIAN_POINT('',(329.,0.,305.));
#6208 = DIRECTION('',(1.,0.,-0.));
#6209 = DIRECTION('',(0.,0.,1.));
#6210 = ORIENTED_EDGE('',*,*,#6196,.T.);
#6211 = CYLINDRICAL_SURFACE('',#6212,265.);
#6212 = AXIS2_PLACEMENT_3D('',#6213,#6214,#6215);
#6213 = CARTESIAN_POINT('',(329.,0.,305.));
#6214 = DIRECTION('',(1.,0.,0.));
#6215 = DIRECTION('',(0.,0.,1.));
#6216 = ADVANCED_FACE('',(#6217,#6220),#6231,.T.);
#6217 = FACE_BOUND('',#6218,.T.);
#6218 = EDGE_LOOP('',(#6219));
#6219 = ORIENTED_EDGE('',*,*,#6187,.T.);
#6220 = FACE_BOUND('',#6221,.T.);
#6221 = EDGE_LOOP('',(#6222));
#6222 = ORIENTED_EDGE('',*,*,#6223,.F.);
#6223 = EDGE_CURVE('',#6224,#6224,#6226,.T.);
#6224 = VERTEX_POINT('',#6225);
#6225 = CARTESIAN_POINT('',(347.,6.049755187788E-14,552.));
#6226 = CIRCLE('',#6227,247.);
#6227 = AXIS2_PLACEMENT_3D('',#6228,#6229,#6230);
#6228 = CARTESIAN_POINT('',(347.,0.,305.));
#6229 = DIRECTION('',(1.,0.,-0.));
#6230 = DIRECTION('',(0.,0.,1.));
#6231 = PLANE('',#6232);
#6232 = AXIS2_PLACEMENT_3D('',#6233,#6234,#6235);
#6233 = CARTESIAN_POINT('',(347.,0.,305.));
#6234 = DIRECTION('',(1.,0.,0.));
#6235 = DIRECTION('',(0.,0.,1.));
#6236 = ADVANCED_FACE('',(#6237,#6240),#6251,.F.);
#6237 = FACE_BOUND('',#6238,.F.);
#6238 = EDGE_LOOP('',(#6239));
#6239 = ORIENTED_EDGE('',*,*,#6204,.T.);
#6240 = FACE_BOUND('',#6241,.F.);
#6241 = EDGE_LOOP('',(#6242));
#6242 = ORIENTED_EDGE('',*,*,#6243,.F.);
#6243 = EDGE_CURVE('',#6244,#6244,#6246,.T.);
#6244 = VERTEX_POINT('',#6245);
#6245 = CARTESIAN_POINT('',(329.,6.049755187788E-14,552.));
#6246 = CIRCLE('',#6247,247.);
#6247 = AXIS2_PLACEMENT_3D('',#6248,#6249,#6250);
#6248 = CARTESIAN_POINT('',(329.,0.,305.));
#6249 = DIRECTION('',(1.,0.,-0.));
#6250 = DIRECTION('',(0.,0.,1.));
#6251 = PLANE('',#6252);
#6252 = AXIS2_PLACEMENT_3D('',#6253,#6254,#6255);
#6253 = CARTESIAN_POINT('',(329.,0.,305.));
#6254 = DIRECTION('',(1.,0.,0.));
#6255 = DIRECTION('',(0.,0.,1.));
#6256 = ADVANCED_FACE('',(#6257),#6268,.F.);
#6257 = FACE_BOUND('',#6258,.F.);
#6258 = EDGE_LOOP('',(#6259,#6260,#6266,#6267));
#6259 = ORIENTED_EDGE('',*,*,#6223,.F.);
#6260 = ORIENTED_EDGE('',*,*,#6261,.F.);
#6261 = EDGE_CURVE('',#6244,#6224,#6262,.T.);
#6262 = LINE('',#6263,#6264);
#6263 = CARTESIAN_POINT('',(327.,6.049755187788E-14,552.));
#6264 = VECTOR('',#6265,1.);
#6265 = DIRECTION('',(1.,0.,0.));
#6266 = ORIENTED_EDGE('',*,*,#6243,.T.);
#6267 = ORIENTED_EDGE('',*,*,#6261,.T.);
#6268 = CYLINDRICAL_SURFACE('',#6269,247.);
#6269 = AXIS2_PLACEMENT_3D('',#6270,#6271,#6272);
#6270 = CARTESIAN_POINT('',(327.,0.,305.));
#6271 = DIRECTION('',(1.,0.,0.));
#6272 = DIRECTION('',(0.,0.,1.));
#6273 = MANIFOLD_SOLID_BREP('',#6274);
#6274 = CLOSED_SHELL('',(#6275,#6308,#6317));
#6275 = ADVANCED_FACE('',(#6276),#6303,.T.);
#6276 = FACE_BOUND('',#6277,.T.);
#6277 = EDGE_LOOP('',(#6278,#6287,#6295,#6302));
#6278 = ORIENTED_EDGE('',*,*,#6279,.F.);
#6279 = EDGE_CURVE('',#6280,#6280,#6282,.T.);
#6280 = VERTEX_POINT('',#6281);
#6281 = CARTESIAN_POINT('',(338.,216.50635094611,425.));
#6282 = CIRCLE('',#6283,5.);
#6283 = AXIS2_PLACEMENT_3D('',#6284,#6285,#6286);
#6284 = CARTESIAN_POINT('',(338.,216.50635094611,430.));
#6285 = DIRECTION('',(1.,-0.,1.110223024625E-16));
#6286 = DIRECTION('',(1.110223024625E-16,0.,-1.));
#6287 = ORIENTED_EDGE('',*,*,#6288,.F.);
#6288 = EDGE_CURVE('',#6289,#6280,#6291,.T.);
#6289 = VERTEX_POINT('',#6290);
#6290 = CARTESIAN_POINT('',(290.,216.50635094611,425.));
#6291 = LINE('',#6292,#6293);
#6292 = CARTESIAN_POINT('',(290.,216.50635094611,425.));
#6293 = VECTOR('',#6294,1.);
#6294 = DIRECTION('',(1.,0.,1.110223024625E-16));
#6295 = ORIENTED_EDGE('',*,*,#6296,.T.);
#6296 = EDGE_CURVE('',#6289,#6289,#6297,.T.);
#6297 = CIRCLE('',#6298,5.);
#6298 = AXIS2_PLACEMENT_3D('',#6299,#6300,#6301);
#6299 = CARTESIAN_POINT('',(290.,216.50635094611,430.));
#6300 = DIRECTION('',(1.,-0.,1.110223024625E-16));
#6301 = DIRECTION('',(1.110223024625E-16,0.,-1.));
#6302 = ORIENTED_EDGE('',*,*,#6288,.T.);
#6303 = CYLINDRICAL_SURFACE('',#6304,5.);
#6304 = AXIS2_PLACEMENT_3D('',#6305,#6306,#6307);
#6305 = CARTESIAN_POINT('',(290.,216.50635094611,430.));
#6306 = DIRECTION('',(1.,0.,1.110223024625E-16));
#6307 = DIRECTION('',(1.110223024625E-16,0.,-1.));
#6308 = ADVANCED_FACE('',(#6309),#6312,.T.);
#6309 = FACE_BOUND('',#6310,.T.);
#6310 = EDGE_LOOP('',(#6311));
#6311 = ORIENTED_EDGE('',*,*,#6279,.T.);
#6312 = PLANE('',#6313);
#6313 = AXIS2_PLACEMENT_3D('',#6314,#6315,#6316);
#6314 = CARTESIAN_POINT('',(338.,216.50635094611,430.));
#6315 = DIRECTION('',(1.,0.,1.110223024625E-16));
#6316 = DIRECTION('',(1.110223024625E-16,0.,-1.));
#6317 = ADVANCED_FACE('',(#6318),#6321,.F.);
#6318 = FACE_BOUND('',#6319,.T.);
#6319 = EDGE_LOOP('',(#6320));
#6320 = ORIENTED_EDGE('',*,*,#6296,.F.);
#6321 = PLANE('',#6322);
#6322 = AXIS2_PLACEMENT_3D('',#6323,#6324,#6325);
#6323 = CARTESIAN_POINT('',(290.,216.50635094611,430.));
#6324 = DIRECTION('',(1.,0.,1.110223024625E-16));
#6325 = DIRECTION('',(1.110223024625E-16,0.,-1.));
#6326 = MANIFOLD_SOLID_BREP('',#6327);
#6327 = CLOSED_SHELL('',(#6328,#6361,#6370));
#6328 = ADVANCED_FACE('',(#6329),#6356,.T.);
#6329 = FACE_BOUND('',#6330,.T.);
#6330 = EDGE_LOOP('',(#6331,#6340,#6348,#6355));
#6331 = ORIENTED_EDGE('',*,*,#6332,.F.);
#6332 = EDGE_CURVE('',#6333,#6333,#6335,.T.);
#6333 = VERTEX_POINT('',#6334);
#6334 = CARTESIAN_POINT('',(338.,1.408343819019E-14,550.));
#6335 = CIRCLE('',#6336,5.);
#6336 = AXIS2_PLACEMENT_3D('',#6337,#6338,#6339);
#6337 = CARTESIAN_POINT('',(338.,1.530808498934E-14,555.));
#6338 = DIRECTION('',(1.,-0.,1.110223024625E-16));
#6339 = DIRECTION('',(1.110223024625E-16,0.,-1.));
#6340 = ORIENTED_EDGE('',*,*,#6341,.F.);
#6341 = EDGE_CURVE('',#6342,#6333,#6344,.T.);
#6342 = VERTEX_POINT('',#6343);
#6343 = CARTESIAN_POINT('',(290.,1.408343819019E-14,550.));
#6344 = LINE('',#6345,#6346);
#6345 = CARTESIAN_POINT('',(290.,1.408343819019E-14,550.));
#6346 = VECTOR('',#6347,1.);
#6347 = DIRECTION('',(1.,0.,1.110223024625E-16));
#6348 = ORIENTED_EDGE('',*,*,#6349,.T.);
#6349 = EDGE_CURVE('',#6342,#6342,#6350,.T.);
#6350 = CIRCLE('',#6351,5.);
#6351 = AXIS2_PLACEMENT_3D('',#6352,#6353,#6354);
#6352 = CARTESIAN_POINT('',(290.,1.530808498934E-14,555.));
#6353 = DIRECTION('',(1.,-0.,1.110223024625E-16));
#6354 = DIRECTION('',(1.110223024625E-16,0.,-1.));
#6355 = ORIENTED_EDGE('',*,*,#6341,.T.);
#6356 = CYLINDRICAL_SURFACE('',#6357,5.);
#6357 = AXIS2_PLACEMENT_3D('',#6358,#6359,#6360);
#6358 = CARTESIAN_POINT('',(290.,1.530808498934E-14,555.));
#6359 = DIRECTION('',(1.,0.,1.110223024625E-16));
#6360 = DIRECTION('',(1.110223024625E-16,0.,-1.));
#6361 = ADVANCED_FACE('',(#6362),#6365,.T.);
#6362 = FACE_BOUND('',#6363,.T.);
#6363 = EDGE_LOOP('',(#6364));
#6364 = ORIENTED_EDGE('',*,*,#6332,.T.);
#6365 = PLANE('',#6366);
#6366 = AXIS2_PLACEMENT_3D('',#6367,#6368,#6369);
#6367 = CARTESIAN_POINT('',(338.,1.530808498934E-14,555.));
#6368 = DIRECTION('',(1.,0.,1.110223024625E-16));
#6369 = DIRECTION('',(1.110223024625E-16,0.,-1.));
#6370 = ADVANCED_FACE('',(#6371),#6374,.F.);
#6371 = FACE_BOUND('',#6372,.T.);
#6372 = EDGE_LOOP('',(#6373));
#6373 = ORIENTED_EDGE('',*,*,#6349,.F.);
#6374 = PLANE('',#6375);
#6375 = AXIS2_PLACEMENT_3D('',#6376,#6377,#6378);
#6376 = CARTESIAN_POINT('',(290.,1.530808498934E-14,555.));
#6377 = DIRECTION('',(1.,0.,1.110223024625E-16));
#6378 = DIRECTION('',(1.110223024625E-16,0.,-1.));
#6379 = MANIFOLD_SOLID_BREP('',#6380);
#6380 = CLOSED_SHELL('',(#6381,#6414,#6423));
#6381 = ADVANCED_FACE('',(#6382),#6409,.T.);
#6382 = FACE_BOUND('',#6383,.T.);
#6383 = EDGE_LOOP('',(#6384,#6393,#6401,#6408));
#6384 = ORIENTED_EDGE('',*,*,#6385,.F.);
#6385 = EDGE_CURVE('',#6386,#6386,#6388,.T.);
#6386 = VERTEX_POINT('',#6387);
#6387 = CARTESIAN_POINT('',(338.,-216.5063509461,425.));
#6388 = CIRCLE('',#6389,5.);
#6389 = AXIS2_PLACEMENT_3D('',#6390,#6391,#6392);
#6390 = CARTESIAN_POINT('',(338.,-216.5063509461,430.));
#6391 = DIRECTION('',(1.,-0.,1.110223024625E-16));
#6392 = DIRECTION('',(1.110223024625E-16,0.,-1.));
#6393 = ORIENTED_EDGE('',*,*,#6394,.F.);
#6394 = EDGE_CURVE('',#6395,#6386,#6397,.T.);
#6395 = VERTEX_POINT('',#6396);
#6396 = CARTESIAN_POINT('',(290.,-216.5063509461,425.));
#6397 = LINE('',#6398,#6399);
#6398 = CARTESIAN_POINT('',(290.,-216.5063509461,425.));
#6399 = VECTOR('',#6400,1.);
#6400 = DIRECTION('',(1.,0.,1.110223024625E-16));
#6401 = ORIENTED_EDGE('',*,*,#6402,.T.);
#6402 = EDGE_CURVE('',#6395,#6395,#6403,.T.);
#6403 = CIRCLE('',#6404,5.);
#6404 = AXIS2_PLACEMENT_3D('',#6405,#6406,#6407);
#6405 = CARTESIAN_POINT('',(290.,-216.5063509461,430.));
#6406 = DIRECTION('',(1.,-0.,1.110223024625E-16));
#6407 = DIRECTION('',(1.110223024625E-16,0.,-1.));
#6408 = ORIENTED_EDGE('',*,*,#6394,.T.);
#6409 = CYLINDRICAL_SURFACE('',#6410,5.);
#6410 = AXIS2_PLACEMENT_3D('',#6411,#6412,#6413);
#6411 = CARTESIAN_POINT('',(290.,-216.5063509461,430.));
#6412 = DIRECTION('',(1.,0.,1.110223024625E-16));
#6413 = DIRECTION('',(1.110223024625E-16,0.,-1.));
#6414 = ADVANCED_FACE('',(#6415),#6418,.T.);
#6415 = FACE_BOUND('',#6416,.T.);
#6416 = EDGE_LOOP('',(#6417));
#6417 = ORIENTED_EDGE('',*,*,#6385,.T.);
#6418 = PLANE('',#6419);
#6419 = AXIS2_PLACEMENT_3D('',#6420,#6421,#6422);
#6420 = CARTESIAN_POINT('',(338.,-216.5063509461,430.));
#6421 = DIRECTION('',(1.,0.,1.110223024625E-16));
#6422 = DIRECTION('',(1.110223024625E-16,0.,-1.));
#6423 = ADVANCED_FACE('',(#6424),#6427,.F.);
#6424 = FACE_BOUND('',#6425,.T.);
#6425 = EDGE_LOOP('',(#6426));
#6426 = ORIENTED_EDGE('',*,*,#6402,.F.);
#6427 = PLANE('',#6428);
#6428 = AXIS2_PLACEMENT_3D('',#6429,#6430,#6431);
#6429 = CARTESIAN_POINT('',(290.,-216.5063509461,430.));
#6430 = DIRECTION('',(1.,0.,1.110223024625E-16));
#6431 = DIRECTION('',(1.110223024625E-16,0.,-1.));
#6432 = MANIFOLD_SOLID_BREP('',#6433);
#6433 = CLOSED_SHELL('',(#6434,#6467,#6476));
#6434 = ADVANCED_FACE('',(#6435),#6462,.T.);
#6435 = FACE_BOUND('',#6436,.T.);
#6436 = EDGE_LOOP('',(#6437,#6446,#6454,#6461));
#6437 = ORIENTED_EDGE('',*,*,#6438,.F.);
#6438 = EDGE_CURVE('',#6439,#6439,#6441,.T.);
#6439 = VERTEX_POINT('',#6440);
#6440 = CARTESIAN_POINT('',(338.,-216.5063509461,175.));
#6441 = CIRCLE('',#6442,5.);
#6442 = AXIS2_PLACEMENT_3D('',#6443,#6444,#6445);
#6443 = CARTESIAN_POINT('',(338.,-216.5063509461,180.));
#6444 = DIRECTION('',(1.,-0.,1.110223024625E-16));
#6445 = DIRECTION('',(1.110223024625E-16,0.,-1.));
#6446 = ORIENTED_EDGE('',*,*,#6447,.F.);
#6447 = EDGE_CURVE('',#6448,#6439,#6450,.T.);
#6448 = VERTEX_POINT('',#6449);
#6449 = CARTESIAN_POINT('',(290.,-216.5063509461,175.));
#6450 = LINE('',#6451,#6452);
#6451 = CARTESIAN_POINT('',(290.,-216.5063509461,175.));
#6452 = VECTOR('',#6453,1.);
#6453 = DIRECTION('',(1.,0.,1.110223024625E-16));
#6454 = ORIENTED_EDGE('',*,*,#6455,.T.);
#6455 = EDGE_CURVE('',#6448,#6448,#6456,.T.);
#6456 = CIRCLE('',#6457,5.);
#6457 = AXIS2_PLACEMENT_3D('',#6458,#6459,#6460);
#6458 = CARTESIAN_POINT('',(290.,-216.5063509461,180.));
#6459 = DIRECTION('',(1.,-0.,1.110223024625E-16));
#6460 = DIRECTION('',(1.110223024625E-16,0.,-1.));
#6461 = ORIENTED_EDGE('',*,*,#6447,.T.);
#6462 = CYLINDRICAL_SURFACE('',#6463,5.);
#6463 = AXIS2_PLACEMENT_3D('',#6464,#6465,#6466);
#6464 = CARTESIAN_POINT('',(290.,-216.5063509461,180.));
#6465 = DIRECTION('',(1.,0.,1.110223024625E-16));
#6466 = DIRECTION('',(1.110223024625E-16,0.,-1.));
#6467 = ADVANCED_FACE('',(#6468),#6471,.T.);
#6468 = FACE_BOUND('',#6469,.T.);
#6469 = EDGE_LOOP('',(#6470));
#6470 = ORIENTED_EDGE('',*,*,#6438,.T.);
#6471 = PLANE('',#6472);
#6472 = AXIS2_PLACEMENT_3D('',#6473,#6474,#6475);
#6473 = CARTESIAN_POINT('',(338.,-216.5063509461,180.));
#6474 = DIRECTION('',(1.,0.,1.110223024625E-16));
#6475 = DIRECTION('',(1.110223024625E-16,0.,-1.));
#6476 = ADVANCED_FACE('',(#6477),#6480,.F.);
#6477 = FACE_BOUND('',#6478,.T.);
#6478 = EDGE_LOOP('',(#6479));
#6479 = ORIENTED_EDGE('',*,*,#6455,.F.);
#6480 = PLANE('',#6481);
#6481 = AXIS2_PLACEMENT_3D('',#6482,#6483,#6484);
#6482 = CARTESIAN_POINT('',(290.,-216.5063509461,180.));
#6483 = DIRECTION('',(1.,0.,1.110223024625E-16));
#6484 = DIRECTION('',(1.110223024625E-16,0.,-1.));
#6485 = MANIFOLD_SOLID_BREP('',#6486);
#6486 = CLOSED_SHELL('',(#6487,#6520,#6529));
#6487 = ADVANCED_FACE('',(#6488),#6515,.T.);
#6488 = FACE_BOUND('',#6489,.T.);
#6489 = EDGE_LOOP('',(#6490,#6499,#6507,#6514));
#6490 = ORIENTED_EDGE('',*,*,#6491,.F.);
#6491 = EDGE_CURVE('',#6492,#6492,#6494,.T.);
#6492 = VERTEX_POINT('',#6493);
#6493 = CARTESIAN_POINT('',(338.,-4.714890176717E-14,50.));
#6494 = CIRCLE('',#6495,5.);
#6495 = AXIS2_PLACEMENT_3D('',#6496,#6497,#6498);
#6496 = CARTESIAN_POINT('',(338.,-4.592425496803E-14,55.));
#6497 = DIRECTION('',(1.,-0.,1.110223024625E-16));
#6498 = DIRECTION('',(1.110223024625E-16,0.,-1.));
#6499 = ORIENTED_EDGE('',*,*,#6500,.F.);
#6500 = EDGE_CURVE('',#6501,#6492,#6503,.T.);
#6501 = VERTEX_POINT('',#6502);
#6502 = CARTESIAN_POINT('',(290.,-4.714890176717E-14,50.));
#6503 = LINE('',#6504,#6505);
#6504 = CARTESIAN_POINT('',(290.,-4.714890176717E-14,50.));
#6505 = VECTOR('',#6506,1.);
#6506 = DIRECTION('',(1.,0.,1.110223024625E-16));
#6507 = ORIENTED_EDGE('',*,*,#6508,.T.);
#6508 = EDGE_CURVE('',#6501,#6501,#6509,.T.);
#6509 = CIRCLE('',#6510,5.);
#6510 = AXIS2_PLACEMENT_3D('',#6511,#6512,#6513);
#6511 = CARTESIAN_POINT('',(290.,-4.592425496803E-14,55.));
#6512 = DIRECTION('',(1.,-0.,1.110223024625E-16));
#6513 = DIRECTION('',(1.110223024625E-16,0.,-1.));
#6514 = ORIENTED_EDGE('',*,*,#6500,.T.);
#6515 = CYLINDRICAL_SURFACE('',#6516,5.);
#6516 = AXIS2_PLACEMENT_3D('',#6517,#6518,#6519);
#6517 = CARTESIAN_POINT('',(290.,-4.592425496803E-14,55.));
#6518 = DIRECTION('',(1.,0.,1.110223024625E-16));
#6519 = DIRECTION('',(1.110223024625E-16,0.,-1.));
#6520 = ADVANCED_FACE('',(#6521),#6524,.T.);
#6521 = FACE_BOUND('',#6522,.T.);
#6522 = EDGE_LOOP('',(#6523));
#6523 = ORIENTED_EDGE('',*,*,#6491,.T.);
#6524 = PLANE('',#6525);
#6525 = AXIS2_PLACEMENT_3D('',#6526,#6527,#6528);
#6526 = CARTESIAN_POINT('',(338.,-4.592425496803E-14,55.));
#6527 = DIRECTION('',(1.,0.,1.110223024625E-16));
#6528 = DIRECTION('',(1.110223024625E-16,0.,-1.));
#6529 = ADVANCED_FACE('',(#6530),#6533,.F.);
#6530 = FACE_BOUND('',#6531,.T.);
#6531 = EDGE_LOOP('',(#6532));
#6532 = ORIENTED_EDGE('',*,*,#6508,.F.);
#6533 = PLANE('',#6534);
#6534 = AXIS2_PLACEMENT_3D('',#6535,#6536,#6537);
#6535 = CARTESIAN_POINT('',(290.,-4.592425496803E-14,55.));
#6536 = DIRECTION('',(1.,0.,1.110223024625E-16));
#6537 = DIRECTION('',(1.110223024625E-16,0.,-1.));
#6538 = MANIFOLD_SOLID_BREP('',#6539);
#6539 = CLOSED_SHELL('',(#6540,#6573,#6582));
#6540 = ADVANCED_FACE('',(#6541),#6568,.T.);
#6541 = FACE_BOUND('',#6542,.T.);
#6542 = EDGE_LOOP('',(#6543,#6552,#6560,#6567));
#6543 = ORIENTED_EDGE('',*,*,#6544,.F.);
#6544 = EDGE_CURVE('',#6545,#6545,#6547,.T.);
#6545 = VERTEX_POINT('',#6546);
#6546 = CARTESIAN_POINT('',(338.,216.50635094611,175.));
#6547 = CIRCLE('',#6548,5.);
#6548 = AXIS2_PLACEMENT_3D('',#6549,#6550,#6551);
#6549 = CARTESIAN_POINT('',(338.,216.50635094611,180.));
#6550 = DIRECTION('',(1.,-0.,1.110223024625E-16));
#6551 = DIRECTION('',(1.110223024625E-16,0.,-1.));
#6552 = ORIENTED_EDGE('',*,*,#6553,.F.);
#6553 = EDGE_CURVE('',#6554,#6545,#6556,.T.);
#6554 = VERTEX_POINT('',#6555);
#6555 = CARTESIAN_POINT('',(290.,216.50635094611,175.));
#6556 = LINE('',#6557,#6558);
#6557 = CARTESIAN_POINT('',(290.,216.50635094611,175.));
#6558 = VECTOR('',#6559,1.);
#6559 = DIRECTION('',(1.,0.,1.110223024625E-16));
#6560 = ORIENTED_EDGE('',*,*,#6561,.T.);
#6561 = EDGE_CURVE('',#6554,#6554,#6562,.T.);
#6562 = CIRCLE('',#6563,5.);
#6563 = AXIS2_PLACEMENT_3D('',#6564,#6565,#6566);
#6564 = CARTESIAN_POINT('',(290.,216.50635094611,180.));
#6565 = DIRECTION('',(1.,-0.,1.110223024625E-16));
#6566 = DIRECTION('',(1.110223024625E-16,0.,-1.));
#6567 = ORIENTED_EDGE('',*,*,#6553,.T.);
#6568 = CYLINDRICAL_SURFACE('',#6569,5.);
#6569 = AXIS2_PLACEMENT_3D('',#6570,#6571,#6572);
#6570 = CARTESIAN_POINT('',(290.,216.50635094611,180.));
#6571 = DIRECTION('',(1.,0.,1.110223024625E-16));
#6572 = DIRECTION('',(1.110223024625E-16,0.,-1.));
#6573 = ADVANCED_FACE('',(#6574),#6577,.T.);
#6574 = FACE_BOUND('',#6575,.T.);
#6575 = EDGE_LOOP('',(#6576));
#6576 = ORIENTED_EDGE('',*,*,#6544,.T.);
#6577 = PLANE('',#6578);
#6578 = AXIS2_PLACEMENT_3D('',#6579,#6580,#6581);
#6579 = CARTESIAN_POINT('',(338.,216.50635094611,180.));
#6580 = DIRECTION('',(1.,0.,1.110223024625E-16));
#6581 = DIRECTION('',(1.110223024625E-16,0.,-1.));
#6582 = ADVANCED_FACE('',(#6583),#6586,.F.);
#6583 = FACE_BOUND('',#6584,.T.);
#6584 = EDGE_LOOP('',(#6585));
#6585 = ORIENTED_EDGE('',*,*,#6561,.F.);
#6586 = PLANE('',#6587);
#6587 = AXIS2_PLACEMENT_3D('',#6588,#6589,#6590);
#6588 = CARTESIAN_POINT('',(290.,216.50635094611,180.));
#6589 = DIRECTION('',(1.,0.,1.110223024625E-16));
#6590 = DIRECTION('',(1.110223024625E-16,0.,-1.));
#6591 = MANIFOLD_SOLID_BREP('',#6592);
#6592 = CLOSED_SHELL('',(#6593,#6626,#6968,#7310,#7327,#7344,#7361,#7378
    ,#7395,#7412,#7429,#7446,#7463,#7480,#7497,#7514,#7536,#7553,#7565,
    #7587,#7604,#7616,#7633,#7650,#7667,#7684,#7701,#7718,#7735,#7752,
    #7769,#7786,#7803,#7820));
#6593 = ADVANCED_FACE('',(#6594),#6621,.T.);
#6594 = FACE_BOUND('',#6595,.T.);
#6595 = EDGE_LOOP('',(#6596,#6605,#6613,#6620));
#6596 = ORIENTED_EDGE('',*,*,#6597,.F.);
#6597 = EDGE_CURVE('',#6598,#6598,#6600,.T.);
#6598 = VERTEX_POINT('',#6599);
#6599 = CARTESIAN_POINT('',(266.5,-8.327598234202E-15,271.));
#6600 = CIRCLE('',#6601,34.);
#6601 = AXIS2_PLACEMENT_3D('',#6602,#6603,#6604);
#6602 = CARTESIAN_POINT('',(266.5,0.,305.));
#6603 = DIRECTION('',(1.,-0.,1.110223024625E-16));
#6604 = DIRECTION('',(1.110223024625E-16,0.,-1.));
#6605 = ORIENTED_EDGE('',*,*,#6606,.F.);
#6606 = EDGE_CURVE('',#6607,#6598,#6609,.T.);
#6607 = VERTEX_POINT('',#6608);
#6608 = CARTESIAN_POINT('',(262.,-8.327598234202E-15,271.));
#6609 = LINE('',#6610,#6611);
#6610 = CARTESIAN_POINT('',(262.,-8.327598234202E-15,271.));
#6611 = VECTOR('',#6612,1.);
#6612 = DIRECTION('',(1.,0.,1.110223024625E-16));
#6613 = ORIENTED_EDGE('',*,*,#6614,.T.);
#6614 = EDGE_CURVE('',#6607,#6607,#6615,.T.);
#6615 = CIRCLE('',#6616,34.);
#6616 = AXIS2_PLACEMENT_3D('',#6617,#6618,#6619);
#6617 = CARTESIAN_POINT('',(262.,0.,305.));
#6618 = DIRECTION('',(1.,-0.,1.110223024625E-16));
#6619 = DIRECTION('',(1.110223024625E-16,0.,-1.));
#6620 = ORIENTED_EDGE('',*,*,#6606,.T.);
#6621 = CYLINDRICAL_SURFACE('',#6622,34.);
#6622 = AXIS2_PLACEMENT_3D('',#6623,#6624,#6625);
#6623 = CARTESIAN_POINT('',(262.,0.,305.));
#6624 = DIRECTION('',(1.,0.,1.110223024625E-16));
#6625 = DIRECTION('',(1.110223024625E-16,0.,-1.));
#6626 = ADVANCED_FACE('',(#6627,#6630,#6641,#6652,#6663,#6674,#6685,
    #6696,#6707,#6718,#6729,#6740,#6751,#6762,#6791,#6820,#6831,#6842,
    #6853,#6864,#6875,#6886,#6897,#6908,#6919,#6930,#6941,#6952),#6963,
  .T.);
#6627 = FACE_BOUND('',#6628,.T.);
#6628 = EDGE_LOOP('',(#6629));
#6629 = ORIENTED_EDGE('',*,*,#6597,.T.);
#6630 = FACE_BOUND('',#6631,.T.);
#6631 = EDGE_LOOP('',(#6632));
#6632 = ORIENTED_EDGE('',*,*,#6633,.F.);
#6633 = EDGE_CURVE('',#6634,#6634,#6636,.T.);
#6634 = VERTEX_POINT('',#6635);
#6635 = CARTESIAN_POINT('',(266.5,-21.21320343559,323.61320343559));
#6636 = CIRCLE('',#6637,2.6);
#6637 = AXIS2_PLACEMENT_3D('',#6638,#6639,#6640);
#6638 = CARTESIAN_POINT('',(266.5,-21.21320343559,326.21320343559));
#6639 = DIRECTION('',(1.,-0.,1.110223024625E-16));
#6640 = DIRECTION('',(1.110223024625E-16,0.,-1.));
#6641 = FACE_BOUND('',#6642,.T.);
#6642 = EDGE_LOOP('',(#6643));
#6643 = ORIENTED_EDGE('',*,*,#6644,.F.);
#6644 = EDGE_CURVE('',#6645,#6645,#6647,.T.);
#6645 = VERTEX_POINT('',#6646);
#6646 = CARTESIAN_POINT('',(266.5,-27.71638597533,313.88050297095));
#6647 = CIRCLE('',#6648,2.6);
#6648 = AXIS2_PLACEMENT_3D('',#6649,#6650,#6651);
#6649 = CARTESIAN_POINT('',(266.5,-27.71638597533,316.48050297095));
#6650 = DIRECTION('',(1.,-0.,1.110223024625E-16));
#6651 = DIRECTION('',(1.110223024625E-16,0.,-1.));
#6652 = FACE_BOUND('',#6653,.T.);
#6653 = EDGE_LOOP('',(#6654));
#6654 = ORIENTED_EDGE('',*,*,#6655,.F.);
#6655 = EDGE_CURVE('',#6656,#6656,#6658,.T.);
#6656 = VERTEX_POINT('',#6657);
#6657 = CARTESIAN_POINT('',(266.5,-30.,302.4));
#6658 = CIRCLE('',#6659,2.6);
#6659 = AXIS2_PLACEMENT_3D('',#6660,#6661,#6662);
#6660 = CARTESIAN_POINT('',(266.5,-30.,305.));
#6661 = DIRECTION('',(1.,-0.,1.110223024625E-16));
#6662 = DIRECTION('',(1.110223024625E-16,0.,-1.));
#6663 = FACE_BOUND('',#6664,.T.);
#6664 = EDGE_LOOP('',(#6665));
#6665 = ORIENTED_EDGE('',*,*,#6666,.F.);
#6666 = EDGE_CURVE('',#6667,#6667,#6669,.T.);
#6667 = VERTEX_POINT('',#6668);
#6668 = CARTESIAN_POINT('',(266.5,-21.21762239271,313.75));
#6669 = CIRCLE('',#6670,3.5);
#6670 = AXIS2_PLACEMENT_3D('',#6671,#6672,#6673);
#6671 = CARTESIAN_POINT('',(266.5,-21.21762239271,317.25));
#6672 = DIRECTION('',(1.,-0.,1.110223024625E-16));
#6673 = DIRECTION('',(1.110223024625E-16,0.,-1.));
#6674 = FACE_BOUND('',#6675,.T.);
#6675 = EDGE_LOOP('',(#6676));
#6676 = ORIENTED_EDGE('',*,*,#6677,.F.);
#6677 = EDGE_CURVE('',#6678,#6678,#6680,.T.);
#6678 = VERTEX_POINT('',#6679);
#6679 = CARTESIAN_POINT('',(266.5,-20.,302.4));
#6680 = CIRCLE('',#6681,2.6);
#6681 = AXIS2_PLACEMENT_3D('',#6682,#6683,#6684);
#6682 = CARTESIAN_POINT('',(266.5,-20.,305.));
#6683 = DIRECTION('',(1.,-0.,1.110223024625E-16));
#6684 = DIRECTION('',(1.110223024625E-16,0.,-1.));
#6685 = FACE_BOUND('',#6686,.T.);
#6686 = EDGE_LOOP('',(#6687));
#6687 = ORIENTED_EDGE('',*,*,#6688,.F.);
#6688 = EDGE_CURVE('',#6689,#6689,#6691,.T.);
#6689 = VERTEX_POINT('',#6690);
#6690 = CARTESIAN_POINT('',(266.5,-11.48050297095,330.11638597533));
#6691 = CIRCLE('',#6692,2.6);
#6692 = AXIS2_PLACEMENT_3D('',#6693,#6694,#6695);
#6693 = CARTESIAN_POINT('',(266.5,-11.48050297095,332.71638597533));
#6694 = DIRECTION('',(1.,-0.,1.110223024625E-16));
#6695 = DIRECTION('',(1.110223024625E-16,0.,-1.));
#6696 = FACE_BOUND('',#6697,.T.);
#6697 = EDGE_LOOP('',(#6698));
#6698 = ORIENTED_EDGE('',*,*,#6699,.F.);
#6699 = EDGE_CURVE('',#6700,#6700,#6702,.T.);
#6700 = VERTEX_POINT('',#6701);
#6701 = CARTESIAN_POINT('',(266.5,-10.,319.72050807568));
#6702 = CIRCLE('',#6703,2.6);
#6703 = AXIS2_PLACEMENT_3D('',#6704,#6705,#6706);
#6704 = CARTESIAN_POINT('',(266.5,-10.,322.32050807568));
#6705 = DIRECTION('',(1.,-0.,1.110223024625E-16));
#6706 = DIRECTION('',(1.110223024625E-16,0.,-1.));
#6707 = FACE_BOUND('',#6708,.T.);
#6708 = EDGE_LOOP('',(#6709));
#6709 = ORIENTED_EDGE('',*,*,#6710,.F.);
#6710 = EDGE_CURVE('',#6711,#6711,#6713,.T.);
#6711 = VERTEX_POINT('',#6712);
#6712 = CARTESIAN_POINT('',(266.5,-27.71638597533,290.91949702904));
#6713 = CIRCLE('',#6714,2.6);
#6714 = AXIS2_PLACEMENT_3D('',#6715,#6716,#6717);
#6715 = CARTESIAN_POINT('',(266.5,-27.71638597533,293.51949702904));
#6716 = DIRECTION('',(1.,-0.,1.110223024625E-16));
#6717 = DIRECTION('',(1.110223024625E-16,0.,-1.));
#6718 = FACE_BOUND('',#6719,.T.);
#6719 = EDGE_LOOP('',(#6720));
#6720 = ORIENTED_EDGE('',*,*,#6721,.F.);
#6721 = EDGE_CURVE('',#6722,#6722,#6724,.T.);
#6722 = VERTEX_POINT('',#6723);
#6723 = CARTESIAN_POINT('',(266.5,-21.21762239271,289.25));
#6724 = CIRCLE('',#6725,3.5);
#6725 = AXIS2_PLACEMENT_3D('',#6726,#6727,#6728);
#6726 = CARTESIAN_POINT('',(266.5,-21.21762239271,292.75));
#6727 = DIRECTION('',(1.,-0.,1.110223024625E-16));
#6728 = DIRECTION('',(1.110223024625E-16,0.,-1.));
#6729 = FACE_BOUND('',#6730,.T.);
#6730 = EDGE_LOOP('',(#6731));
#6731 = ORIENTED_EDGE('',*,*,#6732,.F.);
#6732 = EDGE_CURVE('',#6733,#6733,#6735,.T.);
#6733 = VERTEX_POINT('',#6734);
#6734 = CARTESIAN_POINT('',(266.5,-21.21320343559,281.1867965644));
#6735 = CIRCLE('',#6736,2.6);
#6736 = AXIS2_PLACEMENT_3D('',#6737,#6738,#6739);
#6737 = CARTESIAN_POINT('',(266.5,-21.21320343559,283.7867965644));
#6738 = DIRECTION('',(1.,-0.,1.110223024625E-16));
#6739 = DIRECTION('',(1.110223024625E-16,0.,-1.));
#6740 = FACE_BOUND('',#6741,.T.);
#6741 = EDGE_LOOP('',(#6742));
#6742 = ORIENTED_EDGE('',*,*,#6743,.F.);
#6743 = EDGE_CURVE('',#6744,#6744,#6746,.T.);
#6744 = VERTEX_POINT('',#6745);
#6745 = CARTESIAN_POINT('',(266.5,-10.,285.07949192431));
#6746 = CIRCLE('',#6747,2.6);
#6747 = AXIS2_PLACEMENT_3D('',#6748,#6749,#6750);
#6748 = CARTESIAN_POINT('',(266.5,-10.,287.67949192431));
#6749 = DIRECTION('',(1.,-0.,1.110223024625E-16));
#6750 = DIRECTION('',(1.110223024625E-16,0.,-1.));
#6751 = FACE_BOUND('',#6752,.T.);
#6752 = EDGE_LOOP('',(#6753));
#6753 = ORIENTED_EDGE('',*,*,#6754,.F.);
#6754 = EDGE_CURVE('',#6755,#6755,#6757,.T.);
#6755 = VERTEX_POINT('',#6756);
#6756 = CARTESIAN_POINT('',(266.5,-11.48050297095,274.68361402466));
#6757 = CIRCLE('',#6758,2.6);
#6758 = AXIS2_PLACEMENT_3D('',#6759,#6760,#6761);
#6759 = CARTESIAN_POINT('',(266.5,-11.48050297095,277.28361402466));
#6760 = DIRECTION('',(1.,-0.,1.110223024625E-16));
#6761 = DIRECTION('',(1.110223024625E-16,0.,-1.));
#6762 = FACE_BOUND('',#6763,.T.);
#6763 = EDGE_LOOP('',(#6764,#6775,#6784));
#6764 = ORIENTED_EDGE('',*,*,#6765,.F.);
#6765 = EDGE_CURVE('',#6766,#6768,#6770,.T.);
#6766 = VERTEX_POINT('',#6767);
#6767 = CARTESIAN_POINT('',(266.5,-6.368163355566E-16,272.4));
#6768 = VERTEX_POINT('',#6769);
#6769 = CARTESIAN_POINT('',(266.5,1.301310210696,277.2509090909));
#6770 = CIRCLE('',#6771,2.6);
#6771 = AXIS2_PLACEMENT_3D('',#6772,#6773,#6774);
#6772 = CARTESIAN_POINT('',(266.5,0.,275.));
#6773 = DIRECTION('',(1.,-0.,1.110223024625E-16));
#6774 = DIRECTION('',(1.110223024625E-16,0.,-1.));
#6775 = ORIENTED_EDGE('',*,*,#6776,.F.);
#6776 = EDGE_CURVE('',#6777,#6766,#6779,.T.);
#6777 = VERTEX_POINT('',#6778);
#6778 = CARTESIAN_POINT('',(266.5,-1.301310210696,277.2509090909));
#6779 = CIRCLE('',#6780,2.6);
#6780 = AXIS2_PLACEMENT_3D('',#6781,#6782,#6783);
#6781 = CARTESIAN_POINT('',(266.5,0.,275.));
#6782 = DIRECTION('',(1.,-0.,1.110223024625E-16));
#6783 = DIRECTION('',(1.110223024625E-16,0.,-1.));
#6784 = ORIENTED_EDGE('',*,*,#6785,.F.);
#6785 = EDGE_CURVE('',#6768,#6777,#6786,.T.);
#6786 = CIRCLE('',#6787,3.5);
#6787 = AXIS2_PLACEMENT_3D('',#6788,#6789,#6790);
#6788 = CARTESIAN_POINT('',(266.5,-6.000769315822E-15,280.5));
#6789 = DIRECTION('',(1.,-0.,1.110223024625E-16));
#6790 = DIRECTION('',(1.110223024625E-16,0.,-1.));
#6791 = FACE_BOUND('',#6792,.T.);
#6792 = EDGE_LOOP('',(#6793,#6804,#6813));
#6793 = ORIENTED_EDGE('',*,*,#6794,.F.);
#6794 = EDGE_CURVE('',#6795,#6797,#6799,.T.);
#6795 = VERTEX_POINT('',#6796);
#6796 = CARTESIAN_POINT('',(266.5,1.301310210696,332.74909090909));
#6797 = VERTEX_POINT('',#6798);
#6798 = CARTESIAN_POINT('',(266.5,-1.301310210696,332.74909090909));
#6799 = CIRCLE('',#6800,2.6);
#6800 = AXIS2_PLACEMENT_3D('',#6801,#6802,#6803);
#6801 = CARTESIAN_POINT('',(266.5,3.673940397442E-15,335.));
#6802 = DIRECTION('',(1.,-0.,1.110223024625E-16));
#6803 = DIRECTION('',(1.110223024625E-16,0.,-1.));
#6804 = ORIENTED_EDGE('',*,*,#6805,.F.);
#6805 = EDGE_CURVE('',#6806,#6795,#6808,.T.);
#6806 = VERTEX_POINT('',#6807);
#6807 = CARTESIAN_POINT('',(266.5,2.143131898508E-15,326.));
#6808 = CIRCLE('',#6809,3.5);
#6809 = AXIS2_PLACEMENT_3D('',#6810,#6811,#6812);
#6810 = CARTESIAN_POINT('',(266.5,3.000384657911E-15,329.5));
#6811 = DIRECTION('',(1.,-0.,1.110223024625E-16));
#6812 = DIRECTION('',(1.110223024625E-16,0.,-1.));
#6813 = ORIENTED_EDGE('',*,*,#6814,.F.);
#6814 = EDGE_CURVE('',#6797,#6806,#6815,.T.);
#6815 = CIRCLE('',#6816,3.5);
#6816 = AXIS2_PLACEMENT_3D('',#6817,#6818,#6819);
#6817 = CARTESIAN_POINT('',(266.5,3.000384657911E-15,329.5));
#6818 = DIRECTION('',(1.,-0.,1.110223024625E-16));
#6819 = DIRECTION('',(1.110223024625E-16,0.,-1.));
#6820 = FACE_BOUND('',#6821,.T.);
#6821 = EDGE_LOOP('',(#6822));
#6822 = ORIENTED_EDGE('',*,*,#6823,.F.);
#6823 = EDGE_CURVE('',#6824,#6824,#6826,.T.);
#6824 = VERTEX_POINT('',#6825);
#6825 = CARTESIAN_POINT('',(266.5,11.480502970953,330.11638597533));
#6826 = CIRCLE('',#6827,2.6);
#6827 = AXIS2_PLACEMENT_3D('',#6828,#6829,#6830);
#6828 = CARTESIAN_POINT('',(266.5,11.480502970953,332.71638597533));
#6829 = DIRECTION('',(1.,-0.,1.110223024625E-16));
#6830 = DIRECTION('',(1.110223024625E-16,0.,-1.));
#6831 = FACE_BOUND('',#6832,.T.);
#6832 = EDGE_LOOP('',(#6833));
#6833 = ORIENTED_EDGE('',*,*,#6834,.F.);
#6834 = EDGE_CURVE('',#6835,#6835,#6837,.T.);
#6835 = VERTEX_POINT('',#6836);
#6836 = CARTESIAN_POINT('',(266.5,10.,319.72050807568));
#6837 = CIRCLE('',#6838,2.6);
#6838 = AXIS2_PLACEMENT_3D('',#6839,#6840,#6841);
#6839 = CARTESIAN_POINT('',(266.5,10.,322.32050807568));
#6840 = DIRECTION('',(1.,-0.,1.110223024625E-16));
#6841 = DIRECTION('',(1.110223024625E-16,0.,-1.));
#6842 = FACE_BOUND('',#6843,.T.);
#6843 = EDGE_LOOP('',(#6844));
#6844 = ORIENTED_EDGE('',*,*,#6845,.F.);
#6845 = EDGE_CURVE('',#6846,#6846,#6848,.T.);
#6846 = VERTEX_POINT('',#6847);
#6847 = CARTESIAN_POINT('',(266.5,21.213203435596,323.61320343559));
#6848 = CIRCLE('',#6849,2.6);
#6849 = AXIS2_PLACEMENT_3D('',#6850,#6851,#6852);
#6850 = CARTESIAN_POINT('',(266.5,21.213203435596,326.21320343559));
#6851 = DIRECTION('',(1.,-0.,1.110223024625E-16));
#6852 = DIRECTION('',(1.110223024625E-16,0.,-1.));
#6853 = FACE_BOUND('',#6854,.T.);
#6854 = EDGE_LOOP('',(#6855));
#6855 = ORIENTED_EDGE('',*,*,#6856,.F.);
#6856 = EDGE_CURVE('',#6857,#6857,#6859,.T.);
#6857 = VERTEX_POINT('',#6858);
#6858 = CARTESIAN_POINT('',(266.5,21.217622392719,313.75));
#6859 = CIRCLE('',#6860,3.5);
#6860 = AXIS2_PLACEMENT_3D('',#6861,#6862,#6863);
#6861 = CARTESIAN_POINT('',(266.5,21.217622392719,317.25));
#6862 = DIRECTION('',(1.,-0.,1.110223024625E-16));
#6863 = DIRECTION('',(1.110223024625E-16,0.,-1.));
#6864 = FACE_BOUND('',#6865,.T.);
#6865 = EDGE_LOOP('',(#6866));
#6866 = ORIENTED_EDGE('',*,*,#6867,.F.);
#6867 = EDGE_CURVE('',#6868,#6868,#6870,.T.);
#6868 = VERTEX_POINT('',#6869);
#6869 = CARTESIAN_POINT('',(266.5,27.716385975339,313.88050297095));
#6870 = CIRCLE('',#6871,2.6);
#6871 = AXIS2_PLACEMENT_3D('',#6872,#6873,#6874);
#6872 = CARTESIAN_POINT('',(266.5,27.716385975339,316.48050297095));
#6873 = DIRECTION('',(1.,-0.,1.110223024625E-16));
#6874 = DIRECTION('',(1.110223024625E-16,0.,-1.));
#6875 = FACE_BOUND('',#6876,.T.);
#6876 = EDGE_LOOP('',(#6877));
#6877 = ORIENTED_EDGE('',*,*,#6878,.F.);
#6878 = EDGE_CURVE('',#6879,#6879,#6881,.T.);
#6879 = VERTEX_POINT('',#6880);
#6880 = CARTESIAN_POINT('',(266.5,-1.959434878636E-15,297.));
#6881 = CIRCLE('',#6882,8.);
#6882 = AXIS2_PLACEMENT_3D('',#6883,#6884,#6885);
#6883 = CARTESIAN_POINT('',(266.5,0.,305.));
#6884 = DIRECTION('',(1.,-0.,1.110223024625E-16));
#6885 = DIRECTION('',(1.110223024625E-16,0.,-1.));
#6886 = FACE_BOUND('',#6887,.T.);
#6887 = EDGE_LOOP('',(#6888));
#6888 = ORIENTED_EDGE('',*,*,#6889,.F.);
#6889 = EDGE_CURVE('',#6890,#6890,#6892,.T.);
#6890 = VERTEX_POINT('',#6891);
#6891 = CARTESIAN_POINT('',(266.5,10.,285.07949192431));
#6892 = CIRCLE('',#6893,2.6);
#6893 = AXIS2_PLACEMENT_3D('',#6894,#6895,#6896);
#6894 = CARTESIAN_POINT('',(266.5,10.,287.67949192431));
#6895 = DIRECTION('',(1.,-0.,1.110223024625E-16));
#6896 = DIRECTION('',(1.110223024625E-16,0.,-1.));
#6897 = FACE_BOUND('',#6898,.T.);
#6898 = EDGE_LOOP('',(#6899));
#6899 = ORIENTED_EDGE('',*,*,#6900,.F.);
#6900 = EDGE_CURVE('',#6901,#6901,#6903,.T.);
#6901 = VERTEX_POINT('',#6902);
#6902 = CARTESIAN_POINT('',(266.5,11.480502970953,274.68361402466));
#6903 = CIRCLE('',#6904,2.6);
#6904 = AXIS2_PLACEMENT_3D('',#6905,#6906,#6907);
#6905 = CARTESIAN_POINT('',(266.5,11.480502970953,277.28361402466));
#6906 = DIRECTION('',(1.,-0.,1.110223024625E-16));
#6907 = DIRECTION('',(1.110223024625E-16,0.,-1.));
#6908 = FACE_BOUND('',#6909,.T.);
#6909 = EDGE_LOOP('',(#6910));
#6910 = ORIENTED_EDGE('',*,*,#6911,.F.);
#6911 = EDGE_CURVE('',#6912,#6912,#6914,.T.);
#6912 = VERTEX_POINT('',#6913);
#6913 = CARTESIAN_POINT('',(266.5,20.,302.4));
#6914 = CIRCLE('',#6915,2.6);
#6915 = AXIS2_PLACEMENT_3D('',#6916,#6917,#6918);
#6916 = CARTESIAN_POINT('',(266.5,20.,305.));
#6917 = DIRECTION('',(1.,-0.,1.110223024625E-16));
#6918 = DIRECTION('',(1.110223024625E-16,0.,-1.));
#6919 = FACE_BOUND('',#6920,.T.);
#6920 = EDGE_LOOP('',(#6921));
#6921 = ORIENTED_EDGE('',*,*,#6922,.F.);
#6922 = EDGE_CURVE('',#6923,#6923,#6925,.T.);
#6923 = VERTEX_POINT('',#6924);
#6924 = CARTESIAN_POINT('',(266.5,21.217622392719,289.25));
#6925 = CIRCLE('',#6926,3.5);
#6926 = AXIS2_PLACEMENT_3D('',#6927,#6928,#6929);
#6927 = CARTESIAN_POINT('',(266.5,21.217622392719,292.75));
#6928 = DIRECTION('',(1.,-0.,1.110223024625E-16));
#6929 = DIRECTION('',(1.110223024625E-16,0.,-1.));
#6930 = FACE_BOUND('',#6931,.T.);
#6931 = EDGE_LOOP('',(#6932));
#6932 = ORIENTED_EDGE('',*,*,#6933,.F.);
#6933 = EDGE_CURVE('',#6934,#6934,#6936,.T.);
#6934 = VERTEX_POINT('',#6935);
#6935 = CARTESIAN_POINT('',(266.5,30.,302.4));
#6936 = CIRCLE('',#6937,2.6);
#6937 = AXIS2_PLACEMENT_3D('',#6938,#6939,#6940);
#6938 = CARTESIAN_POINT('',(266.5,30.,305.));
#6939 = DIRECTION('',(1.,-0.,1.110223024625E-16));
#6940 = DIRECTION('',(1.110223024625E-16,0.,-1.));
#6941 = FACE_BOUND('',#6942,.T.);
#6942 = EDGE_LOOP('',(#6943));
#6943 = ORIENTED_EDGE('',*,*,#6944,.F.);
#6944 = EDGE_CURVE('',#6945,#6945,#6947,.T.);
#6945 = VERTEX_POINT('',#6946);
#6946 = CARTESIAN_POINT('',(266.5,27.716385975339,290.91949702904));
#6947 = CIRCLE('',#6948,2.6);
#6948 = AXIS2_PLACEMENT_3D('',#6949,#6950,#6951);
#6949 = CARTESIAN_POINT('',(266.5,27.716385975339,293.51949702904));
#6950 = DIRECTION('',(1.,-0.,1.110223024625E-16));
#6951 = DIRECTION('',(1.110223024625E-16,0.,-1.));
#6952 = FACE_BOUND('',#6953,.T.);
#6953 = EDGE_LOOP('',(#6954));
#6954 = ORIENTED_EDGE('',*,*,#6955,.F.);
#6955 = EDGE_CURVE('',#6956,#6956,#6958,.T.);
#6956 = VERTEX_POINT('',#6957);
#6957 = CARTESIAN_POINT('',(266.5,21.213203435596,281.1867965644));
#6958 = CIRCLE('',#6959,2.6);
#6959 = AXIS2_PLACEMENT_3D('',#6960,#6961,#6962);
#6960 = CARTESIAN_POINT('',(266.5,21.213203435596,283.7867965644));
#6961 = DIRECTION('',(1.,-0.,1.110223024625E-16));
#6962 = DIRECTION('',(1.110223024625E-16,0.,-1.));
#6963 = PLANE('',#6964);
#6964 = AXIS2_PLACEMENT_3D('',#6965,#6966,#6967);
#6965 = CARTESIAN_POINT('',(266.5,0.,305.));
#6966 = DIRECTION('',(1.,0.,1.110223024625E-16));
#6967 = DIRECTION('',(1.110223024625E-16,0.,-1.));
#6968 = ADVANCED_FACE('',(#6969,#6972,#6983,#6994,#7005,#7016,#7027,
    #7038,#7049,#7060,#7071,#7082,#7093,#7104,#7133,#7162,#7173,#7184,
    #7195,#7206,#7217,#7228,#7239,#7250,#7261,#7272,#7283,#7294),#7305,
  .F.);
#6969 = FACE_BOUND('',#6970,.F.);
#6970 = EDGE_LOOP('',(#6971));
#6971 = ORIENTED_EDGE('',*,*,#6614,.T.);
#6972 = FACE_BOUND('',#6973,.F.);
#6973 = EDGE_LOOP('',(#6974));
#6974 = ORIENTED_EDGE('',*,*,#6975,.F.);
#6975 = EDGE_CURVE('',#6976,#6976,#6978,.T.);
#6976 = VERTEX_POINT('',#6977);
#6977 = CARTESIAN_POINT('',(262.,-21.21320343559,323.61320343559));
#6978 = CIRCLE('',#6979,2.6);
#6979 = AXIS2_PLACEMENT_3D('',#6980,#6981,#6982);
#6980 = CARTESIAN_POINT('',(262.,-21.21320343559,326.21320343559));
#6981 = DIRECTION('',(1.,-0.,1.110223024625E-16));
#6982 = DIRECTION('',(1.110223024625E-16,0.,-1.));
#6983 = FACE_BOUND('',#6984,.F.);
#6984 = EDGE_LOOP('',(#6985));
#6985 = ORIENTED_EDGE('',*,*,#6986,.F.);
#6986 = EDGE_CURVE('',#6987,#6987,#6989,.T.);
#6987 = VERTEX_POINT('',#6988);
#6988 = CARTESIAN_POINT('',(262.,-27.71638597533,313.88050297095));
#6989 = CIRCLE('',#6990,2.6);
#6990 = AXIS2_PLACEMENT_3D('',#6991,#6992,#6993);
#6991 = CARTESIAN_POINT('',(262.,-27.71638597533,316.48050297095));
#6992 = DIRECTION('',(1.,-0.,1.110223024625E-16));
#6993 = DIRECTION('',(1.110223024625E-16,0.,-1.));
#6994 = FACE_BOUND('',#6995,.F.);
#6995 = EDGE_LOOP('',(#6996));
#6996 = ORIENTED_EDGE('',*,*,#6997,.F.);
#6997 = EDGE_CURVE('',#6998,#6998,#7000,.T.);
#6998 = VERTEX_POINT('',#6999);
#6999 = CARTESIAN_POINT('',(262.,-30.,302.4));
#7000 = CIRCLE('',#7001,2.6);
#7001 = AXIS2_PLACEMENT_3D('',#7002,#7003,#7004);
#7002 = CARTESIAN_POINT('',(262.,-30.,305.));
#7003 = DIRECTION('',(1.,-0.,1.110223024625E-16));
#7004 = DIRECTION('',(1.110223024625E-16,0.,-1.));
#7005 = FACE_BOUND('',#7006,.F.);
#7006 = EDGE_LOOP('',(#7007));
#7007 = ORIENTED_EDGE('',*,*,#7008,.F.);
#7008 = EDGE_CURVE('',#7009,#7009,#7011,.T.);
#7009 = VERTEX_POINT('',#7010);
#7010 = CARTESIAN_POINT('',(262.,-21.21762239271,313.75));
#7011 = CIRCLE('',#7012,3.5);
#7012 = AXIS2_PLACEMENT_3D('',#7013,#7014,#7015);
#7013 = CARTESIAN_POINT('',(262.,-21.21762239271,317.25));
#7014 = DIRECTION('',(1.,-0.,1.110223024625E-16));
#7015 = DIRECTION('',(1.110223024625E-16,0.,-1.));
#7016 = FACE_BOUND('',#7017,.F.);
#7017 = EDGE_LOOP('',(#7018));
#7018 = ORIENTED_EDGE('',*,*,#7019,.F.);
#7019 = EDGE_CURVE('',#7020,#7020,#7022,.T.);
#7020 = VERTEX_POINT('',#7021);
#7021 = CARTESIAN_POINT('',(262.,-20.,302.4));
#7022 = CIRCLE('',#7023,2.6);
#7023 = AXIS2_PLACEMENT_3D('',#7024,#7025,#7026);
#7024 = CARTESIAN_POINT('',(262.,-20.,305.));
#7025 = DIRECTION('',(1.,-0.,1.110223024625E-16));
#7026 = DIRECTION('',(1.110223024625E-16,0.,-1.));
#7027 = FACE_BOUND('',#7028,.F.);
#7028 = EDGE_LOOP('',(#7029));
#7029 = ORIENTED_EDGE('',*,*,#7030,.F.);
#7030 = EDGE_CURVE('',#7031,#7031,#7033,.T.);
#7031 = VERTEX_POINT('',#7032);
#7032 = CARTESIAN_POINT('',(262.,-11.48050297095,330.11638597533));
#7033 = CIRCLE('',#7034,2.6);
#7034 = AXIS2_PLACEMENT_3D('',#7035,#7036,#7037);
#7035 = CARTESIAN_POINT('',(262.,-11.48050297095,332.71638597533));
#7036 = DIRECTION('',(1.,-0.,1.110223024625E-16));
#7037 = DIRECTION('',(1.110223024625E-16,0.,-1.));
#7038 = FACE_BOUND('',#7039,.F.);
#7039 = EDGE_LOOP('',(#7040));
#7040 = ORIENTED_EDGE('',*,*,#7041,.F.);
#7041 = EDGE_CURVE('',#7042,#7042,#7044,.T.);
#7042 = VERTEX_POINT('',#7043);
#7043 = CARTESIAN_POINT('',(262.,-10.,319.72050807568));
#7044 = CIRCLE('',#7045,2.6);
#7045 = AXIS2_PLACEMENT_3D('',#7046,#7047,#7048);
#7046 = CARTESIAN_POINT('',(262.,-10.,322.32050807568));
#7047 = DIRECTION('',(1.,-0.,1.110223024625E-16));
#7048 = DIRECTION('',(1.110223024625E-16,0.,-1.));
#7049 = FACE_BOUND('',#7050,.F.);
#7050 = EDGE_LOOP('',(#7051));
#7051 = ORIENTED_EDGE('',*,*,#7052,.F.);
#7052 = EDGE_CURVE('',#7053,#7053,#7055,.T.);
#7053 = VERTEX_POINT('',#7054);
#7054 = CARTESIAN_POINT('',(262.,-27.71638597533,290.91949702904));
#7055 = CIRCLE('',#7056,2.6);
#7056 = AXIS2_PLACEMENT_3D('',#7057,#7058,#7059);
#7057 = CARTESIAN_POINT('',(262.,-27.71638597533,293.51949702904));
#7058 = DIRECTION('',(1.,-0.,1.110223024625E-16));
#7059 = DIRECTION('',(1.110223024625E-16,0.,-1.));
#7060 = FACE_BOUND('',#7061,.F.);
#7061 = EDGE_LOOP('',(#7062));
#7062 = ORIENTED_EDGE('',*,*,#7063,.F.);
#7063 = EDGE_CURVE('',#7064,#7064,#7066,.T.);
#7064 = VERTEX_POINT('',#7065);
#7065 = CARTESIAN_POINT('',(262.,-21.21762239271,289.25));
#7066 = CIRCLE('',#7067,3.5);
#7067 = AXIS2_PLACEMENT_3D('',#7068,#7069,#7070);
#7068 = CARTESIAN_POINT('',(262.,-21.21762239271,292.75));
#7069 = DIRECTION('',(1.,-0.,1.110223024625E-16));
#7070 = DIRECTION('',(1.110223024625E-16,0.,-1.));
#7071 = FACE_BOUND('',#7072,.F.);
#7072 = EDGE_LOOP('',(#7073));
#7073 = ORIENTED_EDGE('',*,*,#7074,.F.);
#7074 = EDGE_CURVE('',#7075,#7075,#7077,.T.);
#7075 = VERTEX_POINT('',#7076);
#7076 = CARTESIAN_POINT('',(262.,-21.21320343559,281.1867965644));
#7077 = CIRCLE('',#7078,2.6);
#7078 = AXIS2_PLACEMENT_3D('',#7079,#7080,#7081);
#7079 = CARTESIAN_POINT('',(262.,-21.21320343559,283.7867965644));
#7080 = DIRECTION('',(1.,-0.,1.110223024625E-16));
#7081 = DIRECTION('',(1.110223024625E-16,0.,-1.));
#7082 = FACE_BOUND('',#7083,.F.);
#7083 = EDGE_LOOP('',(#7084));
#7084 = ORIENTED_EDGE('',*,*,#7085,.F.);
#7085 = EDGE_CURVE('',#7086,#7086,#7088,.T.);
#7086 = VERTEX_POINT('',#7087);
#7087 = CARTESIAN_POINT('',(262.,-10.,285.07949192431));
#7088 = CIRCLE('',#7089,2.6);
#7089 = AXIS2_PLACEMENT_3D('',#7090,#7091,#7092);
#7090 = CARTESIAN_POINT('',(262.,-10.,287.67949192431));
#7091 = DIRECTION('',(1.,-0.,1.110223024625E-16));
#7092 = DIRECTION('',(1.110223024625E-16,0.,-1.));
#7093 = FACE_BOUND('',#7094,.F.);
#7094 = EDGE_LOOP('',(#7095));
#7095 = ORIENTED_EDGE('',*,*,#7096,.F.);
#7096 = EDGE_CURVE('',#7097,#7097,#7099,.T.);
#7097 = VERTEX_POINT('',#7098);
#7098 = CARTESIAN_POINT('',(262.,-11.48050297095,274.68361402466));
#7099 = CIRCLE('',#7100,2.6);
#7100 = AXIS2_PLACEMENT_3D('',#7101,#7102,#7103);
#7101 = CARTESIAN_POINT('',(262.,-11.48050297095,277.28361402466));
#7102 = DIRECTION('',(1.,-0.,1.110223024625E-16));
#7103 = DIRECTION('',(1.110223024625E-16,0.,-1.));
#7104 = FACE_BOUND('',#7105,.F.);
#7105 = EDGE_LOOP('',(#7106,#7117,#7126));
#7106 = ORIENTED_EDGE('',*,*,#7107,.F.);
#7107 = EDGE_CURVE('',#7108,#7110,#7112,.T.);
#7108 = VERTEX_POINT('',#7109);
#7109 = CARTESIAN_POINT('',(262.,-6.368163355566E-16,272.4));
#7110 = VERTEX_POINT('',#7111);
#7111 = CARTESIAN_POINT('',(262.,1.301310210696,277.2509090909));
#7112 = CIRCLE('',#7113,2.6);
#7113 = AXIS2_PLACEMENT_3D('',#7114,#7115,#7116);
#7114 = CARTESIAN_POINT('',(262.,0.,275.));
#7115 = DIRECTION('',(1.,-0.,1.110223024625E-16));
#7116 = DIRECTION('',(1.110223024625E-16,0.,-1.));
#7117 = ORIENTED_EDGE('',*,*,#7118,.F.);
#7118 = EDGE_CURVE('',#7119,#7108,#7121,.T.);
#7119 = VERTEX_POINT('',#7120);
#7120 = CARTESIAN_POINT('',(262.,-1.301310210696,277.2509090909));
#7121 = CIRCLE('',#7122,2.6);
#7122 = AXIS2_PLACEMENT_3D('',#7123,#7124,#7125);
#7123 = CARTESIAN_POINT('',(262.,0.,275.));
#7124 = DIRECTION('',(1.,-0.,1.110223024625E-16));
#7125 = DIRECTION('',(1.110223024625E-16,0.,-1.));
#7126 = ORIENTED_EDGE('',*,*,#7127,.F.);
#7127 = EDGE_CURVE('',#7110,#7119,#7128,.T.);
#7128 = CIRCLE('',#7129,3.5);
#7129 = AXIS2_PLACEMENT_3D('',#7130,#7131,#7132);
#7130 = CARTESIAN_POINT('',(262.,-6.000769315822E-15,280.5));
#7131 = DIRECTION('',(1.,-0.,1.110223024625E-16));
#7132 = DIRECTION('',(1.110223024625E-16,0.,-1.));
#7133 = FACE_BOUND('',#7134,.F.);
#7134 = EDGE_LOOP('',(#7135,#7146,#7155));
#7135 = ORIENTED_EDGE('',*,*,#7136,.F.);
#7136 = EDGE_CURVE('',#7137,#7139,#7141,.T.);
#7137 = VERTEX_POINT('',#7138);
#7138 = CARTESIAN_POINT('',(262.,1.301310210696,332.74909090909));
#7139 = VERTEX_POINT('',#7140);
#7140 = CARTESIAN_POINT('',(262.,-1.301310210696,332.74909090909));
#7141 = CIRCLE('',#7142,2.6);
#7142 = AXIS2_PLACEMENT_3D('',#7143,#7144,#7145);
#7143 = CARTESIAN_POINT('',(262.,3.673940397442E-15,335.));
#7144 = DIRECTION('',(1.,-0.,1.110223024625E-16));
#7145 = DIRECTION('',(1.110223024625E-16,0.,-1.));
#7146 = ORIENTED_EDGE('',*,*,#7147,.F.);
#7147 = EDGE_CURVE('',#7148,#7137,#7150,.T.);
#7148 = VERTEX_POINT('',#7149);
#7149 = CARTESIAN_POINT('',(262.,2.143131898508E-15,326.));
#7150 = CIRCLE('',#7151,3.5);
#7151 = AXIS2_PLACEMENT_3D('',#7152,#7153,#7154);
#7152 = CARTESIAN_POINT('',(262.,3.000384657911E-15,329.5));
#7153 = DIRECTION('',(1.,-0.,1.110223024625E-16));
#7154 = DIRECTION('',(1.110223024625E-16,0.,-1.));
#7155 = ORIENTED_EDGE('',*,*,#7156,.F.);
#7156 = EDGE_CURVE('',#7139,#7148,#7157,.T.);
#7157 = CIRCLE('',#7158,3.5);
#7158 = AXIS2_PLACEMENT_3D('',#7159,#7160,#7161);
#7159 = CARTESIAN_POINT('',(262.,3.000384657911E-15,329.5));
#7160 = DIRECTION('',(1.,-0.,1.110223024625E-16));
#7161 = DIRECTION('',(1.110223024625E-16,0.,-1.));
#7162 = FACE_BOUND('',#7163,.F.);
#7163 = EDGE_LOOP('',(#7164));
#7164 = ORIENTED_EDGE('',*,*,#7165,.F.);
#7165 = EDGE_CURVE('',#7166,#7166,#7168,.T.);
#7166 = VERTEX_POINT('',#7167);
#7167 = CARTESIAN_POINT('',(262.,11.480502970953,330.11638597533));
#7168 = CIRCLE('',#7169,2.6);
#7169 = AXIS2_PLACEMENT_3D('',#7170,#7171,#7172);
#7170 = CARTESIAN_POINT('',(262.,11.480502970953,332.71638597533));
#7171 = DIRECTION('',(1.,-0.,1.110223024625E-16));
#7172 = DIRECTION('',(1.110223024625E-16,0.,-1.));
#7173 = FACE_BOUND('',#7174,.F.);
#7174 = EDGE_LOOP('',(#7175));
#7175 = ORIENTED_EDGE('',*,*,#7176,.F.);
#7176 = EDGE_CURVE('',#7177,#7177,#7179,.T.);
#7177 = VERTEX_POINT('',#7178);
#7178 = CARTESIAN_POINT('',(262.,10.,319.72050807568));
#7179 = CIRCLE('',#7180,2.6);
#7180 = AXIS2_PLACEMENT_3D('',#7181,#7182,#7183);
#7181 = CARTESIAN_POINT('',(262.,10.,322.32050807568));
#7182 = DIRECTION('',(1.,-0.,1.110223024625E-16));
#7183 = DIRECTION('',(1.110223024625E-16,0.,-1.));
#7184 = FACE_BOUND('',#7185,.F.);
#7185 = EDGE_LOOP('',(#7186));
#7186 = ORIENTED_EDGE('',*,*,#7187,.F.);
#7187 = EDGE_CURVE('',#7188,#7188,#7190,.T.);
#7188 = VERTEX_POINT('',#7189);
#7189 = CARTESIAN_POINT('',(262.,21.213203435596,323.61320343559));
#7190 = CIRCLE('',#7191,2.6);
#7191 = AXIS2_PLACEMENT_3D('',#7192,#7193,#7194);
#7192 = CARTESIAN_POINT('',(262.,21.213203435596,326.21320343559));
#7193 = DIRECTION('',(1.,-0.,1.110223024625E-16));
#7194 = DIRECTION('',(1.110223024625E-16,0.,-1.));
#7195 = FACE_BOUND('',#7196,.F.);
#7196 = EDGE_LOOP('',(#7197));
#7197 = ORIENTED_EDGE('',*,*,#7198,.F.);
#7198 = EDGE_CURVE('',#7199,#7199,#7201,.T.);
#7199 = VERTEX_POINT('',#7200);
#7200 = CARTESIAN_POINT('',(262.,21.217622392719,313.75));
#7201 = CIRCLE('',#7202,3.5);
#7202 = AXIS2_PLACEMENT_3D('',#7203,#7204,#7205);
#7203 = CARTESIAN_POINT('',(262.,21.217622392719,317.25));
#7204 = DIRECTION('',(1.,-0.,1.110223024625E-16));
#7205 = DIRECTION('',(1.110223024625E-16,0.,-1.));
#7206 = FACE_BOUND('',#7207,.F.);
#7207 = EDGE_LOOP('',(#7208));
#7208 = ORIENTED_EDGE('',*,*,#7209,.F.);
#7209 = EDGE_CURVE('',#7210,#7210,#7212,.T.);
#7210 = VERTEX_POINT('',#7211);
#7211 = CARTESIAN_POINT('',(262.,27.716385975339,313.88050297095));
#7212 = CIRCLE('',#7213,2.6);
#7213 = AXIS2_PLACEMENT_3D('',#7214,#7215,#7216);
#7214 = CARTESIAN_POINT('',(262.,27.716385975339,316.48050297095));
#7215 = DIRECTION('',(1.,-0.,1.110223024625E-16));
#7216 = DIRECTION('',(1.110223024625E-16,0.,-1.));
#7217 = FACE_BOUND('',#7218,.F.);
#7218 = EDGE_LOOP('',(#7219));
#7219 = ORIENTED_EDGE('',*,*,#7220,.F.);
#7220 = EDGE_CURVE('',#7221,#7221,#7223,.T.);
#7221 = VERTEX_POINT('',#7222);
#7222 = CARTESIAN_POINT('',(262.,-1.959434878636E-15,297.));
#7223 = CIRCLE('',#7224,8.);
#7224 = AXIS2_PLACEMENT_3D('',#7225,#7226,#7227);
#7225 = CARTESIAN_POINT('',(262.,0.,305.));
#7226 = DIRECTION('',(1.,-0.,1.110223024625E-16));
#7227 = DIRECTION('',(1.110223024625E-16,0.,-1.));
#7228 = FACE_BOUND('',#7229,.F.);
#7229 = EDGE_LOOP('',(#7230));
#7230 = ORIENTED_EDGE('',*,*,#7231,.F.);
#7231 = EDGE_CURVE('',#7232,#7232,#7234,.T.);
#7232 = VERTEX_POINT('',#7233);
#7233 = CARTESIAN_POINT('',(262.,10.,285.07949192431));
#7234 = CIRCLE('',#7235,2.6);
#7235 = AXIS2_PLACEMENT_3D('',#7236,#7237,#7238);
#7236 = CARTESIAN_POINT('',(262.,10.,287.67949192431));
#7237 = DIRECTION('',(1.,-0.,1.110223024625E-16));
#7238 = DIRECTION('',(1.110223024625E-16,0.,-1.));
#7239 = FACE_BOUND('',#7240,.F.);
#7240 = EDGE_LOOP('',(#7241));
#7241 = ORIENTED_EDGE('',*,*,#7242,.F.);
#7242 = EDGE_CURVE('',#7243,#7243,#7245,.T.);
#7243 = VERTEX_POINT('',#7244);
#7244 = CARTESIAN_POINT('',(262.,11.480502970953,274.68361402466));
#7245 = CIRCLE('',#7246,2.6);
#7246 = AXIS2_PLACEMENT_3D('',#7247,#7248,#7249);
#7247 = CARTESIAN_POINT('',(262.,11.480502970953,277.28361402466));
#7248 = DIRECTION('',(1.,-0.,1.110223024625E-16));
#7249 = DIRECTION('',(1.110223024625E-16,0.,-1.));
#7250 = FACE_BOUND('',#7251,.F.);
#7251 = EDGE_LOOP('',(#7252));
#7252 = ORIENTED_EDGE('',*,*,#7253,.F.);
#7253 = EDGE_CURVE('',#7254,#7254,#7256,.T.);
#7254 = VERTEX_POINT('',#7255);
#7255 = CARTESIAN_POINT('',(262.,20.,302.4));
#7256 = CIRCLE('',#7257,2.6);
#7257 = AXIS2_PLACEMENT_3D('',#7258,#7259,#7260);
#7258 = CARTESIAN_POINT('',(262.,20.,305.));
#7259 = DIRECTION('',(1.,-0.,1.110223024625E-16));
#7260 = DIRECTION('',(1.110223024625E-16,0.,-1.));
#7261 = FACE_BOUND('',#7262,.F.);
#7262 = EDGE_LOOP('',(#7263));
#7263 = ORIENTED_EDGE('',*,*,#7264,.F.);
#7264 = EDGE_CURVE('',#7265,#7265,#7267,.T.);
#7265 = VERTEX_POINT('',#7266);
#7266 = CARTESIAN_POINT('',(262.,21.217622392719,289.25));
#7267 = CIRCLE('',#7268,3.5);
#7268 = AXIS2_PLACEMENT_3D('',#7269,#7270,#7271);
#7269 = CARTESIAN_POINT('',(262.,21.217622392719,292.75));
#7270 = DIRECTION('',(1.,-0.,1.110223024625E-16));
#7271 = DIRECTION('',(1.110223024625E-16,0.,-1.));
#7272 = FACE_BOUND('',#7273,.F.);
#7273 = EDGE_LOOP('',(#7274));
#7274 = ORIENTED_EDGE('',*,*,#7275,.F.);
#7275 = EDGE_CURVE('',#7276,#7276,#7278,.T.);
#7276 = VERTEX_POINT('',#7277);
#7277 = CARTESIAN_POINT('',(262.,30.,302.4));
#7278 = CIRCLE('',#7279,2.6);
#7279 = AXIS2_PLACEMENT_3D('',#7280,#7281,#7282);
#7280 = CARTESIAN_POINT('',(262.,30.,305.));
#7281 = DIRECTION('',(1.,-0.,1.110223024625E-16));
#7282 = DIRECTION('',(1.110223024625E-16,0.,-1.));
#7283 = FACE_BOUND('',#7284,.F.);
#7284 = EDGE_LOOP('',(#7285));
#7285 = ORIENTED_EDGE('',*,*,#7286,.F.);
#7286 = EDGE_CURVE('',#7287,#7287,#7289,.T.);
#7287 = VERTEX_POINT('',#7288);
#7288 = CARTESIAN_POINT('',(262.,27.716385975339,290.91949702904));
#7289 = CIRCLE('',#7290,2.6);
#7290 = AXIS2_PLACEMENT_3D('',#7291,#7292,#7293);
#7291 = CARTESIAN_POINT('',(262.,27.716385975339,293.51949702904));
#7292 = DIRECTION('',(1.,-0.,1.110223024625E-16));
#7293 = DIRECTION('',(1.110223024625E-16,0.,-1.));
#7294 = FACE_BOUND('',#7295,.F.);
#7295 = EDGE_LOOP('',(#7296));
#7296 = ORIENTED_EDGE('',*,*,#7297,.F.);
#7297 = EDGE_CURVE('',#7298,#7298,#7300,.T.);
#7298 = VERTEX_POINT('',#7299);
#7299 = CARTESIAN_POINT('',(262.,21.213203435596,281.1867965644));
#7300 = CIRCLE('',#7301,2.6);
#7301 = AXIS2_PLACEMENT_3D('',#7302,#7303,#7304);
#7302 = CARTESIAN_POINT('',(262.,21.213203435596,283.7867965644));
#7303 = DIRECTION('',(1.,-0.,1.110223024625E-16));
#7304 = DIRECTION('',(1.110223024625E-16,0.,-1.));
#7305 = PLANE('',#7306);
#7306 = AXIS2_PLACEMENT_3D('',#7307,#7308,#7309);
#7307 = CARTESIAN_POINT('',(262.,0.,305.));
#7308 = DIRECTION('',(1.,0.,1.110223024625E-16));
#7309 = DIRECTION('',(1.110223024625E-16,0.,-1.));
#7310 = ADVANCED_FACE('',(#7311),#7322,.F.);
#7311 = FACE_BOUND('',#7312,.F.);
#7312 = EDGE_LOOP('',(#7313,#7314,#7320,#7321));
#7313 = ORIENTED_EDGE('',*,*,#6633,.F.);
#7314 = ORIENTED_EDGE('',*,*,#7315,.F.);
#7315 = EDGE_CURVE('',#6976,#6634,#7316,.T.);
#7316 = LINE('',#7317,#7318);
#7317 = CARTESIAN_POINT('',(260.,-21.21320343559,323.61320343559));
#7318 = VECTOR('',#7319,1.);
#7319 = DIRECTION('',(1.,0.,1.110223024625E-16));
#7320 = ORIENTED_EDGE('',*,*,#6975,.T.);
#7321 = ORIENTED_EDGE('',*,*,#7315,.T.);
#7322 = CYLINDRICAL_SURFACE('',#7323,2.6);
#7323 = AXIS2_PLACEMENT_3D('',#7324,#7325,#7326);
#7324 = CARTESIAN_POINT('',(260.,-21.21320343559,326.21320343559));
#7325 = DIRECTION('',(1.,0.,1.110223024625E-16));
#7326 = DIRECTION('',(1.110223024625E-16,0.,-1.));
#7327 = ADVANCED_FACE('',(#7328),#7339,.F.);
#7328 = FACE_BOUND('',#7329,.F.);
#7329 = EDGE_LOOP('',(#7330,#7331,#7337,#7338));
#7330 = ORIENTED_EDGE('',*,*,#6644,.F.);
#7331 = ORIENTED_EDGE('',*,*,#7332,.F.);
#7332 = EDGE_CURVE('',#6987,#6645,#7333,.T.);
#7333 = LINE('',#7334,#7335);
#7334 = CARTESIAN_POINT('',(260.,-27.71638597533,313.88050297095));
#7335 = VECTOR('',#7336,1.);
#7336 = DIRECTION('',(1.,0.,1.110223024625E-16));
#7337 = ORIENTED_EDGE('',*,*,#6986,.T.);
#7338 = ORIENTED_EDGE('',*,*,#7332,.T.);
#7339 = CYLINDRICAL_SURFACE('',#7340,2.6);
#7340 = AXIS2_PLACEMENT_3D('',#7341,#7342,#7343);
#7341 = CARTESIAN_POINT('',(260.,-27.71638597533,316.48050297095));
#7342 = DIRECTION('',(1.,0.,1.110223024625E-16));
#7343 = DIRECTION('',(1.110223024625E-16,0.,-1.));
#7344 = ADVANCED_FACE('',(#7345),#7356,.F.);
#7345 = FACE_BOUND('',#7346,.F.);
#7346 = EDGE_LOOP('',(#7347,#7348,#7354,#7355));
#7347 = ORIENTED_EDGE('',*,*,#6655,.F.);
#7348 = ORIENTED_EDGE('',*,*,#7349,.F.);
#7349 = EDGE_CURVE('',#6998,#6656,#7350,.T.);
#7350 = LINE('',#7351,#7352);
#7351 = CARTESIAN_POINT('',(260.,-30.,302.4));
#7352 = VECTOR('',#7353,1.);
#7353 = DIRECTION('',(1.,0.,1.110223024625E-16));
#7354 = ORIENTED_EDGE('',*,*,#6997,.T.);
#7355 = ORIENTED_EDGE('',*,*,#7349,.T.);
#7356 = CYLINDRICAL_SURFACE('',#7357,2.6);
#7357 = AXIS2_PLACEMENT_3D('',#7358,#7359,#7360);
#7358 = CARTESIAN_POINT('',(260.,-30.,305.));
#7359 = DIRECTION('',(1.,0.,1.110223024625E-16));
#7360 = DIRECTION('',(1.110223024625E-16,0.,-1.));
#7361 = ADVANCED_FACE('',(#7362),#7373,.F.);
#7362 = FACE_BOUND('',#7363,.F.);
#7363 = EDGE_LOOP('',(#7364,#7365,#7371,#7372));
#7364 = ORIENTED_EDGE('',*,*,#6666,.F.);
#7365 = ORIENTED_EDGE('',*,*,#7366,.F.);
#7366 = EDGE_CURVE('',#7009,#6667,#7367,.T.);
#7367 = LINE('',#7368,#7369);
#7368 = CARTESIAN_POINT('',(260.,-21.21762239271,313.75));
#7369 = VECTOR('',#7370,1.);
#7370 = DIRECTION('',(1.,0.,1.110223024625E-16));
#7371 = ORIENTED_EDGE('',*,*,#7008,.T.);
#7372 = ORIENTED_EDGE('',*,*,#7366,.T.);
#7373 = CYLINDRICAL_SURFACE('',#7374,3.5);
#7374 = AXIS2_PLACEMENT_3D('',#7375,#7376,#7377);
#7375 = CARTESIAN_POINT('',(260.,-21.21762239271,317.25));
#7376 = DIRECTION('',(1.,0.,1.110223024625E-16));
#7377 = DIRECTION('',(1.110223024625E-16,0.,-1.));
#7378 = ADVANCED_FACE('',(#7379),#7390,.F.);
#7379 = FACE_BOUND('',#7380,.F.);
#7380 = EDGE_LOOP('',(#7381,#7382,#7388,#7389));
#7381 = ORIENTED_EDGE('',*,*,#6677,.F.);
#7382 = ORIENTED_EDGE('',*,*,#7383,.F.);
#7383 = EDGE_CURVE('',#7020,#6678,#7384,.T.);
#7384 = LINE('',#7385,#7386);
#7385 = CARTESIAN_POINT('',(260.,-20.,302.4));
#7386 = VECTOR('',#7387,1.);
#7387 = DIRECTION('',(1.,0.,1.110223024625E-16));
#7388 = ORIENTED_EDGE('',*,*,#7019,.T.);
#7389 = ORIENTED_EDGE('',*,*,#7383,.T.);
#7390 = CYLINDRICAL_SURFACE('',#7391,2.6);
#7391 = AXIS2_PLACEMENT_3D('',#7392,#7393,#7394);
#7392 = CARTESIAN_POINT('',(260.,-20.,305.));
#7393 = DIRECTION('',(1.,0.,1.110223024625E-16));
#7394 = DIRECTION('',(1.110223024625E-16,0.,-1.));
#7395 = ADVANCED_FACE('',(#7396),#7407,.F.);
#7396 = FACE_BOUND('',#7397,.F.);
#7397 = EDGE_LOOP('',(#7398,#7399,#7405,#7406));
#7398 = ORIENTED_EDGE('',*,*,#6688,.F.);
#7399 = ORIENTED_EDGE('',*,*,#7400,.F.);
#7400 = EDGE_CURVE('',#7031,#6689,#7401,.T.);
#7401 = LINE('',#7402,#7403);
#7402 = CARTESIAN_POINT('',(260.,-11.48050297095,330.11638597533));
#7403 = VECTOR('',#7404,1.);
#7404 = DIRECTION('',(1.,0.,1.110223024625E-16));
#7405 = ORIENTED_EDGE('',*,*,#7030,.T.);
#7406 = ORIENTED_EDGE('',*,*,#7400,.T.);
#7407 = CYLINDRICAL_SURFACE('',#7408,2.6);
#7408 = AXIS2_PLACEMENT_3D('',#7409,#7410,#7411);
#7409 = CARTESIAN_POINT('',(260.,-11.48050297095,332.71638597533));
#7410 = DIRECTION('',(1.,0.,1.110223024625E-16));
#7411 = DIRECTION('',(1.110223024625E-16,0.,-1.));
#7412 = ADVANCED_FACE('',(#7413),#7424,.F.);
#7413 = FACE_BOUND('',#7414,.F.);
#7414 = EDGE_LOOP('',(#7415,#7416,#7422,#7423));
#7415 = ORIENTED_EDGE('',*,*,#6699,.F.);
#7416 = ORIENTED_EDGE('',*,*,#7417,.F.);
#7417 = EDGE_CURVE('',#7042,#6700,#7418,.T.);
#7418 = LINE('',#7419,#7420);
#7419 = CARTESIAN_POINT('',(260.,-10.,319.72050807568));
#7420 = VECTOR('',#7421,1.);
#7421 = DIRECTION('',(1.,0.,1.110223024625E-16));
#7422 = ORIENTED_EDGE('',*,*,#7041,.T.);
#7423 = ORIENTED_EDGE('',*,*,#7417,.T.);
#7424 = CYLINDRICAL_SURFACE('',#7425,2.6);
#7425 = AXIS2_PLACEMENT_3D('',#7426,#7427,#7428);
#7426 = CARTESIAN_POINT('',(260.,-10.,322.32050807568));
#7427 = DIRECTION('',(1.,0.,1.110223024625E-16));
#7428 = DIRECTION('',(1.110223024625E-16,0.,-1.));
#7429 = ADVANCED_FACE('',(#7430),#7441,.F.);
#7430 = FACE_BOUND('',#7431,.F.);
#7431 = EDGE_LOOP('',(#7432,#7433,#7439,#7440));
#7432 = ORIENTED_EDGE('',*,*,#6710,.F.);
#7433 = ORIENTED_EDGE('',*,*,#7434,.F.);
#7434 = EDGE_CURVE('',#7053,#6711,#7435,.T.);
#7435 = LINE('',#7436,#7437);
#7436 = CARTESIAN_POINT('',(260.,-27.71638597533,290.91949702904));
#7437 = VECTOR('',#7438,1.);
#7438 = DIRECTION('',(1.,0.,1.110223024625E-16));
#7439 = ORIENTED_EDGE('',*,*,#7052,.T.);
#7440 = ORIENTED_EDGE('',*,*,#7434,.T.);
#7441 = CYLINDRICAL_SURFACE('',#7442,2.6);
#7442 = AXIS2_PLACEMENT_3D('',#7443,#7444,#7445);
#7443 = CARTESIAN_POINT('',(260.,-27.71638597533,293.51949702904));
#7444 = DIRECTION('',(1.,0.,1.110223024625E-16));
#7445 = DIRECTION('',(1.110223024625E-16,0.,-1.));
#7446 = ADVANCED_FACE('',(#7447),#7458,.F.);
#7447 = FACE_BOUND('',#7448,.F.);
#7448 = EDGE_LOOP('',(#7449,#7450,#7456,#7457));
#7449 = ORIENTED_EDGE('',*,*,#6721,.F.);
#7450 = ORIENTED_EDGE('',*,*,#7451,.F.);
#7451 = EDGE_CURVE('',#7064,#6722,#7452,.T.);
#7452 = LINE('',#7453,#7454);
#7453 = CARTESIAN_POINT('',(260.,-21.21762239271,289.25));
#7454 = VECTOR('',#7455,1.);
#7455 = DIRECTION('',(1.,0.,1.110223024625E-16));
#7456 = ORIENTED_EDGE('',*,*,#7063,.T.);
#7457 = ORIENTED_EDGE('',*,*,#7451,.T.);
#7458 = CYLINDRICAL_SURFACE('',#7459,3.5);
#7459 = AXIS2_PLACEMENT_3D('',#7460,#7461,#7462);
#7460 = CARTESIAN_POINT('',(260.,-21.21762239271,292.75));
#7461 = DIRECTION('',(1.,0.,1.110223024625E-16));
#7462 = DIRECTION('',(1.110223024625E-16,0.,-1.));
#7463 = ADVANCED_FACE('',(#7464),#7475,.F.);
#7464 = FACE_BOUND('',#7465,.F.);
#7465 = EDGE_LOOP('',(#7466,#7467,#7473,#7474));
#7466 = ORIENTED_EDGE('',*,*,#6732,.F.);
#7467 = ORIENTED_EDGE('',*,*,#7468,.F.);
#7468 = EDGE_CURVE('',#7075,#6733,#7469,.T.);
#7469 = LINE('',#7470,#7471);
#7470 = CARTESIAN_POINT('',(260.,-21.21320343559,281.1867965644));
#7471 = VECTOR('',#7472,1.);
#7472 = DIRECTION('',(1.,0.,1.110223024625E-16));
#7473 = ORIENTED_EDGE('',*,*,#7074,.T.);
#7474 = ORIENTED_EDGE('',*,*,#7468,.T.);
#7475 = CYLINDRICAL_SURFACE('',#7476,2.6);
#7476 = AXIS2_PLACEMENT_3D('',#7477,#7478,#7479);
#7477 = CARTESIAN_POINT('',(260.,-21.21320343559,283.7867965644));
#7478 = DIRECTION('',(1.,0.,1.110223024625E-16));
#7479 = DIRECTION('',(1.110223024625E-16,0.,-1.));
#7480 = ADVANCED_FACE('',(#7481),#7492,.F.);
#7481 = FACE_BOUND('',#7482,.F.);
#7482 = EDGE_LOOP('',(#7483,#7484,#7490,#7491));
#7483 = ORIENTED_EDGE('',*,*,#6743,.F.);
#7484 = ORIENTED_EDGE('',*,*,#7485,.F.);
#7485 = EDGE_CURVE('',#7086,#6744,#7486,.T.);
#7486 = LINE('',#7487,#7488);
#7487 = CARTESIAN_POINT('',(260.,-10.,285.07949192431));
#7488 = VECTOR('',#7489,1.);
#7489 = DIRECTION('',(1.,0.,1.110223024625E-16));
#7490 = ORIENTED_EDGE('',*,*,#7085,.T.);
#7491 = ORIENTED_EDGE('',*,*,#7485,.T.);
#7492 = CYLINDRICAL_SURFACE('',#7493,2.6);
#7493 = AXIS2_PLACEMENT_3D('',#7494,#7495,#7496);
#7494 = CARTESIAN_POINT('',(260.,-10.,287.67949192431));
#7495 = DIRECTION('',(1.,0.,1.110223024625E-16));
#7496 = DIRECTION('',(1.110223024625E-16,0.,-1.));
#7497 = ADVANCED_FACE('',(#7498),#7509,.F.);
#7498 = FACE_BOUND('',#7499,.F.);
#7499 = EDGE_LOOP('',(#7500,#7501,#7507,#7508));
#7500 = ORIENTED_EDGE('',*,*,#6754,.F.);
#7501 = ORIENTED_EDGE('',*,*,#7502,.F.);
#7502 = EDGE_CURVE('',#7097,#6755,#7503,.T.);
#7503 = LINE('',#7504,#7505);
#7504 = CARTESIAN_POINT('',(260.,-11.48050297095,274.68361402466));
#7505 = VECTOR('',#7506,1.);
#7506 = DIRECTION('',(1.,0.,1.110223024625E-16));
#7507 = ORIENTED_EDGE('',*,*,#7096,.T.);
#7508 = ORIENTED_EDGE('',*,*,#7502,.T.);
#7509 = CYLINDRICAL_SURFACE('',#7510,2.6);
#7510 = AXIS2_PLACEMENT_3D('',#7511,#7512,#7513);
#7511 = CARTESIAN_POINT('',(260.,-11.48050297095,277.28361402466));
#7512 = DIRECTION('',(1.,0.,1.110223024625E-16));
#7513 = DIRECTION('',(1.110223024625E-16,0.,-1.));
#7514 = ADVANCED_FACE('',(#7515),#7531,.F.);
#7515 = FACE_BOUND('',#7516,.F.);
#7516 = EDGE_LOOP('',(#7517,#7518,#7524,#7525));
#7517 = ORIENTED_EDGE('',*,*,#6765,.F.);
#7518 = ORIENTED_EDGE('',*,*,#7519,.F.);
#7519 = EDGE_CURVE('',#7108,#6766,#7520,.T.);
#7520 = LINE('',#7521,#7522);
#7521 = CARTESIAN_POINT('',(260.,-6.368163355566E-16,272.4));
#7522 = VECTOR('',#7523,1.);
#7523 = DIRECTION('',(1.,0.,1.110223024625E-16));
#7524 = ORIENTED_EDGE('',*,*,#7107,.T.);
#7525 = ORIENTED_EDGE('',*,*,#7526,.T.);
#7526 = EDGE_CURVE('',#7110,#6768,#7527,.T.);
#7527 = LINE('',#7528,#7529);
#7528 = CARTESIAN_POINT('',(260.,1.301310210696,277.2509090909));
#7529 = VECTOR('',#7530,1.);
#7530 = DIRECTION('',(1.,0.,1.110223024625E-16));
#7531 = CYLINDRICAL_SURFACE('',#7532,2.6);
#7532 = AXIS2_PLACEMENT_3D('',#7533,#7534,#7535);
#7533 = CARTESIAN_POINT('',(260.,0.,275.));
#7534 = DIRECTION('',(1.,0.,1.110223024625E-16));
#7535 = DIRECTION('',(1.110223024625E-16,0.,-1.));
#7536 = ADVANCED_FACE('',(#7537),#7548,.F.);
#7537 = FACE_BOUND('',#7538,.F.);
#7538 = EDGE_LOOP('',(#7539,#7540,#7541,#7542));
#7539 = ORIENTED_EDGE('',*,*,#6785,.F.);
#7540 = ORIENTED_EDGE('',*,*,#7526,.F.);
#7541 = ORIENTED_EDGE('',*,*,#7127,.T.);
#7542 = ORIENTED_EDGE('',*,*,#7543,.T.);
#7543 = EDGE_CURVE('',#7119,#6777,#7544,.T.);
#7544 = LINE('',#7545,#7546);
#7545 = CARTESIAN_POINT('',(260.,-1.301310210696,277.2509090909));
#7546 = VECTOR('',#7547,1.);
#7547 = DIRECTION('',(1.,0.,1.110223024625E-16));
#7548 = CYLINDRICAL_SURFACE('',#7549,3.5);
#7549 = AXIS2_PLACEMENT_3D('',#7550,#7551,#7552);
#7550 = CARTESIAN_POINT('',(260.,-6.000769315822E-15,280.5));
#7551 = DIRECTION('',(1.,0.,1.110223024625E-16));
#7552 = DIRECTION('',(1.110223024625E-16,0.,-1.));
#7553 = ADVANCED_FACE('',(#7554),#7560,.F.);
#7554 = FACE_BOUND('',#7555,.F.);
#7555 = EDGE_LOOP('',(#7556,#7557,#7558,#7559));
#7556 = ORIENTED_EDGE('',*,*,#7519,.T.);
#7557 = ORIENTED_EDGE('',*,*,#6776,.F.);
#7558 = ORIENTED_EDGE('',*,*,#7543,.F.);
#7559 = ORIENTED_EDGE('',*,*,#7118,.T.);
#7560 = CYLINDRICAL_SURFACE('',#7561,2.6);
#7561 = AXIS2_PLACEMENT_3D('',#7562,#7563,#7564);
#7562 = CARTESIAN_POINT('',(260.,0.,275.));
#7563 = DIRECTION('',(1.,0.,1.110223024625E-16));
#7564 = DIRECTION('',(1.110223024625E-16,0.,-1.));
#7565 = ADVANCED_FACE('',(#7566),#7582,.F.);
#7566 = FACE_BOUND('',#7567,.F.);
#7567 = EDGE_LOOP('',(#7568,#7569,#7575,#7576));
#7568 = ORIENTED_EDGE('',*,*,#6794,.F.);
#7569 = ORIENTED_EDGE('',*,*,#7570,.F.);
#7570 = EDGE_CURVE('',#7137,#6795,#7571,.T.);
#7571 = LINE('',#7572,#7573);
#7572 = CARTESIAN_POINT('',(260.,1.301310210696,332.74909090909));
#7573 = VECTOR('',#7574,1.);
#7574 = DIRECTION('',(1.,0.,1.110223024625E-16));
#7575 = ORIENTED_EDGE('',*,*,#7136,.T.);
#7576 = ORIENTED_EDGE('',*,*,#7577,.T.);
#7577 = EDGE_CURVE('',#7139,#6797,#7578,.T.);
#7578 = LINE('',#7579,#7580);
#7579 = CARTESIAN_POINT('',(260.,-1.301310210696,332.74909090909));
#7580 = VECTOR('',#7581,1.);
#7581 = DIRECTION('',(1.,0.,1.110223024625E-16));
#7582 = CYLINDRICAL_SURFACE('',#7583,2.6);
#7583 = AXIS2_PLACEMENT_3D('',#7584,#7585,#7586);
#7584 = CARTESIAN_POINT('',(260.,3.673940397442E-15,335.));
#7585 = DIRECTION('',(1.,0.,1.110223024625E-16));
#7586 = DIRECTION('',(1.110223024625E-16,0.,-1.));
#7587 = ADVANCED_FACE('',(#7588),#7599,.F.);
#7588 = FACE_BOUND('',#7589,.F.);
#7589 = EDGE_LOOP('',(#7590,#7596,#7597,#7598));
#7590 = ORIENTED_EDGE('',*,*,#7591,.T.);
#7591 = EDGE_CURVE('',#7148,#6806,#7592,.T.);
#7592 = LINE('',#7593,#7594);
#7593 = CARTESIAN_POINT('',(260.,2.143131898508E-15,326.));
#7594 = VECTOR('',#7595,1.);
#7595 = DIRECTION('',(1.,0.,1.110223024625E-16));
#7596 = ORIENTED_EDGE('',*,*,#6814,.F.);
#7597 = ORIENTED_EDGE('',*,*,#7577,.F.);
#7598 = ORIENTED_EDGE('',*,*,#7156,.T.);
#7599 = CYLINDRICAL_SURFACE('',#7600,3.5);
#7600 = AXIS2_PLACEMENT_3D('',#7601,#7602,#7603);
#7601 = CARTESIAN_POINT('',(260.,3.000384657911E-15,329.5));
#7602 = DIRECTION('',(1.,0.,1.110223024625E-16));
#7603 = DIRECTION('',(1.110223024625E-16,0.,-1.));
#7604 = ADVANCED_FACE('',(#7605),#7611,.F.);
#7605 = FACE_BOUND('',#7606,.F.);
#7606 = EDGE_LOOP('',(#7607,#7608,#7609,#7610));
#7607 = ORIENTED_EDGE('',*,*,#6805,.F.);
#7608 = ORIENTED_EDGE('',*,*,#7591,.F.);
#7609 = ORIENTED_EDGE('',*,*,#7147,.T.);
#7610 = ORIENTED_EDGE('',*,*,#7570,.T.);
#7611 = CYLINDRICAL_SURFACE('',#7612,3.5);
#7612 = AXIS2_PLACEMENT_3D('',#7613,#7614,#7615);
#7613 = CARTESIAN_POINT('',(260.,3.000384657911E-15,329.5));
#7614 = DIRECTION('',(1.,0.,1.110223024625E-16));
#7615 = DIRECTION('',(1.110223024625E-16,0.,-1.));
#7616 = ADVANCED_FACE('',(#7617),#7628,.F.);
#7617 = FACE_BOUND('',#7618,.F.);
#7618 = EDGE_LOOP('',(#7619,#7620,#7626,#7627));
#7619 = ORIENTED_EDGE('',*,*,#6823,.F.);
#7620 = ORIENTED_EDGE('',*,*,#7621,.F.);
#7621 = EDGE_CURVE('',#7166,#6824,#7622,.T.);
#7622 = LINE('',#7623,#7624);
#7623 = CARTESIAN_POINT('',(260.,11.480502970953,330.11638597533));
#7624 = VECTOR('',#7625,1.);
#7625 = DIRECTION('',(1.,0.,1.110223024625E-16));
#7626 = ORIENTED_EDGE('',*,*,#7165,.T.);
#7627 = ORIENTED_EDGE('',*,*,#7621,.T.);
#7628 = CYLINDRICAL_SURFACE('',#7629,2.6);
#7629 = AXIS2_PLACEMENT_3D('',#7630,#7631,#7632);
#7630 = CARTESIAN_POINT('',(260.,11.480502970953,332.71638597533));
#7631 = DIRECTION('',(1.,0.,1.110223024625E-16));
#7632 = DIRECTION('',(1.110223024625E-16,0.,-1.));
#7633 = ADVANCED_FACE('',(#7634),#7645,.F.);
#7634 = FACE_BOUND('',#7635,.F.);
#7635 = EDGE_LOOP('',(#7636,#7637,#7643,#7644));
#7636 = ORIENTED_EDGE('',*,*,#6834,.F.);
#7637 = ORIENTED_EDGE('',*,*,#7638,.F.);
#7638 = EDGE_CURVE('',#7177,#6835,#7639,.T.);
#7639 = LINE('',#7640,#7641);
#7640 = CARTESIAN_POINT('',(260.,10.,319.72050807568));
#7641 = VECTOR('',#7642,1.);
#7642 = DIRECTION('',(1.,0.,1.110223024625E-16));
#7643 = ORIENTED_EDGE('',*,*,#7176,.T.);
#7644 = ORIENTED_EDGE('',*,*,#7638,.T.);
#7645 = CYLINDRICAL_SURFACE('',#7646,2.6);
#7646 = AXIS2_PLACEMENT_3D('',#7647,#7648,#7649);
#7647 = CARTESIAN_POINT('',(260.,10.,322.32050807568));
#7648 = DIRECTION('',(1.,0.,1.110223024625E-16));
#7649 = DIRECTION('',(1.110223024625E-16,0.,-1.));
#7650 = ADVANCED_FACE('',(#7651),#7662,.F.);
#7651 = FACE_BOUND('',#7652,.F.);
#7652 = EDGE_LOOP('',(#7653,#7654,#7660,#7661));
#7653 = ORIENTED_EDGE('',*,*,#6845,.F.);
#7654 = ORIENTED_EDGE('',*,*,#7655,.F.);
#7655 = EDGE_CURVE('',#7188,#6846,#7656,.T.);
#7656 = LINE('',#7657,#7658);
#7657 = CARTESIAN_POINT('',(260.,21.213203435596,323.61320343559));
#7658 = VECTOR('',#7659,1.);
#7659 = DIRECTION('',(1.,0.,1.110223024625E-16));
#7660 = ORIENTED_EDGE('',*,*,#7187,.T.);
#7661 = ORIENTED_EDGE('',*,*,#7655,.T.);
#7662 = CYLINDRICAL_SURFACE('',#7663,2.6);
#7663 = AXIS2_PLACEMENT_3D('',#7664,#7665,#7666);
#7664 = CARTESIAN_POINT('',(260.,21.213203435596,326.21320343559));
#7665 = DIRECTION('',(1.,0.,1.110223024625E-16));
#7666 = DIRECTION('',(1.110223024625E-16,0.,-1.));
#7667 = ADVANCED_FACE('',(#7668),#7679,.F.);
#7668 = FACE_BOUND('',#7669,.F.);
#7669 = EDGE_LOOP('',(#7670,#7671,#7677,#7678));
#7670 = ORIENTED_EDGE('',*,*,#6856,.F.);
#7671 = ORIENTED_EDGE('',*,*,#7672,.F.);
#7672 = EDGE_CURVE('',#7199,#6857,#7673,.T.);
#7673 = LINE('',#7674,#7675);
#7674 = CARTESIAN_POINT('',(260.,21.217622392719,313.75));
#7675 = VECTOR('',#7676,1.);
#7676 = DIRECTION('',(1.,0.,1.110223024625E-16));
#7677 = ORIENTED_EDGE('',*,*,#7198,.T.);
#7678 = ORIENTED_EDGE('',*,*,#7672,.T.);
#7679 = CYLINDRICAL_SURFACE('',#7680,3.5);
#7680 = AXIS2_PLACEMENT_3D('',#7681,#7682,#7683);
#7681 = CARTESIAN_POINT('',(260.,21.217622392719,317.25));
#7682 = DIRECTION('',(1.,0.,1.110223024625E-16));
#7683 = DIRECTION('',(1.110223024625E-16,0.,-1.));
#7684 = ADVANCED_FACE('',(#7685),#7696,.F.);
#7685 = FACE_BOUND('',#7686,.F.);
#7686 = EDGE_LOOP('',(#7687,#7688,#7694,#7695));
#7687 = ORIENTED_EDGE('',*,*,#6867,.F.);
#7688 = ORIENTED_EDGE('',*,*,#7689,.F.);
#7689 = EDGE_CURVE('',#7210,#6868,#7690,.T.);
#7690 = LINE('',#7691,#7692);
#7691 = CARTESIAN_POINT('',(260.,27.716385975339,313.88050297095));
#7692 = VECTOR('',#7693,1.);
#7693 = DIRECTION('',(1.,0.,1.110223024625E-16));
#7694 = ORIENTED_EDGE('',*,*,#7209,.T.);
#7695 = ORIENTED_EDGE('',*,*,#7689,.T.);
#7696 = CYLINDRICAL_SURFACE('',#7697,2.6);
#7697 = AXIS2_PLACEMENT_3D('',#7698,#7699,#7700);
#7698 = CARTESIAN_POINT('',(260.,27.716385975339,316.48050297095));
#7699 = DIRECTION('',(1.,0.,1.110223024625E-16));
#7700 = DIRECTION('',(1.110223024625E-16,0.,-1.));
#7701 = ADVANCED_FACE('',(#7702),#7713,.F.);
#7702 = FACE_BOUND('',#7703,.F.);
#7703 = EDGE_LOOP('',(#7704,#7705,#7711,#7712));
#7704 = ORIENTED_EDGE('',*,*,#6878,.F.);
#7705 = ORIENTED_EDGE('',*,*,#7706,.F.);
#7706 = EDGE_CURVE('',#7221,#6879,#7707,.T.);
#7707 = LINE('',#7708,#7709);
#7708 = CARTESIAN_POINT('',(260.,-1.959434878636E-15,297.));
#7709 = VECTOR('',#7710,1.);
#7710 = DIRECTION('',(1.,0.,1.110223024625E-16));
#7711 = ORIENTED_EDGE('',*,*,#7220,.T.);
#7712 = ORIENTED_EDGE('',*,*,#7706,.T.);
#7713 = CYLINDRICAL_SURFACE('',#7714,8.);
#7714 = AXIS2_PLACEMENT_3D('',#7715,#7716,#7717);
#7715 = CARTESIAN_POINT('',(260.,0.,305.));
#7716 = DIRECTION('',(1.,0.,1.110223024625E-16));
#7717 = DIRECTION('',(1.110223024625E-16,0.,-1.));
#7718 = ADVANCED_FACE('',(#7719),#7730,.F.);
#7719 = FACE_BOUND('',#7720,.F.);
#7720 = EDGE_LOOP('',(#7721,#7722,#7728,#7729));
#7721 = ORIENTED_EDGE('',*,*,#6889,.F.);
#7722 = ORIENTED_EDGE('',*,*,#7723,.F.);
#7723 = EDGE_CURVE('',#7232,#6890,#7724,.T.);
#7724 = LINE('',#7725,#7726);
#7725 = CARTESIAN_POINT('',(260.,10.,285.07949192431));
#7726 = VECTOR('',#7727,1.);
#7727 = DIRECTION('',(1.,0.,1.110223024625E-16));
#7728 = ORIENTED_EDGE('',*,*,#7231,.T.);
#7729 = ORIENTED_EDGE('',*,*,#7723,.T.);
#7730 = CYLINDRICAL_SURFACE('',#7731,2.6);
#7731 = AXIS2_PLACEMENT_3D('',#7732,#7733,#7734);
#7732 = CARTESIAN_POINT('',(260.,10.,287.67949192431));
#7733 = DIRECTION('',(1.,0.,1.110223024625E-16));
#7734 = DIRECTION('',(1.110223024625E-16,0.,-1.));
#7735 = ADVANCED_FACE('',(#7736),#7747,.F.);
#7736 = FACE_BOUND('',#7737,.F.);
#7737 = EDGE_LOOP('',(#7738,#7739,#7745,#7746));
#7738 = ORIENTED_EDGE('',*,*,#6900,.F.);
#7739 = ORIENTED_EDGE('',*,*,#7740,.F.);
#7740 = EDGE_CURVE('',#7243,#6901,#7741,.T.);
#7741 = LINE('',#7742,#7743);
#7742 = CARTESIAN_POINT('',(260.,11.480502970953,274.68361402466));
#7743 = VECTOR('',#7744,1.);
#7744 = DIRECTION('',(1.,0.,1.110223024625E-16));
#7745 = ORIENTED_EDGE('',*,*,#7242,.T.);
#7746 = ORIENTED_EDGE('',*,*,#7740,.T.);
#7747 = CYLINDRICAL_SURFACE('',#7748,2.6);
#7748 = AXIS2_PLACEMENT_3D('',#7749,#7750,#7751);
#7749 = CARTESIAN_POINT('',(260.,11.480502970953,277.28361402466));
#7750 = DIRECTION('',(1.,0.,1.110223024625E-16));
#7751 = DIRECTION('',(1.110223024625E-16,0.,-1.));
#7752 = ADVANCED_FACE('',(#7753),#7764,.F.);
#7753 = FACE_BOUND('',#7754,.F.);
#7754 = EDGE_LOOP('',(#7755,#7756,#7762,#7763));
#7755 = ORIENTED_EDGE('',*,*,#6911,.F.);
#7756 = ORIENTED_EDGE('',*,*,#7757,.F.);
#7757 = EDGE_CURVE('',#7254,#6912,#7758,.T.);
#7758 = LINE('',#7759,#7760);
#7759 = CARTESIAN_POINT('',(260.,20.,302.4));
#7760 = VECTOR('',#7761,1.);
#7761 = DIRECTION('',(1.,0.,1.110223024625E-16));
#7762 = ORIENTED_EDGE('',*,*,#7253,.T.);
#7763 = ORIENTED_EDGE('',*,*,#7757,.T.);
#7764 = CYLINDRICAL_SURFACE('',#7765,2.6);
#7765 = AXIS2_PLACEMENT_3D('',#7766,#7767,#7768);
#7766 = CARTESIAN_POINT('',(260.,20.,305.));
#7767 = DIRECTION('',(1.,0.,1.110223024625E-16));
#7768 = DIRECTION('',(1.110223024625E-16,0.,-1.));
#7769 = ADVANCED_FACE('',(#7770),#7781,.F.);
#7770 = FACE_BOUND('',#7771,.F.);
#7771 = EDGE_LOOP('',(#7772,#7773,#7779,#7780));
#7772 = ORIENTED_EDGE('',*,*,#6922,.F.);
#7773 = ORIENTED_EDGE('',*,*,#7774,.F.);
#7774 = EDGE_CURVE('',#7265,#6923,#7775,.T.);
#7775 = LINE('',#7776,#7777);
#7776 = CARTESIAN_POINT('',(260.,21.217622392719,289.25));
#7777 = VECTOR('',#7778,1.);
#7778 = DIRECTION('',(1.,0.,1.110223024625E-16));
#7779 = ORIENTED_EDGE('',*,*,#7264,.T.);
#7780 = ORIENTED_EDGE('',*,*,#7774,.T.);
#7781 = CYLINDRICAL_SURFACE('',#7782,3.5);
#7782 = AXIS2_PLACEMENT_3D('',#7783,#7784,#7785);
#7783 = CARTESIAN_POINT('',(260.,21.217622392719,292.75));
#7784 = DIRECTION('',(1.,0.,1.110223024625E-16));
#7785 = DIRECTION('',(1.110223024625E-16,0.,-1.));
#7786 = ADVANCED_FACE('',(#7787),#7798,.F.);
#7787 = FACE_BOUND('',#7788,.F.);
#7788 = EDGE_LOOP('',(#7789,#7790,#7796,#7797));
#7789 = ORIENTED_EDGE('',*,*,#6933,.F.);
#7790 = ORIENTED_EDGE('',*,*,#7791,.F.);
#7791 = EDGE_CURVE('',#7276,#6934,#7792,.T.);
#7792 = LINE('',#7793,#7794);
#7793 = CARTESIAN_POINT('',(260.,30.,302.4));
#7794 = VECTOR('',#7795,1.);
#7795 = DIRECTION('',(1.,0.,1.110223024625E-16));
#7796 = ORIENTED_EDGE('',*,*,#7275,.T.);
#7797 = ORIENTED_EDGE('',*,*,#7791,.T.);
#7798 = CYLINDRICAL_SURFACE('',#7799,2.6);
#7799 = AXIS2_PLACEMENT_3D('',#7800,#7801,#7802);
#7800 = CARTESIAN_POINT('',(260.,30.,305.));
#7801 = DIRECTION('',(1.,0.,1.110223024625E-16));
#7802 = DIRECTION('',(1.110223024625E-16,0.,-1.));
#7803 = ADVANCED_FACE('',(#7804),#7815,.F.);
#7804 = FACE_BOUND('',#7805,.F.);
#7805 = EDGE_LOOP('',(#7806,#7807,#7813,#7814));
#7806 = ORIENTED_EDGE('',*,*,#6944,.F.);
#7807 = ORIENTED_EDGE('',*,*,#7808,.F.);
#7808 = EDGE_CURVE('',#7287,#6945,#7809,.T.);
#7809 = LINE('',#7810,#7811);
#7810 = CARTESIAN_POINT('',(260.,27.716385975339,290.91949702904));
#7811 = VECTOR('',#7812,1.);
#7812 = DIRECTION('',(1.,0.,1.110223024625E-16));
#7813 = ORIENTED_EDGE('',*,*,#7286,.T.);
#7814 = ORIENTED_EDGE('',*,*,#7808,.T.);
#7815 = CYLINDRICAL_SURFACE('',#7816,2.6);
#7816 = AXIS2_PLACEMENT_3D('',#7817,#7818,#7819);
#7817 = CARTESIAN_POINT('',(260.,27.716385975339,293.51949702904));
#7818 = DIRECTION('',(1.,0.,1.110223024625E-16));
#7819 = DIRECTION('',(1.110223024625E-16,0.,-1.));
#7820 = ADVANCED_FACE('',(#7821),#7832,.F.);
#7821 = FACE_BOUND('',#7822,.F.);
#7822 = EDGE_LOOP('',(#7823,#7824,#7830,#7831));
#7823 = ORIENTED_EDGE('',*,*,#6955,.F.);
#7824 = ORIENTED_EDGE('',*,*,#7825,.F.);
#7825 = EDGE_CURVE('',#7298,#6956,#7826,.T.);
#7826 = LINE('',#7827,#7828);
#7827 = CARTESIAN_POINT('',(260.,21.213203435596,281.1867965644));
#7828 = VECTOR('',#7829,1.);
#7829 = DIRECTION('',(1.,0.,1.110223024625E-16));
#7830 = ORIENTED_EDGE('',*,*,#7297,.T.);
#7831 = ORIENTED_EDGE('',*,*,#7825,.T.);
#7832 = CYLINDRICAL_SURFACE('',#7833,2.6);
#7833 = AXIS2_PLACEMENT_3D('',#7834,#7835,#7836);
#7834 = CARTESIAN_POINT('',(260.,21.213203435596,283.7867965644));
#7835 = DIRECTION('',(1.,0.,1.110223024625E-16));
#7836 = DIRECTION('',(1.110223024625E-16,0.,-1.));
#7837 = MANIFOLD_SOLID_BREP('',#7838);
#7838 = CLOSED_SHELL('',(#7839,#7872,#7881));
#7839 = ADVANCED_FACE('',(#7840),#7867,.T.);
#7840 = FACE_BOUND('',#7841,.T.);
#7841 = EDGE_LOOP('',(#7842,#7851,#7859,#7866));
#7842 = ORIENTED_EDGE('',*,*,#7843,.F.);
#7843 = EDGE_CURVE('',#7844,#7844,#7846,.T.);
#7844 = VERTEX_POINT('',#7845);
#7845 = CARTESIAN_POINT('',(50.,100.,142.));
#7846 = CIRCLE('',#7847,38.);
#7847 = AXIS2_PLACEMENT_3D('',#7848,#7849,#7850);
#7848 = CARTESIAN_POINT('',(50.,100.,180.));
#7849 = DIRECTION('',(1.,-0.,1.110223024625E-16));
#7850 = DIRECTION('',(1.110223024625E-16,0.,-1.));
#7851 = ORIENTED_EDGE('',*,*,#7852,.F.);
#7852 = EDGE_CURVE('',#7853,#7844,#7855,.T.);
#7853 = VERTEX_POINT('',#7854);
#7854 = CARTESIAN_POINT('',(-60.,100.,142.));
#7855 = LINE('',#7856,#7857);
#7856 = CARTESIAN_POINT('',(-60.,100.,142.));
#7857 = VECTOR('',#7858,1.);
#7858 = DIRECTION('',(1.,0.,1.110223024625E-16));
#7859 = ORIENTED_EDGE('',*,*,#7860,.T.);
#7860 = EDGE_CURVE('',#7853,#7853,#7861,.T.);
#7861 = CIRCLE('',#7862,38.);
#7862 = AXIS2_PLACEMENT_3D('',#7863,#7864,#7865);
#7863 = CARTESIAN_POINT('',(-60.,100.,180.));
#7864 = DIRECTION('',(1.,-0.,1.110223024625E-16));
#7865 = DIRECTION('',(1.110223024625E-16,0.,-1.));
#7866 = ORIENTED_EDGE('',*,*,#7852,.T.);
#7867 = CYLINDRICAL_SURFACE('',#7868,38.);
#7868 = AXIS2_PLACEMENT_3D('',#7869,#7870,#7871);
#7869 = CARTESIAN_POINT('',(-60.,100.,180.));
#7870 = DIRECTION('',(1.,0.,1.110223024625E-16));
#7871 = DIRECTION('',(1.110223024625E-16,0.,-1.));
#7872 = ADVANCED_FACE('',(#7873),#7876,.T.);
#7873 = FACE_BOUND('',#7874,.T.);
#7874 = EDGE_LOOP('',(#7875));
#7875 = ORIENTED_EDGE('',*,*,#7843,.T.);
#7876 = PLANE('',#7877);
#7877 = AXIS2_PLACEMENT_3D('',#7878,#7879,#7880);
#7878 = CARTESIAN_POINT('',(50.,100.,180.));
#7879 = DIRECTION('',(1.,0.,1.110223024625E-16));
#7880 = DIRECTION('',(1.110223024625E-16,0.,-1.));
#7881 = ADVANCED_FACE('',(#7882),#7885,.F.);
#7882 = FACE_BOUND('',#7883,.T.);
#7883 = EDGE_LOOP('',(#7884));
#7884 = ORIENTED_EDGE('',*,*,#7860,.F.);
#7885 = PLANE('',#7886);
#7886 = AXIS2_PLACEMENT_3D('',#7887,#7888,#7889);
#7887 = CARTESIAN_POINT('',(-60.,100.,180.));
#7888 = DIRECTION('',(1.,0.,1.110223024625E-16));
#7889 = DIRECTION('',(1.110223024625E-16,0.,-1.));
#7890 = MANIFOLD_SOLID_BREP('',#7891);
#7891 = CLOSED_SHELL('',(#7892,#7925,#7934));
#7892 = ADVANCED_FACE('',(#7893),#7920,.T.);
#7893 = FACE_BOUND('',#7894,.T.);
#7894 = EDGE_LOOP('',(#7895,#7904,#7912,#7919));
#7895 = ORIENTED_EDGE('',*,*,#7896,.F.);
#7896 = EDGE_CURVE('',#7897,#7897,#7899,.T.);
#7897 = VERTEX_POINT('',#7898);
#7898 = CARTESIAN_POINT('',(-98.,100.,222.));
#7899 = CIRCLE('',#7900,42.);
#7900 = AXIS2_PLACEMENT_3D('',#7901,#7902,#7903);
#7901 = CARTESIAN_POINT('',(-98.,100.,180.));
#7902 = DIRECTION('',(-1.,0.,1.110223024625E-16));
#7903 = DIRECTION('',(1.110223024625E-16,0.,1.));
#7904 = ORIENTED_EDGE('',*,*,#7905,.F.);
#7905 = EDGE_CURVE('',#7906,#7897,#7908,.T.);
#7906 = VERTEX_POINT('',#7907);
#7907 = CARTESIAN_POINT('',(-60.,100.,222.));
#7908 = LINE('',#7909,#7910);
#7909 = CARTESIAN_POINT('',(-60.,100.,222.));
#7910 = VECTOR('',#7911,1.);
#7911 = DIRECTION('',(-1.,0.,1.110223024625E-16));
#7912 = ORIENTED_EDGE('',*,*,#7913,.T.);
#7913 = EDGE_CURVE('',#7906,#7906,#7914,.T.);
#7914 = CIRCLE('',#7915,42.);
#7915 = AXIS2_PLACEMENT_3D('',#7916,#7917,#7918);
#7916 = CARTESIAN_POINT('',(-60.,100.,180.));
#7917 = DIRECTION('',(-1.,0.,1.110223024625E-16));
#7918 = DIRECTION('',(1.110223024625E-16,0.,1.));
#7919 = ORIENTED_EDGE('',*,*,#7905,.T.);
#7920 = CYLINDRICAL_SURFACE('',#7921,42.);
#7921 = AXIS2_PLACEMENT_3D('',#7922,#7923,#7924);
#7922 = CARTESIAN_POINT('',(-60.,100.,180.));
#7923 = DIRECTION('',(-1.,0.,1.110223024625E-16));
#7924 = DIRECTION('',(1.110223024625E-16,0.,1.));
#7925 = ADVANCED_FACE('',(#7926),#7929,.T.);
#7926 = FACE_BOUND('',#7927,.T.);
#7927 = EDGE_LOOP('',(#7928));
#7928 = ORIENTED_EDGE('',*,*,#7896,.T.);
#7929 = PLANE('',#7930);
#7930 = AXIS2_PLACEMENT_3D('',#7931,#7932,#7933);
#7931 = CARTESIAN_POINT('',(-98.,100.,180.));
#7932 = DIRECTION('',(-1.,0.,1.110223024625E-16));
#7933 = DIRECTION('',(1.110223024625E-16,0.,1.));
#7934 = ADVANCED_FACE('',(#7935),#7938,.F.);
#7935 = FACE_BOUND('',#7936,.T.);
#7936 = EDGE_LOOP('',(#7937));
#7937 = ORIENTED_EDGE('',*,*,#7913,.F.);
#7938 = PLANE('',#7939);
#7939 = AXIS2_PLACEMENT_3D('',#7940,#7941,#7942);
#7940 = CARTESIAN_POINT('',(-60.,100.,180.));
#7941 = DIRECTION('',(-1.,0.,1.110223024625E-16));
#7942 = DIRECTION('',(1.110223024625E-16,0.,1.));
#7943 = MANIFOLD_SOLID_BREP('',#7944);
#7944 = CLOSED_SHELL('',(#7945,#7978,#7987));
#7945 = ADVANCED_FACE('',(#7946),#7973,.T.);
#7946 = FACE_BOUND('',#7947,.T.);
#7947 = EDGE_LOOP('',(#7948,#7957,#7965,#7972));
#7948 = ORIENTED_EDGE('',*,*,#7949,.F.);
#7949 = EDGE_CURVE('',#7950,#7950,#7952,.T.);
#7950 = VERTEX_POINT('',#7951);
#7951 = CARTESIAN_POINT('',(-111.,100.,188.5));
#7952 = CIRCLE('',#7953,8.5);
#7953 = AXIS2_PLACEMENT_3D('',#7954,#7955,#7956);
#7954 = CARTESIAN_POINT('',(-111.,100.,180.));
#7955 = DIRECTION('',(-1.,0.,1.110223024625E-16));
#7956 = DIRECTION('',(1.110223024625E-16,0.,1.));
#7957 = ORIENTED_EDGE('',*,*,#7958,.F.);
#7958 = EDGE_CURVE('',#7959,#7950,#7961,.T.);
#7959 = VERTEX_POINT('',#7960);
#7960 = CARTESIAN_POINT('',(-98.,100.,188.5));
#7961 = LINE('',#7962,#7963);
#7962 = CARTESIAN_POINT('',(-98.,100.,188.5));
#7963 = VECTOR('',#7964,1.);
#7964 = DIRECTION('',(-1.,0.,1.110223024625E-16));
#7965 = ORIENTED_EDGE('',*,*,#7966,.T.);
#7966 = EDGE_CURVE('',#7959,#7959,#7967,.T.);
#7967 = CIRCLE('',#7968,8.5);
#7968 = AXIS2_PLACEMENT_3D('',#7969,#7970,#7971);
#7969 = CARTESIAN_POINT('',(-98.,100.,180.));
#7970 = DIRECTION('',(-1.,0.,1.110223024625E-16));
#7971 = DIRECTION('',(1.110223024625E-16,0.,1.));
#7972 = ORIENTED_EDGE('',*,*,#7958,.T.);
#7973 = CYLINDRICAL_SURFACE('',#7974,8.5);
#7974 = AXIS2_PLACEMENT_3D('',#7975,#7976,#7977);
#7975 = CARTESIAN_POINT('',(-98.,100.,180.));
#7976 = DIRECTION('',(-1.,0.,1.110223024625E-16));
#7977 = DIRECTION('',(1.110223024625E-16,0.,1.));
#7978 = ADVANCED_FACE('',(#7979),#7982,.T.);
#7979 = FACE_BOUND('',#7980,.T.);
#7980 = EDGE_LOOP('',(#7981));
#7981 = ORIENTED_EDGE('',*,*,#7949,.T.);
#7982 = PLANE('',#7983);
#7983 = AXIS2_PLACEMENT_3D('',#7984,#7985,#7986);
#7984 = CARTESIAN_POINT('',(-111.,100.,180.));
#7985 = DIRECTION('',(-1.,0.,1.110223024625E-16));
#7986 = DIRECTION('',(1.110223024625E-16,0.,1.));
#7987 = ADVANCED_FACE('',(#7988),#7991,.F.);
#7988 = FACE_BOUND('',#7989,.T.);
#7989 = EDGE_LOOP('',(#7990));
#7990 = ORIENTED_EDGE('',*,*,#7966,.F.);
#7991 = PLANE('',#7992);
#7992 = AXIS2_PLACEMENT_3D('',#7993,#7994,#7995);
#7993 = CARTESIAN_POINT('',(-98.,100.,180.));
#7994 = DIRECTION('',(-1.,0.,1.110223024625E-16));
#7995 = DIRECTION('',(1.110223024625E-16,0.,1.));
#7996 = MANIFOLD_SOLID_BREP('',#7997);
#7997 = CLOSED_SHELL('',(#7998,#8031,#8040));
#7998 = ADVANCED_FACE('',(#7999),#8026,.T.);
#7999 = FACE_BOUND('',#8000,.T.);
#8000 = EDGE_LOOP('',(#8001,#8010,#8018,#8025));
#8001 = ORIENTED_EDGE('',*,*,#8002,.F.);
#8002 = EDGE_CURVE('',#8003,#8003,#8005,.T.);
#8003 = VERTEX_POINT('',#8004);
#8004 = CARTESIAN_POINT('',(-113.5,100.,160.));
#8005 = CIRCLE('',#8006,20.);
#8006 = AXIS2_PLACEMENT_3D('',#8007,#8008,#8009);
#8007 = CARTESIAN_POINT('',(-113.5,100.,180.));
#8008 = DIRECTION('',(-1.,0.,0.));
#8009 = DIRECTION('',(0.,0.,-1.));
#8010 = ORIENTED_EDGE('',*,*,#8011,.F.);
#8011 = EDGE_CURVE('',#8012,#8003,#8014,.T.);
#8012 = VERTEX_POINT('',#8013);
#8013 = CARTESIAN_POINT('',(-108.5,100.,160.));
#8014 = LINE('',#8015,#8016);
#8015 = CARTESIAN_POINT('',(-108.5,100.,160.));
#8016 = VECTOR('',#8017,1.);
#8017 = DIRECTION('',(-1.,0.,0.));
#8018 = ORIENTED_EDGE('',*,*,#8019,.T.);
#8019 = EDGE_CURVE('',#8012,#8012,#8020,.T.);
#8020 = CIRCLE('',#8021,20.);
#8021 = AXIS2_PLACEMENT_3D('',#8022,#8023,#8024);
#8022 = CARTESIAN_POINT('',(-108.5,100.,180.));
#8023 = DIRECTION('',(-1.,0.,0.));
#8024 = DIRECTION('',(0.,0.,-1.));
#8025 = ORIENTED_EDGE('',*,*,#8011,.T.);
#8026 = CYLINDRICAL_SURFACE('',#8027,20.);
#8027 = AXIS2_PLACEMENT_3D('',#8028,#8029,#8030);
#8028 = CARTESIAN_POINT('',(-108.5,100.,180.));
#8029 = DIRECTION('',(-1.,0.,0.));
#8030 = DIRECTION('',(0.,0.,-1.));
#8031 = ADVANCED_FACE('',(#8032),#8035,.T.);
#8032 = FACE_BOUND('',#8033,.T.);
#8033 = EDGE_LOOP('',(#8034));
#8034 = ORIENTED_EDGE('',*,*,#8002,.T.);
#8035 = PLANE('',#8036);
#8036 = AXIS2_PLACEMENT_3D('',#8037,#8038,#8039);
#8037 = CARTESIAN_POINT('',(-113.5,100.,180.));
#8038 = DIRECTION('',(-1.,0.,0.));
#8039 = DIRECTION('',(0.,0.,-1.));
#8040 = ADVANCED_FACE('',(#8041),#8044,.F.);
#8041 = FACE_BOUND('',#8042,.T.);
#8042 = EDGE_LOOP('',(#8043));
#8043 = ORIENTED_EDGE('',*,*,#8019,.F.);
#8044 = PLANE('',#8045);
#8045 = AXIS2_PLACEMENT_3D('',#8046,#8047,#8048);
#8046 = CARTESIAN_POINT('',(-108.5,100.,180.));
#8047 = DIRECTION('',(-1.,0.,0.));
#8048 = DIRECTION('',(0.,0.,-1.));
#8049 = MANIFOLD_SOLID_BREP('',#8050);
#8050 = CLOSED_SHELL('',(#8051,#8091,#8131,#8153,#8175,#8187));
#8051 = ADVANCED_FACE('',(#8052),#8086,.F.);
#8052 = FACE_BOUND('',#8053,.F.);
#8053 = EDGE_LOOP('',(#8054,#8064,#8072,#8080));
#8054 = ORIENTED_EDGE('',*,*,#8055,.F.);
#8055 = EDGE_CURVE('',#8056,#8058,#8060,.T.);
#8056 = VERTEX_POINT('',#8057);
#8057 = CARTESIAN_POINT('',(-113.5,120.,177.));
#8058 = VERTEX_POINT('',#8059);
#8059 = CARTESIAN_POINT('',(-113.5,120.,183.));
#8060 = LINE('',#8061,#8062);
#8061 = CARTESIAN_POINT('',(-113.5,120.,177.));
#8062 = VECTOR('',#8063,1.);
#8063 = DIRECTION('',(0.,0.,1.));
#8064 = ORIENTED_EDGE('',*,*,#8065,.T.);
#8065 = EDGE_CURVE('',#8056,#8066,#8068,.T.);
#8066 = VERTEX_POINT('',#8067);
#8067 = CARTESIAN_POINT('',(-113.5,124.,177.));
#8068 = LINE('',#8069,#8070);
#8069 = CARTESIAN_POINT('',(-113.5,120.,177.));
#8070 = VECTOR('',#8071,1.);
#8071 = DIRECTION('',(0.,1.,0.));
#8072 = ORIENTED_EDGE('',*,*,#8073,.T.);
#8073 = EDGE_CURVE('',#8066,#8074,#8076,.T.);
#8074 = VERTEX_POINT('',#8075);
#8075 = CARTESIAN_POINT('',(-113.5,124.,183.));
#8076 = LINE('',#8077,#8078);
#8077 = CARTESIAN_POINT('',(-113.5,124.,177.));
#8078 = VECTOR('',#8079,1.);
#8079 = DIRECTION('',(0.,0.,1.));
#8080 = ORIENTED_EDGE('',*,*,#8081,.F.);
#8081 = EDGE_CURVE('',#8058,#8074,#8082,.T.);
#8082 = LINE('',#8083,#8084);
#8083 = CARTESIAN_POINT('',(-113.5,120.,183.));
#8084 = VECTOR('',#8085,1.);
#8085 = DIRECTION('',(0.,1.,0.));
#8086 = PLANE('',#8087);
#8087 = AXIS2_PLACEMENT_3D('',#8088,#8089,#8090);
#8088 = CARTESIAN_POINT('',(-113.5,120.,177.));
#8089 = DIRECTION('',(1.,0.,0.));
#8090 = DIRECTION('',(0.,0.,1.));
#8091 = ADVANCED_FACE('',(#8092),#8126,.T.);
#8092 = FACE_BOUND('',#8093,.T.);
#8093 = EDGE_LOOP('',(#8094,#8104,#8112,#8120));
#8094 = ORIENTED_EDGE('',*,*,#8095,.F.);
#8095 = EDGE_CURVE('',#8096,#8098,#8100,.T.);
#8096 = VERTEX_POINT('',#8097);
#8097 = CARTESIAN_POINT('',(-108.5,120.,177.));
#8098 = VERTEX_POINT('',#8099);
#8099 = CARTESIAN_POINT('',(-108.5,120.,183.));
#8100 = LINE('',#8101,#8102);
#8101 = CARTESIAN_POINT('',(-108.5,120.,177.));
#8102 = VECTOR('',#8103,1.);
#8103 = DIRECTION('',(0.,0.,1.));
#8104 = ORIENTED_EDGE('',*,*,#8105,.T.);
#8105 = EDGE_CURVE('',#8096,#8106,#8108,.T.);
#8106 = VERTEX_POINT('',#8107);
#8107 = CARTESIAN_POINT('',(-108.5,124.,177.));
#8108 = LINE('',#8109,#8110);
#8109 = CARTESIAN_POINT('',(-108.5,120.,177.));
#8110 = VECTOR('',#8111,1.);
#8111 = DIRECTION('',(0.,1.,0.));
#8112 = ORIENTED_EDGE('',*,*,#8113,.T.);
#8113 = EDGE_CURVE('',#8106,#8114,#8116,.T.);
#8114 = VERTEX_POINT('',#8115);
#8115 = CARTESIAN_POINT('',(-108.5,124.,183.));
#8116 = LINE('',#8117,#8118);
#8117 = CARTESIAN_POINT('',(-108.5,124.,177.));
#8118 = VECTOR('',#8119,1.);
#8119 = DIRECTION('',(0.,0.,1.));
#8120 = ORIENTED_EDGE('',*,*,#8121,.F.);
#8121 = EDGE_CURVE('',#8098,#8114,#8122,.T.);
#8122 = LINE('',#8123,#8124);
#8123 = CARTESIAN_POINT('',(-108.5,120.,183.));
#8124 = VECTOR('',#8125,1.);
#8125 = DIRECTION('',(0.,1.,0.));
#8126 = PLANE('',#8127);
#8127 = AXIS2_PLACEMENT_3D('',#8128,#8129,#8130);
#8128 = CARTESIAN_POINT('',(-108.5,120.,177.));
#8129 = DIRECTION('',(1.,0.,0.));
#8130 = DIRECTION('',(0.,0.,1.));
#8131 = ADVANCED_FACE('',(#8132),#8148,.F.);
#8132 = FACE_BOUND('',#8133,.F.);
#8133 = EDGE_LOOP('',(#8134,#8140,#8141,#8147));
#8134 = ORIENTED_EDGE('',*,*,#8135,.F.);
#8135 = EDGE_CURVE('',#8056,#8096,#8136,.T.);
#8136 = LINE('',#8137,#8138);
#8137 = CARTESIAN_POINT('',(-113.5,120.,177.));
#8138 = VECTOR('',#8139,1.);
#8139 = DIRECTION('',(1.,0.,0.));
#8140 = ORIENTED_EDGE('',*,*,#8055,.T.);
#8141 = ORIENTED_EDGE('',*,*,#8142,.T.);
#8142 = EDGE_CURVE('',#8058,#8098,#8143,.T.);
#8143 = LINE('',#8144,#8145);
#8144 = CARTESIAN_POINT('',(-113.5,120.,183.));
#8145 = VECTOR('',#8146,1.);
#8146 = DIRECTION('',(1.,0.,0.));
#8147 = ORIENTED_EDGE('',*,*,#8095,.F.);
#8148 = PLANE('',#8149);
#8149 = AXIS2_PLACEMENT_3D('',#8150,#8151,#8152);
#8150 = CARTESIAN_POINT('',(-113.5,120.,177.));
#8151 = DIRECTION('',(0.,1.,0.));
#8152 = DIRECTION('',(0.,0.,1.));
#8153 = ADVANCED_FACE('',(#8154),#8170,.T.);
#8154 = FACE_BOUND('',#8155,.T.);
#8155 = EDGE_LOOP('',(#8156,#8162,#8163,#8169));
#8156 = ORIENTED_EDGE('',*,*,#8157,.F.);
#8157 = EDGE_CURVE('',#8066,#8106,#8158,.T.);
#8158 = LINE('',#8159,#8160);
#8159 = CARTESIAN_POINT('',(-113.5,124.,177.));
#8160 = VECTOR('',#8161,1.);
#8161 = DIRECTION('',(1.,0.,0.));
#8162 = ORIENTED_EDGE('',*,*,#8073,.T.);
#8163 = ORIENTED_EDGE('',*,*,#8164,.T.);
#8164 = EDGE_CURVE('',#8074,#8114,#8165,.T.);
#8165 = LINE('',#8166,#8167);
#8166 = CARTESIAN_POINT('',(-113.5,124.,183.));
#8167 = VECTOR('',#8168,1.);
#8168 = DIRECTION('',(1.,0.,0.));
#8169 = ORIENTED_EDGE('',*,*,#8113,.F.);
#8170 = PLANE('',#8171);
#8171 = AXIS2_PLACEMENT_3D('',#8172,#8173,#8174);
#8172 = CARTESIAN_POINT('',(-113.5,124.,177.));
#8173 = DIRECTION('',(0.,1.,0.));
#8174 = DIRECTION('',(0.,0.,1.));
#8175 = ADVANCED_FACE('',(#8176),#8182,.F.);
#8176 = FACE_BOUND('',#8177,.F.);
#8177 = EDGE_LOOP('',(#8178,#8179,#8180,#8181));
#8178 = ORIENTED_EDGE('',*,*,#8065,.F.);
#8179 = ORIENTED_EDGE('',*,*,#8135,.T.);
#8180 = ORIENTED_EDGE('',*,*,#8105,.T.);
#8181 = ORIENTED_EDGE('',*,*,#8157,.F.);
#8182 = PLANE('',#8183);
#8183 = AXIS2_PLACEMENT_3D('',#8184,#8185,#8186);
#8184 = CARTESIAN_POINT('',(-113.5,120.,177.));
#8185 = DIRECTION('',(0.,0.,1.));
#8186 = DIRECTION('',(1.,0.,0.));
#8187 = ADVANCED_FACE('',(#8188),#8194,.T.);
#8188 = FACE_BOUND('',#8189,.T.);
#8189 = EDGE_LOOP('',(#8190,#8191,#8192,#8193));
#8190 = ORIENTED_EDGE('',*,*,#8081,.F.);
#8191 = ORIENTED_EDGE('',*,*,#8142,.T.);
#8192 = ORIENTED_EDGE('',*,*,#8121,.T.);
#8193 = ORIENTED_EDGE('',*,*,#8164,.F.);
#8194 = PLANE('',#8195);
#8195 = AXIS2_PLACEMENT_3D('',#8196,#8197,#8198);
#8196 = CARTESIAN_POINT('',(-113.5,120.,183.));
#8197 = DIRECTION('',(0.,0.,1.));
#8198 = DIRECTION('',(1.,0.,0.));
#8199 = MANIFOLD_SOLID_BREP('',#8200);
#8200 = CLOSED_SHELL('',(#8201,#8241,#8281,#8303,#8325,#8337));
#8201 = ADVANCED_FACE('',(#8202),#8236,.F.);
#8202 = FACE_BOUND('',#8203,.F.);
#8203 = EDGE_LOOP('',(#8204,#8214,#8222,#8230));
#8204 = ORIENTED_EDGE('',*,*,#8205,.F.);
#8205 = EDGE_CURVE('',#8206,#8208,#8210,.T.);
#8206 = VERTEX_POINT('',#8207);
#8207 = CARTESIAN_POINT('',(-113.5,116.50757772228,188.89409798402));
#8208 = VERTEX_POINT('',#8209);
#8209 = CARTESIAN_POINT('',(-113.5,116.50757772228,194.89409798402));
#8210 = LINE('',#8211,#8212);
#8211 = CARTESIAN_POINT('',(-113.5,116.50757772228,188.89409798402));
#8212 = VECTOR('',#8213,1.);
#8213 = DIRECTION('',(0.,0.,1.));
#8214 = ORIENTED_EDGE('',*,*,#8215,.T.);
#8215 = EDGE_CURVE('',#8206,#8216,#8218,.T.);
#8216 = VERTEX_POINT('',#8217);
#8217 = CARTESIAN_POINT('',(-113.5,120.50757772228,188.89409798402));
#8218 = LINE('',#8219,#8220);
#8219 = CARTESIAN_POINT('',(-113.5,116.50757772228,188.89409798402));
#8220 = VECTOR('',#8221,1.);
#8221 = DIRECTION('',(0.,1.,0.));
#8222 = ORIENTED_EDGE('',*,*,#8223,.T.);
#8223 = EDGE_CURVE('',#8216,#8224,#8226,.T.);
#8224 = VERTEX_POINT('',#8225);
#8225 = CARTESIAN_POINT('',(-113.5,120.50757772228,194.89409798402));
#8226 = LINE('',#8227,#8228);
#8227 = CARTESIAN_POINT('',(-113.5,120.50757772228,188.89409798402));
#8228 = VECTOR('',#8229,1.);
#8229 = DIRECTION('',(0.,0.,1.));
#8230 = ORIENTED_EDGE('',*,*,#8231,.F.);
#8231 = EDGE_CURVE('',#8208,#8224,#8232,.T.);
#8232 = LINE('',#8233,#8234);
#8233 = CARTESIAN_POINT('',(-113.5,116.50757772228,194.89409798402));
#8234 = VECTOR('',#8235,1.);
#8235 = DIRECTION('',(0.,1.,0.));
#8236 = PLANE('',#8237);
#8237 = AXIS2_PLACEMENT_3D('',#8238,#8239,#8240);
#8238 = CARTESIAN_POINT('',(-113.5,116.50757772228,188.89409798402));
#8239 = DIRECTION('',(1.,0.,0.));
#8240 = DIRECTION('',(0.,0.,1.));
#8241 = ADVANCED_FACE('',(#8242),#8276,.T.);
#8242 = FACE_BOUND('',#8243,.T.);
#8243 = EDGE_LOOP('',(#8244,#8254,#8262,#8270));
#8244 = ORIENTED_EDGE('',*,*,#8245,.F.);
#8245 = EDGE_CURVE('',#8246,#8248,#8250,.T.);
#8246 = VERTEX_POINT('',#8247);
#8247 = CARTESIAN_POINT('',(-108.5,116.50757772228,188.89409798402));
#8248 = VERTEX_POINT('',#8249);
#8249 = CARTESIAN_POINT('',(-108.5,116.50757772228,194.89409798402));
#8250 = LINE('',#8251,#8252);
#8251 = CARTESIAN_POINT('',(-108.5,116.50757772228,188.89409798402));
#8252 = VECTOR('',#8253,1.);
#8253 = DIRECTION('',(0.,0.,1.));
#8254 = ORIENTED_EDGE('',*,*,#8255,.T.);
#8255 = EDGE_CURVE('',#8246,#8256,#8258,.T.);
#8256 = VERTEX_POINT('',#8257);
#8257 = CARTESIAN_POINT('',(-108.5,120.50757772228,188.89409798402));
#8258 = LINE('',#8259,#8260);
#8259 = CARTESIAN_POINT('',(-108.5,116.50757772228,188.89409798402));
#8260 = VECTOR('',#8261,1.);
#8261 = DIRECTION('',(0.,1.,0.));
#8262 = ORIENTED_EDGE('',*,*,#8263,.T.);
#8263 = EDGE_CURVE('',#8256,#8264,#8266,.T.);
#8264 = VERTEX_POINT('',#8265);
#8265 = CARTESIAN_POINT('',(-108.5,120.50757772228,194.89409798402));
#8266 = LINE('',#8267,#8268);
#8267 = CARTESIAN_POINT('',(-108.5,120.50757772228,188.89409798402));
#8268 = VECTOR('',#8269,1.);
#8269 = DIRECTION('',(0.,0.,1.));
#8270 = ORIENTED_EDGE('',*,*,#8271,.F.);
#8271 = EDGE_CURVE('',#8248,#8264,#8272,.T.);
#8272 = LINE('',#8273,#8274);
#8273 = CARTESIAN_POINT('',(-108.5,116.50757772228,194.89409798402));
#8274 = VECTOR('',#8275,1.);
#8275 = DIRECTION('',(0.,1.,0.));
#8276 = PLANE('',#8277);
#8277 = AXIS2_PLACEMENT_3D('',#8278,#8279,#8280);
#8278 = CARTESIAN_POINT('',(-108.5,116.50757772228,188.89409798402));
#8279 = DIRECTION('',(1.,0.,0.));
#8280 = DIRECTION('',(0.,0.,1.));
#8281 = ADVANCED_FACE('',(#8282),#8298,.F.);
#8282 = FACE_BOUND('',#8283,.F.);
#8283 = EDGE_LOOP('',(#8284,#8290,#8291,#8297));
#8284 = ORIENTED_EDGE('',*,*,#8285,.F.);
#8285 = EDGE_CURVE('',#8206,#8246,#8286,.T.);
#8286 = LINE('',#8287,#8288);
#8287 = CARTESIAN_POINT('',(-113.5,116.50757772228,188.89409798402));
#8288 = VECTOR('',#8289,1.);
#8289 = DIRECTION('',(1.,0.,0.));
#8290 = ORIENTED_EDGE('',*,*,#8205,.T.);
#8291 = ORIENTED_EDGE('',*,*,#8292,.T.);
#8292 = EDGE_CURVE('',#8208,#8248,#8293,.T.);
#8293 = LINE('',#8294,#8295);
#8294 = CARTESIAN_POINT('',(-113.5,116.50757772228,194.89409798402));
#8295 = VECTOR('',#8296,1.);
#8296 = DIRECTION('',(1.,0.,0.));
#8297 = ORIENTED_EDGE('',*,*,#8245,.F.);
#8298 = PLANE('',#8299);
#8299 = AXIS2_PLACEMENT_3D('',#8300,#8301,#8302);
#8300 = CARTESIAN_POINT('',(-113.5,116.50757772228,188.89409798402));
#8301 = DIRECTION('',(0.,1.,0.));
#8302 = DIRECTION('',(0.,0.,1.));
#8303 = ADVANCED_FACE('',(#8304),#8320,.T.);
#8304 = FACE_BOUND('',#8305,.T.);
#8305 = EDGE_LOOP('',(#8306,#8312,#8313,#8319));
#8306 = ORIENTED_EDGE('',*,*,#8307,.F.);
#8307 = EDGE_CURVE('',#8216,#8256,#8308,.T.);
#8308 = LINE('',#8309,#8310);
#8309 = CARTESIAN_POINT('',(-113.5,120.50757772228,188.89409798402));
#8310 = VECTOR('',#8311,1.);
#8311 = DIRECTION('',(1.,0.,0.));
#8312 = ORIENTED_EDGE('',*,*,#8223,.T.);
#8313 = ORIENTED_EDGE('',*,*,#8314,.T.);
#8314 = EDGE_CURVE('',#8224,#8264,#8315,.T.);
#8315 = LINE('',#8316,#8317);
#8316 = CARTESIAN_POINT('',(-113.5,120.50757772228,194.89409798402));
#8317 = VECTOR('',#8318,1.);
#8318 = DIRECTION('',(1.,0.,0.));
#8319 = ORIENTED_EDGE('',*,*,#8263,.F.);
#8320 = PLANE('',#8321);
#8321 = AXIS2_PLACEMENT_3D('',#8322,#8323,#8324);
#8322 = CARTESIAN_POINT('',(-113.5,120.50757772228,188.89409798402));
#8323 = DIRECTION('',(0.,1.,0.));
#8324 = DIRECTION('',(0.,0.,1.));
#8325 = ADVANCED_FACE('',(#8326),#8332,.F.);
#8326 = FACE_BOUND('',#8327,.F.);
#8327 = EDGE_LOOP('',(#8328,#8329,#8330,#8331));
#8328 = ORIENTED_EDGE('',*,*,#8215,.F.);
#8329 = ORIENTED_EDGE('',*,*,#8285,.T.);
#8330 = ORIENTED_EDGE('',*,*,#8255,.T.);
#8331 = ORIENTED_EDGE('',*,*,#8307,.F.);
#8332 = PLANE('',#8333);
#8333 = AXIS2_PLACEMENT_3D('',#8334,#8335,#8336);
#8334 = CARTESIAN_POINT('',(-113.5,116.50757772228,188.89409798402));
#8335 = DIRECTION('',(0.,0.,1.));
#8336 = DIRECTION('',(1.,0.,0.));
#8337 = ADVANCED_FACE('',(#8338),#8344,.T.);
#8338 = FACE_BOUND('',#8339,.T.);
#8339 = EDGE_LOOP('',(#8340,#8341,#8342,#8343));
#8340 = ORIENTED_EDGE('',*,*,#8231,.F.);
#8341 = ORIENTED_EDGE('',*,*,#8292,.T.);
#8342 = ORIENTED_EDGE('',*,*,#8271,.T.);
#8343 = ORIENTED_EDGE('',*,*,#8314,.F.);
#8344 = PLANE('',#8345);
#8345 = AXIS2_PLACEMENT_3D('',#8346,#8347,#8348);
#8346 = CARTESIAN_POINT('',(-113.5,116.50757772228,194.89409798402));
#8347 = DIRECTION('',(0.,0.,1.));
#8348 = DIRECTION('',(1.,0.,0.));
#8349 = MANIFOLD_SOLID_BREP('',#8350);
#8350 = CLOSED_SHELL('',(#8351,#8391,#8431,#8453,#8475,#8487));
#8351 = ADVANCED_FACE('',(#8352),#8386,.F.);
#8352 = FACE_BOUND('',#8353,.F.);
#8353 = EDGE_LOOP('',(#8354,#8364,#8372,#8380));
#8354 = ORIENTED_EDGE('',*,*,#8355,.F.);
#8355 = EDGE_CURVE('',#8356,#8358,#8360,.T.);
#8356 = VERTEX_POINT('',#8357);
#8357 = CARTESIAN_POINT('',(-113.5,107.13913028604,197.01190389779));
#8358 = VERTEX_POINT('',#8359);
#8359 = CARTESIAN_POINT('',(-113.5,107.13913028604,203.01190389779));
#8360 = LINE('',#8361,#8362);
#8361 = CARTESIAN_POINT('',(-113.5,107.13913028604,197.01190389779));
#8362 = VECTOR('',#8363,1.);
#8363 = DIRECTION('',(0.,0.,1.));
#8364 = ORIENTED_EDGE('',*,*,#8365,.T.);
#8365 = EDGE_CURVE('',#8356,#8366,#8368,.T.);
#8366 = VERTEX_POINT('',#8367);
#8367 = CARTESIAN_POINT('',(-113.5,111.13913028604,197.01190389779));
#8368 = LINE('',#8369,#8370);
#8369 = CARTESIAN_POINT('',(-113.5,107.13913028604,197.01190389779));
#8370 = VECTOR('',#8371,1.);
#8371 = DIRECTION('',(0.,1.,0.));
#8372 = ORIENTED_EDGE('',*,*,#8373,.T.);
#8373 = EDGE_CURVE('',#8366,#8374,#8376,.T.);
#8374 = VERTEX_POINT('',#8375);
#8375 = CARTESIAN_POINT('',(-113.5,111.13913028604,203.01190389779));
#8376 = LINE('',#8377,#8378);
#8377 = CARTESIAN_POINT('',(-113.5,111.13913028604,197.01190389779));
#8378 = VECTOR('',#8379,1.);
#8379 = DIRECTION('',(0.,0.,1.));
#8380 = ORIENTED_EDGE('',*,*,#8381,.F.);
#8381 = EDGE_CURVE('',#8358,#8374,#8382,.T.);
#8382 = LINE('',#8383,#8384);
#8383 = CARTESIAN_POINT('',(-113.5,107.13913028604,203.01190389779));
#8384 = VECTOR('',#8385,1.);
#8385 = DIRECTION('',(0.,1.,0.));
#8386 = PLANE('',#8387);
#8387 = AXIS2_PLACEMENT_3D('',#8388,#8389,#8390);
#8388 = CARTESIAN_POINT('',(-113.5,107.13913028604,197.01190389779));
#8389 = DIRECTION('',(1.,0.,0.));
#8390 = DIRECTION('',(0.,0.,1.));
#8391 = ADVANCED_FACE('',(#8392),#8426,.T.);
#8392 = FACE_BOUND('',#8393,.T.);
#8393 = EDGE_LOOP('',(#8394,#8404,#8412,#8420));
#8394 = ORIENTED_EDGE('',*,*,#8395,.F.);
#8395 = EDGE_CURVE('',#8396,#8398,#8400,.T.);
#8396 = VERTEX_POINT('',#8397);
#8397 = CARTESIAN_POINT('',(-108.5,107.13913028604,197.01190389779));
#8398 = VERTEX_POINT('',#8399);
#8399 = CARTESIAN_POINT('',(-108.5,107.13913028604,203.01190389779));
#8400 = LINE('',#8401,#8402);
#8401 = CARTESIAN_POINT('',(-108.5,107.13913028604,197.01190389779));
#8402 = VECTOR('',#8403,1.);
#8403 = DIRECTION('',(0.,0.,1.));
#8404 = ORIENTED_EDGE('',*,*,#8405,.T.);
#8405 = EDGE_CURVE('',#8396,#8406,#8408,.T.);
#8406 = VERTEX_POINT('',#8407);
#8407 = CARTESIAN_POINT('',(-108.5,111.13913028604,197.01190389779));
#8408 = LINE('',#8409,#8410);
#8409 = CARTESIAN_POINT('',(-108.5,107.13913028604,197.01190389779));
#8410 = VECTOR('',#8411,1.);
#8411 = DIRECTION('',(0.,1.,0.));
#8412 = ORIENTED_EDGE('',*,*,#8413,.T.);
#8413 = EDGE_CURVE('',#8406,#8414,#8416,.T.);
#8414 = VERTEX_POINT('',#8415);
#8415 = CARTESIAN_POINT('',(-108.5,111.13913028604,203.01190389779));
#8416 = LINE('',#8417,#8418);
#8417 = CARTESIAN_POINT('',(-108.5,111.13913028604,197.01190389779));
#8418 = VECTOR('',#8419,1.);
#8419 = DIRECTION('',(0.,0.,1.));
#8420 = ORIENTED_EDGE('',*,*,#8421,.F.);
#8421 = EDGE_CURVE('',#8398,#8414,#8422,.T.);
#8422 = LINE('',#8423,#8424);
#8423 = CARTESIAN_POINT('',(-108.5,107.13913028604,203.01190389779));
#8424 = VECTOR('',#8425,1.);
#8425 = DIRECTION('',(0.,1.,0.));
#8426 = PLANE('',#8427);
#8427 = AXIS2_PLACEMENT_3D('',#8428,#8429,#8430);
#8428 = CARTESIAN_POINT('',(-108.5,107.13913028604,197.01190389779));
#8429 = DIRECTION('',(1.,0.,0.));
#8430 = DIRECTION('',(0.,0.,1.));
#8431 = ADVANCED_FACE('',(#8432),#8448,.F.);
#8432 = FACE_BOUND('',#8433,.F.);
#8433 = EDGE_LOOP('',(#8434,#8440,#8441,#8447));
#8434 = ORIENTED_EDGE('',*,*,#8435,.F.);
#8435 = EDGE_CURVE('',#8356,#8396,#8436,.T.);
#8436 = LINE('',#8437,#8438);
#8437 = CARTESIAN_POINT('',(-113.5,107.13913028604,197.01190389779));
#8438 = VECTOR('',#8439,1.);
#8439 = DIRECTION('',(1.,0.,0.));
#8440 = ORIENTED_EDGE('',*,*,#8355,.T.);
#8441 = ORIENTED_EDGE('',*,*,#8442,.T.);
#8442 = EDGE_CURVE('',#8358,#8398,#8443,.T.);
#8443 = LINE('',#8444,#8445);
#8444 = CARTESIAN_POINT('',(-113.5,107.13913028604,203.01190389779));
#8445 = VECTOR('',#8446,1.);
#8446 = DIRECTION('',(1.,0.,0.));
#8447 = ORIENTED_EDGE('',*,*,#8395,.F.);
#8448 = PLANE('',#8449);
#8449 = AXIS2_PLACEMENT_3D('',#8450,#8451,#8452);
#8450 = CARTESIAN_POINT('',(-113.5,107.13913028604,197.01190389779));
#8451 = DIRECTION('',(0.,1.,0.));
#8452 = DIRECTION('',(0.,0.,1.));
#8453 = ADVANCED_FACE('',(#8454),#8470,.T.);
#8454 = FACE_BOUND('',#8455,.T.);
#8455 = EDGE_LOOP('',(#8456,#8462,#8463,#8469));
#8456 = ORIENTED_EDGE('',*,*,#8457,.F.);
#8457 = EDGE_CURVE('',#8366,#8406,#8458,.T.);
#8458 = LINE('',#8459,#8460);
#8459 = CARTESIAN_POINT('',(-113.5,111.13913028604,197.01190389779));
#8460 = VECTOR('',#8461,1.);
#8461 = DIRECTION('',(1.,0.,0.));
#8462 = ORIENTED_EDGE('',*,*,#8373,.T.);
#8463 = ORIENTED_EDGE('',*,*,#8464,.T.);
#8464 = EDGE_CURVE('',#8374,#8414,#8465,.T.);
#8465 = LINE('',#8466,#8467);
#8466 = CARTESIAN_POINT('',(-113.5,111.13913028604,203.01190389779));
#8467 = VECTOR('',#8468,1.);
#8468 = DIRECTION('',(1.,0.,0.));
#8469 = ORIENTED_EDGE('',*,*,#8413,.F.);
#8470 = PLANE('',#8471);
#8471 = AXIS2_PLACEMENT_3D('',#8472,#8473,#8474);
#8472 = CARTESIAN_POINT('',(-113.5,111.13913028604,197.01190389779));
#8473 = DIRECTION('',(0.,1.,0.));
#8474 = DIRECTION('',(0.,0.,1.));
#8475 = ADVANCED_FACE('',(#8476),#8482,.F.);
#8476 = FACE_BOUND('',#8477,.F.);
#8477 = EDGE_LOOP('',(#8478,#8479,#8480,#8481));
#8478 = ORIENTED_EDGE('',*,*,#8365,.F.);
#8479 = ORIENTED_EDGE('',*,*,#8435,.T.);
#8480 = ORIENTED_EDGE('',*,*,#8405,.T.);
#8481 = ORIENTED_EDGE('',*,*,#8457,.F.);
#8482 = PLANE('',#8483);
#8483 = AXIS2_PLACEMENT_3D('',#8484,#8485,#8486);
#8484 = CARTESIAN_POINT('',(-113.5,107.13913028604,197.01190389779));
#8485 = DIRECTION('',(0.,0.,1.));
#8486 = DIRECTION('',(1.,0.,0.));
#8487 = ADVANCED_FACE('',(#8488),#8494,.T.);
#8488 = FACE_BOUND('',#8489,.T.);
#8489 = EDGE_LOOP('',(#8490,#8491,#8492,#8493));
#8490 = ORIENTED_EDGE('',*,*,#8381,.F.);
#8491 = ORIENTED_EDGE('',*,*,#8442,.T.);
#8492 = ORIENTED_EDGE('',*,*,#8421,.T.);
#8493 = ORIENTED_EDGE('',*,*,#8464,.F.);
#8494 = PLANE('',#8495);
#8495 = AXIS2_PLACEMENT_3D('',#8496,#8497,#8498);
#8496 = CARTESIAN_POINT('',(-113.5,107.13913028604,203.01190389779));
#8497 = DIRECTION('',(0.,0.,1.));
#8498 = DIRECTION('',(1.,0.,0.));
#8499 = MANIFOLD_SOLID_BREP('',#8500);
#8500 = CLOSED_SHELL('',(#8501,#8541,#8581,#8603,#8625,#8637));
#8501 = ADVANCED_FACE('',(#8502),#8536,.F.);
#8502 = FACE_BOUND('',#8503,.F.);
#8503 = EDGE_LOOP('',(#8504,#8514,#8522,#8530));
#8504 = ORIENTED_EDGE('',*,*,#8505,.F.);
#8505 = EDGE_CURVE('',#8506,#8508,#8510,.T.);
#8506 = VERTEX_POINT('',#8507);
#8507 = CARTESIAN_POINT('',(-113.5,94.869073557988,198.77607172138));
#8508 = VERTEX_POINT('',#8509);
#8509 = CARTESIAN_POINT('',(-113.5,94.869073557988,204.77607172138));
#8510 = LINE('',#8511,#8512);
#8511 = CARTESIAN_POINT('',(-113.5,94.869073557988,198.77607172138));
#8512 = VECTOR('',#8513,1.);
#8513 = DIRECTION('',(0.,0.,1.));
#8514 = ORIENTED_EDGE('',*,*,#8515,.T.);
#8515 = EDGE_CURVE('',#8506,#8516,#8518,.T.);
#8516 = VERTEX_POINT('',#8517);
#8517 = CARTESIAN_POINT('',(-113.5,98.869073557988,198.77607172138));
#8518 = LINE('',#8519,#8520);
#8519 = CARTESIAN_POINT('',(-113.5,94.869073557988,198.77607172138));
#8520 = VECTOR('',#8521,1.);
#8521 = DIRECTION('',(0.,1.,0.));
#8522 = ORIENTED_EDGE('',*,*,#8523,.T.);
#8523 = EDGE_CURVE('',#8516,#8524,#8526,.T.);
#8524 = VERTEX_POINT('',#8525);
#8525 = CARTESIAN_POINT('',(-113.5,98.869073557988,204.77607172138));
#8526 = LINE('',#8527,#8528);
#8527 = CARTESIAN_POINT('',(-113.5,98.869073557988,198.77607172138));
#8528 = VECTOR('',#8529,1.);
#8529 = DIRECTION('',(0.,0.,1.));
#8530 = ORIENTED_EDGE('',*,*,#8531,.F.);
#8531 = EDGE_CURVE('',#8508,#8524,#8532,.T.);
#8532 = LINE('',#8533,#8534);
#8533 = CARTESIAN_POINT('',(-113.5,94.869073557988,204.77607172138));
#8534 = VECTOR('',#8535,1.);
#8535 = DIRECTION('',(0.,1.,0.));
#8536 = PLANE('',#8537);
#8537 = AXIS2_PLACEMENT_3D('',#8538,#8539,#8540);
#8538 = CARTESIAN_POINT('',(-113.5,94.869073557988,198.77607172138));
#8539 = DIRECTION('',(1.,0.,0.));
#8540 = DIRECTION('',(0.,0.,1.));
#8541 = ADVANCED_FACE('',(#8542),#8576,.T.);
#8542 = FACE_BOUND('',#8543,.T.);
#8543 = EDGE_LOOP('',(#8544,#8554,#8562,#8570));
#8544 = ORIENTED_EDGE('',*,*,#8545,.F.);
#8545 = EDGE_CURVE('',#8546,#8548,#8550,.T.);
#8546 = VERTEX_POINT('',#8547);
#8547 = CARTESIAN_POINT('',(-108.5,94.869073557988,198.77607172138));
#8548 = VERTEX_POINT('',#8549);
#8549 = CARTESIAN_POINT('',(-108.5,94.869073557988,204.77607172138));
#8550 = LINE('',#8551,#8552);
#8551 = CARTESIAN_POINT('',(-108.5,94.869073557988,198.77607172138));
#8552 = VECTOR('',#8553,1.);
#8553 = DIRECTION('',(0.,0.,1.));
#8554 = ORIENTED_EDGE('',*,*,#8555,.T.);
#8555 = EDGE_CURVE('',#8546,#8556,#8558,.T.);
#8556 = VERTEX_POINT('',#8557);
#8557 = CARTESIAN_POINT('',(-108.5,98.869073557988,198.77607172138));
#8558 = LINE('',#8559,#8560);
#8559 = CARTESIAN_POINT('',(-108.5,94.869073557988,198.77607172138));
#8560 = VECTOR('',#8561,1.);
#8561 = DIRECTION('',(0.,1.,0.));
#8562 = ORIENTED_EDGE('',*,*,#8563,.T.);
#8563 = EDGE_CURVE('',#8556,#8564,#8566,.T.);
#8564 = VERTEX_POINT('',#8565);
#8565 = CARTESIAN_POINT('',(-108.5,98.869073557988,204.77607172138));
#8566 = LINE('',#8567,#8568);
#8567 = CARTESIAN_POINT('',(-108.5,98.869073557988,198.77607172138));
#8568 = VECTOR('',#8569,1.);
#8569 = DIRECTION('',(0.,0.,1.));
#8570 = ORIENTED_EDGE('',*,*,#8571,.F.);
#8571 = EDGE_CURVE('',#8548,#8564,#8572,.T.);
#8572 = LINE('',#8573,#8574);
#8573 = CARTESIAN_POINT('',(-108.5,94.869073557988,204.77607172138));
#8574 = VECTOR('',#8575,1.);
#8575 = DIRECTION('',(0.,1.,0.));
#8576 = PLANE('',#8577);
#8577 = AXIS2_PLACEMENT_3D('',#8578,#8579,#8580);
#8578 = CARTESIAN_POINT('',(-108.5,94.869073557988,198.77607172138));
#8579 = DIRECTION('',(1.,0.,0.));
#8580 = DIRECTION('',(0.,0.,1.));
#8581 = ADVANCED_FACE('',(#8582),#8598,.F.);
#8582 = FACE_BOUND('',#8583,.F.);
#8583 = EDGE_LOOP('',(#8584,#8590,#8591,#8597));
#8584 = ORIENTED_EDGE('',*,*,#8585,.F.);
#8585 = EDGE_CURVE('',#8506,#8546,#8586,.T.);
#8586 = LINE('',#8587,#8588);
#8587 = CARTESIAN_POINT('',(-113.5,94.869073557988,198.77607172138));
#8588 = VECTOR('',#8589,1.);
#8589 = DIRECTION('',(1.,0.,0.));
#8590 = ORIENTED_EDGE('',*,*,#8505,.T.);
#8591 = ORIENTED_EDGE('',*,*,#8592,.T.);
#8592 = EDGE_CURVE('',#8508,#8548,#8593,.T.);
#8593 = LINE('',#8594,#8595);
#8594 = CARTESIAN_POINT('',(-113.5,94.869073557988,204.77607172138));
#8595 = VECTOR('',#8596,1.);
#8596 = DIRECTION('',(1.,0.,0.));
#8597 = ORIENTED_EDGE('',*,*,#8545,.F.);
#8598 = PLANE('',#8599);
#8599 = AXIS2_PLACEMENT_3D('',#8600,#8601,#8602);
#8600 = CARTESIAN_POINT('',(-113.5,94.869073557988,198.77607172138));
#8601 = DIRECTION('',(0.,1.,0.));
#8602 = DIRECTION('',(0.,0.,1.));
#8603 = ADVANCED_FACE('',(#8604),#8620,.T.);
#8604 = FACE_BOUND('',#8605,.T.);
#8605 = EDGE_LOOP('',(#8606,#8612,#8613,#8619));
#8606 = ORIENTED_EDGE('',*,*,#8607,.F.);
#8607 = EDGE_CURVE('',#8516,#8556,#8608,.T.);
#8608 = LINE('',#8609,#8610);
#8609 = CARTESIAN_POINT('',(-113.5,98.869073557988,198.77607172138));
#8610 = VECTOR('',#8611,1.);
#8611 = DIRECTION('',(1.,0.,0.));
#8612 = ORIENTED_EDGE('',*,*,#8523,.T.);
#8613 = ORIENTED_EDGE('',*,*,#8614,.T.);
#8614 = EDGE_CURVE('',#8524,#8564,#8615,.T.);
#8615 = LINE('',#8616,#8617);
#8616 = CARTESIAN_POINT('',(-113.5,98.869073557988,204.77607172138));
#8617 = VECTOR('',#8618,1.);
#8618 = DIRECTION('',(1.,0.,0.));
#8619 = ORIENTED_EDGE('',*,*,#8563,.F.);
#8620 = PLANE('',#8621);
#8621 = AXIS2_PLACEMENT_3D('',#8622,#8623,#8624);
#8622 = CARTESIAN_POINT('',(-113.5,98.869073557988,198.77607172138));
#8623 = DIRECTION('',(0.,1.,0.));
#8624 = DIRECTION('',(0.,0.,1.));
#8625 = ADVANCED_FACE('',(#8626),#8632,.F.);
#8626 = FACE_BOUND('',#8627,.F.);
#8627 = EDGE_LOOP('',(#8628,#8629,#8630,#8631));
#8628 = ORIENTED_EDGE('',*,*,#8515,.F.);
#8629 = ORIENTED_EDGE('',*,*,#8585,.T.);
#8630 = ORIENTED_EDGE('',*,*,#8555,.T.);
#8631 = ORIENTED_EDGE('',*,*,#8607,.F.);
#8632 = PLANE('',#8633);
#8633 = AXIS2_PLACEMENT_3D('',#8634,#8635,#8636);
#8634 = CARTESIAN_POINT('',(-113.5,94.869073557988,198.77607172138));
#8635 = DIRECTION('',(0.,0.,1.));
#8636 = DIRECTION('',(1.,0.,0.));
#8637 = ADVANCED_FACE('',(#8638),#8644,.T.);
#8638 = FACE_BOUND('',#8639,.T.);
#8639 = EDGE_LOOP('',(#8640,#8641,#8642,#8643));
#8640 = ORIENTED_EDGE('',*,*,#8531,.F.);
#8641 = ORIENTED_EDGE('',*,*,#8592,.T.);
#8642 = ORIENTED_EDGE('',*,*,#8571,.T.);
#8643 = ORIENTED_EDGE('',*,*,#8614,.F.);
#8644 = PLANE('',#8645);
#8645 = AXIS2_PLACEMENT_3D('',#8646,#8647,#8648);
#8646 = CARTESIAN_POINT('',(-113.5,94.869073557988,204.77607172138));
#8647 = DIRECTION('',(0.,0.,1.));
#8648 = DIRECTION('',(1.,0.,0.));
#8649 = MANIFOLD_SOLID_BREP('',#8650);
#8650 = CLOSED_SHELL('',(#8651,#8691,#8731,#8753,#8775,#8787));
#8651 = ADVANCED_FACE('',(#8652),#8686,.F.);
#8652 = FACE_BOUND('',#8653,.F.);
#8653 = EDGE_LOOP('',(#8654,#8664,#8672,#8680));
#8654 = ORIENTED_EDGE('',*,*,#8655,.F.);
#8655 = EDGE_CURVE('',#8656,#8658,#8660,.T.);
#8656 = VERTEX_POINT('',#8657);
#8657 = CARTESIAN_POINT('',(-113.5,83.593063853204,193.62649063579));
#8658 = VERTEX_POINT('',#8659);
#8659 = CARTESIAN_POINT('',(-113.5,83.593063853204,199.62649063579));
#8660 = LINE('',#8661,#8662);
#8661 = CARTESIAN_POINT('',(-113.5,83.593063853204,193.62649063579));
#8662 = VECTOR('',#8663,1.);
#8663 = DIRECTION('',(0.,0.,1.));
#8664 = ORIENTED_EDGE('',*,*,#8665,.T.);
#8665 = EDGE_CURVE('',#8656,#8666,#8668,.T.);
#8666 = VERTEX_POINT('',#8667);
#8667 = CARTESIAN_POINT('',(-113.5,87.593063853204,193.62649063579));
#8668 = LINE('',#8669,#8670);
#8669 = CARTESIAN_POINT('',(-113.5,83.593063853204,193.62649063579));
#8670 = VECTOR('',#8671,1.);
#8671 = DIRECTION('',(0.,1.,0.));
#8672 = ORIENTED_EDGE('',*,*,#8673,.T.);
#8673 = EDGE_CURVE('',#8666,#8674,#8676,.T.);
#8674 = VERTEX_POINT('',#8675);
#8675 = CARTESIAN_POINT('',(-113.5,87.593063853204,199.62649063579));
#8676 = LINE('',#8677,#8678);
#8677 = CARTESIAN_POINT('',(-113.5,87.593063853204,193.62649063579));
#8678 = VECTOR('',#8679,1.);
#8679 = DIRECTION('',(0.,0.,1.));
#8680 = ORIENTED_EDGE('',*,*,#8681,.F.);
#8681 = EDGE_CURVE('',#8658,#8674,#8682,.T.);
#8682 = LINE('',#8683,#8684);
#8683 = CARTESIAN_POINT('',(-113.5,83.593063853204,199.62649063579));
#8684 = VECTOR('',#8685,1.);
#8685 = DIRECTION('',(0.,1.,0.));
#8686 = PLANE('',#8687);
#8687 = AXIS2_PLACEMENT_3D('',#8688,#8689,#8690);
#8688 = CARTESIAN_POINT('',(-113.5,83.593063853204,193.62649063579));
#8689 = DIRECTION('',(1.,0.,0.));
#8690 = DIRECTION('',(0.,0.,1.));
#8691 = ADVANCED_FACE('',(#8692),#8726,.T.);
#8692 = FACE_BOUND('',#8693,.T.);
#8693 = EDGE_LOOP('',(#8694,#8704,#8712,#8720));
#8694 = ORIENTED_EDGE('',*,*,#8695,.F.);
#8695 = EDGE_CURVE('',#8696,#8698,#8700,.T.);
#8696 = VERTEX_POINT('',#8697);
#8697 = CARTESIAN_POINT('',(-108.5,83.593063853204,193.62649063579));
#8698 = VERTEX_POINT('',#8699);
#8699 = CARTESIAN_POINT('',(-108.5,83.593063853204,199.62649063579));
#8700 = LINE('',#8701,#8702);
#8701 = CARTESIAN_POINT('',(-108.5,83.593063853204,193.62649063579));
#8702 = VECTOR('',#8703,1.);
#8703 = DIRECTION('',(0.,0.,1.));
#8704 = ORIENTED_EDGE('',*,*,#8705,.T.);
#8705 = EDGE_CURVE('',#8696,#8706,#8708,.T.);
#8706 = VERTEX_POINT('',#8707);
#8707 = CARTESIAN_POINT('',(-108.5,87.593063853204,193.62649063579));
#8708 = LINE('',#8709,#8710);
#8709 = CARTESIAN_POINT('',(-108.5,83.593063853204,193.62649063579));
#8710 = VECTOR('',#8711,1.);
#8711 = DIRECTION('',(0.,1.,0.));
#8712 = ORIENTED_EDGE('',*,*,#8713,.T.);
#8713 = EDGE_CURVE('',#8706,#8714,#8716,.T.);
#8714 = VERTEX_POINT('',#8715);
#8715 = CARTESIAN_POINT('',(-108.5,87.593063853204,199.62649063579));
#8716 = LINE('',#8717,#8718);
#8717 = CARTESIAN_POINT('',(-108.5,87.593063853204,193.62649063579));
#8718 = VECTOR('',#8719,1.);
#8719 = DIRECTION('',(0.,0.,1.));
#8720 = ORIENTED_EDGE('',*,*,#8721,.F.);
#8721 = EDGE_CURVE('',#8698,#8714,#8722,.T.);
#8722 = LINE('',#8723,#8724);
#8723 = CARTESIAN_POINT('',(-108.5,83.593063853204,199.62649063579));
#8724 = VECTOR('',#8725,1.);
#8725 = DIRECTION('',(0.,1.,0.));
#8726 = PLANE('',#8727);
#8727 = AXIS2_PLACEMENT_3D('',#8728,#8729,#8730);
#8728 = CARTESIAN_POINT('',(-108.5,83.593063853204,193.62649063579));
#8729 = DIRECTION('',(1.,0.,0.));
#8730 = DIRECTION('',(0.,0.,1.));
#8731 = ADVANCED_FACE('',(#8732),#8748,.F.);
#8732 = FACE_BOUND('',#8733,.F.);
#8733 = EDGE_LOOP('',(#8734,#8740,#8741,#8747));
#8734 = ORIENTED_EDGE('',*,*,#8735,.F.);
#8735 = EDGE_CURVE('',#8656,#8696,#8736,.T.);
#8736 = LINE('',#8737,#8738);
#8737 = CARTESIAN_POINT('',(-113.5,83.593063853204,193.62649063579));
#8738 = VECTOR('',#8739,1.);
#8739 = DIRECTION('',(1.,0.,0.));
#8740 = ORIENTED_EDGE('',*,*,#8655,.T.);
#8741 = ORIENTED_EDGE('',*,*,#8742,.T.);
#8742 = EDGE_CURVE('',#8658,#8698,#8743,.T.);
#8743 = LINE('',#8744,#8745);
#8744 = CARTESIAN_POINT('',(-113.5,83.593063853204,199.62649063579));
#8745 = VECTOR('',#8746,1.);
#8746 = DIRECTION('',(1.,0.,0.));
#8747 = ORIENTED_EDGE('',*,*,#8695,.F.);
#8748 = PLANE('',#8749);
#8749 = AXIS2_PLACEMENT_3D('',#8750,#8751,#8752);
#8750 = CARTESIAN_POINT('',(-113.5,83.593063853204,193.62649063579));
#8751 = DIRECTION('',(0.,1.,0.));
#8752 = DIRECTION('',(0.,0.,1.));
#8753 = ADVANCED_FACE('',(#8754),#8770,.T.);
#8754 = FACE_BOUND('',#8755,.T.);
#8755 = EDGE_LOOP('',(#8756,#8762,#8763,#8769));
#8756 = ORIENTED_EDGE('',*,*,#8757,.F.);
#8757 = EDGE_CURVE('',#8666,#8706,#8758,.T.);
#8758 = LINE('',#8759,#8760);
#8759 = CARTESIAN_POINT('',(-113.5,87.593063853204,193.62649063579));
#8760 = VECTOR('',#8761,1.);
#8761 = DIRECTION('',(1.,0.,0.));
#8762 = ORIENTED_EDGE('',*,*,#8673,.T.);
#8763 = ORIENTED_EDGE('',*,*,#8764,.T.);
#8764 = EDGE_CURVE('',#8674,#8714,#8765,.T.);
#8765 = LINE('',#8766,#8767);
#8766 = CARTESIAN_POINT('',(-113.5,87.593063853204,199.62649063579));
#8767 = VECTOR('',#8768,1.);
#8768 = DIRECTION('',(1.,0.,0.));
#8769 = ORIENTED_EDGE('',*,*,#8713,.F.);
#8770 = PLANE('',#8771);
#8771 = AXIS2_PLACEMENT_3D('',#8772,#8773,#8774);
#8772 = CARTESIAN_POINT('',(-113.5,87.593063853204,193.62649063579));
#8773 = DIRECTION('',(0.,1.,0.));
#8774 = DIRECTION('',(0.,0.,1.));
#8775 = ADVANCED_FACE('',(#8776),#8782,.F.);
#8776 = FACE_BOUND('',#8777,.F.);
#8777 = EDGE_LOOP('',(#8778,#8779,#8780,#8781));
#8778 = ORIENTED_EDGE('',*,*,#8665,.F.);
#8779 = ORIENTED_EDGE('',*,*,#8735,.T.);
#8780 = ORIENTED_EDGE('',*,*,#8705,.T.);
#8781 = ORIENTED_EDGE('',*,*,#8757,.F.);
#8782 = PLANE('',#8783);
#8783 = AXIS2_PLACEMENT_3D('',#8784,#8785,#8786);
#8784 = CARTESIAN_POINT('',(-113.5,83.593063853204,193.62649063579));
#8785 = DIRECTION('',(0.,0.,1.));
#8786 = DIRECTION('',(1.,0.,0.));
#8787 = ADVANCED_FACE('',(#8788),#8794,.T.);
#8788 = FACE_BOUND('',#8789,.T.);
#8789 = EDGE_LOOP('',(#8790,#8791,#8792,#8793));
#8790 = ORIENTED_EDGE('',*,*,#8681,.F.);
#8791 = ORIENTED_EDGE('',*,*,#8742,.T.);
#8792 = ORIENTED_EDGE('',*,*,#8721,.T.);
#8793 = ORIENTED_EDGE('',*,*,#8764,.F.);
#8794 = PLANE('',#8795);
#8795 = AXIS2_PLACEMENT_3D('',#8796,#8797,#8798);
#8796 = CARTESIAN_POINT('',(-113.5,83.593063853204,199.62649063579));
#8797 = DIRECTION('',(0.,0.,1.));
#8798 = DIRECTION('',(1.,0.,0.));
#8799 = MANIFOLD_SOLID_BREP('',#8800);
#8800 = CLOSED_SHELL('',(#8801,#8841,#8881,#8903,#8925,#8937));
#8801 = ADVANCED_FACE('',(#8802),#8836,.F.);
#8802 = FACE_BOUND('',#8803,.F.);
#8803 = EDGE_LOOP('',(#8804,#8814,#8822,#8830));
#8804 = ORIENTED_EDGE('',*,*,#8805,.F.);
#8805 = EDGE_CURVE('',#8806,#8808,#8810,.T.);
#8806 = VERTEX_POINT('',#8807);
#8807 = CARTESIAN_POINT('',(-113.5,76.891154580481,183.19811625051));
#8808 = VERTEX_POINT('',#8809);
#8809 = CARTESIAN_POINT('',(-113.5,76.891154580481,189.19811625051));
#8810 = LINE('',#8811,#8812);
#8811 = CARTESIAN_POINT('',(-113.5,76.891154580481,183.19811625051));
#8812 = VECTOR('',#8813,1.);
#8813 = DIRECTION('',(0.,0.,1.));
#8814 = ORIENTED_EDGE('',*,*,#8815,.T.);
#8815 = EDGE_CURVE('',#8806,#8816,#8818,.T.);
#8816 = VERTEX_POINT('',#8817);
#8817 = CARTESIAN_POINT('',(-113.5,80.891154580481,183.19811625051));
#8818 = LINE('',#8819,#8820);
#8819 = CARTESIAN_POINT('',(-113.5,76.891154580481,183.19811625051));
#8820 = VECTOR('',#8821,1.);
#8821 = DIRECTION('',(0.,1.,0.));
#8822 = ORIENTED_EDGE('',*,*,#8823,.T.);
#8823 = EDGE_CURVE('',#8816,#8824,#8826,.T.);
#8824 = VERTEX_POINT('',#8825);
#8825 = CARTESIAN_POINT('',(-113.5,80.891154580481,189.19811625051));
#8826 = LINE('',#8827,#8828);
#8827 = CARTESIAN_POINT('',(-113.5,80.891154580481,183.19811625051));
#8828 = VECTOR('',#8829,1.);
#8829 = DIRECTION('',(0.,0.,1.));
#8830 = ORIENTED_EDGE('',*,*,#8831,.F.);
#8831 = EDGE_CURVE('',#8808,#8824,#8832,.T.);
#8832 = LINE('',#8833,#8834);
#8833 = CARTESIAN_POINT('',(-113.5,76.891154580481,189.19811625051));
#8834 = VECTOR('',#8835,1.);
#8835 = DIRECTION('',(0.,1.,0.));
#8836 = PLANE('',#8837);
#8837 = AXIS2_PLACEMENT_3D('',#8838,#8839,#8840);
#8838 = CARTESIAN_POINT('',(-113.5,76.891154580481,183.19811625051));
#8839 = DIRECTION('',(1.,0.,0.));
#8840 = DIRECTION('',(0.,0.,1.));
#8841 = ADVANCED_FACE('',(#8842),#8876,.T.);
#8842 = FACE_BOUND('',#8843,.T.);
#8843 = EDGE_LOOP('',(#8844,#8854,#8862,#8870));
#8844 = ORIENTED_EDGE('',*,*,#8845,.F.);
#8845 = EDGE_CURVE('',#8846,#8848,#8850,.T.);
#8846 = VERTEX_POINT('',#8847);
#8847 = CARTESIAN_POINT('',(-108.5,76.891154580481,183.19811625051));
#8848 = VERTEX_POINT('',#8849);
#8849 = CARTESIAN_POINT('',(-108.5,76.891154580481,189.19811625051));
#8850 = LINE('',#8851,#8852);
#8851 = CARTESIAN_POINT('',(-108.5,76.891154580481,183.19811625051));
#8852 = VECTOR('',#8853,1.);
#8853 = DIRECTION('',(0.,0.,1.));
#8854 = ORIENTED_EDGE('',*,*,#8855,.T.);
#8855 = EDGE_CURVE('',#8846,#8856,#8858,.T.);
#8856 = VERTEX_POINT('',#8857);
#8857 = CARTESIAN_POINT('',(-108.5,80.891154580481,183.19811625051));
#8858 = LINE('',#8859,#8860);
#8859 = CARTESIAN_POINT('',(-108.5,76.891154580481,183.19811625051));
#8860 = VECTOR('',#8861,1.);
#8861 = DIRECTION('',(0.,1.,0.));
#8862 = ORIENTED_EDGE('',*,*,#8863,.T.);
#8863 = EDGE_CURVE('',#8856,#8864,#8866,.T.);
#8864 = VERTEX_POINT('',#8865);
#8865 = CARTESIAN_POINT('',(-108.5,80.891154580481,189.19811625051));
#8866 = LINE('',#8867,#8868);
#8867 = CARTESIAN_POINT('',(-108.5,80.891154580481,183.19811625051));
#8868 = VECTOR('',#8869,1.);
#8869 = DIRECTION('',(0.,0.,1.));
#8870 = ORIENTED_EDGE('',*,*,#8871,.F.);
#8871 = EDGE_CURVE('',#8848,#8864,#8872,.T.);
#8872 = LINE('',#8873,#8874);
#8873 = CARTESIAN_POINT('',(-108.5,76.891154580481,189.19811625051));
#8874 = VECTOR('',#8875,1.);
#8875 = DIRECTION('',(0.,1.,0.));
#8876 = PLANE('',#8877);
#8877 = AXIS2_PLACEMENT_3D('',#8878,#8879,#8880);
#8878 = CARTESIAN_POINT('',(-108.5,76.891154580481,183.19811625051));
#8879 = DIRECTION('',(1.,0.,0.));
#8880 = DIRECTION('',(0.,0.,1.));
#8881 = ADVANCED_FACE('',(#8882),#8898,.F.);
#8882 = FACE_BOUND('',#8883,.F.);
#8883 = EDGE_LOOP('',(#8884,#8890,#8891,#8897));
#8884 = ORIENTED_EDGE('',*,*,#8885,.F.);
#8885 = EDGE_CURVE('',#8806,#8846,#8886,.T.);
#8886 = LINE('',#8887,#8888);
#8887 = CARTESIAN_POINT('',(-113.5,76.891154580481,183.19811625051));
#8888 = VECTOR('',#8889,1.);
#8889 = DIRECTION('',(1.,0.,0.));
#8890 = ORIENTED_EDGE('',*,*,#8805,.T.);
#8891 = ORIENTED_EDGE('',*,*,#8892,.T.);
#8892 = EDGE_CURVE('',#8808,#8848,#8893,.T.);
#8893 = LINE('',#8894,#8895);
#8894 = CARTESIAN_POINT('',(-113.5,76.891154580481,189.19811625051));
#8895 = VECTOR('',#8896,1.);
#8896 = DIRECTION('',(1.,0.,0.));
#8897 = ORIENTED_EDGE('',*,*,#8845,.F.);
#8898 = PLANE('',#8899);
#8899 = AXIS2_PLACEMENT_3D('',#8900,#8901,#8902);
#8900 = CARTESIAN_POINT('',(-113.5,76.891154580481,183.19811625051));
#8901 = DIRECTION('',(0.,1.,0.));
#8902 = DIRECTION('',(0.,0.,1.));
#8903 = ADVANCED_FACE('',(#8904),#8920,.T.);
#8904 = FACE_BOUND('',#8905,.T.);
#8905 = EDGE_LOOP('',(#8906,#8912,#8913,#8919));
#8906 = ORIENTED_EDGE('',*,*,#8907,.F.);
#8907 = EDGE_CURVE('',#8816,#8856,#8908,.T.);
#8908 = LINE('',#8909,#8910);
#8909 = CARTESIAN_POINT('',(-113.5,80.891154580481,183.19811625051));
#8910 = VECTOR('',#8911,1.);
#8911 = DIRECTION('',(1.,0.,0.));
#8912 = ORIENTED_EDGE('',*,*,#8823,.T.);
#8913 = ORIENTED_EDGE('',*,*,#8914,.T.);
#8914 = EDGE_CURVE('',#8824,#8864,#8915,.T.);
#8915 = LINE('',#8916,#8917);
#8916 = CARTESIAN_POINT('',(-113.5,80.891154580481,189.19811625051));
#8917 = VECTOR('',#8918,1.);
#8918 = DIRECTION('',(1.,0.,0.));
#8919 = ORIENTED_EDGE('',*,*,#8863,.F.);
#8920 = PLANE('',#8921);
#8921 = AXIS2_PLACEMENT_3D('',#8922,#8923,#8924);
#8922 = CARTESIAN_POINT('',(-113.5,80.891154580481,183.19811625051));
#8923 = DIRECTION('',(0.,1.,0.));
#8924 = DIRECTION('',(0.,0.,1.));
#8925 = ADVANCED_FACE('',(#8926),#8932,.F.);
#8926 = FACE_BOUND('',#8927,.F.);
#8927 = EDGE_LOOP('',(#8928,#8929,#8930,#8931));
#8928 = ORIENTED_EDGE('',*,*,#8815,.F.);
#8929 = ORIENTED_EDGE('',*,*,#8885,.T.);
#8930 = ORIENTED_EDGE('',*,*,#8855,.T.);
#8931 = ORIENTED_EDGE('',*,*,#8907,.F.);
#8932 = PLANE('',#8933);
#8933 = AXIS2_PLACEMENT_3D('',#8934,#8935,#8936);
#8934 = CARTESIAN_POINT('',(-113.5,76.891154580481,183.19811625051));
#8935 = DIRECTION('',(0.,0.,1.));
#8936 = DIRECTION('',(1.,0.,0.));
#8937 = ADVANCED_FACE('',(#8938),#8944,.T.);
#8938 = FACE_BOUND('',#8939,.T.);
#8939 = EDGE_LOOP('',(#8940,#8941,#8942,#8943));
#8940 = ORIENTED_EDGE('',*,*,#8831,.F.);
#8941 = ORIENTED_EDGE('',*,*,#8892,.T.);
#8942 = ORIENTED_EDGE('',*,*,#8871,.T.);
#8943 = ORIENTED_EDGE('',*,*,#8914,.F.);
#8944 = PLANE('',#8945);
#8945 = AXIS2_PLACEMENT_3D('',#8946,#8947,#8948);
#8946 = CARTESIAN_POINT('',(-113.5,76.891154580481,189.19811625051));
#8947 = DIRECTION('',(0.,0.,1.));
#8948 = DIRECTION('',(1.,0.,0.));
#8949 = MANIFOLD_SOLID_BREP('',#8950);
#8950 = CLOSED_SHELL('',(#8951,#8991,#9031,#9053,#9075,#9087));
#8951 = ADVANCED_FACE('',(#8952),#8986,.F.);
#8952 = FACE_BOUND('',#8953,.F.);
#8953 = EDGE_LOOP('',(#8954,#8964,#8972,#8980));
#8954 = ORIENTED_EDGE('',*,*,#8955,.F.);
#8955 = EDGE_CURVE('',#8956,#8958,#8960,.T.);
#8956 = VERTEX_POINT('',#8957);
#8957 = CARTESIAN_POINT('',(-113.5,76.891154580481,170.80188374948));
#8958 = VERTEX_POINT('',#8959);
#8959 = CARTESIAN_POINT('',(-113.5,76.891154580481,176.80188374948));
#8960 = LINE('',#8961,#8962);
#8961 = CARTESIAN_POINT('',(-113.5,76.891154580481,170.80188374948));
#8962 = VECTOR('',#8963,1.);
#8963 = DIRECTION('',(0.,0.,1.));
#8964 = ORIENTED_EDGE('',*,*,#8965,.T.);
#8965 = EDGE_CURVE('',#8956,#8966,#8968,.T.);
#8966 = VERTEX_POINT('',#8967);
#8967 = CARTESIAN_POINT('',(-113.5,80.891154580481,170.80188374948));
#8968 = LINE('',#8969,#8970);
#8969 = CARTESIAN_POINT('',(-113.5,76.891154580481,170.80188374948));
#8970 = VECTOR('',#8971,1.);
#8971 = DIRECTION('',(0.,1.,0.));
#8972 = ORIENTED_EDGE('',*,*,#8973,.T.);
#8973 = EDGE_CURVE('',#8966,#8974,#8976,.T.);
#8974 = VERTEX_POINT('',#8975);
#8975 = CARTESIAN_POINT('',(-113.5,80.891154580481,176.80188374948));
#8976 = LINE('',#8977,#8978);
#8977 = CARTESIAN_POINT('',(-113.5,80.891154580481,170.80188374948));
#8978 = VECTOR('',#8979,1.);
#8979 = DIRECTION('',(0.,0.,1.));
#8980 = ORIENTED_EDGE('',*,*,#8981,.F.);
#8981 = EDGE_CURVE('',#8958,#8974,#8982,.T.);
#8982 = LINE('',#8983,#8984);
#8983 = CARTESIAN_POINT('',(-113.5,76.891154580481,176.80188374948));
#8984 = VECTOR('',#8985,1.);
#8985 = DIRECTION('',(0.,1.,0.));
#8986 = PLANE('',#8987);
#8987 = AXIS2_PLACEMENT_3D('',#8988,#8989,#8990);
#8988 = CARTESIAN_POINT('',(-113.5,76.891154580481,170.80188374948));
#8989 = DIRECTION('',(1.,0.,0.));
#8990 = DIRECTION('',(0.,0.,1.));
#8991 = ADVANCED_FACE('',(#8992),#9026,.T.);
#8992 = FACE_BOUND('',#8993,.T.);
#8993 = EDGE_LOOP('',(#8994,#9004,#9012,#9020));
#8994 = ORIENTED_EDGE('',*,*,#8995,.F.);
#8995 = EDGE_CURVE('',#8996,#8998,#9000,.T.);
#8996 = VERTEX_POINT('',#8997);
#8997 = CARTESIAN_POINT('',(-108.5,76.891154580481,170.80188374948));
#8998 = VERTEX_POINT('',#8999);
#8999 = CARTESIAN_POINT('',(-108.5,76.891154580481,176.80188374948));
#9000 = LINE('',#9001,#9002);
#9001 = CARTESIAN_POINT('',(-108.5,76.891154580481,170.80188374948));
#9002 = VECTOR('',#9003,1.);
#9003 = DIRECTION('',(0.,0.,1.));
#9004 = ORIENTED_EDGE('',*,*,#9005,.T.);
#9005 = EDGE_CURVE('',#8996,#9006,#9008,.T.);
#9006 = VERTEX_POINT('',#9007);
#9007 = CARTESIAN_POINT('',(-108.5,80.891154580481,170.80188374948));
#9008 = LINE('',#9009,#9010);
#9009 = CARTESIAN_POINT('',(-108.5,76.891154580481,170.80188374948));
#9010 = VECTOR('',#9011,1.);
#9011 = DIRECTION('',(0.,1.,0.));
#9012 = ORIENTED_EDGE('',*,*,#9013,.T.);
#9013 = EDGE_CURVE('',#9006,#9014,#9016,.T.);
#9014 = VERTEX_POINT('',#9015);
#9015 = CARTESIAN_POINT('',(-108.5,80.891154580481,176.80188374948));
#9016 = LINE('',#9017,#9018);
#9017 = CARTESIAN_POINT('',(-108.5,80.891154580481,170.80188374948));
#9018 = VECTOR('',#9019,1.);
#9019 = DIRECTION('',(0.,0.,1.));
#9020 = ORIENTED_EDGE('',*,*,#9021,.F.);
#9021 = EDGE_CURVE('',#8998,#9014,#9022,.T.);
#9022 = LINE('',#9023,#9024);
#9023 = CARTESIAN_POINT('',(-108.5,76.891154580481,176.80188374948));
#9024 = VECTOR('',#9025,1.);
#9025 = DIRECTION('',(0.,1.,0.));
#9026 = PLANE('',#9027);
#9027 = AXIS2_PLACEMENT_3D('',#9028,#9029,#9030);
#9028 = CARTESIAN_POINT('',(-108.5,76.891154580481,170.80188374948));
#9029 = DIRECTION('',(1.,0.,0.));
#9030 = DIRECTION('',(0.,0.,1.));
#9031 = ADVANCED_FACE('',(#9032),#9048,.F.);
#9032 = FACE_BOUND('',#9033,.F.);
#9033 = EDGE_LOOP('',(#9034,#9040,#9041,#9047));
#9034 = ORIENTED_EDGE('',*,*,#9035,.F.);
#9035 = EDGE_CURVE('',#8956,#8996,#9036,.T.);
#9036 = LINE('',#9037,#9038);
#9037 = CARTESIAN_POINT('',(-113.5,76.891154580481,170.80188374948));
#9038 = VECTOR('',#9039,1.);
#9039 = DIRECTION('',(1.,0.,0.));
#9040 = ORIENTED_EDGE('',*,*,#8955,.T.);
#9041 = ORIENTED_EDGE('',*,*,#9042,.T.);
#9042 = EDGE_CURVE('',#8958,#8998,#9043,.T.);
#9043 = LINE('',#9044,#9045);
#9044 = CARTESIAN_POINT('',(-113.5,76.891154580481,176.80188374948));
#9045 = VECTOR('',#9046,1.);
#9046 = DIRECTION('',(1.,0.,0.));
#9047 = ORIENTED_EDGE('',*,*,#8995,.F.);
#9048 = PLANE('',#9049);
#9049 = AXIS2_PLACEMENT_3D('',#9050,#9051,#9052);
#9050 = CARTESIAN_POINT('',(-113.5,76.891154580481,170.80188374948));
#9051 = DIRECTION('',(0.,1.,0.));
#9052 = DIRECTION('',(0.,0.,1.));
#9053 = ADVANCED_FACE('',(#9054),#9070,.T.);
#9054 = FACE_BOUND('',#9055,.T.);
#9055 = EDGE_LOOP('',(#9056,#9062,#9063,#9069));
#9056 = ORIENTED_EDGE('',*,*,#9057,.F.);
#9057 = EDGE_CURVE('',#8966,#9006,#9058,.T.);
#9058 = LINE('',#9059,#9060);
#9059 = CARTESIAN_POINT('',(-113.5,80.891154580481,170.80188374948));
#9060 = VECTOR('',#9061,1.);
#9061 = DIRECTION('',(1.,0.,0.));
#9062 = ORIENTED_EDGE('',*,*,#8973,.T.);
#9063 = ORIENTED_EDGE('',*,*,#9064,.T.);
#9064 = EDGE_CURVE('',#8974,#9014,#9065,.T.);
#9065 = LINE('',#9066,#9067);
#9066 = CARTESIAN_POINT('',(-113.5,80.891154580481,176.80188374948));
#9067 = VECTOR('',#9068,1.);
#9068 = DIRECTION('',(1.,0.,0.));
#9069 = ORIENTED_EDGE('',*,*,#9013,.F.);
#9070 = PLANE('',#9071);
#9071 = AXIS2_PLACEMENT_3D('',#9072,#9073,#9074);
#9072 = CARTESIAN_POINT('',(-113.5,80.891154580481,170.80188374948));
#9073 = DIRECTION('',(0.,1.,0.));
#9074 = DIRECTION('',(0.,0.,1.));
#9075 = ADVANCED_FACE('',(#9076),#9082,.F.);
#9076 = FACE_BOUND('',#9077,.F.);
#9077 = EDGE_LOOP('',(#9078,#9079,#9080,#9081));
#9078 = ORIENTED_EDGE('',*,*,#8965,.F.);
#9079 = ORIENTED_EDGE('',*,*,#9035,.T.);
#9080 = ORIENTED_EDGE('',*,*,#9005,.T.);
#9081 = ORIENTED_EDGE('',*,*,#9057,.F.);
#9082 = PLANE('',#9083);
#9083 = AXIS2_PLACEMENT_3D('',#9084,#9085,#9086);
#9084 = CARTESIAN_POINT('',(-113.5,76.891154580481,170.80188374948));
#9085 = DIRECTION('',(0.,0.,1.));
#9086 = DIRECTION('',(1.,0.,0.));
#9087 = ADVANCED_FACE('',(#9088),#9094,.T.);
#9088 = FACE_BOUND('',#9089,.T.);
#9089 = EDGE_LOOP('',(#9090,#9091,#9092,#9093));
#9090 = ORIENTED_EDGE('',*,*,#8981,.F.);
#9091 = ORIENTED_EDGE('',*,*,#9042,.T.);
#9092 = ORIENTED_EDGE('',*,*,#9021,.T.);
#9093 = ORIENTED_EDGE('',*,*,#9064,.F.);
#9094 = PLANE('',#9095);
#9095 = AXIS2_PLACEMENT_3D('',#9096,#9097,#9098);
#9096 = CARTESIAN_POINT('',(-113.5,76.891154580481,176.80188374948));
#9097 = DIRECTION('',(0.,0.,1.));
#9098 = DIRECTION('',(1.,0.,0.));
#9099 = MANIFOLD_SOLID_BREP('',#9100);
#9100 = CLOSED_SHELL('',(#9101,#9141,#9181,#9203,#9225,#9237));
#9101 = ADVANCED_FACE('',(#9102),#9136,.F.);
#9102 = FACE_BOUND('',#9103,.F.);
#9103 = EDGE_LOOP('',(#9104,#9114,#9122,#9130));
#9104 = ORIENTED_EDGE('',*,*,#9105,.F.);
#9105 = EDGE_CURVE('',#9106,#9108,#9110,.T.);
#9106 = VERTEX_POINT('',#9107);
#9107 = CARTESIAN_POINT('',(-113.5,83.593063853204,160.3735093642));
#9108 = VERTEX_POINT('',#9109);
#9109 = CARTESIAN_POINT('',(-113.5,83.593063853204,166.3735093642));
#9110 = LINE('',#9111,#9112);
#9111 = CARTESIAN_POINT('',(-113.5,83.593063853204,160.3735093642));
#9112 = VECTOR('',#9113,1.);
#9113 = DIRECTION('',(0.,0.,1.));
#9114 = ORIENTED_EDGE('',*,*,#9115,.T.);
#9115 = EDGE_CURVE('',#9106,#9116,#9118,.T.);
#9116 = VERTEX_POINT('',#9117);
#9117 = CARTESIAN_POINT('',(-113.5,87.593063853204,160.3735093642));
#9118 = LINE('',#9119,#9120);
#9119 = CARTESIAN_POINT('',(-113.5,83.593063853204,160.3735093642));
#9120 = VECTOR('',#9121,1.);
#9121 = DIRECTION('',(0.,1.,0.));
#9122 = ORIENTED_EDGE('',*,*,#9123,.T.);
#9123 = EDGE_CURVE('',#9116,#9124,#9126,.T.);
#9124 = VERTEX_POINT('',#9125);
#9125 = CARTESIAN_POINT('',(-113.5,87.593063853204,166.3735093642));
#9126 = LINE('',#9127,#9128);
#9127 = CARTESIAN_POINT('',(-113.5,87.593063853204,160.3735093642));
#9128 = VECTOR('',#9129,1.);
#9129 = DIRECTION('',(0.,0.,1.));
#9130 = ORIENTED_EDGE('',*,*,#9131,.F.);
#9131 = EDGE_CURVE('',#9108,#9124,#9132,.T.);
#9132 = LINE('',#9133,#9134);
#9133 = CARTESIAN_POINT('',(-113.5,83.593063853204,166.3735093642));
#9134 = VECTOR('',#9135,1.);
#9135 = DIRECTION('',(0.,1.,0.));
#9136 = PLANE('',#9137);
#9137 = AXIS2_PLACEMENT_3D('',#9138,#9139,#9140);
#9138 = CARTESIAN_POINT('',(-113.5,83.593063853204,160.3735093642));
#9139 = DIRECTION('',(1.,0.,0.));
#9140 = DIRECTION('',(0.,0.,1.));
#9141 = ADVANCED_FACE('',(#9142),#9176,.T.);
#9142 = FACE_BOUND('',#9143,.T.);
#9143 = EDGE_LOOP('',(#9144,#9154,#9162,#9170));
#9144 = ORIENTED_EDGE('',*,*,#9145,.F.);
#9145 = EDGE_CURVE('',#9146,#9148,#9150,.T.);
#9146 = VERTEX_POINT('',#9147);
#9147 = CARTESIAN_POINT('',(-108.5,83.593063853204,160.3735093642));
#9148 = VERTEX_POINT('',#9149);
#9149 = CARTESIAN_POINT('',(-108.5,83.593063853204,166.3735093642));
#9150 = LINE('',#9151,#9152);
#9151 = CARTESIAN_POINT('',(-108.5,83.593063853204,160.3735093642));
#9152 = VECTOR('',#9153,1.);
#9153 = DIRECTION('',(0.,0.,1.));
#9154 = ORIENTED_EDGE('',*,*,#9155,.T.);
#9155 = EDGE_CURVE('',#9146,#9156,#9158,.T.);
#9156 = VERTEX_POINT('',#9157);
#9157 = CARTESIAN_POINT('',(-108.5,87.593063853204,160.3735093642));
#9158 = LINE('',#9159,#9160);
#9159 = CARTESIAN_POINT('',(-108.5,83.593063853204,160.3735093642));
#9160 = VECTOR('',#9161,1.);
#9161 = DIRECTION('',(0.,1.,0.));
#9162 = ORIENTED_EDGE('',*,*,#9163,.T.);
#9163 = EDGE_CURVE('',#9156,#9164,#9166,.T.);
#9164 = VERTEX_POINT('',#9165);
#9165 = CARTESIAN_POINT('',(-108.5,87.593063853204,166.3735093642));
#9166 = LINE('',#9167,#9168);
#9167 = CARTESIAN_POINT('',(-108.5,87.593063853204,160.3735093642));
#9168 = VECTOR('',#9169,1.);
#9169 = DIRECTION('',(0.,0.,1.));
#9170 = ORIENTED_EDGE('',*,*,#9171,.F.);
#9171 = EDGE_CURVE('',#9148,#9164,#9172,.T.);
#9172 = LINE('',#9173,#9174);
#9173 = CARTESIAN_POINT('',(-108.5,83.593063853204,166.3735093642));
#9174 = VECTOR('',#9175,1.);
#9175 = DIRECTION('',(0.,1.,0.));
#9176 = PLANE('',#9177);
#9177 = AXIS2_PLACEMENT_3D('',#9178,#9179,#9180);
#9178 = CARTESIAN_POINT('',(-108.5,83.593063853204,160.3735093642));
#9179 = DIRECTION('',(1.,0.,0.));
#9180 = DIRECTION('',(0.,0.,1.));
#9181 = ADVANCED_FACE('',(#9182),#9198,.F.);
#9182 = FACE_BOUND('',#9183,.F.);
#9183 = EDGE_LOOP('',(#9184,#9190,#9191,#9197));
#9184 = ORIENTED_EDGE('',*,*,#9185,.F.);
#9185 = EDGE_CURVE('',#9106,#9146,#9186,.T.);
#9186 = LINE('',#9187,#9188);
#9187 = CARTESIAN_POINT('',(-113.5,83.593063853204,160.3735093642));
#9188 = VECTOR('',#9189,1.);
#9189 = DIRECTION('',(1.,0.,0.));
#9190 = ORIENTED_EDGE('',*,*,#9105,.T.);
#9191 = ORIENTED_EDGE('',*,*,#9192,.T.);
#9192 = EDGE_CURVE('',#9108,#9148,#9193,.T.);
#9193 = LINE('',#9194,#9195);
#9194 = CARTESIAN_POINT('',(-113.5,83.593063853204,166.3735093642));
#9195 = VECTOR('',#9196,1.);
#9196 = DIRECTION('',(1.,0.,0.));
#9197 = ORIENTED_EDGE('',*,*,#9145,.F.);
#9198 = PLANE('',#9199);
#9199 = AXIS2_PLACEMENT_3D('',#9200,#9201,#9202);
#9200 = CARTESIAN_POINT('',(-113.5,83.593063853204,160.3735093642));
#9201 = DIRECTION('',(0.,1.,0.));
#9202 = DIRECTION('',(0.,0.,1.));
#9203 = ADVANCED_FACE('',(#9204),#9220,.T.);
#9204 = FACE_BOUND('',#9205,.T.);
#9205 = EDGE_LOOP('',(#9206,#9212,#9213,#9219));
#9206 = ORIENTED_EDGE('',*,*,#9207,.F.);
#9207 = EDGE_CURVE('',#9116,#9156,#9208,.T.);
#9208 = LINE('',#9209,#9210);
#9209 = CARTESIAN_POINT('',(-113.5,87.593063853204,160.3735093642));
#9210 = VECTOR('',#9211,1.);
#9211 = DIRECTION('',(1.,0.,0.));
#9212 = ORIENTED_EDGE('',*,*,#9123,.T.);
#9213 = ORIENTED_EDGE('',*,*,#9214,.T.);
#9214 = EDGE_CURVE('',#9124,#9164,#9215,.T.);
#9215 = LINE('',#9216,#9217);
#9216 = CARTESIAN_POINT('',(-113.5,87.593063853204,166.3735093642));
#9217 = VECTOR('',#9218,1.);
#9218 = DIRECTION('',(1.,0.,0.));
#9219 = ORIENTED_EDGE('',*,*,#9163,.F.);
#9220 = PLANE('',#9221);
#9221 = AXIS2_PLACEMENT_3D('',#9222,#9223,#9224);
#9222 = CARTESIAN_POINT('',(-113.5,87.593063853204,160.3735093642));
#9223 = DIRECTION('',(0.,1.,0.));
#9224 = DIRECTION('',(0.,0.,1.));
#9225 = ADVANCED_FACE('',(#9226),#9232,.F.);
#9226 = FACE_BOUND('',#9227,.F.);
#9227 = EDGE_LOOP('',(#9228,#9229,#9230,#9231));
#9228 = ORIENTED_EDGE('',*,*,#9115,.F.);
#9229 = ORIENTED_EDGE('',*,*,#9185,.T.);
#9230 = ORIENTED_EDGE('',*,*,#9155,.T.);
#9231 = ORIENTED_EDGE('',*,*,#9207,.F.);
#9232 = PLANE('',#9233);
#9233 = AXIS2_PLACEMENT_3D('',#9234,#9235,#9236);
#9234 = CARTESIAN_POINT('',(-113.5,83.593063853204,160.3735093642));
#9235 = DIRECTION('',(0.,0.,1.));
#9236 = DIRECTION('',(1.,0.,0.));
#9237 = ADVANCED_FACE('',(#9238),#9244,.T.);
#9238 = FACE_BOUND('',#9239,.T.);
#9239 = EDGE_LOOP('',(#9240,#9241,#9242,#9243));
#9240 = ORIENTED_EDGE('',*,*,#9131,.F.);
#9241 = ORIENTED_EDGE('',*,*,#9192,.T.);
#9242 = ORIENTED_EDGE('',*,*,#9171,.T.);
#9243 = ORIENTED_EDGE('',*,*,#9214,.F.);
#9244 = PLANE('',#9245);
#9245 = AXIS2_PLACEMENT_3D('',#9246,#9247,#9248);
#9246 = CARTESIAN_POINT('',(-113.5,83.593063853204,166.3735093642));
#9247 = DIRECTION('',(0.,0.,1.));
#9248 = DIRECTION('',(1.,0.,0.));
#9249 = MANIFOLD_SOLID_BREP('',#9250);
#9250 = CLOSED_SHELL('',(#9251,#9291,#9331,#9353,#9375,#9387));
#9251 = ADVANCED_FACE('',(#9252),#9286,.F.);
#9252 = FACE_BOUND('',#9253,.F.);
#9253 = EDGE_LOOP('',(#9254,#9264,#9272,#9280));
#9254 = ORIENTED_EDGE('',*,*,#9255,.F.);
#9255 = EDGE_CURVE('',#9256,#9258,#9260,.T.);
#9256 = VERTEX_POINT('',#9257);
#9257 = CARTESIAN_POINT('',(-113.5,94.869073557988,155.22392827861));
#9258 = VERTEX_POINT('',#9259);
#9259 = CARTESIAN_POINT('',(-113.5,94.869073557988,161.22392827861));
#9260 = LINE('',#9261,#9262);
#9261 = CARTESIAN_POINT('',(-113.5,94.869073557988,155.22392827861));
#9262 = VECTOR('',#9263,1.);
#9263 = DIRECTION('',(0.,0.,1.));
#9264 = ORIENTED_EDGE('',*,*,#9265,.T.);
#9265 = EDGE_CURVE('',#9256,#9266,#9268,.T.);
#9266 = VERTEX_POINT('',#9267);
#9267 = CARTESIAN_POINT('',(-113.5,98.869073557988,155.22392827861));
#9268 = LINE('',#9269,#9270);
#9269 = CARTESIAN_POINT('',(-113.5,94.869073557988,155.22392827861));
#9270 = VECTOR('',#9271,1.);
#9271 = DIRECTION('',(0.,1.,0.));
#9272 = ORIENTED_EDGE('',*,*,#9273,.T.);
#9273 = EDGE_CURVE('',#9266,#9274,#9276,.T.);
#9274 = VERTEX_POINT('',#9275);
#9275 = CARTESIAN_POINT('',(-113.5,98.869073557988,161.22392827861));
#9276 = LINE('',#9277,#9278);
#9277 = CARTESIAN_POINT('',(-113.5,98.869073557988,155.22392827861));
#9278 = VECTOR('',#9279,1.);
#9279 = DIRECTION('',(0.,0.,1.));
#9280 = ORIENTED_EDGE('',*,*,#9281,.F.);
#9281 = EDGE_CURVE('',#9258,#9274,#9282,.T.);
#9282 = LINE('',#9283,#9284);
#9283 = CARTESIAN_POINT('',(-113.5,94.869073557988,161.22392827861));
#9284 = VECTOR('',#9285,1.);
#9285 = DIRECTION('',(0.,1.,0.));
#9286 = PLANE('',#9287);
#9287 = AXIS2_PLACEMENT_3D('',#9288,#9289,#9290);
#9288 = CARTESIAN_POINT('',(-113.5,94.869073557988,155.22392827861));
#9289 = DIRECTION('',(1.,0.,0.));
#9290 = DIRECTION('',(0.,0.,1.));
#9291 = ADVANCED_FACE('',(#9292),#9326,.T.);
#9292 = FACE_BOUND('',#9293,.T.);
#9293 = EDGE_LOOP('',(#9294,#9304,#9312,#9320));
#9294 = ORIENTED_EDGE('',*,*,#9295,.F.);
#9295 = EDGE_CURVE('',#9296,#9298,#9300,.T.);
#9296 = VERTEX_POINT('',#9297);
#9297 = CARTESIAN_POINT('',(-108.5,94.869073557988,155.22392827861));
#9298 = VERTEX_POINT('',#9299);
#9299 = CARTESIAN_POINT('',(-108.5,94.869073557988,161.22392827861));
#9300 = LINE('',#9301,#9302);
#9301 = CARTESIAN_POINT('',(-108.5,94.869073557988,155.22392827861));
#9302 = VECTOR('',#9303,1.);
#9303 = DIRECTION('',(0.,0.,1.));
#9304 = ORIENTED_EDGE('',*,*,#9305,.T.);
#9305 = EDGE_CURVE('',#9296,#9306,#9308,.T.);
#9306 = VERTEX_POINT('',#9307);
#9307 = CARTESIAN_POINT('',(-108.5,98.869073557988,155.22392827861));
#9308 = LINE('',#9309,#9310);
#9309 = CARTESIAN_POINT('',(-108.5,94.869073557988,155.22392827861));
#9310 = VECTOR('',#9311,1.);
#9311 = DIRECTION('',(0.,1.,0.));
#9312 = ORIENTED_EDGE('',*,*,#9313,.T.);
#9313 = EDGE_CURVE('',#9306,#9314,#9316,.T.);
#9314 = VERTEX_POINT('',#9315);
#9315 = CARTESIAN_POINT('',(-108.5,98.869073557988,161.22392827861));
#9316 = LINE('',#9317,#9318);
#9317 = CARTESIAN_POINT('',(-108.5,98.869073557988,155.22392827861));
#9318 = VECTOR('',#9319,1.);
#9319 = DIRECTION('',(0.,0.,1.));
#9320 = ORIENTED_EDGE('',*,*,#9321,.F.);
#9321 = EDGE_CURVE('',#9298,#9314,#9322,.T.);
#9322 = LINE('',#9323,#9324);
#9323 = CARTESIAN_POINT('',(-108.5,94.869073557988,161.22392827861));
#9324 = VECTOR('',#9325,1.);
#9325 = DIRECTION('',(0.,1.,0.));
#9326 = PLANE('',#9327);
#9327 = AXIS2_PLACEMENT_3D('',#9328,#9329,#9330);
#9328 = CARTESIAN_POINT('',(-108.5,94.869073557988,155.22392827861));
#9329 = DIRECTION('',(1.,0.,0.));
#9330 = DIRECTION('',(0.,0.,1.));
#9331 = ADVANCED_FACE('',(#9332),#9348,.F.);
#9332 = FACE_BOUND('',#9333,.F.);
#9333 = EDGE_LOOP('',(#9334,#9340,#9341,#9347));
#9334 = ORIENTED_EDGE('',*,*,#9335,.F.);
#9335 = EDGE_CURVE('',#9256,#9296,#9336,.T.);
#9336 = LINE('',#9337,#9338);
#9337 = CARTESIAN_POINT('',(-113.5,94.869073557988,155.22392827861));
#9338 = VECTOR('',#9339,1.);
#9339 = DIRECTION('',(1.,0.,0.));
#9340 = ORIENTED_EDGE('',*,*,#9255,.T.);
#9341 = ORIENTED_EDGE('',*,*,#9342,.T.);
#9342 = EDGE_CURVE('',#9258,#9298,#9343,.T.);
#9343 = LINE('',#9344,#9345);
#9344 = CARTESIAN_POINT('',(-113.5,94.869073557988,161.22392827861));
#9345 = VECTOR('',#9346,1.);
#9346 = DIRECTION('',(1.,0.,0.));
#9347 = ORIENTED_EDGE('',*,*,#9295,.F.);
#9348 = PLANE('',#9349);
#9349 = AXIS2_PLACEMENT_3D('',#9350,#9351,#9352);
#9350 = CARTESIAN_POINT('',(-113.5,94.869073557988,155.22392827861));
#9351 = DIRECTION('',(0.,1.,0.));
#9352 = DIRECTION('',(0.,0.,1.));
#9353 = ADVANCED_FACE('',(#9354),#9370,.T.);
#9354 = FACE_BOUND('',#9355,.T.);
#9355 = EDGE_LOOP('',(#9356,#9362,#9363,#9369));
#9356 = ORIENTED_EDGE('',*,*,#9357,.F.);
#9357 = EDGE_CURVE('',#9266,#9306,#9358,.T.);
#9358 = LINE('',#9359,#9360);
#9359 = CARTESIAN_POINT('',(-113.5,98.869073557988,155.22392827861));
#9360 = VECTOR('',#9361,1.);
#9361 = DIRECTION('',(1.,0.,0.));
#9362 = ORIENTED_EDGE('',*,*,#9273,.T.);
#9363 = ORIENTED_EDGE('',*,*,#9364,.T.);
#9364 = EDGE_CURVE('',#9274,#9314,#9365,.T.);
#9365 = LINE('',#9366,#9367);
#9366 = CARTESIAN_POINT('',(-113.5,98.869073557988,161.22392827861));
#9367 = VECTOR('',#9368,1.);
#9368 = DIRECTION('',(1.,0.,0.));
#9369 = ORIENTED_EDGE('',*,*,#9313,.F.);
#9370 = PLANE('',#9371);
#9371 = AXIS2_PLACEMENT_3D('',#9372,#9373,#9374);
#9372 = CARTESIAN_POINT('',(-113.5,98.869073557988,155.22392827861));
#9373 = DIRECTION('',(0.,1.,0.));
#9374 = DIRECTION('',(0.,0.,1.));
#9375 = ADVANCED_FACE('',(#9376),#9382,.F.);
#9376 = FACE_BOUND('',#9377,.F.);
#9377 = EDGE_LOOP('',(#9378,#9379,#9380,#9381));
#9378 = ORIENTED_EDGE('',*,*,#9265,.F.);
#9379 = ORIENTED_EDGE('',*,*,#9335,.T.);
#9380 = ORIENTED_EDGE('',*,*,#9305,.T.);
#9381 = ORIENTED_EDGE('',*,*,#9357,.F.);
#9382 = PLANE('',#9383);
#9383 = AXIS2_PLACEMENT_3D('',#9384,#9385,#9386);
#9384 = CARTESIAN_POINT('',(-113.5,94.869073557988,155.22392827861));
#9385 = DIRECTION('',(0.,0.,1.));
#9386 = DIRECTION('',(1.,0.,0.));
#9387 = ADVANCED_FACE('',(#9388),#9394,.T.);
#9388 = FACE_BOUND('',#9389,.T.);
#9389 = EDGE_LOOP('',(#9390,#9391,#9392,#9393));
#9390 = ORIENTED_EDGE('',*,*,#9281,.F.);
#9391 = ORIENTED_EDGE('',*,*,#9342,.T.);
#9392 = ORIENTED_EDGE('',*,*,#9321,.T.);
#9393 = ORIENTED_EDGE('',*,*,#9364,.F.);
#9394 = PLANE('',#9395);
#9395 = AXIS2_PLACEMENT_3D('',#9396,#9397,#9398);
#9396 = CARTESIAN_POINT('',(-113.5,94.869073557988,161.22392827861));
#9397 = DIRECTION('',(0.,0.,1.));
#9398 = DIRECTION('',(1.,0.,0.));
#9399 = MANIFOLD_SOLID_BREP('',#9400);
#9400 = CLOSED_SHELL('',(#9401,#9441,#9481,#9503,#9525,#9537));
#9401 = ADVANCED_FACE('',(#9402),#9436,.F.);
#9402 = FACE_BOUND('',#9403,.F.);
#9403 = EDGE_LOOP('',(#9404,#9414,#9422,#9430));
#9404 = ORIENTED_EDGE('',*,*,#9405,.F.);
#9405 = EDGE_CURVE('',#9406,#9408,#9410,.T.);
#9406 = VERTEX_POINT('',#9407);
#9407 = CARTESIAN_POINT('',(-113.5,107.13913028604,156.9880961022));
#9408 = VERTEX_POINT('',#9409);
#9409 = CARTESIAN_POINT('',(-113.5,107.13913028604,162.9880961022));
#9410 = LINE('',#9411,#9412);
#9411 = CARTESIAN_POINT('',(-113.5,107.13913028604,156.9880961022));
#9412 = VECTOR('',#9413,1.);
#9413 = DIRECTION('',(0.,0.,1.));
#9414 = ORIENTED_EDGE('',*,*,#9415,.T.);
#9415 = EDGE_CURVE('',#9406,#9416,#9418,.T.);
#9416 = VERTEX_POINT('',#9417);
#9417 = CARTESIAN_POINT('',(-113.5,111.13913028604,156.9880961022));
#9418 = LINE('',#9419,#9420);
#9419 = CARTESIAN_POINT('',(-113.5,107.13913028604,156.9880961022));
#9420 = VECTOR('',#9421,1.);
#9421 = DIRECTION('',(0.,1.,0.));
#9422 = ORIENTED_EDGE('',*,*,#9423,.T.);
#9423 = EDGE_CURVE('',#9416,#9424,#9426,.T.);
#9424 = VERTEX_POINT('',#9425);
#9425 = CARTESIAN_POINT('',(-113.5,111.13913028604,162.9880961022));
#9426 = LINE('',#9427,#9428);
#9427 = CARTESIAN_POINT('',(-113.5,111.13913028604,156.9880961022));
#9428 = VECTOR('',#9429,1.);
#9429 = DIRECTION('',(0.,0.,1.));
#9430 = ORIENTED_EDGE('',*,*,#9431,.F.);
#9431 = EDGE_CURVE('',#9408,#9424,#9432,.T.);
#9432 = LINE('',#9433,#9434);
#9433 = CARTESIAN_POINT('',(-113.5,107.13913028604,162.9880961022));
#9434 = VECTOR('',#9435,1.);
#9435 = DIRECTION('',(0.,1.,0.));
#9436 = PLANE('',#9437);
#9437 = AXIS2_PLACEMENT_3D('',#9438,#9439,#9440);
#9438 = CARTESIAN_POINT('',(-113.5,107.13913028604,156.9880961022));
#9439 = DIRECTION('',(1.,0.,0.));
#9440 = DIRECTION('',(0.,0.,1.));
#9441 = ADVANCED_FACE('',(#9442),#9476,.T.);
#9442 = FACE_BOUND('',#9443,.T.);
#9443 = EDGE_LOOP('',(#9444,#9454,#9462,#9470));
#9444 = ORIENTED_EDGE('',*,*,#9445,.F.);
#9445 = EDGE_CURVE('',#9446,#9448,#9450,.T.);
#9446 = VERTEX_POINT('',#9447);
#9447 = CARTESIAN_POINT('',(-108.5,107.13913028604,156.9880961022));
#9448 = VERTEX_POINT('',#9449);
#9449 = CARTESIAN_POINT('',(-108.5,107.13913028604,162.9880961022));
#9450 = LINE('',#9451,#9452);
#9451 = CARTESIAN_POINT('',(-108.5,107.13913028604,156.9880961022));
#9452 = VECTOR('',#9453,1.);
#9453 = DIRECTION('',(0.,0.,1.));
#9454 = ORIENTED_EDGE('',*,*,#9455,.T.);
#9455 = EDGE_CURVE('',#9446,#9456,#9458,.T.);
#9456 = VERTEX_POINT('',#9457);
#9457 = CARTESIAN_POINT('',(-108.5,111.13913028604,156.9880961022));
#9458 = LINE('',#9459,#9460);
#9459 = CARTESIAN_POINT('',(-108.5,107.13913028604,156.9880961022));
#9460 = VECTOR('',#9461,1.);
#9461 = DIRECTION('',(0.,1.,0.));
#9462 = ORIENTED_EDGE('',*,*,#9463,.T.);
#9463 = EDGE_CURVE('',#9456,#9464,#9466,.T.);
#9464 = VERTEX_POINT('',#9465);
#9465 = CARTESIAN_POINT('',(-108.5,111.13913028604,162.9880961022));
#9466 = LINE('',#9467,#9468);
#9467 = CARTESIAN_POINT('',(-108.5,111.13913028604,156.9880961022));
#9468 = VECTOR('',#9469,1.);
#9469 = DIRECTION('',(0.,0.,1.));
#9470 = ORIENTED_EDGE('',*,*,#9471,.F.);
#9471 = EDGE_CURVE('',#9448,#9464,#9472,.T.);
#9472 = LINE('',#9473,#9474);
#9473 = CARTESIAN_POINT('',(-108.5,107.13913028604,162.9880961022));
#9474 = VECTOR('',#9475,1.);
#9475 = DIRECTION('',(0.,1.,0.));
#9476 = PLANE('',#9477);
#9477 = AXIS2_PLACEMENT_3D('',#9478,#9479,#9480);
#9478 = CARTESIAN_POINT('',(-108.5,107.13913028604,156.9880961022));
#9479 = DIRECTION('',(1.,0.,0.));
#9480 = DIRECTION('',(0.,0.,1.));
#9481 = ADVANCED_FACE('',(#9482),#9498,.F.);
#9482 = FACE_BOUND('',#9483,.F.);
#9483 = EDGE_LOOP('',(#9484,#9490,#9491,#9497));
#9484 = ORIENTED_EDGE('',*,*,#9485,.F.);
#9485 = EDGE_CURVE('',#9406,#9446,#9486,.T.);
#9486 = LINE('',#9487,#9488);
#9487 = CARTESIAN_POINT('',(-113.5,107.13913028604,156.9880961022));
#9488 = VECTOR('',#9489,1.);
#9489 = DIRECTION('',(1.,0.,0.));
#9490 = ORIENTED_EDGE('',*,*,#9405,.T.);
#9491 = ORIENTED_EDGE('',*,*,#9492,.T.);
#9492 = EDGE_CURVE('',#9408,#9448,#9493,.T.);
#9493 = LINE('',#9494,#9495);
#9494 = CARTESIAN_POINT('',(-113.5,107.13913028604,162.9880961022));
#9495 = VECTOR('',#9496,1.);
#9496 = DIRECTION('',(1.,0.,0.));
#9497 = ORIENTED_EDGE('',*,*,#9445,.F.);
#9498 = PLANE('',#9499);
#9499 = AXIS2_PLACEMENT_3D('',#9500,#9501,#9502);
#9500 = CARTESIAN_POINT('',(-113.5,107.13913028604,156.9880961022));
#9501 = DIRECTION('',(0.,1.,0.));
#9502 = DIRECTION('',(0.,0.,1.));
#9503 = ADVANCED_FACE('',(#9504),#9520,.T.);
#9504 = FACE_BOUND('',#9505,.T.);
#9505 = EDGE_LOOP('',(#9506,#9512,#9513,#9519));
#9506 = ORIENTED_EDGE('',*,*,#9507,.F.);
#9507 = EDGE_CURVE('',#9416,#9456,#9508,.T.);
#9508 = LINE('',#9509,#9510);
#9509 = CARTESIAN_POINT('',(-113.5,111.13913028604,156.9880961022));
#9510 = VECTOR('',#9511,1.);
#9511 = DIRECTION('',(1.,0.,0.));
#9512 = ORIENTED_EDGE('',*,*,#9423,.T.);
#9513 = ORIENTED_EDGE('',*,*,#9514,.T.);
#9514 = EDGE_CURVE('',#9424,#9464,#9515,.T.);
#9515 = LINE('',#9516,#9517);
#9516 = CARTESIAN_POINT('',(-113.5,111.13913028604,162.9880961022));
#9517 = VECTOR('',#9518,1.);
#9518 = DIRECTION('',(1.,0.,0.));
#9519 = ORIENTED_EDGE('',*,*,#9463,.F.);
#9520 = PLANE('',#9521);
#9521 = AXIS2_PLACEMENT_3D('',#9522,#9523,#9524);
#9522 = CARTESIAN_POINT('',(-113.5,111.13913028604,156.9880961022));
#9523 = DIRECTION('',(0.,1.,0.));
#9524 = DIRECTION('',(0.,0.,1.));
#9525 = ADVANCED_FACE('',(#9526),#9532,.F.);
#9526 = FACE_BOUND('',#9527,.F.);
#9527 = EDGE_LOOP('',(#9528,#9529,#9530,#9531));
#9528 = ORIENTED_EDGE('',*,*,#9415,.F.);
#9529 = ORIENTED_EDGE('',*,*,#9485,.T.);
#9530 = ORIENTED_EDGE('',*,*,#9455,.T.);
#9531 = ORIENTED_EDGE('',*,*,#9507,.F.);
#9532 = PLANE('',#9533);
#9533 = AXIS2_PLACEMENT_3D('',#9534,#9535,#9536);
#9534 = CARTESIAN_POINT('',(-113.5,107.13913028604,156.9880961022));
#9535 = DIRECTION('',(0.,0.,1.));
#9536 = DIRECTION('',(1.,0.,0.));
#9537 = ADVANCED_FACE('',(#9538),#9544,.T.);
#9538 = FACE_BOUND('',#9539,.T.);
#9539 = EDGE_LOOP('',(#9540,#9541,#9542,#9543));
#9540 = ORIENTED_EDGE('',*,*,#9431,.F.);
#9541 = ORIENTED_EDGE('',*,*,#9492,.T.);
#9542 = ORIENTED_EDGE('',*,*,#9471,.T.);
#9543 = ORIENTED_EDGE('',*,*,#9514,.F.);
#9544 = PLANE('',#9545);
#9545 = AXIS2_PLACEMENT_3D('',#9546,#9547,#9548);
#9546 = CARTESIAN_POINT('',(-113.5,107.13913028604,162.9880961022));
#9547 = DIRECTION('',(0.,0.,1.));
#9548 = DIRECTION('',(1.,0.,0.));
#9549 = MANIFOLD_SOLID_BREP('',#9550);
#9550 = CLOSED_SHELL('',(#9551,#9591,#9631,#9653,#9675,#9687));
#9551 = ADVANCED_FACE('',(#9552),#9586,.F.);
#9552 = FACE_BOUND('',#9553,.F.);
#9553 = EDGE_LOOP('',(#9554,#9564,#9572,#9580));
#9554 = ORIENTED_EDGE('',*,*,#9555,.F.);
#9555 = EDGE_CURVE('',#9556,#9558,#9560,.T.);
#9556 = VERTEX_POINT('',#9557);
#9557 = CARTESIAN_POINT('',(-113.5,116.50757772228,165.10590201597));
#9558 = VERTEX_POINT('',#9559);
#9559 = CARTESIAN_POINT('',(-113.5,116.50757772228,171.10590201597));
#9560 = LINE('',#9561,#9562);
#9561 = CARTESIAN_POINT('',(-113.5,116.50757772228,165.10590201597));
#9562 = VECTOR('',#9563,1.);
#9563 = DIRECTION('',(0.,0.,1.));
#9564 = ORIENTED_EDGE('',*,*,#9565,.T.);
#9565 = EDGE_CURVE('',#9556,#9566,#9568,.T.);
#9566 = VERTEX_POINT('',#9567);
#9567 = CARTESIAN_POINT('',(-113.5,120.50757772228,165.10590201597));
#9568 = LINE('',#9569,#9570);
#9569 = CARTESIAN_POINT('',(-113.5,116.50757772228,165.10590201597));
#9570 = VECTOR('',#9571,1.);
#9571 = DIRECTION('',(0.,1.,0.));
#9572 = ORIENTED_EDGE('',*,*,#9573,.T.);
#9573 = EDGE_CURVE('',#9566,#9574,#9576,.T.);
#9574 = VERTEX_POINT('',#9575);
#9575 = CARTESIAN_POINT('',(-113.5,120.50757772228,171.10590201597));
#9576 = LINE('',#9577,#9578);
#9577 = CARTESIAN_POINT('',(-113.5,120.50757772228,165.10590201597));
#9578 = VECTOR('',#9579,1.);
#9579 = DIRECTION('',(0.,0.,1.));
#9580 = ORIENTED_EDGE('',*,*,#9581,.F.);
#9581 = EDGE_CURVE('',#9558,#9574,#9582,.T.);
#9582 = LINE('',#9583,#9584);
#9583 = CARTESIAN_POINT('',(-113.5,116.50757772228,171.10590201597));
#9584 = VECTOR('',#9585,1.);
#9585 = DIRECTION('',(0.,1.,0.));
#9586 = PLANE('',#9587);
#9587 = AXIS2_PLACEMENT_3D('',#9588,#9589,#9590);
#9588 = CARTESIAN_POINT('',(-113.5,116.50757772228,165.10590201597));
#9589 = DIRECTION('',(1.,0.,0.));
#9590 = DIRECTION('',(0.,0.,1.));
#9591 = ADVANCED_FACE('',(#9592),#9626,.T.);
#9592 = FACE_BOUND('',#9593,.T.);
#9593 = EDGE_LOOP('',(#9594,#9604,#9612,#9620));
#9594 = ORIENTED_EDGE('',*,*,#9595,.F.);
#9595 = EDGE_CURVE('',#9596,#9598,#9600,.T.);
#9596 = VERTEX_POINT('',#9597);
#9597 = CARTESIAN_POINT('',(-108.5,116.50757772228,165.10590201597));
#9598 = VERTEX_POINT('',#9599);
#9599 = CARTESIAN_POINT('',(-108.5,116.50757772228,171.10590201597));
#9600 = LINE('',#9601,#9602);
#9601 = CARTESIAN_POINT('',(-108.5,116.50757772228,165.10590201597));
#9602 = VECTOR('',#9603,1.);
#9603 = DIRECTION('',(0.,0.,1.));
#9604 = ORIENTED_EDGE('',*,*,#9605,.T.);
#9605 = EDGE_CURVE('',#9596,#9606,#9608,.T.);
#9606 = VERTEX_POINT('',#9607);
#9607 = CARTESIAN_POINT('',(-108.5,120.50757772228,165.10590201597));
#9608 = LINE('',#9609,#9610);
#9609 = CARTESIAN_POINT('',(-108.5,116.50757772228,165.10590201597));
#9610 = VECTOR('',#9611,1.);
#9611 = DIRECTION('',(0.,1.,0.));
#9612 = ORIENTED_EDGE('',*,*,#9613,.T.);
#9613 = EDGE_CURVE('',#9606,#9614,#9616,.T.);
#9614 = VERTEX_POINT('',#9615);
#9615 = CARTESIAN_POINT('',(-108.5,120.50757772228,171.10590201597));
#9616 = LINE('',#9617,#9618);
#9617 = CARTESIAN_POINT('',(-108.5,120.50757772228,165.10590201597));
#9618 = VECTOR('',#9619,1.);
#9619 = DIRECTION('',(0.,0.,1.));
#9620 = ORIENTED_EDGE('',*,*,#9621,.F.);
#9621 = EDGE_CURVE('',#9598,#9614,#9622,.T.);
#9622 = LINE('',#9623,#9624);
#9623 = CARTESIAN_POINT('',(-108.5,116.50757772228,171.10590201597));
#9624 = VECTOR('',#9625,1.);
#9625 = DIRECTION('',(0.,1.,0.));
#9626 = PLANE('',#9627);
#9627 = AXIS2_PLACEMENT_3D('',#9628,#9629,#9630);
#9628 = CARTESIAN_POINT('',(-108.5,116.50757772228,165.10590201597));
#9629 = DIRECTION('',(1.,0.,0.));
#9630 = DIRECTION('',(0.,0.,1.));
#9631 = ADVANCED_FACE('',(#9632),#9648,.F.);
#9632 = FACE_BOUND('',#9633,.F.);
#9633 = EDGE_LOOP('',(#9634,#9640,#9641,#9647));
#9634 = ORIENTED_EDGE('',*,*,#9635,.F.);
#9635 = EDGE_CURVE('',#9556,#9596,#9636,.T.);
#9636 = LINE('',#9637,#9638);
#9637 = CARTESIAN_POINT('',(-113.5,116.50757772228,165.10590201597));
#9638 = VECTOR('',#9639,1.);
#9639 = DIRECTION('',(1.,0.,0.));
#9640 = ORIENTED_EDGE('',*,*,#9555,.T.);
#9641 = ORIENTED_EDGE('',*,*,#9642,.T.);
#9642 = EDGE_CURVE('',#9558,#9598,#9643,.T.);
#9643 = LINE('',#9644,#9645);
#9644 = CARTESIAN_POINT('',(-113.5,116.50757772228,171.10590201597));
#9645 = VECTOR('',#9646,1.);
#9646 = DIRECTION('',(1.,0.,0.));
#9647 = ORIENTED_EDGE('',*,*,#9595,.F.);
#9648 = PLANE('',#9649);
#9649 = AXIS2_PLACEMENT_3D('',#9650,#9651,#9652);
#9650 = CARTESIAN_POINT('',(-113.5,116.50757772228,165.10590201597));
#9651 = DIRECTION('',(0.,1.,0.));
#9652 = DIRECTION('',(0.,0.,1.));
#9653 = ADVANCED_FACE('',(#9654),#9670,.T.);
#9654 = FACE_BOUND('',#9655,.T.);
#9655 = EDGE_LOOP('',(#9656,#9662,#9663,#9669));
#9656 = ORIENTED_EDGE('',*,*,#9657,.F.);
#9657 = EDGE_CURVE('',#9566,#9606,#9658,.T.);
#9658 = LINE('',#9659,#9660);
#9659 = CARTESIAN_POINT('',(-113.5,120.50757772228,165.10590201597));
#9660 = VECTOR('',#9661,1.);
#9661 = DIRECTION('',(1.,0.,0.));
#9662 = ORIENTED_EDGE('',*,*,#9573,.T.);
#9663 = ORIENTED_EDGE('',*,*,#9664,.T.);
#9664 = EDGE_CURVE('',#9574,#9614,#9665,.T.);
#9665 = LINE('',#9666,#9667);
#9666 = CARTESIAN_POINT('',(-113.5,120.50757772228,171.10590201597));
#9667 = VECTOR('',#9668,1.);
#9668 = DIRECTION('',(1.,0.,0.));
#9669 = ORIENTED_EDGE('',*,*,#9613,.F.);
#9670 = PLANE('',#9671);
#9671 = AXIS2_PLACEMENT_3D('',#9672,#9673,#9674);
#9672 = CARTESIAN_POINT('',(-113.5,120.50757772228,165.10590201597));
#9673 = DIRECTION('',(0.,1.,0.));
#9674 = DIRECTION('',(0.,0.,1.));
#9675 = ADVANCED_FACE('',(#9676),#9682,.F.);
#9676 = FACE_BOUND('',#9677,.F.);
#9677 = EDGE_LOOP('',(#9678,#9679,#9680,#9681));
#9678 = ORIENTED_EDGE('',*,*,#9565,.F.);
#9679 = ORIENTED_EDGE('',*,*,#9635,.T.);
#9680 = ORIENTED_EDGE('',*,*,#9605,.T.);
#9681 = ORIENTED_EDGE('',*,*,#9657,.F.);
#9682 = PLANE('',#9683);
#9683 = AXIS2_PLACEMENT_3D('',#9684,#9685,#9686);
#9684 = CARTESIAN_POINT('',(-113.5,116.50757772228,165.10590201597));
#9685 = DIRECTION('',(0.,0.,1.));
#9686 = DIRECTION('',(1.,0.,0.));
#9687 = ADVANCED_FACE('',(#9688),#9694,.T.);
#9688 = FACE_BOUND('',#9689,.T.);
#9689 = EDGE_LOOP('',(#9690,#9691,#9692,#9693));
#9690 = ORIENTED_EDGE('',*,*,#9581,.F.);
#9691 = ORIENTED_EDGE('',*,*,#9642,.T.);
#9692 = ORIENTED_EDGE('',*,*,#9621,.T.);
#9693 = ORIENTED_EDGE('',*,*,#9664,.F.);
#9694 = PLANE('',#9695);
#9695 = AXIS2_PLACEMENT_3D('',#9696,#9697,#9698);
#9696 = CARTESIAN_POINT('',(-113.5,116.50757772228,171.10590201597));
#9697 = DIRECTION('',(0.,0.,1.));
#9698 = DIRECTION('',(1.,0.,0.));
#9699 = MANIFOLD_SOLID_BREP('',#9700);
#9700 = CLOSED_SHELL('',(#9701,#9741,#9781,#9803,#9825,#9837));
#9701 = ADVANCED_FACE('',(#9702),#9736,.F.);
#9702 = FACE_BOUND('',#9703,.F.);
#9703 = EDGE_LOOP('',(#9704,#9714,#9722,#9730));
#9704 = ORIENTED_EDGE('',*,*,#9705,.F.);
#9705 = EDGE_CURVE('',#9706,#9708,#9710,.T.);
#9706 = VERTEX_POINT('',#9707);
#9707 = CARTESIAN_POINT('',(-74.,57.5,147.5));
#9708 = VERTEX_POINT('',#9709);
#9709 = CARTESIAN_POINT('',(-74.,57.5,212.5));
#9710 = LINE('',#9711,#9712);
#9711 = CARTESIAN_POINT('',(-74.,57.5,147.5));
#9712 = VECTOR('',#9713,1.);
#9713 = DIRECTION('',(0.,0.,1.));
#9714 = ORIENTED_EDGE('',*,*,#9715,.T.);
#9715 = EDGE_CURVE('',#9706,#9716,#9718,.T.);
#9716 = VERTEX_POINT('',#9717);
#9717 = CARTESIAN_POINT('',(-74.,142.5,147.5));
#9718 = LINE('',#9719,#9720);
#9719 = CARTESIAN_POINT('',(-74.,57.5,147.5));
#9720 = VECTOR('',#9721,1.);
#9721 = DIRECTION('',(0.,1.,0.));
#9722 = ORIENTED_EDGE('',*,*,#9723,.T.);
#9723 = EDGE_CURVE('',#9716,#9724,#9726,.T.);
#9724 = VERTEX_POINT('',#9725);
#9725 = CARTESIAN_POINT('',(-74.,142.5,212.5));
#9726 = LINE('',#9727,#9728);
#9727 = CARTESIAN_POINT('',(-74.,142.5,147.5));
#9728 = VECTOR('',#9729,1.);
#9729 = DIRECTION('',(0.,0.,1.));
#9730 = ORIENTED_EDGE('',*,*,#9731,.F.);
#9731 = EDGE_CURVE('',#9708,#9724,#9732,.T.);
#9732 = LINE('',#9733,#9734);
#9733 = CARTESIAN_POINT('',(-74.,57.5,212.5));
#9734 = VECTOR('',#9735,1.);
#9735 = DIRECTION('',(0.,1.,0.));
#9736 = PLANE('',#9737);
#9737 = AXIS2_PLACEMENT_3D('',#9738,#9739,#9740);
#9738 = CARTESIAN_POINT('',(-74.,57.5,147.5));
#9739 = DIRECTION('',(1.,0.,0.));
#9740 = DIRECTION('',(0.,0.,1.));
#9741 = ADVANCED_FACE('',(#9742),#9776,.T.);
#9742 = FACE_BOUND('',#9743,.T.);
#9743 = EDGE_LOOP('',(#9744,#9754,#9762,#9770));
#9744 = ORIENTED_EDGE('',*,*,#9745,.F.);
#9745 = EDGE_CURVE('',#9746,#9748,#9750,.T.);
#9746 = VERTEX_POINT('',#9747);
#9747 = CARTESIAN_POINT('',(-66.,57.5,147.5));
#9748 = VERTEX_POINT('',#9749);
#9749 = CARTESIAN_POINT('',(-66.,57.5,212.5));
#9750 = LINE('',#9751,#9752);
#9751 = CARTESIAN_POINT('',(-66.,57.5,147.5));
#9752 = VECTOR('',#9753,1.);
#9753 = DIRECTION('',(0.,0.,1.));
#9754 = ORIENTED_EDGE('',*,*,#9755,.T.);
#9755 = EDGE_CURVE('',#9746,#9756,#9758,.T.);
#9756 = VERTEX_POINT('',#9757);
#9757 = CARTESIAN_POINT('',(-66.,142.5,147.5));
#9758 = LINE('',#9759,#9760);
#9759 = CARTESIAN_POINT('',(-66.,57.5,147.5));
#9760 = VECTOR('',#9761,1.);
#9761 = DIRECTION('',(0.,1.,0.));
#9762 = ORIENTED_EDGE('',*,*,#9763,.T.);
#9763 = EDGE_CURVE('',#9756,#9764,#9766,.T.);
#9764 = VERTEX_POINT('',#9765);
#9765 = CARTESIAN_POINT('',(-66.,142.5,212.5));
#9766 = LINE('',#9767,#9768);
#9767 = CARTESIAN_POINT('',(-66.,142.5,147.5));
#9768 = VECTOR('',#9769,1.);
#9769 = DIRECTION('',(0.,0.,1.));
#9770 = ORIENTED_EDGE('',*,*,#9771,.F.);
#9771 = EDGE_CURVE('',#9748,#9764,#9772,.T.);
#9772 = LINE('',#9773,#9774);
#9773 = CARTESIAN_POINT('',(-66.,57.5,212.5));
#9774 = VECTOR('',#9775,1.);
#9775 = DIRECTION('',(0.,1.,0.));
#9776 = PLANE('',#9777);
#9777 = AXIS2_PLACEMENT_3D('',#9778,#9779,#9780);
#9778 = CARTESIAN_POINT('',(-66.,57.5,147.5));
#9779 = DIRECTION('',(1.,0.,0.));
#9780 = DIRECTION('',(0.,0.,1.));
#9781 = ADVANCED_FACE('',(#9782),#9798,.F.);
#9782 = FACE_BOUND('',#9783,.F.);
#9783 = EDGE_LOOP('',(#9784,#9790,#9791,#9797));
#9784 = ORIENTED_EDGE('',*,*,#9785,.F.);
#9785 = EDGE_CURVE('',#9706,#9746,#9786,.T.);
#9786 = LINE('',#9787,#9788);
#9787 = CARTESIAN_POINT('',(-74.,57.5,147.5));
#9788 = VECTOR('',#9789,1.);
#9789 = DIRECTION('',(1.,0.,0.));
#9790 = ORIENTED_EDGE('',*,*,#9705,.T.);
#9791 = ORIENTED_EDGE('',*,*,#9792,.T.);
#9792 = EDGE_CURVE('',#9708,#9748,#9793,.T.);
#9793 = LINE('',#9794,#9795);
#9794 = CARTESIAN_POINT('',(-74.,57.5,212.5));
#9795 = VECTOR('',#9796,1.);
#9796 = DIRECTION('',(1.,0.,0.));
#9797 = ORIENTED_EDGE('',*,*,#9745,.F.);
#9798 = PLANE('',#9799);
#9799 = AXIS2_PLACEMENT_3D('',#9800,#9801,#9802);
#9800 = CARTESIAN_POINT('',(-74.,57.5,147.5));
#9801 = DIRECTION('',(0.,1.,0.));
#9802 = DIRECTION('',(0.,0.,1.));
#9803 = ADVANCED_FACE('',(#9804),#9820,.T.);
#9804 = FACE_BOUND('',#9805,.T.);
#9805 = EDGE_LOOP('',(#9806,#9812,#9813,#9819));
#9806 = ORIENTED_EDGE('',*,*,#9807,.F.);
#9807 = EDGE_CURVE('',#9716,#9756,#9808,.T.);
#9808 = LINE('',#9809,#9810);
#9809 = CARTESIAN_POINT('',(-74.,142.5,147.5));
#9810 = VECTOR('',#9811,1.);
#9811 = DIRECTION('',(1.,0.,0.));
#9812 = ORIENTED_EDGE('',*,*,#9723,.T.);
#9813 = ORIENTED_EDGE('',*,*,#9814,.T.);
#9814 = EDGE_CURVE('',#9724,#9764,#9815,.T.);
#9815 = LINE('',#9816,#9817);
#9816 = CARTESIAN_POINT('',(-74.,142.5,212.5));
#9817 = VECTOR('',#9818,1.);
#9818 = DIRECTION('',(1.,0.,0.));
#9819 = ORIENTED_EDGE('',*,*,#9763,.F.);
#9820 = PLANE('',#9821);
#9821 = AXIS2_PLACEMENT_3D('',#9822,#9823,#9824);
#9822 = CARTESIAN_POINT('',(-74.,142.5,147.5));
#9823 = DIRECTION('',(0.,1.,0.));
#9824 = DIRECTION('',(0.,0.,1.));
#9825 = ADVANCED_FACE('',(#9826),#9832,.F.);
#9826 = FACE_BOUND('',#9827,.F.);
#9827 = EDGE_LOOP('',(#9828,#9829,#9830,#9831));
#9828 = ORIENTED_EDGE('',*,*,#9715,.F.);
#9829 = ORIENTED_EDGE('',*,*,#9785,.T.);
#9830 = ORIENTED_EDGE('',*,*,#9755,.T.);
#9831 = ORIENTED_EDGE('',*,*,#9807,.F.);
#9832 = PLANE('',#9833);
#9833 = AXIS2_PLACEMENT_3D('',#9834,#9835,#9836);
#9834 = CARTESIAN_POINT('',(-74.,57.5,147.5));
#9835 = DIRECTION('',(0.,0.,1.));
#9836 = DIRECTION('',(1.,0.,0.));
#9837 = ADVANCED_FACE('',(#9838),#9844,.T.);
#9838 = FACE_BOUND('',#9839,.T.);
#9839 = EDGE_LOOP('',(#9840,#9841,#9842,#9843));
#9840 = ORIENTED_EDGE('',*,*,#9731,.F.);
#9841 = ORIENTED_EDGE('',*,*,#9792,.T.);
#9842 = ORIENTED_EDGE('',*,*,#9771,.T.);
#9843 = ORIENTED_EDGE('',*,*,#9814,.F.);
#9844 = PLANE('',#9845);
#9845 = AXIS2_PLACEMENT_3D('',#9846,#9847,#9848);
#9846 = CARTESIAN_POINT('',(-74.,57.5,212.5));
#9847 = DIRECTION('',(0.,0.,1.));
#9848 = DIRECTION('',(1.,0.,0.));
#9849 = MANIFOLD_SOLID_BREP('',#9850);
#9850 = CLOSED_SHELL('',(#9851,#9884,#9893));
#9851 = ADVANCED_FACE('',(#9852),#9879,.T.);
#9852 = FACE_BOUND('',#9853,.T.);
#9853 = EDGE_LOOP('',(#9854,#9863,#9871,#9878));
#9854 = ORIENTED_EDGE('',*,*,#9855,.F.);
#9855 = EDGE_CURVE('',#9856,#9856,#9858,.T.);
#9856 = VERTEX_POINT('',#9857);
#9857 = CARTESIAN_POINT('',(-50.,-105.,218.));
#9858 = CIRCLE('',#9859,38.);
#9859 = AXIS2_PLACEMENT_3D('',#9860,#9861,#9862);
#9860 = CARTESIAN_POINT('',(-50.,-105.,180.));
#9861 = DIRECTION('',(-1.,0.,1.110223024625E-16));
#9862 = DIRECTION('',(1.110223024625E-16,0.,1.));
#9863 = ORIENTED_EDGE('',*,*,#9864,.F.);
#9864 = EDGE_CURVE('',#9865,#9856,#9867,.T.);
#9865 = VERTEX_POINT('',#9866);
#9866 = CARTESIAN_POINT('',(60.,-105.,218.));
#9867 = LINE('',#9868,#9869);
#9868 = CARTESIAN_POINT('',(60.,-105.,218.));
#9869 = VECTOR('',#9870,1.);
#9870 = DIRECTION('',(-1.,0.,1.110223024625E-16));
#9871 = ORIENTED_EDGE('',*,*,#9872,.T.);
#9872 = EDGE_CURVE('',#9865,#9865,#9873,.T.);
#9873 = CIRCLE('',#9874,38.);
#9874 = AXIS2_PLACEMENT_3D('',#9875,#9876,#9877);
#9875 = CARTESIAN_POINT('',(60.,-105.,180.));
#9876 = DIRECTION('',(-1.,0.,1.110223024625E-16));
#9877 = DIRECTION('',(1.110223024625E-16,0.,1.));
#9878 = ORIENTED_EDGE('',*,*,#9864,.T.);
#9879 = CYLINDRICAL_SURFACE('',#9880,38.);
#9880 = AXIS2_PLACEMENT_3D('',#9881,#9882,#9883);
#9881 = CARTESIAN_POINT('',(60.,-105.,180.));
#9882 = DIRECTION('',(-1.,0.,1.110223024625E-16));
#9883 = DIRECTION('',(1.110223024625E-16,0.,1.));
#9884 = ADVANCED_FACE('',(#9885),#9888,.T.);
#9885 = FACE_BOUND('',#9886,.T.);
#9886 = EDGE_LOOP('',(#9887));
#9887 = ORIENTED_EDGE('',*,*,#9855,.T.);
#9888 = PLANE('',#9889);
#9889 = AXIS2_PLACEMENT_3D('',#9890,#9891,#9892);
#9890 = CARTESIAN_POINT('',(-50.,-105.,180.));
#9891 = DIRECTION('',(-1.,0.,1.110223024625E-16));
#9892 = DIRECTION('',(1.110223024625E-16,0.,1.));
#9893 = ADVANCED_FACE('',(#9894),#9897,.F.);
#9894 = FACE_BOUND('',#9895,.T.);
#9895 = EDGE_LOOP('',(#9896));
#9896 = ORIENTED_EDGE('',*,*,#9872,.F.);
#9897 = PLANE('',#9898);
#9898 = AXIS2_PLACEMENT_3D('',#9899,#9900,#9901);
#9899 = CARTESIAN_POINT('',(60.,-105.,180.));
#9900 = DIRECTION('',(-1.,0.,1.110223024625E-16));
#9901 = DIRECTION('',(1.110223024625E-16,0.,1.));
#9902 = MANIFOLD_SOLID_BREP('',#9903);
#9903 = CLOSED_SHELL('',(#9904,#9937,#9946));
#9904 = ADVANCED_FACE('',(#9905),#9932,.T.);
#9905 = FACE_BOUND('',#9906,.T.);
#9906 = EDGE_LOOP('',(#9907,#9916,#9924,#9931));
#9907 = ORIENTED_EDGE('',*,*,#9908,.F.);
#9908 = EDGE_CURVE('',#9909,#9909,#9911,.T.);
#9909 = VERTEX_POINT('',#9910);
#9910 = CARTESIAN_POINT('',(98.,-105.,138.));
#9911 = CIRCLE('',#9912,42.);
#9912 = AXIS2_PLACEMENT_3D('',#9913,#9914,#9915);
#9913 = CARTESIAN_POINT('',(98.,-105.,180.));
#9914 = DIRECTION('',(1.,-0.,1.110223024625E-16));
#9915 = DIRECTION('',(1.110223024625E-16,0.,-1.));
#9916 = ORIENTED_EDGE('',*,*,#9917,.F.);
#9917 = EDGE_CURVE('',#9918,#9909,#9920,.T.);
#9918 = VERTEX_POINT('',#9919);
#9919 = CARTESIAN_POINT('',(60.,-105.,138.));
#9920 = LINE('',#9921,#9922);
#9921 = CARTESIAN_POINT('',(60.,-105.,138.));
#9922 = VECTOR('',#9923,1.);
#9923 = DIRECTION('',(1.,0.,1.110223024625E-16));
#9924 = ORIENTED_EDGE('',*,*,#9925,.T.);
#9925 = EDGE_CURVE('',#9918,#9918,#9926,.T.);
#9926 = CIRCLE('',#9927,42.);
#9927 = AXIS2_PLACEMENT_3D('',#9928,#9929,#9930);
#9928 = CARTESIAN_POINT('',(60.,-105.,180.));
#9929 = DIRECTION('',(1.,-0.,1.110223024625E-16));
#9930 = DIRECTION('',(1.110223024625E-16,0.,-1.));
#9931 = ORIENTED_EDGE('',*,*,#9917,.T.);
#9932 = CYLINDRICAL_SURFACE('',#9933,42.);
#9933 = AXIS2_PLACEMENT_3D('',#9934,#9935,#9936);
#9934 = CARTESIAN_POINT('',(60.,-105.,180.));
#9935 = DIRECTION('',(1.,0.,1.110223024625E-16));
#9936 = DIRECTION('',(1.110223024625E-16,0.,-1.));
#9937 = ADVANCED_FACE('',(#9938),#9941,.T.);
#9938 = FACE_BOUND('',#9939,.T.);
#9939 = EDGE_LOOP('',(#9940));
#9940 = ORIENTED_EDGE('',*,*,#9908,.T.);
#9941 = PLANE('',#9942);
#9942 = AXIS2_PLACEMENT_3D('',#9943,#9944,#9945);
#9943 = CARTESIAN_POINT('',(98.,-105.,180.));
#9944 = DIRECTION('',(1.,0.,1.110223024625E-16));
#9945 = DIRECTION('',(1.110223024625E-16,0.,-1.));
#9946 = ADVANCED_FACE('',(#9947),#9950,.F.);
#9947 = FACE_BOUND('',#9948,.T.);
#9948 = EDGE_LOOP('',(#9949));
#9949 = ORIENTED_EDGE('',*,*,#9925,.F.);
#9950 = PLANE('',#9951);
#9951 = AXIS2_PLACEMENT_3D('',#9952,#9953,#9954);
#9952 = CARTESIAN_POINT('',(60.,-105.,180.));
#9953 = DIRECTION('',(1.,0.,1.110223024625E-16));
#9954 = DIRECTION('',(1.110223024625E-16,0.,-1.));
#9955 = MANIFOLD_SOLID_BREP('',#9956);
#9956 = CLOSED_SHELL('',(#9957,#9990,#9999));
#9957 = ADVANCED_FACE('',(#9958),#9985,.T.);
#9958 = FACE_BOUND('',#9959,.T.);
#9959 = EDGE_LOOP('',(#9960,#9969,#9977,#9984));
#9960 = ORIENTED_EDGE('',*,*,#9961,.F.);
#9961 = EDGE_CURVE('',#9962,#9962,#9964,.T.);
#9962 = VERTEX_POINT('',#9963);
#9963 = CARTESIAN_POINT('',(111.,-105.,171.5));
#9964 = CIRCLE('',#9965,8.5);
#9965 = AXIS2_PLACEMENT_3D('',#9966,#9967,#9968);
#9966 = CARTESIAN_POINT('',(111.,-105.,180.));
#9967 = DIRECTION('',(1.,-0.,1.110223024625E-16));
#9968 = DIRECTION('',(1.110223024625E-16,0.,-1.));
#9969 = ORIENTED_EDGE('',*,*,#9970,.F.);
#9970 = EDGE_CURVE('',#9971,#9962,#9973,.T.);
#9971 = VERTEX_POINT('',#9972);
#9972 = CARTESIAN_POINT('',(98.,-105.,171.5));
#9973 = LINE('',#9974,#9975);
#9974 = CARTESIAN_POINT('',(98.,-105.,171.5));
#9975 = VECTOR('',#9976,1.);
#9976 = DIRECTION('',(1.,0.,1.110223024625E-16));
#9977 = ORIENTED_EDGE('',*,*,#9978,.T.);
#9978 = EDGE_CURVE('',#9971,#9971,#9979,.T.);
#9979 = CIRCLE('',#9980,8.5);
#9980 = AXIS2_PLACEMENT_3D('',#9981,#9982,#9983);
#9981 = CARTESIAN_POINT('',(98.,-105.,180.));
#9982 = DIRECTION('',(1.,-0.,1.110223024625E-16));
#9983 = DIRECTION('',(1.110223024625E-16,0.,-1.));
#9984 = ORIENTED_EDGE('',*,*,#9970,.T.);
#9985 = CYLINDRICAL_SURFACE('',#9986,8.5);
#9986 = AXIS2_PLACEMENT_3D('',#9987,#9988,#9989);
#9987 = CARTESIAN_POINT('',(98.,-105.,180.));
#9988 = DIRECTION('',(1.,0.,1.110223024625E-16));
#9989 = DIRECTION('',(1.110223024625E-16,0.,-1.));
#9990 = ADVANCED_FACE('',(#9991),#9994,.T.);
#9991 = FACE_BOUND('',#9992,.T.);
#9992 = EDGE_LOOP('',(#9993));
#9993 = ORIENTED_EDGE('',*,*,#9961,.T.);
#9994 = PLANE('',#9995);
#9995 = AXIS2_PLACEMENT_3D('',#9996,#9997,#9998);
#9996 = CARTESIAN_POINT('',(111.,-105.,180.));
#9997 = DIRECTION('',(1.,0.,1.110223024625E-16));
#9998 = DIRECTION('',(1.110223024625E-16,0.,-1.));
#9999 = ADVANCED_FACE('',(#10000),#10003,.F.);
#10000 = FACE_BOUND('',#10001,.T.);
#10001 = EDGE_LOOP('',(#10002));
#10002 = ORIENTED_EDGE('',*,*,#9978,.F.);
#10003 = PLANE('',#10004);
#10004 = AXIS2_PLACEMENT_3D('',#10005,#10006,#10007);
#10005 = CARTESIAN_POINT('',(98.,-105.,180.));
#10006 = DIRECTION('',(1.,0.,1.110223024625E-16));
#10007 = DIRECTION('',(1.110223024625E-16,0.,-1.));
#10008 = MANIFOLD_SOLID_BREP('',#10009);
#10009 = CLOSED_SHELL('',(#10010,#10043,#10052));
#10010 = ADVANCED_FACE('',(#10011),#10038,.T.);
#10011 = FACE_BOUND('',#10012,.T.);
#10012 = EDGE_LOOP('',(#10013,#10022,#10030,#10037));
#10013 = ORIENTED_EDGE('',*,*,#10014,.F.);
#10014 = EDGE_CURVE('',#10015,#10015,#10017,.T.);
#10015 = VERTEX_POINT('',#10016);
#10016 = CARTESIAN_POINT('',(113.5,-105.,200.));
#10017 = CIRCLE('',#10018,20.);
#10018 = AXIS2_PLACEMENT_3D('',#10019,#10020,#10021);
#10019 = CARTESIAN_POINT('',(113.5,-105.,180.));
#10020 = DIRECTION('',(1.,0.,-0.));
#10021 = DIRECTION('',(0.,0.,1.));
#10022 = ORIENTED_EDGE('',*,*,#10023,.F.);
#10023 = EDGE_CURVE('',#10024,#10015,#10026,.T.);
#10024 = VERTEX_POINT('',#10025);
#10025 = CARTESIAN_POINT('',(108.5,-105.,200.));
#10026 = LINE('',#10027,#10028);
#10027 = CARTESIAN_POINT('',(108.5,-105.,200.));
#10028 = VECTOR('',#10029,1.);
#10029 = DIRECTION('',(1.,0.,0.));
#10030 = ORIENTED_EDGE('',*,*,#10031,.T.);
#10031 = EDGE_CURVE('',#10024,#10024,#10032,.T.);
#10032 = CIRCLE('',#10033,20.);
#10033 = AXIS2_PLACEMENT_3D('',#10034,#10035,#10036);
#10034 = CARTESIAN_POINT('',(108.5,-105.,180.));
#10035 = DIRECTION('',(1.,0.,-0.));
#10036 = DIRECTION('',(0.,0.,1.));
#10037 = ORIENTED_EDGE('',*,*,#10023,.T.);
#10038 = CYLINDRICAL_SURFACE('',#10039,20.);
#10039 = AXIS2_PLACEMENT_3D('',#10040,#10041,#10042);
#10040 = CARTESIAN_POINT('',(108.5,-105.,180.));
#10041 = DIRECTION('',(1.,0.,0.));
#10042 = DIRECTION('',(0.,0.,1.));
#10043 = ADVANCED_FACE('',(#10044),#10047,.T.);
#10044 = FACE_BOUND('',#10045,.T.);
#10045 = EDGE_LOOP('',(#10046));
#10046 = ORIENTED_EDGE('',*,*,#10014,.T.);
#10047 = PLANE('',#10048);
#10048 = AXIS2_PLACEMENT_3D('',#10049,#10050,#10051);
#10049 = CARTESIAN_POINT('',(113.5,-105.,180.));
#10050 = DIRECTION('',(1.,0.,0.));
#10051 = DIRECTION('',(0.,0.,1.));
#10052 = ADVANCED_FACE('',(#10053),#10056,.F.);
#10053 = FACE_BOUND('',#10054,.T.);
#10054 = EDGE_LOOP('',(#10055));
#10055 = ORIENTED_EDGE('',*,*,#10031,.F.);
#10056 = PLANE('',#10057);
#10057 = AXIS2_PLACEMENT_3D('',#10058,#10059,#10060);
#10058 = CARTESIAN_POINT('',(108.5,-105.,180.));
#10059 = DIRECTION('',(1.,0.,0.));
#10060 = DIRECTION('',(0.,0.,1.));
#10061 = MANIFOLD_SOLID_BREP('',#10062);
#10062 = CLOSED_SHELL('',(#10063,#10103,#10143,#10165,#10187,#10199));
#10063 = ADVANCED_FACE('',(#10064),#10098,.F.);
#10064 = FACE_BOUND('',#10065,.F.);
#10065 = EDGE_LOOP('',(#10066,#10076,#10084,#10092));
#10066 = ORIENTED_EDGE('',*,*,#10067,.F.);
#10067 = EDGE_CURVE('',#10068,#10070,#10072,.T.);
#10068 = VERTEX_POINT('',#10069);
#10069 = CARTESIAN_POINT('',(108.5,-85.,177.));
#10070 = VERTEX_POINT('',#10071);
#10071 = CARTESIAN_POINT('',(108.5,-85.,183.));
#10072 = LINE('',#10073,#10074);
#10073 = CARTESIAN_POINT('',(108.5,-85.,177.));
#10074 = VECTOR('',#10075,1.);
#10075 = DIRECTION('',(0.,0.,1.));
#10076 = ORIENTED_EDGE('',*,*,#10077,.T.);
#10077 = EDGE_CURVE('',#10068,#10078,#10080,.T.);
#10078 = VERTEX_POINT('',#10079);
#10079 = CARTESIAN_POINT('',(108.5,-81.,177.));
#10080 = LINE('',#10081,#10082);
#10081 = CARTESIAN_POINT('',(108.5,-85.,177.));
#10082 = VECTOR('',#10083,1.);
#10083 = DIRECTION('',(0.,1.,0.));
#10084 = ORIENTED_EDGE('',*,*,#10085,.T.);
#10085 = EDGE_CURVE('',#10078,#10086,#10088,.T.);
#10086 = VERTEX_POINT('',#10087);
#10087 = CARTESIAN_POINT('',(108.5,-81.,183.));
#10088 = LINE('',#10089,#10090);
#10089 = CARTESIAN_POINT('',(108.5,-81.,177.));
#10090 = VECTOR('',#10091,1.);
#10091 = DIRECTION('',(0.,0.,1.));
#10092 = ORIENTED_EDGE('',*,*,#10093,.F.);
#10093 = EDGE_CURVE('',#10070,#10086,#10094,.T.);
#10094 = LINE('',#10095,#10096);
#10095 = CARTESIAN_POINT('',(108.5,-85.,183.));
#10096 = VECTOR('',#10097,1.);
#10097 = DIRECTION('',(0.,1.,0.));
#10098 = PLANE('',#10099);
#10099 = AXIS2_PLACEMENT_3D('',#10100,#10101,#10102);
#10100 = CARTESIAN_POINT('',(108.5,-85.,177.));
#10101 = DIRECTION('',(1.,0.,0.));
#10102 = DIRECTION('',(0.,0.,1.));
#10103 = ADVANCED_FACE('',(#10104),#10138,.T.);
#10104 = FACE_BOUND('',#10105,.T.);
#10105 = EDGE_LOOP('',(#10106,#10116,#10124,#10132));
#10106 = ORIENTED_EDGE('',*,*,#10107,.F.);
#10107 = EDGE_CURVE('',#10108,#10110,#10112,.T.);
#10108 = VERTEX_POINT('',#10109);
#10109 = CARTESIAN_POINT('',(113.5,-85.,177.));
#10110 = VERTEX_POINT('',#10111);
#10111 = CARTESIAN_POINT('',(113.5,-85.,183.));
#10112 = LINE('',#10113,#10114);
#10113 = CARTESIAN_POINT('',(113.5,-85.,177.));
#10114 = VECTOR('',#10115,1.);
#10115 = DIRECTION('',(0.,0.,1.));
#10116 = ORIENTED_EDGE('',*,*,#10117,.T.);
#10117 = EDGE_CURVE('',#10108,#10118,#10120,.T.);
#10118 = VERTEX_POINT('',#10119);
#10119 = CARTESIAN_POINT('',(113.5,-81.,177.));
#10120 = LINE('',#10121,#10122);
#10121 = CARTESIAN_POINT('',(113.5,-85.,177.));
#10122 = VECTOR('',#10123,1.);
#10123 = DIRECTION('',(0.,1.,0.));
#10124 = ORIENTED_EDGE('',*,*,#10125,.T.);
#10125 = EDGE_CURVE('',#10118,#10126,#10128,.T.);
#10126 = VERTEX_POINT('',#10127);
#10127 = CARTESIAN_POINT('',(113.5,-81.,183.));
#10128 = LINE('',#10129,#10130);
#10129 = CARTESIAN_POINT('',(113.5,-81.,177.));
#10130 = VECTOR('',#10131,1.);
#10131 = DIRECTION('',(0.,0.,1.));
#10132 = ORIENTED_EDGE('',*,*,#10133,.F.);
#10133 = EDGE_CURVE('',#10110,#10126,#10134,.T.);
#10134 = LINE('',#10135,#10136);
#10135 = CARTESIAN_POINT('',(113.5,-85.,183.));
#10136 = VECTOR('',#10137,1.);
#10137 = DIRECTION('',(0.,1.,0.));
#10138 = PLANE('',#10139);
#10139 = AXIS2_PLACEMENT_3D('',#10140,#10141,#10142);
#10140 = CARTESIAN_POINT('',(113.5,-85.,177.));
#10141 = DIRECTION('',(1.,0.,0.));
#10142 = DIRECTION('',(0.,0.,1.));
#10143 = ADVANCED_FACE('',(#10144),#10160,.F.);
#10144 = FACE_BOUND('',#10145,.F.);
#10145 = EDGE_LOOP('',(#10146,#10152,#10153,#10159));
#10146 = ORIENTED_EDGE('',*,*,#10147,.F.);
#10147 = EDGE_CURVE('',#10068,#10108,#10148,.T.);
#10148 = LINE('',#10149,#10150);
#10149 = CARTESIAN_POINT('',(108.5,-85.,177.));
#10150 = VECTOR('',#10151,1.);
#10151 = DIRECTION('',(1.,0.,0.));
#10152 = ORIENTED_EDGE('',*,*,#10067,.T.);
#10153 = ORIENTED_EDGE('',*,*,#10154,.T.);
#10154 = EDGE_CURVE('',#10070,#10110,#10155,.T.);
#10155 = LINE('',#10156,#10157);
#10156 = CARTESIAN_POINT('',(108.5,-85.,183.));
#10157 = VECTOR('',#10158,1.);
#10158 = DIRECTION('',(1.,0.,0.));
#10159 = ORIENTED_EDGE('',*,*,#10107,.F.);
#10160 = PLANE('',#10161);
#10161 = AXIS2_PLACEMENT_3D('',#10162,#10163,#10164);
#10162 = CARTESIAN_POINT('',(108.5,-85.,177.));
#10163 = DIRECTION('',(0.,1.,0.));
#10164 = DIRECTION('',(0.,0.,1.));
#10165 = ADVANCED_FACE('',(#10166),#10182,.T.);
#10166 = FACE_BOUND('',#10167,.T.);
#10167 = EDGE_LOOP('',(#10168,#10174,#10175,#10181));
#10168 = ORIENTED_EDGE('',*,*,#10169,.F.);
#10169 = EDGE_CURVE('',#10078,#10118,#10170,.T.);
#10170 = LINE('',#10171,#10172);
#10171 = CARTESIAN_POINT('',(108.5,-81.,177.));
#10172 = VECTOR('',#10173,1.);
#10173 = DIRECTION('',(1.,0.,0.));
#10174 = ORIENTED_EDGE('',*,*,#10085,.T.);
#10175 = ORIENTED_EDGE('',*,*,#10176,.T.);
#10176 = EDGE_CURVE('',#10086,#10126,#10177,.T.);
#10177 = LINE('',#10178,#10179);
#10178 = CARTESIAN_POINT('',(108.5,-81.,183.));
#10179 = VECTOR('',#10180,1.);
#10180 = DIRECTION('',(1.,0.,0.));
#10181 = ORIENTED_EDGE('',*,*,#10125,.F.);
#10182 = PLANE('',#10183);
#10183 = AXIS2_PLACEMENT_3D('',#10184,#10185,#10186);
#10184 = CARTESIAN_POINT('',(108.5,-81.,177.));
#10185 = DIRECTION('',(0.,1.,0.));
#10186 = DIRECTION('',(0.,0.,1.));
#10187 = ADVANCED_FACE('',(#10188),#10194,.F.);
#10188 = FACE_BOUND('',#10189,.F.);
#10189 = EDGE_LOOP('',(#10190,#10191,#10192,#10193));
#10190 = ORIENTED_EDGE('',*,*,#10077,.F.);
#10191 = ORIENTED_EDGE('',*,*,#10147,.T.);
#10192 = ORIENTED_EDGE('',*,*,#10117,.T.);
#10193 = ORIENTED_EDGE('',*,*,#10169,.F.);
#10194 = PLANE('',#10195);
#10195 = AXIS2_PLACEMENT_3D('',#10196,#10197,#10198);
#10196 = CARTESIAN_POINT('',(108.5,-85.,177.));
#10197 = DIRECTION('',(0.,0.,1.));
#10198 = DIRECTION('',(1.,0.,0.));
#10199 = ADVANCED_FACE('',(#10200),#10206,.T.);
#10200 = FACE_BOUND('',#10201,.T.);
#10201 = EDGE_LOOP('',(#10202,#10203,#10204,#10205));
#10202 = ORIENTED_EDGE('',*,*,#10093,.F.);
#10203 = ORIENTED_EDGE('',*,*,#10154,.T.);
#10204 = ORIENTED_EDGE('',*,*,#10133,.T.);
#10205 = ORIENTED_EDGE('',*,*,#10176,.F.);
#10206 = PLANE('',#10207);
#10207 = AXIS2_PLACEMENT_3D('',#10208,#10209,#10210);
#10208 = CARTESIAN_POINT('',(108.5,-85.,183.));
#10209 = DIRECTION('',(0.,0.,1.));
#10210 = DIRECTION('',(1.,0.,0.));
#10211 = MANIFOLD_SOLID_BREP('',#10212);
#10212 = CLOSED_SHELL('',(#10213,#10253,#10293,#10315,#10337,#10349));
#10213 = ADVANCED_FACE('',(#10214),#10248,.F.);
#10214 = FACE_BOUND('',#10215,.F.);
#10215 = EDGE_LOOP('',(#10216,#10226,#10234,#10242));
#10216 = ORIENTED_EDGE('',*,*,#10217,.F.);
#10217 = EDGE_CURVE('',#10218,#10220,#10222,.T.);
#10218 = VERTEX_POINT('',#10219);
#10219 = CARTESIAN_POINT('',(108.5,-88.49242227771,188.89409798402));
#10220 = VERTEX_POINT('',#10221);
#10221 = CARTESIAN_POINT('',(108.5,-88.49242227771,194.89409798402));
#10222 = LINE('',#10223,#10224);
#10223 = CARTESIAN_POINT('',(108.5,-88.49242227771,188.89409798402));
#10224 = VECTOR('',#10225,1.);
#10225 = DIRECTION('',(0.,0.,1.));
#10226 = ORIENTED_EDGE('',*,*,#10227,.T.);
#10227 = EDGE_CURVE('',#10218,#10228,#10230,.T.);
#10228 = VERTEX_POINT('',#10229);
#10229 = CARTESIAN_POINT('',(108.5,-84.49242227771,188.89409798402));
#10230 = LINE('',#10231,#10232);
#10231 = CARTESIAN_POINT('',(108.5,-88.49242227771,188.89409798402));
#10232 = VECTOR('',#10233,1.);
#10233 = DIRECTION('',(0.,1.,0.));
#10234 = ORIENTED_EDGE('',*,*,#10235,.T.);
#10235 = EDGE_CURVE('',#10228,#10236,#10238,.T.);
#10236 = VERTEX_POINT('',#10237);
#10237 = CARTESIAN_POINT('',(108.5,-84.49242227771,194.89409798402));
#10238 = LINE('',#10239,#10240);
#10239 = CARTESIAN_POINT('',(108.5,-84.49242227771,188.89409798402));
#10240 = VECTOR('',#10241,1.);
#10241 = DIRECTION('',(0.,0.,1.));
#10242 = ORIENTED_EDGE('',*,*,#10243,.F.);
#10243 = EDGE_CURVE('',#10220,#10236,#10244,.T.);
#10244 = LINE('',#10245,#10246);
#10245 = CARTESIAN_POINT('',(108.5,-88.49242227771,194.89409798402));
#10246 = VECTOR('',#10247,1.);
#10247 = DIRECTION('',(0.,1.,0.));
#10248 = PLANE('',#10249);
#10249 = AXIS2_PLACEMENT_3D('',#10250,#10251,#10252);
#10250 = CARTESIAN_POINT('',(108.5,-88.49242227771,188.89409798402));
#10251 = DIRECTION('',(1.,0.,0.));
#10252 = DIRECTION('',(0.,0.,1.));
#10253 = ADVANCED_FACE('',(#10254),#10288,.T.);
#10254 = FACE_BOUND('',#10255,.T.);
#10255 = EDGE_LOOP('',(#10256,#10266,#10274,#10282));
#10256 = ORIENTED_EDGE('',*,*,#10257,.F.);
#10257 = EDGE_CURVE('',#10258,#10260,#10262,.T.);
#10258 = VERTEX_POINT('',#10259);
#10259 = CARTESIAN_POINT('',(113.5,-88.49242227771,188.89409798402));
#10260 = VERTEX_POINT('',#10261);
#10261 = CARTESIAN_POINT('',(113.5,-88.49242227771,194.89409798402));
#10262 = LINE('',#10263,#10264);
#10263 = CARTESIAN_POINT('',(113.5,-88.49242227771,188.89409798402));
#10264 = VECTOR('',#10265,1.);
#10265 = DIRECTION('',(0.,0.,1.));
#10266 = ORIENTED_EDGE('',*,*,#10267,.T.);
#10267 = EDGE_CURVE('',#10258,#10268,#10270,.T.);
#10268 = VERTEX_POINT('',#10269);
#10269 = CARTESIAN_POINT('',(113.5,-84.49242227771,188.89409798402));
#10270 = LINE('',#10271,#10272);
#10271 = CARTESIAN_POINT('',(113.5,-88.49242227771,188.89409798402));
#10272 = VECTOR('',#10273,1.);
#10273 = DIRECTION('',(0.,1.,0.));
#10274 = ORIENTED_EDGE('',*,*,#10275,.T.);
#10275 = EDGE_CURVE('',#10268,#10276,#10278,.T.);
#10276 = VERTEX_POINT('',#10277);
#10277 = CARTESIAN_POINT('',(113.5,-84.49242227771,194.89409798402));
#10278 = LINE('',#10279,#10280);
#10279 = CARTESIAN_POINT('',(113.5,-84.49242227771,188.89409798402));
#10280 = VECTOR('',#10281,1.);
#10281 = DIRECTION('',(0.,0.,1.));
#10282 = ORIENTED_EDGE('',*,*,#10283,.F.);
#10283 = EDGE_CURVE('',#10260,#10276,#10284,.T.);
#10284 = LINE('',#10285,#10286);
#10285 = CARTESIAN_POINT('',(113.5,-88.49242227771,194.89409798402));
#10286 = VECTOR('',#10287,1.);
#10287 = DIRECTION('',(0.,1.,0.));
#10288 = PLANE('',#10289);
#10289 = AXIS2_PLACEMENT_3D('',#10290,#10291,#10292);
#10290 = CARTESIAN_POINT('',(113.5,-88.49242227771,188.89409798402));
#10291 = DIRECTION('',(1.,0.,0.));
#10292 = DIRECTION('',(0.,0.,1.));
#10293 = ADVANCED_FACE('',(#10294),#10310,.F.);
#10294 = FACE_BOUND('',#10295,.F.);
#10295 = EDGE_LOOP('',(#10296,#10302,#10303,#10309));
#10296 = ORIENTED_EDGE('',*,*,#10297,.F.);
#10297 = EDGE_CURVE('',#10218,#10258,#10298,.T.);
#10298 = LINE('',#10299,#10300);
#10299 = CARTESIAN_POINT('',(108.5,-88.49242227771,188.89409798402));
#10300 = VECTOR('',#10301,1.);
#10301 = DIRECTION('',(1.,0.,0.));
#10302 = ORIENTED_EDGE('',*,*,#10217,.T.);
#10303 = ORIENTED_EDGE('',*,*,#10304,.T.);
#10304 = EDGE_CURVE('',#10220,#10260,#10305,.T.);
#10305 = LINE('',#10306,#10307);
#10306 = CARTESIAN_POINT('',(108.5,-88.49242227771,194.89409798402));
#10307 = VECTOR('',#10308,1.);
#10308 = DIRECTION('',(1.,0.,0.));
#10309 = ORIENTED_EDGE('',*,*,#10257,.F.);
#10310 = PLANE('',#10311);
#10311 = AXIS2_PLACEMENT_3D('',#10312,#10313,#10314);
#10312 = CARTESIAN_POINT('',(108.5,-88.49242227771,188.89409798402));
#10313 = DIRECTION('',(0.,1.,0.));
#10314 = DIRECTION('',(0.,0.,1.));
#10315 = ADVANCED_FACE('',(#10316),#10332,.T.);
#10316 = FACE_BOUND('',#10317,.T.);
#10317 = EDGE_LOOP('',(#10318,#10324,#10325,#10331));
#10318 = ORIENTED_EDGE('',*,*,#10319,.F.);
#10319 = EDGE_CURVE('',#10228,#10268,#10320,.T.);
#10320 = LINE('',#10321,#10322);
#10321 = CARTESIAN_POINT('',(108.5,-84.49242227771,188.89409798402));
#10322 = VECTOR('',#10323,1.);
#10323 = DIRECTION('',(1.,0.,0.));
#10324 = ORIENTED_EDGE('',*,*,#10235,.T.);
#10325 = ORIENTED_EDGE('',*,*,#10326,.T.);
#10326 = EDGE_CURVE('',#10236,#10276,#10327,.T.);
#10327 = LINE('',#10328,#10329);
#10328 = CARTESIAN_POINT('',(108.5,-84.49242227771,194.89409798402));
#10329 = VECTOR('',#10330,1.);
#10330 = DIRECTION('',(1.,0.,0.));
#10331 = ORIENTED_EDGE('',*,*,#10275,.F.);
#10332 = PLANE('',#10333);
#10333 = AXIS2_PLACEMENT_3D('',#10334,#10335,#10336);
#10334 = CARTESIAN_POINT('',(108.5,-84.49242227771,188.89409798402));
#10335 = DIRECTION('',(0.,1.,0.));
#10336 = DIRECTION('',(0.,0.,1.));
#10337 = ADVANCED_FACE('',(#10338),#10344,.F.);
#10338 = FACE_BOUND('',#10339,.F.);
#10339 = EDGE_LOOP('',(#10340,#10341,#10342,#10343));
#10340 = ORIENTED_EDGE('',*,*,#10227,.F.);
#10341 = ORIENTED_EDGE('',*,*,#10297,.T.);
#10342 = ORIENTED_EDGE('',*,*,#10267,.T.);
#10343 = ORIENTED_EDGE('',*,*,#10319,.F.);
#10344 = PLANE('',#10345);
#10345 = AXIS2_PLACEMENT_3D('',#10346,#10347,#10348);
#10346 = CARTESIAN_POINT('',(108.5,-88.49242227771,188.89409798402));
#10347 = DIRECTION('',(0.,0.,1.));
#10348 = DIRECTION('',(1.,0.,0.));
#10349 = ADVANCED_FACE('',(#10350),#10356,.T.);
#10350 = FACE_BOUND('',#10351,.T.);
#10351 = EDGE_LOOP('',(#10352,#10353,#10354,#10355));
#10352 = ORIENTED_EDGE('',*,*,#10243,.F.);
#10353 = ORIENTED_EDGE('',*,*,#10304,.T.);
#10354 = ORIENTED_EDGE('',*,*,#10283,.T.);
#10355 = ORIENTED_EDGE('',*,*,#10326,.F.);
#10356 = PLANE('',#10357);
#10357 = AXIS2_PLACEMENT_3D('',#10358,#10359,#10360);
#10358 = CARTESIAN_POINT('',(108.5,-88.49242227771,194.89409798402));
#10359 = DIRECTION('',(0.,0.,1.));
#10360 = DIRECTION('',(1.,0.,0.));
#10361 = MANIFOLD_SOLID_BREP('',#10362);
#10362 = CLOSED_SHELL('',(#10363,#10403,#10443,#10465,#10487,#10499));
#10363 = ADVANCED_FACE('',(#10364),#10398,.F.);
#10364 = FACE_BOUND('',#10365,.F.);
#10365 = EDGE_LOOP('',(#10366,#10376,#10384,#10392));
#10366 = ORIENTED_EDGE('',*,*,#10367,.F.);
#10367 = EDGE_CURVE('',#10368,#10370,#10372,.T.);
#10368 = VERTEX_POINT('',#10369);
#10369 = CARTESIAN_POINT('',(108.5,-97.86086971395,197.01190389779));
#10370 = VERTEX_POINT('',#10371);
#10371 = CARTESIAN_POINT('',(108.5,-97.86086971395,203.01190389779));
#10372 = LINE('',#10373,#10374);
#10373 = CARTESIAN_POINT('',(108.5,-97.86086971395,197.01190389779));
#10374 = VECTOR('',#10375,1.);
#10375 = DIRECTION('',(0.,0.,1.));
#10376 = ORIENTED_EDGE('',*,*,#10377,.T.);
#10377 = EDGE_CURVE('',#10368,#10378,#10380,.T.);
#10378 = VERTEX_POINT('',#10379);
#10379 = CARTESIAN_POINT('',(108.5,-93.86086971395,197.01190389779));
#10380 = LINE('',#10381,#10382);
#10381 = CARTESIAN_POINT('',(108.5,-97.86086971395,197.01190389779));
#10382 = VECTOR('',#10383,1.);
#10383 = DIRECTION('',(0.,1.,0.));
#10384 = ORIENTED_EDGE('',*,*,#10385,.T.);
#10385 = EDGE_CURVE('',#10378,#10386,#10388,.T.);
#10386 = VERTEX_POINT('',#10387);
#10387 = CARTESIAN_POINT('',(108.5,-93.86086971395,203.01190389779));
#10388 = LINE('',#10389,#10390);
#10389 = CARTESIAN_POINT('',(108.5,-93.86086971395,197.01190389779));
#10390 = VECTOR('',#10391,1.);
#10391 = DIRECTION('',(0.,0.,1.));
#10392 = ORIENTED_EDGE('',*,*,#10393,.F.);
#10393 = EDGE_CURVE('',#10370,#10386,#10394,.T.);
#10394 = LINE('',#10395,#10396);
#10395 = CARTESIAN_POINT('',(108.5,-97.86086971395,203.01190389779));
#10396 = VECTOR('',#10397,1.);
#10397 = DIRECTION('',(0.,1.,0.));
#10398 = PLANE('',#10399);
#10399 = AXIS2_PLACEMENT_3D('',#10400,#10401,#10402);
#10400 = CARTESIAN_POINT('',(108.5,-97.86086971395,197.01190389779));
#10401 = DIRECTION('',(1.,0.,0.));
#10402 = DIRECTION('',(0.,0.,1.));
#10403 = ADVANCED_FACE('',(#10404),#10438,.T.);
#10404 = FACE_BOUND('',#10405,.T.);
#10405 = EDGE_LOOP('',(#10406,#10416,#10424,#10432));
#10406 = ORIENTED_EDGE('',*,*,#10407,.F.);
#10407 = EDGE_CURVE('',#10408,#10410,#10412,.T.);
#10408 = VERTEX_POINT('',#10409);
#10409 = CARTESIAN_POINT('',(113.5,-97.86086971395,197.01190389779));
#10410 = VERTEX_POINT('',#10411);
#10411 = CARTESIAN_POINT('',(113.5,-97.86086971395,203.01190389779));
#10412 = LINE('',#10413,#10414);
#10413 = CARTESIAN_POINT('',(113.5,-97.86086971395,197.01190389779));
#10414 = VECTOR('',#10415,1.);
#10415 = DIRECTION('',(0.,0.,1.));
#10416 = ORIENTED_EDGE('',*,*,#10417,.T.);
#10417 = EDGE_CURVE('',#10408,#10418,#10420,.T.);
#10418 = VERTEX_POINT('',#10419);
#10419 = CARTESIAN_POINT('',(113.5,-93.86086971395,197.01190389779));
#10420 = LINE('',#10421,#10422);
#10421 = CARTESIAN_POINT('',(113.5,-97.86086971395,197.01190389779));
#10422 = VECTOR('',#10423,1.);
#10423 = DIRECTION('',(0.,1.,0.));
#10424 = ORIENTED_EDGE('',*,*,#10425,.T.);
#10425 = EDGE_CURVE('',#10418,#10426,#10428,.T.);
#10426 = VERTEX_POINT('',#10427);
#10427 = CARTESIAN_POINT('',(113.5,-93.86086971395,203.01190389779));
#10428 = LINE('',#10429,#10430);
#10429 = CARTESIAN_POINT('',(113.5,-93.86086971395,197.01190389779));
#10430 = VECTOR('',#10431,1.);
#10431 = DIRECTION('',(0.,0.,1.));
#10432 = ORIENTED_EDGE('',*,*,#10433,.F.);
#10433 = EDGE_CURVE('',#10410,#10426,#10434,.T.);
#10434 = LINE('',#10435,#10436);
#10435 = CARTESIAN_POINT('',(113.5,-97.86086971395,203.01190389779));
#10436 = VECTOR('',#10437,1.);
#10437 = DIRECTION('',(0.,1.,0.));
#10438 = PLANE('',#10439);
#10439 = AXIS2_PLACEMENT_3D('',#10440,#10441,#10442);
#10440 = CARTESIAN_POINT('',(113.5,-97.86086971395,197.01190389779));
#10441 = DIRECTION('',(1.,0.,0.));
#10442 = DIRECTION('',(0.,0.,1.));
#10443 = ADVANCED_FACE('',(#10444),#10460,.F.);
#10444 = FACE_BOUND('',#10445,.F.);
#10445 = EDGE_LOOP('',(#10446,#10452,#10453,#10459));
#10446 = ORIENTED_EDGE('',*,*,#10447,.F.);
#10447 = EDGE_CURVE('',#10368,#10408,#10448,.T.);
#10448 = LINE('',#10449,#10450);
#10449 = CARTESIAN_POINT('',(108.5,-97.86086971395,197.01190389779));
#10450 = VECTOR('',#10451,1.);
#10451 = DIRECTION('',(1.,0.,0.));
#10452 = ORIENTED_EDGE('',*,*,#10367,.T.);
#10453 = ORIENTED_EDGE('',*,*,#10454,.T.);
#10454 = EDGE_CURVE('',#10370,#10410,#10455,.T.);
#10455 = LINE('',#10456,#10457);
#10456 = CARTESIAN_POINT('',(108.5,-97.86086971395,203.01190389779));
#10457 = VECTOR('',#10458,1.);
#10458 = DIRECTION('',(1.,0.,0.));
#10459 = ORIENTED_EDGE('',*,*,#10407,.F.);
#10460 = PLANE('',#10461);
#10461 = AXIS2_PLACEMENT_3D('',#10462,#10463,#10464);
#10462 = CARTESIAN_POINT('',(108.5,-97.86086971395,197.01190389779));
#10463 = DIRECTION('',(0.,1.,0.));
#10464 = DIRECTION('',(0.,0.,1.));
#10465 = ADVANCED_FACE('',(#10466),#10482,.T.);
#10466 = FACE_BOUND('',#10467,.T.);
#10467 = EDGE_LOOP('',(#10468,#10474,#10475,#10481));
#10468 = ORIENTED_EDGE('',*,*,#10469,.F.);
#10469 = EDGE_CURVE('',#10378,#10418,#10470,.T.);
#10470 = LINE('',#10471,#10472);
#10471 = CARTESIAN_POINT('',(108.5,-93.86086971395,197.01190389779));
#10472 = VECTOR('',#10473,1.);
#10473 = DIRECTION('',(1.,0.,0.));
#10474 = ORIENTED_EDGE('',*,*,#10385,.T.);
#10475 = ORIENTED_EDGE('',*,*,#10476,.T.);
#10476 = EDGE_CURVE('',#10386,#10426,#10477,.T.);
#10477 = LINE('',#10478,#10479);
#10478 = CARTESIAN_POINT('',(108.5,-93.86086971395,203.01190389779));
#10479 = VECTOR('',#10480,1.);
#10480 = DIRECTION('',(1.,0.,0.));
#10481 = ORIENTED_EDGE('',*,*,#10425,.F.);
#10482 = PLANE('',#10483);
#10483 = AXIS2_PLACEMENT_3D('',#10484,#10485,#10486);
#10484 = CARTESIAN_POINT('',(108.5,-93.86086971395,197.01190389779));
#10485 = DIRECTION('',(0.,1.,0.));
#10486 = DIRECTION('',(0.,0.,1.));
#10487 = ADVANCED_FACE('',(#10488),#10494,.F.);
#10488 = FACE_BOUND('',#10489,.F.);
#10489 = EDGE_LOOP('',(#10490,#10491,#10492,#10493));
#10490 = ORIENTED_EDGE('',*,*,#10377,.F.);
#10491 = ORIENTED_EDGE('',*,*,#10447,.T.);
#10492 = ORIENTED_EDGE('',*,*,#10417,.T.);
#10493 = ORIENTED_EDGE('',*,*,#10469,.F.);
#10494 = PLANE('',#10495);
#10495 = AXIS2_PLACEMENT_3D('',#10496,#10497,#10498);
#10496 = CARTESIAN_POINT('',(108.5,-97.86086971395,197.01190389779));
#10497 = DIRECTION('',(0.,0.,1.));
#10498 = DIRECTION('',(1.,0.,0.));
#10499 = ADVANCED_FACE('',(#10500),#10506,.T.);
#10500 = FACE_BOUND('',#10501,.T.);
#10501 = EDGE_LOOP('',(#10502,#10503,#10504,#10505));
#10502 = ORIENTED_EDGE('',*,*,#10393,.F.);
#10503 = ORIENTED_EDGE('',*,*,#10454,.T.);
#10504 = ORIENTED_EDGE('',*,*,#10433,.T.);
#10505 = ORIENTED_EDGE('',*,*,#10476,.F.);
#10506 = PLANE('',#10507);
#10507 = AXIS2_PLACEMENT_3D('',#10508,#10509,#10510);
#10508 = CARTESIAN_POINT('',(108.5,-97.86086971395,203.01190389779));
#10509 = DIRECTION('',(0.,0.,1.));
#10510 = DIRECTION('',(1.,0.,0.));
#10511 = MANIFOLD_SOLID_BREP('',#10512);
#10512 = CLOSED_SHELL('',(#10513,#10553,#10593,#10615,#10637,#10649));
#10513 = ADVANCED_FACE('',(#10514),#10548,.F.);
#10514 = FACE_BOUND('',#10515,.F.);
#10515 = EDGE_LOOP('',(#10516,#10526,#10534,#10542));
#10516 = ORIENTED_EDGE('',*,*,#10517,.F.);
#10517 = EDGE_CURVE('',#10518,#10520,#10522,.T.);
#10518 = VERTEX_POINT('',#10519);
#10519 = CARTESIAN_POINT('',(108.5,-110.130926442,198.77607172138));
#10520 = VERTEX_POINT('',#10521);
#10521 = CARTESIAN_POINT('',(108.5,-110.130926442,204.77607172138));
#10522 = LINE('',#10523,#10524);
#10523 = CARTESIAN_POINT('',(108.5,-110.130926442,198.77607172138));
#10524 = VECTOR('',#10525,1.);
#10525 = DIRECTION('',(0.,0.,1.));
#10526 = ORIENTED_EDGE('',*,*,#10527,.T.);
#10527 = EDGE_CURVE('',#10518,#10528,#10530,.T.);
#10528 = VERTEX_POINT('',#10529);
#10529 = CARTESIAN_POINT('',(108.5,-106.130926442,198.77607172138));
#10530 = LINE('',#10531,#10532);
#10531 = CARTESIAN_POINT('',(108.5,-110.130926442,198.77607172138));
#10532 = VECTOR('',#10533,1.);
#10533 = DIRECTION('',(0.,1.,0.));
#10534 = ORIENTED_EDGE('',*,*,#10535,.T.);
#10535 = EDGE_CURVE('',#10528,#10536,#10538,.T.);
#10536 = VERTEX_POINT('',#10537);
#10537 = CARTESIAN_POINT('',(108.5,-106.130926442,204.77607172138));
#10538 = LINE('',#10539,#10540);
#10539 = CARTESIAN_POINT('',(108.5,-106.130926442,198.77607172138));
#10540 = VECTOR('',#10541,1.);
#10541 = DIRECTION('',(0.,0.,1.));
#10542 = ORIENTED_EDGE('',*,*,#10543,.F.);
#10543 = EDGE_CURVE('',#10520,#10536,#10544,.T.);
#10544 = LINE('',#10545,#10546);
#10545 = CARTESIAN_POINT('',(108.5,-110.130926442,204.77607172138));
#10546 = VECTOR('',#10547,1.);
#10547 = DIRECTION('',(0.,1.,0.));
#10548 = PLANE('',#10549);
#10549 = AXIS2_PLACEMENT_3D('',#10550,#10551,#10552);
#10550 = CARTESIAN_POINT('',(108.5,-110.130926442,198.77607172138));
#10551 = DIRECTION('',(1.,0.,0.));
#10552 = DIRECTION('',(0.,0.,1.));
#10553 = ADVANCED_FACE('',(#10554),#10588,.T.);
#10554 = FACE_BOUND('',#10555,.T.);
#10555 = EDGE_LOOP('',(#10556,#10566,#10574,#10582));
#10556 = ORIENTED_EDGE('',*,*,#10557,.F.);
#10557 = EDGE_CURVE('',#10558,#10560,#10562,.T.);
#10558 = VERTEX_POINT('',#10559);
#10559 = CARTESIAN_POINT('',(113.5,-110.130926442,198.77607172138));
#10560 = VERTEX_POINT('',#10561);
#10561 = CARTESIAN_POINT('',(113.5,-110.130926442,204.77607172138));
#10562 = LINE('',#10563,#10564);
#10563 = CARTESIAN_POINT('',(113.5,-110.130926442,198.77607172138));
#10564 = VECTOR('',#10565,1.);
#10565 = DIRECTION('',(0.,0.,1.));
#10566 = ORIENTED_EDGE('',*,*,#10567,.T.);
#10567 = EDGE_CURVE('',#10558,#10568,#10570,.T.);
#10568 = VERTEX_POINT('',#10569);
#10569 = CARTESIAN_POINT('',(113.5,-106.130926442,198.77607172138));
#10570 = LINE('',#10571,#10572);
#10571 = CARTESIAN_POINT('',(113.5,-110.130926442,198.77607172138));
#10572 = VECTOR('',#10573,1.);
#10573 = DIRECTION('',(0.,1.,0.));
#10574 = ORIENTED_EDGE('',*,*,#10575,.T.);
#10575 = EDGE_CURVE('',#10568,#10576,#10578,.T.);
#10576 = VERTEX_POINT('',#10577);
#10577 = CARTESIAN_POINT('',(113.5,-106.130926442,204.77607172138));
#10578 = LINE('',#10579,#10580);
#10579 = CARTESIAN_POINT('',(113.5,-106.130926442,198.77607172138));
#10580 = VECTOR('',#10581,1.);
#10581 = DIRECTION('',(0.,0.,1.));
#10582 = ORIENTED_EDGE('',*,*,#10583,.F.);
#10583 = EDGE_CURVE('',#10560,#10576,#10584,.T.);
#10584 = LINE('',#10585,#10586);
#10585 = CARTESIAN_POINT('',(113.5,-110.130926442,204.77607172138));
#10586 = VECTOR('',#10587,1.);
#10587 = DIRECTION('',(0.,1.,0.));
#10588 = PLANE('',#10589);
#10589 = AXIS2_PLACEMENT_3D('',#10590,#10591,#10592);
#10590 = CARTESIAN_POINT('',(113.5,-110.130926442,198.77607172138));
#10591 = DIRECTION('',(1.,0.,0.));
#10592 = DIRECTION('',(0.,0.,1.));
#10593 = ADVANCED_FACE('',(#10594),#10610,.F.);
#10594 = FACE_BOUND('',#10595,.F.);
#10595 = EDGE_LOOP('',(#10596,#10602,#10603,#10609));
#10596 = ORIENTED_EDGE('',*,*,#10597,.F.);
#10597 = EDGE_CURVE('',#10518,#10558,#10598,.T.);
#10598 = LINE('',#10599,#10600);
#10599 = CARTESIAN_POINT('',(108.5,-110.130926442,198.77607172138));
#10600 = VECTOR('',#10601,1.);
#10601 = DIRECTION('',(1.,0.,0.));
#10602 = ORIENTED_EDGE('',*,*,#10517,.T.);
#10603 = ORIENTED_EDGE('',*,*,#10604,.T.);
#10604 = EDGE_CURVE('',#10520,#10560,#10605,.T.);
#10605 = LINE('',#10606,#10607);
#10606 = CARTESIAN_POINT('',(108.5,-110.130926442,204.77607172138));
#10607 = VECTOR('',#10608,1.);
#10608 = DIRECTION('',(1.,0.,0.));
#10609 = ORIENTED_EDGE('',*,*,#10557,.F.);
#10610 = PLANE('',#10611);
#10611 = AXIS2_PLACEMENT_3D('',#10612,#10613,#10614);
#10612 = CARTESIAN_POINT('',(108.5,-110.130926442,198.77607172138));
#10613 = DIRECTION('',(0.,1.,0.));
#10614 = DIRECTION('',(0.,0.,1.));
#10615 = ADVANCED_FACE('',(#10616),#10632,.T.);
#10616 = FACE_BOUND('',#10617,.T.);
#10617 = EDGE_LOOP('',(#10618,#10624,#10625,#10631));
#10618 = ORIENTED_EDGE('',*,*,#10619,.F.);
#10619 = EDGE_CURVE('',#10528,#10568,#10620,.T.);
#10620 = LINE('',#10621,#10622);
#10621 = CARTESIAN_POINT('',(108.5,-106.130926442,198.77607172138));
#10622 = VECTOR('',#10623,1.);
#10623 = DIRECTION('',(1.,0.,0.));
#10624 = ORIENTED_EDGE('',*,*,#10535,.T.);
#10625 = ORIENTED_EDGE('',*,*,#10626,.T.);
#10626 = EDGE_CURVE('',#10536,#10576,#10627,.T.);
#10627 = LINE('',#10628,#10629);
#10628 = CARTESIAN_POINT('',(108.5,-106.130926442,204.77607172138));
#10629 = VECTOR('',#10630,1.);
#10630 = DIRECTION('',(1.,0.,0.));
#10631 = ORIENTED_EDGE('',*,*,#10575,.F.);
#10632 = PLANE('',#10633);
#10633 = AXIS2_PLACEMENT_3D('',#10634,#10635,#10636);
#10634 = CARTESIAN_POINT('',(108.5,-106.130926442,198.77607172138));
#10635 = DIRECTION('',(0.,1.,0.));
#10636 = DIRECTION('',(0.,0.,1.));
#10637 = ADVANCED_FACE('',(#10638),#10644,.F.);
#10638 = FACE_BOUND('',#10639,.F.);
#10639 = EDGE_LOOP('',(#10640,#10641,#10642,#10643));
#10640 = ORIENTED_EDGE('',*,*,#10527,.F.);
#10641 = ORIENTED_EDGE('',*,*,#10597,.T.);
#10642 = ORIENTED_EDGE('',*,*,#10567,.T.);
#10643 = ORIENTED_EDGE('',*,*,#10619,.F.);
#10644 = PLANE('',#10645);
#10645 = AXIS2_PLACEMENT_3D('',#10646,#10647,#10648);
#10646 = CARTESIAN_POINT('',(108.5,-110.130926442,198.77607172138));
#10647 = DIRECTION('',(0.,0.,1.));
#10648 = DIRECTION('',(1.,0.,0.));
#10649 = ADVANCED_FACE('',(#10650),#10656,.T.);
#10650 = FACE_BOUND('',#10651,.T.);
#10651 = EDGE_LOOP('',(#10652,#10653,#10654,#10655));
#10652 = ORIENTED_EDGE('',*,*,#10543,.F.);
#10653 = ORIENTED_EDGE('',*,*,#10604,.T.);
#10654 = ORIENTED_EDGE('',*,*,#10583,.T.);
#10655 = ORIENTED_EDGE('',*,*,#10626,.F.);
#10656 = PLANE('',#10657);
#10657 = AXIS2_PLACEMENT_3D('',#10658,#10659,#10660);
#10658 = CARTESIAN_POINT('',(108.5,-110.130926442,204.77607172138));
#10659 = DIRECTION('',(0.,0.,1.));
#10660 = DIRECTION('',(1.,0.,0.));
#10661 = MANIFOLD_SOLID_BREP('',#10662);
#10662 = CLOSED_SHELL('',(#10663,#10703,#10743,#10765,#10787,#10799));
#10663 = ADVANCED_FACE('',(#10664),#10698,.F.);
#10664 = FACE_BOUND('',#10665,.F.);
#10665 = EDGE_LOOP('',(#10666,#10676,#10684,#10692));
#10666 = ORIENTED_EDGE('',*,*,#10667,.F.);
#10667 = EDGE_CURVE('',#10668,#10670,#10672,.T.);
#10668 = VERTEX_POINT('',#10669);
#10669 = CARTESIAN_POINT('',(108.5,-121.4069361467,193.62649063579));
#10670 = VERTEX_POINT('',#10671);
#10671 = CARTESIAN_POINT('',(108.5,-121.4069361467,199.62649063579));
#10672 = LINE('',#10673,#10674);
#10673 = CARTESIAN_POINT('',(108.5,-121.4069361467,193.62649063579));
#10674 = VECTOR('',#10675,1.);
#10675 = DIRECTION('',(0.,0.,1.));
#10676 = ORIENTED_EDGE('',*,*,#10677,.T.);
#10677 = EDGE_CURVE('',#10668,#10678,#10680,.T.);
#10678 = VERTEX_POINT('',#10679);
#10679 = CARTESIAN_POINT('',(108.5,-117.4069361467,193.62649063579));
#10680 = LINE('',#10681,#10682);
#10681 = CARTESIAN_POINT('',(108.5,-121.4069361467,193.62649063579));
#10682 = VECTOR('',#10683,1.);
#10683 = DIRECTION('',(0.,1.,0.));
#10684 = ORIENTED_EDGE('',*,*,#10685,.T.);
#10685 = EDGE_CURVE('',#10678,#10686,#10688,.T.);
#10686 = VERTEX_POINT('',#10687);
#10687 = CARTESIAN_POINT('',(108.5,-117.4069361467,199.62649063579));
#10688 = LINE('',#10689,#10690);
#10689 = CARTESIAN_POINT('',(108.5,-117.4069361467,193.62649063579));
#10690 = VECTOR('',#10691,1.);
#10691 = DIRECTION('',(0.,0.,1.));
#10692 = ORIENTED_EDGE('',*,*,#10693,.F.);
#10693 = EDGE_CURVE('',#10670,#10686,#10694,.T.);
#10694 = LINE('',#10695,#10696);
#10695 = CARTESIAN_POINT('',(108.5,-121.4069361467,199.62649063579));
#10696 = VECTOR('',#10697,1.);
#10697 = DIRECTION('',(0.,1.,0.));
#10698 = PLANE('',#10699);
#10699 = AXIS2_PLACEMENT_3D('',#10700,#10701,#10702);
#10700 = CARTESIAN_POINT('',(108.5,-121.4069361467,193.62649063579));
#10701 = DIRECTION('',(1.,0.,0.));
#10702 = DIRECTION('',(0.,0.,1.));
#10703 = ADVANCED_FACE('',(#10704),#10738,.T.);
#10704 = FACE_BOUND('',#10705,.T.);
#10705 = EDGE_LOOP('',(#10706,#10716,#10724,#10732));
#10706 = ORIENTED_EDGE('',*,*,#10707,.F.);
#10707 = EDGE_CURVE('',#10708,#10710,#10712,.T.);
#10708 = VERTEX_POINT('',#10709);
#10709 = CARTESIAN_POINT('',(113.5,-121.4069361467,193.62649063579));
#10710 = VERTEX_POINT('',#10711);
#10711 = CARTESIAN_POINT('',(113.5,-121.4069361467,199.62649063579));
#10712 = LINE('',#10713,#10714);
#10713 = CARTESIAN_POINT('',(113.5,-121.4069361467,193.62649063579));
#10714 = VECTOR('',#10715,1.);
#10715 = DIRECTION('',(0.,0.,1.));
#10716 = ORIENTED_EDGE('',*,*,#10717,.T.);
#10717 = EDGE_CURVE('',#10708,#10718,#10720,.T.);
#10718 = VERTEX_POINT('',#10719);
#10719 = CARTESIAN_POINT('',(113.5,-117.4069361467,193.62649063579));
#10720 = LINE('',#10721,#10722);
#10721 = CARTESIAN_POINT('',(113.5,-121.4069361467,193.62649063579));
#10722 = VECTOR('',#10723,1.);
#10723 = DIRECTION('',(0.,1.,0.));
#10724 = ORIENTED_EDGE('',*,*,#10725,.T.);
#10725 = EDGE_CURVE('',#10718,#10726,#10728,.T.);
#10726 = VERTEX_POINT('',#10727);
#10727 = CARTESIAN_POINT('',(113.5,-117.4069361467,199.62649063579));
#10728 = LINE('',#10729,#10730);
#10729 = CARTESIAN_POINT('',(113.5,-117.4069361467,193.62649063579));
#10730 = VECTOR('',#10731,1.);
#10731 = DIRECTION('',(0.,0.,1.));
#10732 = ORIENTED_EDGE('',*,*,#10733,.F.);
#10733 = EDGE_CURVE('',#10710,#10726,#10734,.T.);
#10734 = LINE('',#10735,#10736);
#10735 = CARTESIAN_POINT('',(113.5,-121.4069361467,199.62649063579));
#10736 = VECTOR('',#10737,1.);
#10737 = DIRECTION('',(0.,1.,0.));
#10738 = PLANE('',#10739);
#10739 = AXIS2_PLACEMENT_3D('',#10740,#10741,#10742);
#10740 = CARTESIAN_POINT('',(113.5,-121.4069361467,193.62649063579));
#10741 = DIRECTION('',(1.,0.,0.));
#10742 = DIRECTION('',(0.,0.,1.));
#10743 = ADVANCED_FACE('',(#10744),#10760,.F.);
#10744 = FACE_BOUND('',#10745,.F.);
#10745 = EDGE_LOOP('',(#10746,#10752,#10753,#10759));
#10746 = ORIENTED_EDGE('',*,*,#10747,.F.);
#10747 = EDGE_CURVE('',#10668,#10708,#10748,.T.);
#10748 = LINE('',#10749,#10750);
#10749 = CARTESIAN_POINT('',(108.5,-121.4069361467,193.62649063579));
#10750 = VECTOR('',#10751,1.);
#10751 = DIRECTION('',(1.,0.,0.));
#10752 = ORIENTED_EDGE('',*,*,#10667,.T.);
#10753 = ORIENTED_EDGE('',*,*,#10754,.T.);
#10754 = EDGE_CURVE('',#10670,#10710,#10755,.T.);
#10755 = LINE('',#10756,#10757);
#10756 = CARTESIAN_POINT('',(108.5,-121.4069361467,199.62649063579));
#10757 = VECTOR('',#10758,1.);
#10758 = DIRECTION('',(1.,0.,0.));
#10759 = ORIENTED_EDGE('',*,*,#10707,.F.);
#10760 = PLANE('',#10761);
#10761 = AXIS2_PLACEMENT_3D('',#10762,#10763,#10764);
#10762 = CARTESIAN_POINT('',(108.5,-121.4069361467,193.62649063579));
#10763 = DIRECTION('',(0.,1.,0.));
#10764 = DIRECTION('',(0.,0.,1.));
#10765 = ADVANCED_FACE('',(#10766),#10782,.T.);
#10766 = FACE_BOUND('',#10767,.T.);
#10767 = EDGE_LOOP('',(#10768,#10774,#10775,#10781));
#10768 = ORIENTED_EDGE('',*,*,#10769,.F.);
#10769 = EDGE_CURVE('',#10678,#10718,#10770,.T.);
#10770 = LINE('',#10771,#10772);
#10771 = CARTESIAN_POINT('',(108.5,-117.4069361467,193.62649063579));
#10772 = VECTOR('',#10773,1.);
#10773 = DIRECTION('',(1.,0.,0.));
#10774 = ORIENTED_EDGE('',*,*,#10685,.T.);
#10775 = ORIENTED_EDGE('',*,*,#10776,.T.);
#10776 = EDGE_CURVE('',#10686,#10726,#10777,.T.);
#10777 = LINE('',#10778,#10779);
#10778 = CARTESIAN_POINT('',(108.5,-117.4069361467,199.62649063579));
#10779 = VECTOR('',#10780,1.);
#10780 = DIRECTION('',(1.,0.,0.));
#10781 = ORIENTED_EDGE('',*,*,#10725,.F.);
#10782 = PLANE('',#10783);
#10783 = AXIS2_PLACEMENT_3D('',#10784,#10785,#10786);
#10784 = CARTESIAN_POINT('',(108.5,-117.4069361467,193.62649063579));
#10785 = DIRECTION('',(0.,1.,0.));
#10786 = DIRECTION('',(0.,0.,1.));
#10787 = ADVANCED_FACE('',(#10788),#10794,.F.);
#10788 = FACE_BOUND('',#10789,.F.);
#10789 = EDGE_LOOP('',(#10790,#10791,#10792,#10793));
#10790 = ORIENTED_EDGE('',*,*,#10677,.F.);
#10791 = ORIENTED_EDGE('',*,*,#10747,.T.);
#10792 = ORIENTED_EDGE('',*,*,#10717,.T.);
#10793 = ORIENTED_EDGE('',*,*,#10769,.F.);
#10794 = PLANE('',#10795);
#10795 = AXIS2_PLACEMENT_3D('',#10796,#10797,#10798);
#10796 = CARTESIAN_POINT('',(108.5,-121.4069361467,193.62649063579));
#10797 = DIRECTION('',(0.,0.,1.));
#10798 = DIRECTION('',(1.,0.,0.));
#10799 = ADVANCED_FACE('',(#10800),#10806,.T.);
#10800 = FACE_BOUND('',#10801,.T.);
#10801 = EDGE_LOOP('',(#10802,#10803,#10804,#10805));
#10802 = ORIENTED_EDGE('',*,*,#10693,.F.);
#10803 = ORIENTED_EDGE('',*,*,#10754,.T.);
#10804 = ORIENTED_EDGE('',*,*,#10733,.T.);
#10805 = ORIENTED_EDGE('',*,*,#10776,.F.);
#10806 = PLANE('',#10807);
#10807 = AXIS2_PLACEMENT_3D('',#10808,#10809,#10810);
#10808 = CARTESIAN_POINT('',(108.5,-121.4069361467,199.62649063579));
#10809 = DIRECTION('',(0.,0.,1.));
#10810 = DIRECTION('',(1.,0.,0.));
#10811 = MANIFOLD_SOLID_BREP('',#10812);
#10812 = CLOSED_SHELL('',(#10813,#10853,#10893,#10915,#10937,#10949));
#10813 = ADVANCED_FACE('',(#10814),#10848,.F.);
#10814 = FACE_BOUND('',#10815,.F.);
#10815 = EDGE_LOOP('',(#10816,#10826,#10834,#10842));
#10816 = ORIENTED_EDGE('',*,*,#10817,.F.);
#10817 = EDGE_CURVE('',#10818,#10820,#10822,.T.);
#10818 = VERTEX_POINT('',#10819);
#10819 = CARTESIAN_POINT('',(108.5,-128.1088454195,183.19811625051));
#10820 = VERTEX_POINT('',#10821);
#10821 = CARTESIAN_POINT('',(108.5,-128.1088454195,189.19811625051));
#10822 = LINE('',#10823,#10824);
#10823 = CARTESIAN_POINT('',(108.5,-128.1088454195,183.19811625051));
#10824 = VECTOR('',#10825,1.);
#10825 = DIRECTION('',(0.,0.,1.));
#10826 = ORIENTED_EDGE('',*,*,#10827,.T.);
#10827 = EDGE_CURVE('',#10818,#10828,#10830,.T.);
#10828 = VERTEX_POINT('',#10829);
#10829 = CARTESIAN_POINT('',(108.5,-124.1088454195,183.19811625051));
#10830 = LINE('',#10831,#10832);
#10831 = CARTESIAN_POINT('',(108.5,-128.1088454195,183.19811625051));
#10832 = VECTOR('',#10833,1.);
#10833 = DIRECTION('',(0.,1.,0.));
#10834 = ORIENTED_EDGE('',*,*,#10835,.T.);
#10835 = EDGE_CURVE('',#10828,#10836,#10838,.T.);
#10836 = VERTEX_POINT('',#10837);
#10837 = CARTESIAN_POINT('',(108.5,-124.1088454195,189.19811625051));
#10838 = LINE('',#10839,#10840);
#10839 = CARTESIAN_POINT('',(108.5,-124.1088454195,183.19811625051));
#10840 = VECTOR('',#10841,1.);
#10841 = DIRECTION('',(0.,0.,1.));
#10842 = ORIENTED_EDGE('',*,*,#10843,.F.);
#10843 = EDGE_CURVE('',#10820,#10836,#10844,.T.);
#10844 = LINE('',#10845,#10846);
#10845 = CARTESIAN_POINT('',(108.5,-128.1088454195,189.19811625051));
#10846 = VECTOR('',#10847,1.);
#10847 = DIRECTION('',(0.,1.,0.));
#10848 = PLANE('',#10849);
#10849 = AXIS2_PLACEMENT_3D('',#10850,#10851,#10852);
#10850 = CARTESIAN_POINT('',(108.5,-128.1088454195,183.19811625051));
#10851 = DIRECTION('',(1.,0.,0.));
#10852 = DIRECTION('',(0.,0.,1.));
#10853 = ADVANCED_FACE('',(#10854),#10888,.T.);
#10854 = FACE_BOUND('',#10855,.T.);
#10855 = EDGE_LOOP('',(#10856,#10866,#10874,#10882));
#10856 = ORIENTED_EDGE('',*,*,#10857,.F.);
#10857 = EDGE_CURVE('',#10858,#10860,#10862,.T.);
#10858 = VERTEX_POINT('',#10859);
#10859 = CARTESIAN_POINT('',(113.5,-128.1088454195,183.19811625051));
#10860 = VERTEX_POINT('',#10861);
#10861 = CARTESIAN_POINT('',(113.5,-128.1088454195,189.19811625051));
#10862 = LINE('',#10863,#10864);
#10863 = CARTESIAN_POINT('',(113.5,-128.1088454195,183.19811625051));
#10864 = VECTOR('',#10865,1.);
#10865 = DIRECTION('',(0.,0.,1.));
#10866 = ORIENTED_EDGE('',*,*,#10867,.T.);
#10867 = EDGE_CURVE('',#10858,#10868,#10870,.T.);
#10868 = VERTEX_POINT('',#10869);
#10869 = CARTESIAN_POINT('',(113.5,-124.1088454195,183.19811625051));
#10870 = LINE('',#10871,#10872);
#10871 = CARTESIAN_POINT('',(113.5,-128.1088454195,183.19811625051));
#10872 = VECTOR('',#10873,1.);
#10873 = DIRECTION('',(0.,1.,0.));
#10874 = ORIENTED_EDGE('',*,*,#10875,.T.);
#10875 = EDGE_CURVE('',#10868,#10876,#10878,.T.);
#10876 = VERTEX_POINT('',#10877);
#10877 = CARTESIAN_POINT('',(113.5,-124.1088454195,189.19811625051));
#10878 = LINE('',#10879,#10880);
#10879 = CARTESIAN_POINT('',(113.5,-124.1088454195,183.19811625051));
#10880 = VECTOR('',#10881,1.);
#10881 = DIRECTION('',(0.,0.,1.));
#10882 = ORIENTED_EDGE('',*,*,#10883,.F.);
#10883 = EDGE_CURVE('',#10860,#10876,#10884,.T.);
#10884 = LINE('',#10885,#10886);
#10885 = CARTESIAN_POINT('',(113.5,-128.1088454195,189.19811625051));
#10886 = VECTOR('',#10887,1.);
#10887 = DIRECTION('',(0.,1.,0.));
#10888 = PLANE('',#10889);
#10889 = AXIS2_PLACEMENT_3D('',#10890,#10891,#10892);
#10890 = CARTESIAN_POINT('',(113.5,-128.1088454195,183.19811625051));
#10891 = DIRECTION('',(1.,0.,0.));
#10892 = DIRECTION('',(0.,0.,1.));
#10893 = ADVANCED_FACE('',(#10894),#10910,.F.);
#10894 = FACE_BOUND('',#10895,.F.);
#10895 = EDGE_LOOP('',(#10896,#10902,#10903,#10909));
#10896 = ORIENTED_EDGE('',*,*,#10897,.F.);
#10897 = EDGE_CURVE('',#10818,#10858,#10898,.T.);
#10898 = LINE('',#10899,#10900);
#10899 = CARTESIAN_POINT('',(108.5,-128.1088454195,183.19811625051));
#10900 = VECTOR('',#10901,1.);
#10901 = DIRECTION('',(1.,0.,0.));
#10902 = ORIENTED_EDGE('',*,*,#10817,.T.);
#10903 = ORIENTED_EDGE('',*,*,#10904,.T.);
#10904 = EDGE_CURVE('',#10820,#10860,#10905,.T.);
#10905 = LINE('',#10906,#10907);
#10906 = CARTESIAN_POINT('',(108.5,-128.1088454195,189.19811625051));
#10907 = VECTOR('',#10908,1.);
#10908 = DIRECTION('',(1.,0.,0.));
#10909 = ORIENTED_EDGE('',*,*,#10857,.F.);
#10910 = PLANE('',#10911);
#10911 = AXIS2_PLACEMENT_3D('',#10912,#10913,#10914);
#10912 = CARTESIAN_POINT('',(108.5,-128.1088454195,183.19811625051));
#10913 = DIRECTION('',(0.,1.,0.));
#10914 = DIRECTION('',(0.,0.,1.));
#10915 = ADVANCED_FACE('',(#10916),#10932,.T.);
#10916 = FACE_BOUND('',#10917,.T.);
#10917 = EDGE_LOOP('',(#10918,#10924,#10925,#10931));
#10918 = ORIENTED_EDGE('',*,*,#10919,.F.);
#10919 = EDGE_CURVE('',#10828,#10868,#10920,.T.);
#10920 = LINE('',#10921,#10922);
#10921 = CARTESIAN_POINT('',(108.5,-124.1088454195,183.19811625051));
#10922 = VECTOR('',#10923,1.);
#10923 = DIRECTION('',(1.,0.,0.));
#10924 = ORIENTED_EDGE('',*,*,#10835,.T.);
#10925 = ORIENTED_EDGE('',*,*,#10926,.T.);
#10926 = EDGE_CURVE('',#10836,#10876,#10927,.T.);
#10927 = LINE('',#10928,#10929);
#10928 = CARTESIAN_POINT('',(108.5,-124.1088454195,189.19811625051));
#10929 = VECTOR('',#10930,1.);
#10930 = DIRECTION('',(1.,0.,0.));
#10931 = ORIENTED_EDGE('',*,*,#10875,.F.);
#10932 = PLANE('',#10933);
#10933 = AXIS2_PLACEMENT_3D('',#10934,#10935,#10936);
#10934 = CARTESIAN_POINT('',(108.5,-124.1088454195,183.19811625051));
#10935 = DIRECTION('',(0.,1.,0.));
#10936 = DIRECTION('',(0.,0.,1.));
#10937 = ADVANCED_FACE('',(#10938),#10944,.F.);
#10938 = FACE_BOUND('',#10939,.F.);
#10939 = EDGE_LOOP('',(#10940,#10941,#10942,#10943));
#10940 = ORIENTED_EDGE('',*,*,#10827,.F.);
#10941 = ORIENTED_EDGE('',*,*,#10897,.T.);
#10942 = ORIENTED_EDGE('',*,*,#10867,.T.);
#10943 = ORIENTED_EDGE('',*,*,#10919,.F.);
#10944 = PLANE('',#10945);
#10945 = AXIS2_PLACEMENT_3D('',#10946,#10947,#10948);
#10946 = CARTESIAN_POINT('',(108.5,-128.1088454195,183.19811625051));
#10947 = DIRECTION('',(0.,0.,1.));
#10948 = DIRECTION('',(1.,0.,0.));
#10949 = ADVANCED_FACE('',(#10950),#10956,.T.);
#10950 = FACE_BOUND('',#10951,.T.);
#10951 = EDGE_LOOP('',(#10952,#10953,#10954,#10955));
#10952 = ORIENTED_EDGE('',*,*,#10843,.F.);
#10953 = ORIENTED_EDGE('',*,*,#10904,.T.);
#10954 = ORIENTED_EDGE('',*,*,#10883,.T.);
#10955 = ORIENTED_EDGE('',*,*,#10926,.F.);
#10956 = PLANE('',#10957);
#10957 = AXIS2_PLACEMENT_3D('',#10958,#10959,#10960);
#10958 = CARTESIAN_POINT('',(108.5,-128.1088454195,189.19811625051));
#10959 = DIRECTION('',(0.,0.,1.));
#10960 = DIRECTION('',(1.,0.,0.));
#10961 = MANIFOLD_SOLID_BREP('',#10962);
#10962 = CLOSED_SHELL('',(#10963,#11003,#11043,#11065,#11087,#11099));
#10963 = ADVANCED_FACE('',(#10964),#10998,.F.);
#10964 = FACE_BOUND('',#10965,.F.);
#10965 = EDGE_LOOP('',(#10966,#10976,#10984,#10992));
#10966 = ORIENTED_EDGE('',*,*,#10967,.F.);
#10967 = EDGE_CURVE('',#10968,#10970,#10972,.T.);
#10968 = VERTEX_POINT('',#10969);
#10969 = CARTESIAN_POINT('',(108.5,-128.1088454195,170.80188374948));
#10970 = VERTEX_POINT('',#10971);
#10971 = CARTESIAN_POINT('',(108.5,-128.1088454195,176.80188374948));
#10972 = LINE('',#10973,#10974);
#10973 = CARTESIAN_POINT('',(108.5,-128.1088454195,170.80188374948));
#10974 = VECTOR('',#10975,1.);
#10975 = DIRECTION('',(0.,0.,1.));
#10976 = ORIENTED_EDGE('',*,*,#10977,.T.);
#10977 = EDGE_CURVE('',#10968,#10978,#10980,.T.);
#10978 = VERTEX_POINT('',#10979);
#10979 = CARTESIAN_POINT('',(108.5,-124.1088454195,170.80188374948));
#10980 = LINE('',#10981,#10982);
#10981 = CARTESIAN_POINT('',(108.5,-128.1088454195,170.80188374948));
#10982 = VECTOR('',#10983,1.);
#10983 = DIRECTION('',(0.,1.,0.));
#10984 = ORIENTED_EDGE('',*,*,#10985,.T.);
#10985 = EDGE_CURVE('',#10978,#10986,#10988,.T.);
#10986 = VERTEX_POINT('',#10987);
#10987 = CARTESIAN_POINT('',(108.5,-124.1088454195,176.80188374948));
#10988 = LINE('',#10989,#10990);
#10989 = CARTESIAN_POINT('',(108.5,-124.1088454195,170.80188374948));
#10990 = VECTOR('',#10991,1.);
#10991 = DIRECTION('',(0.,0.,1.));
#10992 = ORIENTED_EDGE('',*,*,#10993,.F.);
#10993 = EDGE_CURVE('',#10970,#10986,#10994,.T.);
#10994 = LINE('',#10995,#10996);
#10995 = CARTESIAN_POINT('',(108.5,-128.1088454195,176.80188374948));
#10996 = VECTOR('',#10997,1.);
#10997 = DIRECTION('',(0.,1.,0.));
#10998 = PLANE('',#10999);
#10999 = AXIS2_PLACEMENT_3D('',#11000,#11001,#11002);
#11000 = CARTESIAN_POINT('',(108.5,-128.1088454195,170.80188374948));
#11001 = DIRECTION('',(1.,0.,0.));
#11002 = DIRECTION('',(0.,0.,1.));
#11003 = ADVANCED_FACE('',(#11004),#11038,.T.);
#11004 = FACE_BOUND('',#11005,.T.);
#11005 = EDGE_LOOP('',(#11006,#11016,#11024,#11032));
#11006 = ORIENTED_EDGE('',*,*,#11007,.F.);
#11007 = EDGE_CURVE('',#11008,#11010,#11012,.T.);
#11008 = VERTEX_POINT('',#11009);
#11009 = CARTESIAN_POINT('',(113.5,-128.1088454195,170.80188374948));
#11010 = VERTEX_POINT('',#11011);
#11011 = CARTESIAN_POINT('',(113.5,-128.1088454195,176.80188374948));
#11012 = LINE('',#11013,#11014);
#11013 = CARTESIAN_POINT('',(113.5,-128.1088454195,170.80188374948));
#11014 = VECTOR('',#11015,1.);
#11015 = DIRECTION('',(0.,0.,1.));
#11016 = ORIENTED_EDGE('',*,*,#11017,.T.);
#11017 = EDGE_CURVE('',#11008,#11018,#11020,.T.);
#11018 = VERTEX_POINT('',#11019);
#11019 = CARTESIAN_POINT('',(113.5,-124.1088454195,170.80188374948));
#11020 = LINE('',#11021,#11022);
#11021 = CARTESIAN_POINT('',(113.5,-128.1088454195,170.80188374948));
#11022 = VECTOR('',#11023,1.);
#11023 = DIRECTION('',(0.,1.,0.));
#11024 = ORIENTED_EDGE('',*,*,#11025,.T.);
#11025 = EDGE_CURVE('',#11018,#11026,#11028,.T.);
#11026 = VERTEX_POINT('',#11027);
#11027 = CARTESIAN_POINT('',(113.5,-124.1088454195,176.80188374948));
#11028 = LINE('',#11029,#11030);
#11029 = CARTESIAN_POINT('',(113.5,-124.1088454195,170.80188374948));
#11030 = VECTOR('',#11031,1.);
#11031 = DIRECTION('',(0.,0.,1.));
#11032 = ORIENTED_EDGE('',*,*,#11033,.F.);
#11033 = EDGE_CURVE('',#11010,#11026,#11034,.T.);
#11034 = LINE('',#11035,#11036);
#11035 = CARTESIAN_POINT('',(113.5,-128.1088454195,176.80188374948));
#11036 = VECTOR('',#11037,1.);
#11037 = DIRECTION('',(0.,1.,0.));
#11038 = PLANE('',#11039);
#11039 = AXIS2_PLACEMENT_3D('',#11040,#11041,#11042);
#11040 = CARTESIAN_POINT('',(113.5,-128.1088454195,170.80188374948));
#11041 = DIRECTION('',(1.,0.,0.));
#11042 = DIRECTION('',(0.,0.,1.));
#11043 = ADVANCED_FACE('',(#11044),#11060,.F.);
#11044 = FACE_BOUND('',#11045,.F.);
#11045 = EDGE_LOOP('',(#11046,#11052,#11053,#11059));
#11046 = ORIENTED_EDGE('',*,*,#11047,.F.);
#11047 = EDGE_CURVE('',#10968,#11008,#11048,.T.);
#11048 = LINE('',#11049,#11050);
#11049 = CARTESIAN_POINT('',(108.5,-128.1088454195,170.80188374948));
#11050 = VECTOR('',#11051,1.);
#11051 = DIRECTION('',(1.,0.,0.));
#11052 = ORIENTED_EDGE('',*,*,#10967,.T.);
#11053 = ORIENTED_EDGE('',*,*,#11054,.T.);
#11054 = EDGE_CURVE('',#10970,#11010,#11055,.T.);
#11055 = LINE('',#11056,#11057);
#11056 = CARTESIAN_POINT('',(108.5,-128.1088454195,176.80188374948));
#11057 = VECTOR('',#11058,1.);
#11058 = DIRECTION('',(1.,0.,0.));
#11059 = ORIENTED_EDGE('',*,*,#11007,.F.);
#11060 = PLANE('',#11061);
#11061 = AXIS2_PLACEMENT_3D('',#11062,#11063,#11064);
#11062 = CARTESIAN_POINT('',(108.5,-128.1088454195,170.80188374948));
#11063 = DIRECTION('',(0.,1.,0.));
#11064 = DIRECTION('',(0.,0.,1.));
#11065 = ADVANCED_FACE('',(#11066),#11082,.T.);
#11066 = FACE_BOUND('',#11067,.T.);
#11067 = EDGE_LOOP('',(#11068,#11074,#11075,#11081));
#11068 = ORIENTED_EDGE('',*,*,#11069,.F.);
#11069 = EDGE_CURVE('',#10978,#11018,#11070,.T.);
#11070 = LINE('',#11071,#11072);
#11071 = CARTESIAN_POINT('',(108.5,-124.1088454195,170.80188374948));
#11072 = VECTOR('',#11073,1.);
#11073 = DIRECTION('',(1.,0.,0.));
#11074 = ORIENTED_EDGE('',*,*,#10985,.T.);
#11075 = ORIENTED_EDGE('',*,*,#11076,.T.);
#11076 = EDGE_CURVE('',#10986,#11026,#11077,.T.);
#11077 = LINE('',#11078,#11079);
#11078 = CARTESIAN_POINT('',(108.5,-124.1088454195,176.80188374948));
#11079 = VECTOR('',#11080,1.);
#11080 = DIRECTION('',(1.,0.,0.));
#11081 = ORIENTED_EDGE('',*,*,#11025,.F.);
#11082 = PLANE('',#11083);
#11083 = AXIS2_PLACEMENT_3D('',#11084,#11085,#11086);
#11084 = CARTESIAN_POINT('',(108.5,-124.1088454195,170.80188374948));
#11085 = DIRECTION('',(0.,1.,0.));
#11086 = DIRECTION('',(0.,0.,1.));
#11087 = ADVANCED_FACE('',(#11088),#11094,.F.);
#11088 = FACE_BOUND('',#11089,.F.);
#11089 = EDGE_LOOP('',(#11090,#11091,#11092,#11093));
#11090 = ORIENTED_EDGE('',*,*,#10977,.F.);
#11091 = ORIENTED_EDGE('',*,*,#11047,.T.);
#11092 = ORIENTED_EDGE('',*,*,#11017,.T.);
#11093 = ORIENTED_EDGE('',*,*,#11069,.F.);
#11094 = PLANE('',#11095);
#11095 = AXIS2_PLACEMENT_3D('',#11096,#11097,#11098);
#11096 = CARTESIAN_POINT('',(108.5,-128.1088454195,170.80188374948));
#11097 = DIRECTION('',(0.,0.,1.));
#11098 = DIRECTION('',(1.,0.,0.));
#11099 = ADVANCED_FACE('',(#11100),#11106,.T.);
#11100 = FACE_BOUND('',#11101,.T.);
#11101 = EDGE_LOOP('',(#11102,#11103,#11104,#11105));
#11102 = ORIENTED_EDGE('',*,*,#10993,.F.);
#11103 = ORIENTED_EDGE('',*,*,#11054,.T.);
#11104 = ORIENTED_EDGE('',*,*,#11033,.T.);
#11105 = ORIENTED_EDGE('',*,*,#11076,.F.);
#11106 = PLANE('',#11107);
#11107 = AXIS2_PLACEMENT_3D('',#11108,#11109,#11110);
#11108 = CARTESIAN_POINT('',(108.5,-128.1088454195,176.80188374948));
#11109 = DIRECTION('',(0.,0.,1.));
#11110 = DIRECTION('',(1.,0.,0.));
#11111 = MANIFOLD_SOLID_BREP('',#11112);
#11112 = CLOSED_SHELL('',(#11113,#11153,#11193,#11215,#11237,#11249));
#11113 = ADVANCED_FACE('',(#11114),#11148,.F.);
#11114 = FACE_BOUND('',#11115,.F.);
#11115 = EDGE_LOOP('',(#11116,#11126,#11134,#11142));
#11116 = ORIENTED_EDGE('',*,*,#11117,.F.);
#11117 = EDGE_CURVE('',#11118,#11120,#11122,.T.);
#11118 = VERTEX_POINT('',#11119);
#11119 = CARTESIAN_POINT('',(108.5,-121.4069361467,160.3735093642));
#11120 = VERTEX_POINT('',#11121);
#11121 = CARTESIAN_POINT('',(108.5,-121.4069361467,166.3735093642));
#11122 = LINE('',#11123,#11124);
#11123 = CARTESIAN_POINT('',(108.5,-121.4069361467,160.3735093642));
#11124 = VECTOR('',#11125,1.);
#11125 = DIRECTION('',(0.,0.,1.));
#11126 = ORIENTED_EDGE('',*,*,#11127,.T.);
#11127 = EDGE_CURVE('',#11118,#11128,#11130,.T.);
#11128 = VERTEX_POINT('',#11129);
#11129 = CARTESIAN_POINT('',(108.5,-117.4069361467,160.3735093642));
#11130 = LINE('',#11131,#11132);
#11131 = CARTESIAN_POINT('',(108.5,-121.4069361467,160.3735093642));
#11132 = VECTOR('',#11133,1.);
#11133 = DIRECTION('',(0.,1.,0.));
#11134 = ORIENTED_EDGE('',*,*,#11135,.T.);
#11135 = EDGE_CURVE('',#11128,#11136,#11138,.T.);
#11136 = VERTEX_POINT('',#11137);
#11137 = CARTESIAN_POINT('',(108.5,-117.4069361467,166.3735093642));
#11138 = LINE('',#11139,#11140);
#11139 = CARTESIAN_POINT('',(108.5,-117.4069361467,160.3735093642));
#11140 = VECTOR('',#11141,1.);
#11141 = DIRECTION('',(0.,0.,1.));
#11142 = ORIENTED_EDGE('',*,*,#11143,.F.);
#11143 = EDGE_CURVE('',#11120,#11136,#11144,.T.);
#11144 = LINE('',#11145,#11146);
#11145 = CARTESIAN_POINT('',(108.5,-121.4069361467,166.3735093642));
#11146 = VECTOR('',#11147,1.);
#11147 = DIRECTION('',(0.,1.,0.));
#11148 = PLANE('',#11149);
#11149 = AXIS2_PLACEMENT_3D('',#11150,#11151,#11152);
#11150 = CARTESIAN_POINT('',(108.5,-121.4069361467,160.3735093642));
#11151 = DIRECTION('',(1.,0.,0.));
#11152 = DIRECTION('',(0.,0.,1.));
#11153 = ADVANCED_FACE('',(#11154),#11188,.T.);
#11154 = FACE_BOUND('',#11155,.T.);
#11155 = EDGE_LOOP('',(#11156,#11166,#11174,#11182));
#11156 = ORIENTED_EDGE('',*,*,#11157,.F.);
#11157 = EDGE_CURVE('',#11158,#11160,#11162,.T.);
#11158 = VERTEX_POINT('',#11159);
#11159 = CARTESIAN_POINT('',(113.5,-121.4069361467,160.3735093642));
#11160 = VERTEX_POINT('',#11161);
#11161 = CARTESIAN_POINT('',(113.5,-121.4069361467,166.3735093642));
#11162 = LINE('',#11163,#11164);
#11163 = CARTESIAN_POINT('',(113.5,-121.4069361467,160.3735093642));
#11164 = VECTOR('',#11165,1.);
#11165 = DIRECTION('',(0.,0.,1.));
#11166 = ORIENTED_EDGE('',*,*,#11167,.T.);
#11167 = EDGE_CURVE('',#11158,#11168,#11170,.T.);
#11168 = VERTEX_POINT('',#11169);
#11169 = CARTESIAN_POINT('',(113.5,-117.4069361467,160.3735093642));
#11170 = LINE('',#11171,#11172);
#11171 = CARTESIAN_POINT('',(113.5,-121.4069361467,160.3735093642));
#11172 = VECTOR('',#11173,1.);
#11173 = DIRECTION('',(0.,1.,0.));
#11174 = ORIENTED_EDGE('',*,*,#11175,.T.);
#11175 = EDGE_CURVE('',#11168,#11176,#11178,.T.);
#11176 = VERTEX_POINT('',#11177);
#11177 = CARTESIAN_POINT('',(113.5,-117.4069361467,166.3735093642));
#11178 = LINE('',#11179,#11180);
#11179 = CARTESIAN_POINT('',(113.5,-117.4069361467,160.3735093642));
#11180 = VECTOR('',#11181,1.);
#11181 = DIRECTION('',(0.,0.,1.));
#11182 = ORIENTED_EDGE('',*,*,#11183,.F.);
#11183 = EDGE_CURVE('',#11160,#11176,#11184,.T.);
#11184 = LINE('',#11185,#11186);
#11185 = CARTESIAN_POINT('',(113.5,-121.4069361467,166.3735093642));
#11186 = VECTOR('',#11187,1.);
#11187 = DIRECTION('',(0.,1.,0.));
#11188 = PLANE('',#11189);
#11189 = AXIS2_PLACEMENT_3D('',#11190,#11191,#11192);
#11190 = CARTESIAN_POINT('',(113.5,-121.4069361467,160.3735093642));
#11191 = DIRECTION('',(1.,0.,0.));
#11192 = DIRECTION('',(0.,0.,1.));
#11193 = ADVANCED_FACE('',(#11194),#11210,.F.);
#11194 = FACE_BOUND('',#11195,.F.);
#11195 = EDGE_LOOP('',(#11196,#11202,#11203,#11209));
#11196 = ORIENTED_EDGE('',*,*,#11197,.F.);
#11197 = EDGE_CURVE('',#11118,#11158,#11198,.T.);
#11198 = LINE('',#11199,#11200);
#11199 = CARTESIAN_POINT('',(108.5,-121.4069361467,160.3735093642));
#11200 = VECTOR('',#11201,1.);
#11201 = DIRECTION('',(1.,0.,0.));
#11202 = ORIENTED_EDGE('',*,*,#11117,.T.);
#11203 = ORIENTED_EDGE('',*,*,#11204,.T.);
#11204 = EDGE_CURVE('',#11120,#11160,#11205,.T.);
#11205 = LINE('',#11206,#11207);
#11206 = CARTESIAN_POINT('',(108.5,-121.4069361467,166.3735093642));
#11207 = VECTOR('',#11208,1.);
#11208 = DIRECTION('',(1.,0.,0.));
#11209 = ORIENTED_EDGE('',*,*,#11157,.F.);
#11210 = PLANE('',#11211);
#11211 = AXIS2_PLACEMENT_3D('',#11212,#11213,#11214);
#11212 = CARTESIAN_POINT('',(108.5,-121.4069361467,160.3735093642));
#11213 = DIRECTION('',(0.,1.,0.));
#11214 = DIRECTION('',(0.,0.,1.));
#11215 = ADVANCED_FACE('',(#11216),#11232,.T.);
#11216 = FACE_BOUND('',#11217,.T.);
#11217 = EDGE_LOOP('',(#11218,#11224,#11225,#11231));
#11218 = ORIENTED_EDGE('',*,*,#11219,.F.);
#11219 = EDGE_CURVE('',#11128,#11168,#11220,.T.);
#11220 = LINE('',#11221,#11222);
#11221 = CARTESIAN_POINT('',(108.5,-117.4069361467,160.3735093642));
#11222 = VECTOR('',#11223,1.);
#11223 = DIRECTION('',(1.,0.,0.));
#11224 = ORIENTED_EDGE('',*,*,#11135,.T.);
#11225 = ORIENTED_EDGE('',*,*,#11226,.T.);
#11226 = EDGE_CURVE('',#11136,#11176,#11227,.T.);
#11227 = LINE('',#11228,#11229);
#11228 = CARTESIAN_POINT('',(108.5,-117.4069361467,166.3735093642));
#11229 = VECTOR('',#11230,1.);
#11230 = DIRECTION('',(1.,0.,0.));
#11231 = ORIENTED_EDGE('',*,*,#11175,.F.);
#11232 = PLANE('',#11233);
#11233 = AXIS2_PLACEMENT_3D('',#11234,#11235,#11236);
#11234 = CARTESIAN_POINT('',(108.5,-117.4069361467,160.3735093642));
#11235 = DIRECTION('',(0.,1.,0.));
#11236 = DIRECTION('',(0.,0.,1.));
#11237 = ADVANCED_FACE('',(#11238),#11244,.F.);
#11238 = FACE_BOUND('',#11239,.F.);
#11239 = EDGE_LOOP('',(#11240,#11241,#11242,#11243));
#11240 = ORIENTED_EDGE('',*,*,#11127,.F.);
#11241 = ORIENTED_EDGE('',*,*,#11197,.T.);
#11242 = ORIENTED_EDGE('',*,*,#11167,.T.);
#11243 = ORIENTED_EDGE('',*,*,#11219,.F.);
#11244 = PLANE('',#11245);
#11245 = AXIS2_PLACEMENT_3D('',#11246,#11247,#11248);
#11246 = CARTESIAN_POINT('',(108.5,-121.4069361467,160.3735093642));
#11247 = DIRECTION('',(0.,0.,1.));
#11248 = DIRECTION('',(1.,0.,0.));
#11249 = ADVANCED_FACE('',(#11250),#11256,.T.);
#11250 = FACE_BOUND('',#11251,.T.);
#11251 = EDGE_LOOP('',(#11252,#11253,#11254,#11255));
#11252 = ORIENTED_EDGE('',*,*,#11143,.F.);
#11253 = ORIENTED_EDGE('',*,*,#11204,.T.);
#11254 = ORIENTED_EDGE('',*,*,#11183,.T.);
#11255 = ORIENTED_EDGE('',*,*,#11226,.F.);
#11256 = PLANE('',#11257);
#11257 = AXIS2_PLACEMENT_3D('',#11258,#11259,#11260);
#11258 = CARTESIAN_POINT('',(108.5,-121.4069361467,166.3735093642));
#11259 = DIRECTION('',(0.,0.,1.));
#11260 = DIRECTION('',(1.,0.,0.));
#11261 = MANIFOLD_SOLID_BREP('',#11262);
#11262 = CLOSED_SHELL('',(#11263,#11303,#11343,#11365,#11387,#11399));
#11263 = ADVANCED_FACE('',(#11264),#11298,.F.);
#11264 = FACE_BOUND('',#11265,.F.);
#11265 = EDGE_LOOP('',(#11266,#11276,#11284,#11292));
#11266 = ORIENTED_EDGE('',*,*,#11267,.F.);
#11267 = EDGE_CURVE('',#11268,#11270,#11272,.T.);
#11268 = VERTEX_POINT('',#11269);
#11269 = CARTESIAN_POINT('',(108.5,-110.130926442,155.22392827861));
#11270 = VERTEX_POINT('',#11271);
#11271 = CARTESIAN_POINT('',(108.5,-110.130926442,161.22392827861));
#11272 = LINE('',#11273,#11274);
#11273 = CARTESIAN_POINT('',(108.5,-110.130926442,155.22392827861));
#11274 = VECTOR('',#11275,1.);
#11275 = DIRECTION('',(0.,0.,1.));
#11276 = ORIENTED_EDGE('',*,*,#11277,.T.);
#11277 = EDGE_CURVE('',#11268,#11278,#11280,.T.);
#11278 = VERTEX_POINT('',#11279);
#11279 = CARTESIAN_POINT('',(108.5,-106.130926442,155.22392827861));
#11280 = LINE('',#11281,#11282);
#11281 = CARTESIAN_POINT('',(108.5,-110.130926442,155.22392827861));
#11282 = VECTOR('',#11283,1.);
#11283 = DIRECTION('',(0.,1.,0.));
#11284 = ORIENTED_EDGE('',*,*,#11285,.T.);
#11285 = EDGE_CURVE('',#11278,#11286,#11288,.T.);
#11286 = VERTEX_POINT('',#11287);
#11287 = CARTESIAN_POINT('',(108.5,-106.130926442,161.22392827861));
#11288 = LINE('',#11289,#11290);
#11289 = CARTESIAN_POINT('',(108.5,-106.130926442,155.22392827861));
#11290 = VECTOR('',#11291,1.);
#11291 = DIRECTION('',(0.,0.,1.));
#11292 = ORIENTED_EDGE('',*,*,#11293,.F.);
#11293 = EDGE_CURVE('',#11270,#11286,#11294,.T.);
#11294 = LINE('',#11295,#11296);
#11295 = CARTESIAN_POINT('',(108.5,-110.130926442,161.22392827861));
#11296 = VECTOR('',#11297,1.);
#11297 = DIRECTION('',(0.,1.,0.));
#11298 = PLANE('',#11299);
#11299 = AXIS2_PLACEMENT_3D('',#11300,#11301,#11302);
#11300 = CARTESIAN_POINT('',(108.5,-110.130926442,155.22392827861));
#11301 = DIRECTION('',(1.,0.,0.));
#11302 = DIRECTION('',(0.,0.,1.));
#11303 = ADVANCED_FACE('',(#11304),#11338,.T.);
#11304 = FACE_BOUND('',#11305,.T.);
#11305 = EDGE_LOOP('',(#11306,#11316,#11324,#11332));
#11306 = ORIENTED_EDGE('',*,*,#11307,.F.);
#11307 = EDGE_CURVE('',#11308,#11310,#11312,.T.);
#11308 = VERTEX_POINT('',#11309);
#11309 = CARTESIAN_POINT('',(113.5,-110.130926442,155.22392827861));
#11310 = VERTEX_POINT('',#11311);
#11311 = CARTESIAN_POINT('',(113.5,-110.130926442,161.22392827861));
#11312 = LINE('',#11313,#11314);
#11313 = CARTESIAN_POINT('',(113.5,-110.130926442,155.22392827861));
#11314 = VECTOR('',#11315,1.);
#11315 = DIRECTION('',(0.,0.,1.));
#11316 = ORIENTED_EDGE('',*,*,#11317,.T.);
#11317 = EDGE_CURVE('',#11308,#11318,#11320,.T.);
#11318 = VERTEX_POINT('',#11319);
#11319 = CARTESIAN_POINT('',(113.5,-106.130926442,155.22392827861));
#11320 = LINE('',#11321,#11322);
#11321 = CARTESIAN_POINT('',(113.5,-110.130926442,155.22392827861));
#11322 = VECTOR('',#11323,1.);
#11323 = DIRECTION('',(0.,1.,0.));
#11324 = ORIENTED_EDGE('',*,*,#11325,.T.);
#11325 = EDGE_CURVE('',#11318,#11326,#11328,.T.);
#11326 = VERTEX_POINT('',#11327);
#11327 = CARTESIAN_POINT('',(113.5,-106.130926442,161.22392827861));
#11328 = LINE('',#11329,#11330);
#11329 = CARTESIAN_POINT('',(113.5,-106.130926442,155.22392827861));
#11330 = VECTOR('',#11331,1.);
#11331 = DIRECTION('',(0.,0.,1.));
#11332 = ORIENTED_EDGE('',*,*,#11333,.F.);
#11333 = EDGE_CURVE('',#11310,#11326,#11334,.T.);
#11334 = LINE('',#11335,#11336);
#11335 = CARTESIAN_POINT('',(113.5,-110.130926442,161.22392827861));
#11336 = VECTOR('',#11337,1.);
#11337 = DIRECTION('',(0.,1.,0.));
#11338 = PLANE('',#11339);
#11339 = AXIS2_PLACEMENT_3D('',#11340,#11341,#11342);
#11340 = CARTESIAN_POINT('',(113.5,-110.130926442,155.22392827861));
#11341 = DIRECTION('',(1.,0.,0.));
#11342 = DIRECTION('',(0.,0.,1.));
#11343 = ADVANCED_FACE('',(#11344),#11360,.F.);
#11344 = FACE_BOUND('',#11345,.F.);
#11345 = EDGE_LOOP('',(#11346,#11352,#11353,#11359));
#11346 = ORIENTED_EDGE('',*,*,#11347,.F.);
#11347 = EDGE_CURVE('',#11268,#11308,#11348,.T.);
#11348 = LINE('',#11349,#11350);
#11349 = CARTESIAN_POINT('',(108.5,-110.130926442,155.22392827861));
#11350 = VECTOR('',#11351,1.);
#11351 = DIRECTION('',(1.,0.,0.));
#11352 = ORIENTED_EDGE('',*,*,#11267,.T.);
#11353 = ORIENTED_EDGE('',*,*,#11354,.T.);
#11354 = EDGE_CURVE('',#11270,#11310,#11355,.T.);
#11355 = LINE('',#11356,#11357);
#11356 = CARTESIAN_POINT('',(108.5,-110.130926442,161.22392827861));
#11357 = VECTOR('',#11358,1.);
#11358 = DIRECTION('',(1.,0.,0.));
#11359 = ORIENTED_EDGE('',*,*,#11307,.F.);
#11360 = PLANE('',#11361);
#11361 = AXIS2_PLACEMENT_3D('',#11362,#11363,#11364);
#11362 = CARTESIAN_POINT('',(108.5,-110.130926442,155.22392827861));
#11363 = DIRECTION('',(0.,1.,0.));
#11364 = DIRECTION('',(0.,0.,1.));
#11365 = ADVANCED_FACE('',(#11366),#11382,.T.);
#11366 = FACE_BOUND('',#11367,.T.);
#11367 = EDGE_LOOP('',(#11368,#11374,#11375,#11381));
#11368 = ORIENTED_EDGE('',*,*,#11369,.F.);
#11369 = EDGE_CURVE('',#11278,#11318,#11370,.T.);
#11370 = LINE('',#11371,#11372);
#11371 = CARTESIAN_POINT('',(108.5,-106.130926442,155.22392827861));
#11372 = VECTOR('',#11373,1.);
#11373 = DIRECTION('',(1.,0.,0.));
#11374 = ORIENTED_EDGE('',*,*,#11285,.T.);
#11375 = ORIENTED_EDGE('',*,*,#11376,.T.);
#11376 = EDGE_CURVE('',#11286,#11326,#11377,.T.);
#11377 = LINE('',#11378,#11379);
#11378 = CARTESIAN_POINT('',(108.5,-106.130926442,161.22392827861));
#11379 = VECTOR('',#11380,1.);
#11380 = DIRECTION('',(1.,0.,0.));
#11381 = ORIENTED_EDGE('',*,*,#11325,.F.);
#11382 = PLANE('',#11383);
#11383 = AXIS2_PLACEMENT_3D('',#11384,#11385,#11386);
#11384 = CARTESIAN_POINT('',(108.5,-106.130926442,155.22392827861));
#11385 = DIRECTION('',(0.,1.,0.));
#11386 = DIRECTION('',(0.,0.,1.));
#11387 = ADVANCED_FACE('',(#11388),#11394,.F.);
#11388 = FACE_BOUND('',#11389,.F.);
#11389 = EDGE_LOOP('',(#11390,#11391,#11392,#11393));
#11390 = ORIENTED_EDGE('',*,*,#11277,.F.);
#11391 = ORIENTED_EDGE('',*,*,#11347,.T.);
#11392 = ORIENTED_EDGE('',*,*,#11317,.T.);
#11393 = ORIENTED_EDGE('',*,*,#11369,.F.);
#11394 = PLANE('',#11395);
#11395 = AXIS2_PLACEMENT_3D('',#11396,#11397,#11398);
#11396 = CARTESIAN_POINT('',(108.5,-110.130926442,155.22392827861));
#11397 = DIRECTION('',(0.,0.,1.));
#11398 = DIRECTION('',(1.,0.,0.));
#11399 = ADVANCED_FACE('',(#11400),#11406,.T.);
#11400 = FACE_BOUND('',#11401,.T.);
#11401 = EDGE_LOOP('',(#11402,#11403,#11404,#11405));
#11402 = ORIENTED_EDGE('',*,*,#11293,.F.);
#11403 = ORIENTED_EDGE('',*,*,#11354,.T.);
#11404 = ORIENTED_EDGE('',*,*,#11333,.T.);
#11405 = ORIENTED_EDGE('',*,*,#11376,.F.);
#11406 = PLANE('',#11407);
#11407 = AXIS2_PLACEMENT_3D('',#11408,#11409,#11410);
#11408 = CARTESIAN_POINT('',(108.5,-110.130926442,161.22392827861));
#11409 = DIRECTION('',(0.,0.,1.));
#11410 = DIRECTION('',(1.,0.,0.));
#11411 = MANIFOLD_SOLID_BREP('',#11412);
#11412 = CLOSED_SHELL('',(#11413,#11453,#11493,#11515,#11537,#11549));
#11413 = ADVANCED_FACE('',(#11414),#11448,.F.);
#11414 = FACE_BOUND('',#11415,.F.);
#11415 = EDGE_LOOP('',(#11416,#11426,#11434,#11442));
#11416 = ORIENTED_EDGE('',*,*,#11417,.F.);
#11417 = EDGE_CURVE('',#11418,#11420,#11422,.T.);
#11418 = VERTEX_POINT('',#11419);
#11419 = CARTESIAN_POINT('',(108.5,-97.86086971395,156.9880961022));
#11420 = VERTEX_POINT('',#11421);
#11421 = CARTESIAN_POINT('',(108.5,-97.86086971395,162.9880961022));
#11422 = LINE('',#11423,#11424);
#11423 = CARTESIAN_POINT('',(108.5,-97.86086971395,156.9880961022));
#11424 = VECTOR('',#11425,1.);
#11425 = DIRECTION('',(0.,0.,1.));
#11426 = ORIENTED_EDGE('',*,*,#11427,.T.);
#11427 = EDGE_CURVE('',#11418,#11428,#11430,.T.);
#11428 = VERTEX_POINT('',#11429);
#11429 = CARTESIAN_POINT('',(108.5,-93.86086971395,156.9880961022));
#11430 = LINE('',#11431,#11432);
#11431 = CARTESIAN_POINT('',(108.5,-97.86086971395,156.9880961022));
#11432 = VECTOR('',#11433,1.);
#11433 = DIRECTION('',(0.,1.,0.));
#11434 = ORIENTED_EDGE('',*,*,#11435,.T.);
#11435 = EDGE_CURVE('',#11428,#11436,#11438,.T.);
#11436 = VERTEX_POINT('',#11437);
#11437 = CARTESIAN_POINT('',(108.5,-93.86086971395,162.9880961022));
#11438 = LINE('',#11439,#11440);
#11439 = CARTESIAN_POINT('',(108.5,-93.86086971395,156.9880961022));
#11440 = VECTOR('',#11441,1.);
#11441 = DIRECTION('',(0.,0.,1.));
#11442 = ORIENTED_EDGE('',*,*,#11443,.F.);
#11443 = EDGE_CURVE('',#11420,#11436,#11444,.T.);
#11444 = LINE('',#11445,#11446);
#11445 = CARTESIAN_POINT('',(108.5,-97.86086971395,162.9880961022));
#11446 = VECTOR('',#11447,1.);
#11447 = DIRECTION('',(0.,1.,0.));
#11448 = PLANE('',#11449);
#11449 = AXIS2_PLACEMENT_3D('',#11450,#11451,#11452);
#11450 = CARTESIAN_POINT('',(108.5,-97.86086971395,156.9880961022));
#11451 = DIRECTION('',(1.,0.,0.));
#11452 = DIRECTION('',(0.,0.,1.));
#11453 = ADVANCED_FACE('',(#11454),#11488,.T.);
#11454 = FACE_BOUND('',#11455,.T.);
#11455 = EDGE_LOOP('',(#11456,#11466,#11474,#11482));
#11456 = ORIENTED_EDGE('',*,*,#11457,.F.);
#11457 = EDGE_CURVE('',#11458,#11460,#11462,.T.);
#11458 = VERTEX_POINT('',#11459);
#11459 = CARTESIAN_POINT('',(113.5,-97.86086971395,156.9880961022));
#11460 = VERTEX_POINT('',#11461);
#11461 = CARTESIAN_POINT('',(113.5,-97.86086971395,162.9880961022));
#11462 = LINE('',#11463,#11464);
#11463 = CARTESIAN_POINT('',(113.5,-97.86086971395,156.9880961022));
#11464 = VECTOR('',#11465,1.);
#11465 = DIRECTION('',(0.,0.,1.));
#11466 = ORIENTED_EDGE('',*,*,#11467,.T.);
#11467 = EDGE_CURVE('',#11458,#11468,#11470,.T.);
#11468 = VERTEX_POINT('',#11469);
#11469 = CARTESIAN_POINT('',(113.5,-93.86086971395,156.9880961022));
#11470 = LINE('',#11471,#11472);
#11471 = CARTESIAN_POINT('',(113.5,-97.86086971395,156.9880961022));
#11472 = VECTOR('',#11473,1.);
#11473 = DIRECTION('',(0.,1.,0.));
#11474 = ORIENTED_EDGE('',*,*,#11475,.T.);
#11475 = EDGE_CURVE('',#11468,#11476,#11478,.T.);
#11476 = VERTEX_POINT('',#11477);
#11477 = CARTESIAN_POINT('',(113.5,-93.86086971395,162.9880961022));
#11478 = LINE('',#11479,#11480);
#11479 = CARTESIAN_POINT('',(113.5,-93.86086971395,156.9880961022));
#11480 = VECTOR('',#11481,1.);
#11481 = DIRECTION('',(0.,0.,1.));
#11482 = ORIENTED_EDGE('',*,*,#11483,.F.);
#11483 = EDGE_CURVE('',#11460,#11476,#11484,.T.);
#11484 = LINE('',#11485,#11486);
#11485 = CARTESIAN_POINT('',(113.5,-97.86086971395,162.9880961022));
#11486 = VECTOR('',#11487,1.);
#11487 = DIRECTION('',(0.,1.,0.));
#11488 = PLANE('',#11489);
#11489 = AXIS2_PLACEMENT_3D('',#11490,#11491,#11492);
#11490 = CARTESIAN_POINT('',(113.5,-97.86086971395,156.9880961022));
#11491 = DIRECTION('',(1.,0.,0.));
#11492 = DIRECTION('',(0.,0.,1.));
#11493 = ADVANCED_FACE('',(#11494),#11510,.F.);
#11494 = FACE_BOUND('',#11495,.F.);
#11495 = EDGE_LOOP('',(#11496,#11502,#11503,#11509));
#11496 = ORIENTED_EDGE('',*,*,#11497,.F.);
#11497 = EDGE_CURVE('',#11418,#11458,#11498,.T.);
#11498 = LINE('',#11499,#11500);
#11499 = CARTESIAN_POINT('',(108.5,-97.86086971395,156.9880961022));
#11500 = VECTOR('',#11501,1.);
#11501 = DIRECTION('',(1.,0.,0.));
#11502 = ORIENTED_EDGE('',*,*,#11417,.T.);
#11503 = ORIENTED_EDGE('',*,*,#11504,.T.);
#11504 = EDGE_CURVE('',#11420,#11460,#11505,.T.);
#11505 = LINE('',#11506,#11507);
#11506 = CARTESIAN_POINT('',(108.5,-97.86086971395,162.9880961022));
#11507 = VECTOR('',#11508,1.);
#11508 = DIRECTION('',(1.,0.,0.));
#11509 = ORIENTED_EDGE('',*,*,#11457,.F.);
#11510 = PLANE('',#11511);
#11511 = AXIS2_PLACEMENT_3D('',#11512,#11513,#11514);
#11512 = CARTESIAN_POINT('',(108.5,-97.86086971395,156.9880961022));
#11513 = DIRECTION('',(0.,1.,0.));
#11514 = DIRECTION('',(0.,0.,1.));
#11515 = ADVANCED_FACE('',(#11516),#11532,.T.);
#11516 = FACE_BOUND('',#11517,.T.);
#11517 = EDGE_LOOP('',(#11518,#11524,#11525,#11531));
#11518 = ORIENTED_EDGE('',*,*,#11519,.F.);
#11519 = EDGE_CURVE('',#11428,#11468,#11520,.T.);
#11520 = LINE('',#11521,#11522);
#11521 = CARTESIAN_POINT('',(108.5,-93.86086971395,156.9880961022));
#11522 = VECTOR('',#11523,1.);
#11523 = DIRECTION('',(1.,0.,0.));
#11524 = ORIENTED_EDGE('',*,*,#11435,.T.);
#11525 = ORIENTED_EDGE('',*,*,#11526,.T.);
#11526 = EDGE_CURVE('',#11436,#11476,#11527,.T.);
#11527 = LINE('',#11528,#11529);
#11528 = CARTESIAN_POINT('',(108.5,-93.86086971395,162.9880961022));
#11529 = VECTOR('',#11530,1.);
#11530 = DIRECTION('',(1.,0.,0.));
#11531 = ORIENTED_EDGE('',*,*,#11475,.F.);
#11532 = PLANE('',#11533);
#11533 = AXIS2_PLACEMENT_3D('',#11534,#11535,#11536);
#11534 = CARTESIAN_POINT('',(108.5,-93.86086971395,156.9880961022));
#11535 = DIRECTION('',(0.,1.,0.));
#11536 = DIRECTION('',(0.,0.,1.));
#11537 = ADVANCED_FACE('',(#11538),#11544,.F.);
#11538 = FACE_BOUND('',#11539,.F.);
#11539 = EDGE_LOOP('',(#11540,#11541,#11542,#11543));
#11540 = ORIENTED_EDGE('',*,*,#11427,.F.);
#11541 = ORIENTED_EDGE('',*,*,#11497,.T.);
#11542 = ORIENTED_EDGE('',*,*,#11467,.T.);
#11543 = ORIENTED_EDGE('',*,*,#11519,.F.);
#11544 = PLANE('',#11545);
#11545 = AXIS2_PLACEMENT_3D('',#11546,#11547,#11548);
#11546 = CARTESIAN_POINT('',(108.5,-97.86086971395,156.9880961022));
#11547 = DIRECTION('',(0.,0.,1.));
#11548 = DIRECTION('',(1.,0.,0.));
#11549 = ADVANCED_FACE('',(#11550),#11556,.T.);
#11550 = FACE_BOUND('',#11551,.T.);
#11551 = EDGE_LOOP('',(#11552,#11553,#11554,#11555));
#11552 = ORIENTED_EDGE('',*,*,#11443,.F.);
#11553 = ORIENTED_EDGE('',*,*,#11504,.T.);
#11554 = ORIENTED_EDGE('',*,*,#11483,.T.);
#11555 = ORIENTED_EDGE('',*,*,#11526,.F.);
#11556 = PLANE('',#11557);
#11557 = AXIS2_PLACEMENT_3D('',#11558,#11559,#11560);
#11558 = CARTESIAN_POINT('',(108.5,-97.86086971395,162.9880961022));
#11559 = DIRECTION('',(0.,0.,1.));
#11560 = DIRECTION('',(1.,0.,0.));
#11561 = MANIFOLD_SOLID_BREP('',#11562);
#11562 = CLOSED_SHELL('',(#11563,#11603,#11643,#11665,#11687,#11699));
#11563 = ADVANCED_FACE('',(#11564),#11598,.F.);
#11564 = FACE_BOUND('',#11565,.F.);
#11565 = EDGE_LOOP('',(#11566,#11576,#11584,#11592));
#11566 = ORIENTED_EDGE('',*,*,#11567,.F.);
#11567 = EDGE_CURVE('',#11568,#11570,#11572,.T.);
#11568 = VERTEX_POINT('',#11569);
#11569 = CARTESIAN_POINT('',(108.5,-88.49242227771,165.10590201597));
#11570 = VERTEX_POINT('',#11571);
#11571 = CARTESIAN_POINT('',(108.5,-88.49242227771,171.10590201597));
#11572 = LINE('',#11573,#11574);
#11573 = CARTESIAN_POINT('',(108.5,-88.49242227771,165.10590201597));
#11574 = VECTOR('',#11575,1.);
#11575 = DIRECTION('',(0.,0.,1.));
#11576 = ORIENTED_EDGE('',*,*,#11577,.T.);
#11577 = EDGE_CURVE('',#11568,#11578,#11580,.T.);
#11578 = VERTEX_POINT('',#11579);
#11579 = CARTESIAN_POINT('',(108.5,-84.49242227771,165.10590201597));
#11580 = LINE('',#11581,#11582);
#11581 = CARTESIAN_POINT('',(108.5,-88.49242227771,165.10590201597));
#11582 = VECTOR('',#11583,1.);
#11583 = DIRECTION('',(0.,1.,0.));
#11584 = ORIENTED_EDGE('',*,*,#11585,.T.);
#11585 = EDGE_CURVE('',#11578,#11586,#11588,.T.);
#11586 = VERTEX_POINT('',#11587);
#11587 = CARTESIAN_POINT('',(108.5,-84.49242227771,171.10590201597));
#11588 = LINE('',#11589,#11590);
#11589 = CARTESIAN_POINT('',(108.5,-84.49242227771,165.10590201597));
#11590 = VECTOR('',#11591,1.);
#11591 = DIRECTION('',(0.,0.,1.));
#11592 = ORIENTED_EDGE('',*,*,#11593,.F.);
#11593 = EDGE_CURVE('',#11570,#11586,#11594,.T.);
#11594 = LINE('',#11595,#11596);
#11595 = CARTESIAN_POINT('',(108.5,-88.49242227771,171.10590201597));
#11596 = VECTOR('',#11597,1.);
#11597 = DIRECTION('',(0.,1.,0.));
#11598 = PLANE('',#11599);
#11599 = AXIS2_PLACEMENT_3D('',#11600,#11601,#11602);
#11600 = CARTESIAN_POINT('',(108.5,-88.49242227771,165.10590201597));
#11601 = DIRECTION('',(1.,0.,0.));
#11602 = DIRECTION('',(0.,0.,1.));
#11603 = ADVANCED_FACE('',(#11604),#11638,.T.);
#11604 = FACE_BOUND('',#11605,.T.);
#11605 = EDGE_LOOP('',(#11606,#11616,#11624,#11632));
#11606 = ORIENTED_EDGE('',*,*,#11607,.F.);
#11607 = EDGE_CURVE('',#11608,#11610,#11612,.T.);
#11608 = VERTEX_POINT('',#11609);
#11609 = CARTESIAN_POINT('',(113.5,-88.49242227771,165.10590201597));
#11610 = VERTEX_POINT('',#11611);
#11611 = CARTESIAN_POINT('',(113.5,-88.49242227771,171.10590201597));
#11612 = LINE('',#11613,#11614);
#11613 = CARTESIAN_POINT('',(113.5,-88.49242227771,165.10590201597));
#11614 = VECTOR('',#11615,1.);
#11615 = DIRECTION('',(0.,0.,1.));
#11616 = ORIENTED_EDGE('',*,*,#11617,.T.);
#11617 = EDGE_CURVE('',#11608,#11618,#11620,.T.);
#11618 = VERTEX_POINT('',#11619);
#11619 = CARTESIAN_POINT('',(113.5,-84.49242227771,165.10590201597));
#11620 = LINE('',#11621,#11622);
#11621 = CARTESIAN_POINT('',(113.5,-88.49242227771,165.10590201597));
#11622 = VECTOR('',#11623,1.);
#11623 = DIRECTION('',(0.,1.,0.));
#11624 = ORIENTED_EDGE('',*,*,#11625,.T.);
#11625 = EDGE_CURVE('',#11618,#11626,#11628,.T.);
#11626 = VERTEX_POINT('',#11627);
#11627 = CARTESIAN_POINT('',(113.5,-84.49242227771,171.10590201597));
#11628 = LINE('',#11629,#11630);
#11629 = CARTESIAN_POINT('',(113.5,-84.49242227771,165.10590201597));
#11630 = VECTOR('',#11631,1.);
#11631 = DIRECTION('',(0.,0.,1.));
#11632 = ORIENTED_EDGE('',*,*,#11633,.F.);
#11633 = EDGE_CURVE('',#11610,#11626,#11634,.T.);
#11634 = LINE('',#11635,#11636);
#11635 = CARTESIAN_POINT('',(113.5,-88.49242227771,171.10590201597));
#11636 = VECTOR('',#11637,1.);
#11637 = DIRECTION('',(0.,1.,0.));
#11638 = PLANE('',#11639);
#11639 = AXIS2_PLACEMENT_3D('',#11640,#11641,#11642);
#11640 = CARTESIAN_POINT('',(113.5,-88.49242227771,165.10590201597));
#11641 = DIRECTION('',(1.,0.,0.));
#11642 = DIRECTION('',(0.,0.,1.));
#11643 = ADVANCED_FACE('',(#11644),#11660,.F.);
#11644 = FACE_BOUND('',#11645,.F.);
#11645 = EDGE_LOOP('',(#11646,#11652,#11653,#11659));
#11646 = ORIENTED_EDGE('',*,*,#11647,.F.);
#11647 = EDGE_CURVE('',#11568,#11608,#11648,.T.);
#11648 = LINE('',#11649,#11650);
#11649 = CARTESIAN_POINT('',(108.5,-88.49242227771,165.10590201597));
#11650 = VECTOR('',#11651,1.);
#11651 = DIRECTION('',(1.,0.,0.));
#11652 = ORIENTED_EDGE('',*,*,#11567,.T.);
#11653 = ORIENTED_EDGE('',*,*,#11654,.T.);
#11654 = EDGE_CURVE('',#11570,#11610,#11655,.T.);
#11655 = LINE('',#11656,#11657);
#11656 = CARTESIAN_POINT('',(108.5,-88.49242227771,171.10590201597));
#11657 = VECTOR('',#11658,1.);
#11658 = DIRECTION('',(1.,0.,0.));
#11659 = ORIENTED_EDGE('',*,*,#11607,.F.);
#11660 = PLANE('',#11661);
#11661 = AXIS2_PLACEMENT_3D('',#11662,#11663,#11664);
#11662 = CARTESIAN_POINT('',(108.5,-88.49242227771,165.10590201597));
#11663 = DIRECTION('',(0.,1.,0.));
#11664 = DIRECTION('',(0.,0.,1.));
#11665 = ADVANCED_FACE('',(#11666),#11682,.T.);
#11666 = FACE_BOUND('',#11667,.T.);
#11667 = EDGE_LOOP('',(#11668,#11674,#11675,#11681));
#11668 = ORIENTED_EDGE('',*,*,#11669,.F.);
#11669 = EDGE_CURVE('',#11578,#11618,#11670,.T.);
#11670 = LINE('',#11671,#11672);
#11671 = CARTESIAN_POINT('',(108.5,-84.49242227771,165.10590201597));
#11672 = VECTOR('',#11673,1.);
#11673 = DIRECTION('',(1.,0.,0.));
#11674 = ORIENTED_EDGE('',*,*,#11585,.T.);
#11675 = ORIENTED_EDGE('',*,*,#11676,.T.);
#11676 = EDGE_CURVE('',#11586,#11626,#11677,.T.);
#11677 = LINE('',#11678,#11679);
#11678 = CARTESIAN_POINT('',(108.5,-84.49242227771,171.10590201597));
#11679 = VECTOR('',#11680,1.);
#11680 = DIRECTION('',(1.,0.,0.));
#11681 = ORIENTED_EDGE('',*,*,#11625,.F.);
#11682 = PLANE('',#11683);
#11683 = AXIS2_PLACEMENT_3D('',#11684,#11685,#11686);
#11684 = CARTESIAN_POINT('',(108.5,-84.49242227771,165.10590201597));
#11685 = DIRECTION('',(0.,1.,0.));
#11686 = DIRECTION('',(0.,0.,1.));
#11687 = ADVANCED_FACE('',(#11688),#11694,.F.);
#11688 = FACE_BOUND('',#11689,.F.);
#11689 = EDGE_LOOP('',(#11690,#11691,#11692,#11693));
#11690 = ORIENTED_EDGE('',*,*,#11577,.F.);
#11691 = ORIENTED_EDGE('',*,*,#11647,.T.);
#11692 = ORIENTED_EDGE('',*,*,#11617,.T.);
#11693 = ORIENTED_EDGE('',*,*,#11669,.F.);
#11694 = PLANE('',#11695);
#11695 = AXIS2_PLACEMENT_3D('',#11696,#11697,#11698);
#11696 = CARTESIAN_POINT('',(108.5,-88.49242227771,165.10590201597));
#11697 = DIRECTION('',(0.,0.,1.));
#11698 = DIRECTION('',(1.,0.,0.));
#11699 = ADVANCED_FACE('',(#11700),#11706,.T.);
#11700 = FACE_BOUND('',#11701,.T.);
#11701 = EDGE_LOOP('',(#11702,#11703,#11704,#11705));
#11702 = ORIENTED_EDGE('',*,*,#11593,.F.);
#11703 = ORIENTED_EDGE('',*,*,#11654,.T.);
#11704 = ORIENTED_EDGE('',*,*,#11633,.T.);
#11705 = ORIENTED_EDGE('',*,*,#11676,.F.);
#11706 = PLANE('',#11707);
#11707 = AXIS2_PLACEMENT_3D('',#11708,#11709,#11710);
#11708 = CARTESIAN_POINT('',(108.5,-88.49242227771,171.10590201597));
#11709 = DIRECTION('',(0.,0.,1.));
#11710 = DIRECTION('',(1.,0.,0.));
#11711 = MANIFOLD_SOLID_BREP('',#11712);
#11712 = CLOSED_SHELL('',(#11713,#11753,#11793,#11815,#11837,#11849));
#11713 = ADVANCED_FACE('',(#11714),#11748,.F.);
#11714 = FACE_BOUND('',#11715,.F.);
#11715 = EDGE_LOOP('',(#11716,#11726,#11734,#11742));
#11716 = ORIENTED_EDGE('',*,*,#11717,.F.);
#11717 = EDGE_CURVE('',#11718,#11720,#11722,.T.);
#11718 = VERTEX_POINT('',#11719);
#11719 = CARTESIAN_POINT('',(66.,-147.5,147.5));
#11720 = VERTEX_POINT('',#11721);
#11721 = CARTESIAN_POINT('',(66.,-147.5,212.5));
#11722 = LINE('',#11723,#11724);
#11723 = CARTESIAN_POINT('',(66.,-147.5,147.5));
#11724 = VECTOR('',#11725,1.);
#11725 = DIRECTION('',(0.,0.,1.));
#11726 = ORIENTED_EDGE('',*,*,#11727,.T.);
#11727 = EDGE_CURVE('',#11718,#11728,#11730,.T.);
#11728 = VERTEX_POINT('',#11729);
#11729 = CARTESIAN_POINT('',(66.,-62.5,147.5));
#11730 = LINE('',#11731,#11732);
#11731 = CARTESIAN_POINT('',(66.,-147.5,147.5));
#11732 = VECTOR('',#11733,1.);
#11733 = DIRECTION('',(0.,1.,0.));
#11734 = ORIENTED_EDGE('',*,*,#11735,.T.);
#11735 = EDGE_CURVE('',#11728,#11736,#11738,.T.);
#11736 = VERTEX_POINT('',#11737);
#11737 = CARTESIAN_POINT('',(66.,-62.5,212.5));
#11738 = LINE('',#11739,#11740);
#11739 = CARTESIAN_POINT('',(66.,-62.5,147.5));
#11740 = VECTOR('',#11741,1.);
#11741 = DIRECTION('',(0.,0.,1.));
#11742 = ORIENTED_EDGE('',*,*,#11743,.F.);
#11743 = EDGE_CURVE('',#11720,#11736,#11744,.T.);
#11744 = LINE('',#11745,#11746);
#11745 = CARTESIAN_POINT('',(66.,-147.5,212.5));
#11746 = VECTOR('',#11747,1.);
#11747 = DIRECTION('',(0.,1.,0.));
#11748 = PLANE('',#11749);
#11749 = AXIS2_PLACEMENT_3D('',#11750,#11751,#11752);
#11750 = CARTESIAN_POINT('',(66.,-147.5,147.5));
#11751 = DIRECTION('',(1.,0.,0.));
#11752 = DIRECTION('',(0.,0.,1.));
#11753 = ADVANCED_FACE('',(#11754),#11788,.T.);
#11754 = FACE_BOUND('',#11755,.T.);
#11755 = EDGE_LOOP('',(#11756,#11766,#11774,#11782));
#11756 = ORIENTED_EDGE('',*,*,#11757,.F.);
#11757 = EDGE_CURVE('',#11758,#11760,#11762,.T.);
#11758 = VERTEX_POINT('',#11759);
#11759 = CARTESIAN_POINT('',(74.,-147.5,147.5));
#11760 = VERTEX_POINT('',#11761);
#11761 = CARTESIAN_POINT('',(74.,-147.5,212.5));
#11762 = LINE('',#11763,#11764);
#11763 = CARTESIAN_POINT('',(74.,-147.5,147.5));
#11764 = VECTOR('',#11765,1.);
#11765 = DIRECTION('',(0.,0.,1.));
#11766 = ORIENTED_EDGE('',*,*,#11767,.T.);
#11767 = EDGE_CURVE('',#11758,#11768,#11770,.T.);
#11768 = VERTEX_POINT('',#11769);
#11769 = CARTESIAN_POINT('',(74.,-62.5,147.5));
#11770 = LINE('',#11771,#11772);
#11771 = CARTESIAN_POINT('',(74.,-147.5,147.5));
#11772 = VECTOR('',#11773,1.);
#11773 = DIRECTION('',(0.,1.,0.));
#11774 = ORIENTED_EDGE('',*,*,#11775,.T.);
#11775 = EDGE_CURVE('',#11768,#11776,#11778,.T.);
#11776 = VERTEX_POINT('',#11777);
#11777 = CARTESIAN_POINT('',(74.,-62.5,212.5));
#11778 = LINE('',#11779,#11780);
#11779 = CARTESIAN_POINT('',(74.,-62.5,147.5));
#11780 = VECTOR('',#11781,1.);
#11781 = DIRECTION('',(0.,0.,1.));
#11782 = ORIENTED_EDGE('',*,*,#11783,.F.);
#11783 = EDGE_CURVE('',#11760,#11776,#11784,.T.);
#11784 = LINE('',#11785,#11786);
#11785 = CARTESIAN_POINT('',(74.,-147.5,212.5));
#11786 = VECTOR('',#11787,1.);
#11787 = DIRECTION('',(0.,1.,0.));
#11788 = PLANE('',#11789);
#11789 = AXIS2_PLACEMENT_3D('',#11790,#11791,#11792);
#11790 = CARTESIAN_POINT('',(74.,-147.5,147.5));
#11791 = DIRECTION('',(1.,0.,0.));
#11792 = DIRECTION('',(0.,0.,1.));
#11793 = ADVANCED_FACE('',(#11794),#11810,.F.);
#11794 = FACE_BOUND('',#11795,.F.);
#11795 = EDGE_LOOP('',(#11796,#11802,#11803,#11809));
#11796 = ORIENTED_EDGE('',*,*,#11797,.F.);
#11797 = EDGE_CURVE('',#11718,#11758,#11798,.T.);
#11798 = LINE('',#11799,#11800);
#11799 = CARTESIAN_POINT('',(66.,-147.5,147.5));
#11800 = VECTOR('',#11801,1.);
#11801 = DIRECTION('',(1.,0.,0.));
#11802 = ORIENTED_EDGE('',*,*,#11717,.T.);
#11803 = ORIENTED_EDGE('',*,*,#11804,.T.);
#11804 = EDGE_CURVE('',#11720,#11760,#11805,.T.);
#11805 = LINE('',#11806,#11807);
#11806 = CARTESIAN_POINT('',(66.,-147.5,212.5));
#11807 = VECTOR('',#11808,1.);
#11808 = DIRECTION('',(1.,0.,0.));
#11809 = ORIENTED_EDGE('',*,*,#11757,.F.);
#11810 = PLANE('',#11811);
#11811 = AXIS2_PLACEMENT_3D('',#11812,#11813,#11814);
#11812 = CARTESIAN_POINT('',(66.,-147.5,147.5));
#11813 = DIRECTION('',(0.,1.,0.));
#11814 = DIRECTION('',(0.,0.,1.));
#11815 = ADVANCED_FACE('',(#11816),#11832,.T.);
#11816 = FACE_BOUND('',#11817,.T.);
#11817 = EDGE_LOOP('',(#11818,#11824,#11825,#11831));
#11818 = ORIENTED_EDGE('',*,*,#11819,.F.);
#11819 = EDGE_CURVE('',#11728,#11768,#11820,.T.);
#11820 = LINE('',#11821,#11822);
#11821 = CARTESIAN_POINT('',(66.,-62.5,147.5));
#11822 = VECTOR('',#11823,1.);
#11823 = DIRECTION('',(1.,0.,0.));
#11824 = ORIENTED_EDGE('',*,*,#11735,.T.);
#11825 = ORIENTED_EDGE('',*,*,#11826,.T.);
#11826 = EDGE_CURVE('',#11736,#11776,#11827,.T.);
#11827 = LINE('',#11828,#11829);
#11828 = CARTESIAN_POINT('',(66.,-62.5,212.5));
#11829 = VECTOR('',#11830,1.);
#11830 = DIRECTION('',(1.,0.,0.));
#11831 = ORIENTED_EDGE('',*,*,#11775,.F.);
#11832 = PLANE('',#11833);
#11833 = AXIS2_PLACEMENT_3D('',#11834,#11835,#11836);
#11834 = CARTESIAN_POINT('',(66.,-62.5,147.5));
#11835 = DIRECTION('',(0.,1.,0.));
#11836 = DIRECTION('',(0.,0.,1.));
#11837 = ADVANCED_FACE('',(#11838),#11844,.F.);
#11838 = FACE_BOUND('',#11839,.F.);
#11839 = EDGE_LOOP('',(#11840,#11841,#11842,#11843));
#11840 = ORIENTED_EDGE('',*,*,#11727,.F.);
#11841 = ORIENTED_EDGE('',*,*,#11797,.T.);
#11842 = ORIENTED_EDGE('',*,*,#11767,.T.);
#11843 = ORIENTED_EDGE('',*,*,#11819,.F.);
#11844 = PLANE('',#11845);
#11845 = AXIS2_PLACEMENT_3D('',#11846,#11847,#11848);
#11846 = CARTESIAN_POINT('',(66.,-147.5,147.5));
#11847 = DIRECTION('',(0.,0.,1.));
#11848 = DIRECTION('',(1.,0.,0.));
#11849 = ADVANCED_FACE('',(#11850),#11856,.T.);
#11850 = FACE_BOUND('',#11851,.T.);
#11851 = EDGE_LOOP('',(#11852,#11853,#11854,#11855));
#11852 = ORIENTED_EDGE('',*,*,#11743,.F.);
#11853 = ORIENTED_EDGE('',*,*,#11804,.T.);
#11854 = ORIENTED_EDGE('',*,*,#11783,.T.);
#11855 = ORIENTED_EDGE('',*,*,#11826,.F.);
#11856 = PLANE('',#11857);
#11857 = AXIS2_PLACEMENT_3D('',#11858,#11859,#11860);
#11858 = CARTESIAN_POINT('',(66.,-147.5,212.5));
#11859 = DIRECTION('',(0.,0.,1.));
#11860 = DIRECTION('',(1.,0.,0.));
#11861 = MANIFOLD_SOLID_BREP('',#11862);
#11862 = CLOSED_SHELL('',(#11863,#11896,#11905));
#11863 = ADVANCED_FACE('',(#11864),#11891,.T.);
#11864 = FACE_BOUND('',#11865,.T.);
#11865 = EDGE_LOOP('',(#11866,#11875,#11883,#11890));
#11866 = ORIENTED_EDGE('',*,*,#11867,.F.);
#11867 = EDGE_CURVE('',#11868,#11868,#11870,.T.);
#11868 = VERTEX_POINT('',#11869);
#11869 = CARTESIAN_POINT('',(-259.425272722,-0.612763392084,
    345.29026209624));
#11870 = CIRCLE('',#11871,3.5);
#11871 = AXIS2_PLACEMENT_3D('',#11872,#11873,#11874);
#11872 = CARTESIAN_POINT('',(-262.,0.,343.));
#11873 = DIRECTION('',(-0.654360598926,-0.433351390017,0.619692487725));
#11874 = DIRECTION('',(0.73563636513,-0.175075254881,0.654360598926));
#11875 = ORIENTED_EDGE('',*,*,#11876,.F.);
#11876 = EDGE_CURVE('',#11877,#11868,#11879,.T.);
#11877 = VERTEX_POINT('',#11878);
#11878 = CARTESIAN_POINT('',(-108.425272722,99.387236607916,
    202.29026209624));
#11879 = LINE('',#11880,#11881);
#11880 = CARTESIAN_POINT('',(-108.425272722,99.387236607916,
    202.29026209624));
#11881 = VECTOR('',#11882,1.);
#11882 = DIRECTION('',(-0.654360598926,-0.433351390017,0.619692487725));
#11883 = ORIENTED_EDGE('',*,*,#11884,.T.);
#11884 = EDGE_CURVE('',#11877,#11877,#11885,.T.);
#11885 = CIRCLE('',#11886,3.5);
#11886 = AXIS2_PLACEMENT_3D('',#11887,#11888,#11889);
#11887 = CARTESIAN_POINT('',(-111.,100.,200.));
#11888 = DIRECTION('',(-0.654360598926,-0.433351390017,0.619692487725));
#11889 = DIRECTION('',(0.73563636513,-0.175075254881,0.654360598926));
#11890 = ORIENTED_EDGE('',*,*,#11876,.T.);
#11891 = CYLINDRICAL_SURFACE('',#11892,3.5);
#11892 = AXIS2_PLACEMENT_3D('',#11893,#11894,#11895);
#11893 = CARTESIAN_POINT('',(-111.,100.,200.));
#11894 = DIRECTION('',(-0.654360598926,-0.433351390017,0.619692487725));
#11895 = DIRECTION('',(0.73563636513,-0.175075254881,0.654360598926));
#11896 = ADVANCED_FACE('',(#11897),#11900,.T.);
#11897 = FACE_BOUND('',#11898,.T.);
#11898 = EDGE_LOOP('',(#11899));
#11899 = ORIENTED_EDGE('',*,*,#11867,.T.);
#11900 = PLANE('',#11901);
#11901 = AXIS2_PLACEMENT_3D('',#11902,#11903,#11904);
#11902 = CARTESIAN_POINT('',(-262.,0.,343.));
#11903 = DIRECTION('',(-0.654360598926,-0.433351390017,0.619692487725));
#11904 = DIRECTION('',(0.73563636513,-0.175075254881,0.654360598926));
#11905 = ADVANCED_FACE('',(#11906),#11909,.F.);
#11906 = FACE_BOUND('',#11907,.T.);
#11907 = EDGE_LOOP('',(#11908));
#11908 = ORIENTED_EDGE('',*,*,#11884,.F.);
#11909 = PLANE('',#11910);
#11910 = AXIS2_PLACEMENT_3D('',#11911,#11912,#11913);
#11911 = CARTESIAN_POINT('',(-111.,100.,200.));
#11912 = DIRECTION('',(-0.654360598926,-0.433351390017,0.619692487725));
#11913 = DIRECTION('',(0.73563636513,-0.175075254881,0.654360598926));
#11914 = MANIFOLD_SOLID_BREP('',#11915);
#11915 = CLOSED_SHELL('',(#11916,#11949,#11958));
#11916 = ADVANCED_FACE('',(#11917),#11944,.T.);
#11917 = FACE_BOUND('',#11918,.T.);
#11918 = EDGE_LOOP('',(#11919,#11928,#11936,#11943));
#11919 = ORIENTED_EDGE('',*,*,#11920,.F.);
#11920 = EDGE_CURVE('',#11921,#11921,#11923,.T.);
#11921 = VERTEX_POINT('',#11922);
#11922 = CARTESIAN_POINT('',(-259.6954115255,-0.791663261923,
    269.51239750894));
#11923 = CIRCLE('',#11924,3.5);
#11924 = AXIS2_PLACEMENT_3D('',#11925,#11926,#11927);
#11925 = CARTESIAN_POINT('',(-262.,1.42108547152E-14,267.));
#11926 = DIRECTION('',(-0.717827859698,-0.475382688542,0.508659476739));
#11927 = DIRECTION('',(0.658453849856,-0.226189503406,0.717827859698));
#11928 = ORIENTED_EDGE('',*,*,#11929,.F.);
#11929 = EDGE_CURVE('',#11930,#11921,#11932,.T.);
#11930 = VERTEX_POINT('',#11931);
#11931 = CARTESIAN_POINT('',(-108.6954115255,99.208336738077,
    162.51239750894));
#11932 = LINE('',#11933,#11934);
#11933 = CARTESIAN_POINT('',(-108.6954115255,99.208336738077,
    162.51239750894));
#11934 = VECTOR('',#11935,1.);
#11935 = DIRECTION('',(-0.717827859698,-0.475382688542,0.508659476739));
#11936 = ORIENTED_EDGE('',*,*,#11937,.T.);
#11937 = EDGE_CURVE('',#11930,#11930,#11938,.T.);
#11938 = CIRCLE('',#11939,3.5);
#11939 = AXIS2_PLACEMENT_3D('',#11940,#11941,#11942);
#11940 = CARTESIAN_POINT('',(-111.,100.,160.));
#11941 = DIRECTION('',(-0.717827859698,-0.475382688542,0.508659476739));
#11942 = DIRECTION('',(0.658453849856,-0.226189503406,0.717827859698));
#11943 = ORIENTED_EDGE('',*,*,#11929,.T.);
#11944 = CYLINDRICAL_SURFACE('',#11945,3.5);
#11945 = AXIS2_PLACEMENT_3D('',#11946,#11947,#11948);
#11946 = CARTESIAN_POINT('',(-111.,100.,160.));
#11947 = DIRECTION('',(-0.717827859698,-0.475382688542,0.508659476739));
#11948 = DIRECTION('',(0.658453849856,-0.226189503406,0.717827859698));
#11949 = ADVANCED_FACE('',(#11950),#11953,.T.);
#11950 = FACE_BOUND('',#11951,.T.);
#11951 = EDGE_LOOP('',(#11952));
#11952 = ORIENTED_EDGE('',*,*,#11920,.T.);
#11953 = PLANE('',#11954);
#11954 = AXIS2_PLACEMENT_3D('',#11955,#11956,#11957);
#11955 = CARTESIAN_POINT('',(-262.,1.42108547152E-14,267.));
#11956 = DIRECTION('',(-0.717827859698,-0.475382688542,0.508659476739));
#11957 = DIRECTION('',(0.658453849856,-0.226189503406,0.717827859698));
#11958 = ADVANCED_FACE('',(#11959),#11962,.F.);
#11959 = FACE_BOUND('',#11960,.T.);
#11960 = EDGE_LOOP('',(#11961));
#11961 = ORIENTED_EDGE('',*,*,#11937,.F.);
#11962 = PLANE('',#11963);
#11963 = AXIS2_PLACEMENT_3D('',#11964,#11965,#11966);
#11964 = CARTESIAN_POINT('',(-111.,100.,160.));
#11965 = DIRECTION('',(-0.717827859698,-0.475382688542,0.508659476739));
#11966 = DIRECTION('',(0.658453849856,-0.226189503406,0.717827859698));
#11967 = MANIFOLD_SOLID_BREP('',#11968);
#11968 = CLOSED_SHELL('',(#11969,#12002,#12011));
#11969 = ADVANCED_FACE('',(#11970),#11997,.T.);
#11970 = FACE_BOUND('',#11971,.T.);
#11971 = EDGE_LOOP('',(#11972,#11981,#11989,#11996));
#11972 = ORIENTED_EDGE('',*,*,#11973,.F.);
#11973 = EDGE_CURVE('',#11974,#11974,#11976,.T.);
#11974 = VERTEX_POINT('',#11975);
#11975 = CARTESIAN_POINT('',(-182.5,50.,239.5));
#11976 = CIRCLE('',#11977,12.);
#11977 = AXIS2_PLACEMENT_3D('',#11978,#11979,#11980);
#11978 = CARTESIAN_POINT('',(-182.5,50.,227.5));
#11979 = DIRECTION('',(1.,0.,-0.));
#11980 = DIRECTION('',(0.,0.,1.));
#11981 = ORIENTED_EDGE('',*,*,#11982,.F.);
#11982 = EDGE_CURVE('',#11983,#11974,#11985,.T.);
#11983 = VERTEX_POINT('',#11984);
#11984 = CARTESIAN_POINT('',(-190.5,50.,239.5));
#11985 = LINE('',#11986,#11987);
#11986 = CARTESIAN_POINT('',(-190.5,50.,239.5));
#11987 = VECTOR('',#11988,1.);
#11988 = DIRECTION('',(1.,0.,0.));
#11989 = ORIENTED_EDGE('',*,*,#11990,.T.);
#11990 = EDGE_CURVE('',#11983,#11983,#11991,.T.);
#11991 = CIRCLE('',#11992,12.);
#11992 = AXIS2_PLACEMENT_3D('',#11993,#11994,#11995);
#11993 = CARTESIAN_POINT('',(-190.5,50.,227.5));
#11994 = DIRECTION('',(1.,0.,-0.));
#11995 = DIRECTION('',(0.,0.,1.));
#11996 = ORIENTED_EDGE('',*,*,#11982,.T.);
#11997 = CYLINDRICAL_SURFACE('',#11998,12.);
#11998 = AXIS2_PLACEMENT_3D('',#11999,#12000,#12001);
#11999 = CARTESIAN_POINT('',(-190.5,50.,227.5));
#12000 = DIRECTION('',(1.,0.,0.));
#12001 = DIRECTION('',(0.,0.,1.));
#12002 = ADVANCED_FACE('',(#12003),#12006,.T.);
#12003 = FACE_BOUND('',#12004,.T.);
#12004 = EDGE_LOOP('',(#12005));
#12005 = ORIENTED_EDGE('',*,*,#11973,.T.);
#12006 = PLANE('',#12007);
#12007 = AXIS2_PLACEMENT_3D('',#12008,#12009,#12010);
#12008 = CARTESIAN_POINT('',(-182.5,50.,227.5));
#12009 = DIRECTION('',(1.,0.,0.));
#12010 = DIRECTION('',(0.,0.,1.));
#12011 = ADVANCED_FACE('',(#12012),#12015,.F.);
#12012 = FACE_BOUND('',#12013,.T.);
#12013 = EDGE_LOOP('',(#12014));
#12014 = ORIENTED_EDGE('',*,*,#11990,.F.);
#12015 = PLANE('',#12016);
#12016 = AXIS2_PLACEMENT_3D('',#12017,#12018,#12019);
#12017 = CARTESIAN_POINT('',(-190.5,50.,227.5));
#12018 = DIRECTION('',(1.,0.,0.));
#12019 = DIRECTION('',(0.,0.,1.));
#12020 = MANIFOLD_SOLID_BREP('',#12021);
#12021 = CLOSED_SHELL('',(#12022,#12055,#12064));
#12022 = ADVANCED_FACE('',(#12023),#12050,.T.);
#12023 = FACE_BOUND('',#12024,.T.);
#12024 = EDGE_LOOP('',(#12025,#12034,#12042,#12049));
#12025 = ORIENTED_EDGE('',*,*,#12026,.F.);
#12026 = EDGE_CURVE('',#12027,#12027,#12029,.T.);
#12027 = VERTEX_POINT('',#12028);
#12028 = CARTESIAN_POINT('',(264.58889405109,-0.633550494274,
    340.73146713415));
#12029 = CIRCLE('',#12030,3.5);
#12030 = AXIS2_PLACEMENT_3D('',#12031,#12032,#12033);
#12031 = CARTESIAN_POINT('',(262.,1.42108547152E-14,343.));
#12032 = DIRECTION('',(0.648152247385,0.450701893877,0.61381305547));
#12033 = DIRECTION('',(0.739684014598,-0.181014426935,-0.648152247385));
#12034 = ORIENTED_EDGE('',*,*,#12035,.F.);
#12035 = EDGE_CURVE('',#12036,#12027,#12038,.T.);
#12036 = VERTEX_POINT('',#12037);
#12037 = CARTESIAN_POINT('',(113.58889405109,-105.6335504942,
    197.73146713415));
#12038 = LINE('',#12039,#12040);
#12039 = CARTESIAN_POINT('',(113.58889405109,-105.6335504942,
    197.73146713415));
#12040 = VECTOR('',#12041,1.);
#12041 = DIRECTION('',(0.648152247385,0.450701893877,0.61381305547));
#12042 = ORIENTED_EDGE('',*,*,#12043,.T.);
#12043 = EDGE_CURVE('',#12036,#12036,#12044,.T.);
#12044 = CIRCLE('',#12045,3.5);
#12045 = AXIS2_PLACEMENT_3D('',#12046,#12047,#12048);
#12046 = CARTESIAN_POINT('',(111.,-105.,200.));
#12047 = DIRECTION('',(0.648152247385,0.450701893877,0.61381305547));
#12048 = DIRECTION('',(0.739684014598,-0.181014426935,-0.648152247385));
#12049 = ORIENTED_EDGE('',*,*,#12035,.T.);
#12050 = CYLINDRICAL_SURFACE('',#12051,3.5);
#12051 = AXIS2_PLACEMENT_3D('',#12052,#12053,#12054);
#12052 = CARTESIAN_POINT('',(111.,-105.,200.));
#12053 = DIRECTION('',(0.648152247385,0.450701893877,0.61381305547));
#12054 = DIRECTION('',(0.739684014598,-0.181014426935,-0.648152247385));
#12055 = ADVANCED_FACE('',(#12056),#12059,.T.);
#12056 = FACE_BOUND('',#12057,.T.);
#12057 = EDGE_LOOP('',(#12058));
#12058 = ORIENTED_EDGE('',*,*,#12026,.T.);
#12059 = PLANE('',#12060);
#12060 = AXIS2_PLACEMENT_3D('',#12061,#12062,#12063);
#12061 = CARTESIAN_POINT('',(262.,1.42108547152E-14,343.));
#12062 = DIRECTION('',(0.648152247385,0.450701893877,0.61381305547));
#12063 = DIRECTION('',(0.739684014598,-0.181014426935,-0.648152247385));
#12064 = ADVANCED_FACE('',(#12065),#12068,.F.);
#12065 = FACE_BOUND('',#12066,.T.);
#12066 = EDGE_LOOP('',(#12067));
#12067 = ORIENTED_EDGE('',*,*,#12043,.F.);
#12068 = PLANE('',#12069);
#12069 = AXIS2_PLACEMENT_3D('',#12070,#12071,#12072);
#12070 = CARTESIAN_POINT('',(111.,-105.,200.));
#12071 = DIRECTION('',(0.648152247385,0.450701893877,0.61381305547));
#12072 = DIRECTION('',(0.739684014598,-0.181014426935,-0.648152247385));
#12073 = MANIFOLD_SOLID_BREP('',#12074);
#12074 = CLOSED_SHELL('',(#12075,#12108,#12117));
#12075 = ADVANCED_FACE('',(#12076),#12103,.T.);
#12076 = FACE_BOUND('',#12077,.T.);
#12077 = EDGE_LOOP('',(#12078,#12087,#12095,#12102));
#12078 = ORIENTED_EDGE('',*,*,#12079,.F.);
#12079 = EDGE_CURVE('',#12080,#12080,#12082,.T.);
#12080 = VERTEX_POINT('',#12081);
#12081 = CARTESIAN_POINT('',(264.32715003479,-0.815557922823,
    264.51620492188));
#12082 = CIRCLE('',#12083,3.5);
#12083 = AXIS2_PLACEMENT_3D('',#12084,#12085,#12086);
#12084 = CARTESIAN_POINT('',(262.,-1.42108547152E-14,267.));
#12085 = DIRECTION('',(0.709655736604,0.493469220817,0.502868634547));
#12086 = DIRECTION('',(0.664900009942,-0.233016549378,-0.709655736604));
#12087 = ORIENTED_EDGE('',*,*,#12088,.F.);
#12088 = EDGE_CURVE('',#12089,#12080,#12091,.T.);
#12089 = VERTEX_POINT('',#12090);
#12090 = CARTESIAN_POINT('',(113.32715003479,-105.8155579228,
    157.51620492188));
#12091 = LINE('',#12092,#12093);
#12092 = CARTESIAN_POINT('',(113.32715003479,-105.8155579228,
    157.51620492188));
#12093 = VECTOR('',#12094,1.);
#12094 = DIRECTION('',(0.709655736604,0.493469220817,0.502868634547));
#12095 = ORIENTED_EDGE('',*,*,#12096,.T.);
#12096 = EDGE_CURVE('',#12089,#12089,#12097,.T.);
#12097 = CIRCLE('',#12098,3.5);
#12098 = AXIS2_PLACEMENT_3D('',#12099,#12100,#12101);
#12099 = CARTESIAN_POINT('',(111.,-105.,160.));
#12100 = DIRECTION('',(0.709655736604,0.493469220817,0.502868634547));
#12101 = DIRECTION('',(0.664900009942,-0.233016549378,-0.709655736604));
#12102 = ORIENTED_EDGE('',*,*,#12088,.T.);
#12103 = CYLINDRICAL_SURFACE('',#12104,3.5);
#12104 = AXIS2_PLACEMENT_3D('',#12105,#12106,#12107);
#12105 = CARTESIAN_POINT('',(111.,-105.,160.));
#12106 = DIRECTION('',(0.709655736604,0.493469220817,0.502868634547));
#12107 = DIRECTION('',(0.664900009942,-0.233016549378,-0.709655736604));
#12108 = ADVANCED_FACE('',(#12109),#12112,.T.);
#12109 = FACE_BOUND('',#12110,.T.);
#12110 = EDGE_LOOP('',(#12111));
#12111 = ORIENTED_EDGE('',*,*,#12079,.T.);
#12112 = PLANE('',#12113);
#12113 = AXIS2_PLACEMENT_3D('',#12114,#12115,#12116);
#12114 = CARTESIAN_POINT('',(262.,-1.42108547152E-14,267.));
#12115 = DIRECTION('',(0.709655736604,0.493469220817,0.502868634547));
#12116 = DIRECTION('',(0.664900009942,-0.233016549378,-0.709655736604));
#12117 = ADVANCED_FACE('',(#12118),#12121,.F.);
#12118 = FACE_BOUND('',#12119,.T.);
#12119 = EDGE_LOOP('',(#12120));
#12120 = ORIENTED_EDGE('',*,*,#12096,.F.);
#12121 = PLANE('',#12122);
#12122 = AXIS2_PLACEMENT_3D('',#12123,#12124,#12125);
#12123 = CARTESIAN_POINT('',(111.,-105.,160.));
#12124 = DIRECTION('',(0.709655736604,0.493469220817,0.502868634547));
#12125 = DIRECTION('',(0.664900009942,-0.233016549378,-0.709655736604));
#12126 = MANIFOLD_SOLID_BREP('',#12127);
#12127 = CLOSED_SHELL('',(#12128,#12161,#12170));
#12128 = ADVANCED_FACE('',(#12129),#12156,.T.);
#12129 = FACE_BOUND('',#12130,.T.);
#12130 = EDGE_LOOP('',(#12131,#12140,#12148,#12155));
#12131 = ORIENTED_EDGE('',*,*,#12132,.F.);
#12132 = EDGE_CURVE('',#12133,#12133,#12135,.T.);
#12133 = VERTEX_POINT('',#12134);
#12134 = CARTESIAN_POINT('',(190.5,-52.5,239.5));
#12135 = CIRCLE('',#12136,12.);
#12136 = AXIS2_PLACEMENT_3D('',#12137,#12138,#12139);
#12137 = CARTESIAN_POINT('',(190.5,-52.5,227.5));
#12138 = DIRECTION('',(1.,0.,-0.));
#12139 = DIRECTION('',(0.,0.,1.));
#12140 = ORIENTED_EDGE('',*,*,#12141,.F.);
#12141 = EDGE_CURVE('',#12142,#12133,#12144,.T.);
#12142 = VERTEX_POINT('',#12143);
#12143 = CARTESIAN_POINT('',(182.5,-52.5,239.5));
#12144 = LINE('',#12145,#12146);
#12145 = CARTESIAN_POINT('',(182.5,-52.5,239.5));
#12146 = VECTOR('',#12147,1.);
#12147 = DIRECTION('',(1.,0.,0.));
#12148 = ORIENTED_EDGE('',*,*,#12149,.T.);
#12149 = EDGE_CURVE('',#12142,#12142,#12150,.T.);
#12150 = CIRCLE('',#12151,12.);
#12151 = AXIS2_PLACEMENT_3D('',#12152,#12153,#12154);
#12152 = CARTESIAN_POINT('',(182.5,-52.5,227.5));
#12153 = DIRECTION('',(1.,0.,-0.));
#12154 = DIRECTION('',(0.,0.,1.));
#12155 = ORIENTED_EDGE('',*,*,#12141,.T.);
#12156 = CYLINDRICAL_SURFACE('',#12157,12.);
#12157 = AXIS2_PLACEMENT_3D('',#12158,#12159,#12160);
#12158 = CARTESIAN_POINT('',(182.5,-52.5,227.5));
#12159 = DIRECTION('',(1.,0.,0.));
#12160 = DIRECTION('',(0.,0.,1.));
#12161 = ADVANCED_FACE('',(#12162),#12165,.T.);
#12162 = FACE_BOUND('',#12163,.T.);
#12163 = EDGE_LOOP('',(#12164));
#12164 = ORIENTED_EDGE('',*,*,#12132,.T.);
#12165 = PLANE('',#12166);
#12166 = AXIS2_PLACEMENT_3D('',#12167,#12168,#12169);
#12167 = CARTESIAN_POINT('',(190.5,-52.5,227.5));
#12168 = DIRECTION('',(1.,0.,0.));
#12169 = DIRECTION('',(0.,0.,1.));
#12170 = ADVANCED_FACE('',(#12171),#12174,.F.);
#12171 = FACE_BOUND('',#12172,.T.);
#12172 = EDGE_LOOP('',(#12173));
#12173 = ORIENTED_EDGE('',*,*,#12149,.F.);
#12174 = PLANE('',#12175);
#12175 = AXIS2_PLACEMENT_3D('',#12176,#12177,#12178);
#12176 = CARTESIAN_POINT('',(182.5,-52.5,227.5));
#12177 = DIRECTION('',(1.,0.,0.));
#12178 = DIRECTION('',(0.,0.,1.));
#12179 = MANIFOLD_SOLID_BREP('',#12180);
#12180 = CLOSED_SHELL('',(#12181,#12221,#12261,#12283,#12305,#12317));
#12181 = ADVANCED_FACE('',(#12182),#12216,.F.);
#12182 = FACE_BOUND('',#12183,.F.);
#12183 = EDGE_LOOP('',(#12184,#12194,#12202,#12210));
#12184 = ORIENTED_EDGE('',*,*,#12185,.F.);
#12185 = EDGE_CURVE('',#12186,#12188,#12190,.T.);
#12186 = VERTEX_POINT('',#12187);
#12187 = CARTESIAN_POINT('',(-100.,205.,190.));
#12188 = VERTEX_POINT('',#12189);
#12189 = CARTESIAN_POINT('',(-100.,205.,198.));
#12190 = LINE('',#12191,#12192);
#12191 = CARTESIAN_POINT('',(-100.,205.,190.));
#12192 = VECTOR('',#12193,1.);
#12193 = DIRECTION('',(0.,0.,1.));
#12194 = ORIENTED_EDGE('',*,*,#12195,.T.);
#12195 = EDGE_CURVE('',#12186,#12196,#12198,.T.);
#12196 = VERTEX_POINT('',#12197);
#12197 = CARTESIAN_POINT('',(-100.,335.,190.));
#12198 = LINE('',#12199,#12200);
#12199 = CARTESIAN_POINT('',(-100.,205.,190.));
#12200 = VECTOR('',#12201,1.);
#12201 = DIRECTION('',(0.,1.,0.));
#12202 = ORIENTED_EDGE('',*,*,#12203,.T.);
#12203 = EDGE_CURVE('',#12196,#12204,#12206,.T.);
#12204 = VERTEX_POINT('',#12205);
#12205 = CARTESIAN_POINT('',(-100.,335.,198.));
#12206 = LINE('',#12207,#12208);
#12207 = CARTESIAN_POINT('',(-100.,335.,190.));
#12208 = VECTOR('',#12209,1.);
#12209 = DIRECTION('',(0.,0.,1.));
#12210 = ORIENTED_EDGE('',*,*,#12211,.F.);
#12211 = EDGE_CURVE('',#12188,#12204,#12212,.T.);
#12212 = LINE('',#12213,#12214);
#12213 = CARTESIAN_POINT('',(-100.,205.,198.));
#12214 = VECTOR('',#12215,1.);
#12215 = DIRECTION('',(0.,1.,0.));
#12216 = PLANE('',#12217);
#12217 = AXIS2_PLACEMENT_3D('',#12218,#12219,#12220);
#12218 = CARTESIAN_POINT('',(-100.,205.,190.));
#12219 = DIRECTION('',(1.,0.,0.));
#12220 = DIRECTION('',(0.,0.,1.));
#12221 = ADVANCED_FACE('',(#12222),#12256,.T.);
#12222 = FACE_BOUND('',#12223,.T.);
#12223 = EDGE_LOOP('',(#12224,#12234,#12242,#12250));
#12224 = ORIENTED_EDGE('',*,*,#12225,.F.);
#12225 = EDGE_CURVE('',#12226,#12228,#12230,.T.);
#12226 = VERTEX_POINT('',#12227);
#12227 = CARTESIAN_POINT('',(-40.,205.,190.));
#12228 = VERTEX_POINT('',#12229);
#12229 = CARTESIAN_POINT('',(-40.,205.,198.));
#12230 = LINE('',#12231,#12232);
#12231 = CARTESIAN_POINT('',(-40.,205.,190.));
#12232 = VECTOR('',#12233,1.);
#12233 = DIRECTION('',(0.,0.,1.));
#12234 = ORIENTED_EDGE('',*,*,#12235,.T.);
#12235 = EDGE_CURVE('',#12226,#12236,#12238,.T.);
#12236 = VERTEX_POINT('',#12237);
#12237 = CARTESIAN_POINT('',(-40.,335.,190.));
#12238 = LINE('',#12239,#12240);
#12239 = CARTESIAN_POINT('',(-40.,205.,190.));
#12240 = VECTOR('',#12241,1.);
#12241 = DIRECTION('',(0.,1.,0.));
#12242 = ORIENTED_EDGE('',*,*,#12243,.T.);
#12243 = EDGE_CURVE('',#12236,#12244,#12246,.T.);
#12244 = VERTEX_POINT('',#12245);
#12245 = CARTESIAN_POINT('',(-40.,335.,198.));
#12246 = LINE('',#12247,#12248);
#12247 = CARTESIAN_POINT('',(-40.,335.,190.));
#12248 = VECTOR('',#12249,1.);
#12249 = DIRECTION('',(0.,0.,1.));
#12250 = ORIENTED_EDGE('',*,*,#12251,.F.);
#12251 = EDGE_CURVE('',#12228,#12244,#12252,.T.);
#12252 = LINE('',#12253,#12254);
#12253 = CARTESIAN_POINT('',(-40.,205.,198.));
#12254 = VECTOR('',#12255,1.);
#12255 = DIRECTION('',(0.,1.,0.));
#12256 = PLANE('',#12257);
#12257 = AXIS2_PLACEMENT_3D('',#12258,#12259,#12260);
#12258 = CARTESIAN_POINT('',(-40.,205.,190.));
#12259 = DIRECTION('',(1.,0.,0.));
#12260 = DIRECTION('',(0.,0.,1.));
#12261 = ADVANCED_FACE('',(#12262),#12278,.F.);
#12262 = FACE_BOUND('',#12263,.F.);
#12263 = EDGE_LOOP('',(#12264,#12270,#12271,#12277));
#12264 = ORIENTED_EDGE('',*,*,#12265,.F.);
#12265 = EDGE_CURVE('',#12186,#12226,#12266,.T.);
#12266 = LINE('',#12267,#12268);
#12267 = CARTESIAN_POINT('',(-100.,205.,190.));
#12268 = VECTOR('',#12269,1.);
#12269 = DIRECTION('',(1.,0.,0.));
#12270 = ORIENTED_EDGE('',*,*,#12185,.T.);
#12271 = ORIENTED_EDGE('',*,*,#12272,.T.);
#12272 = EDGE_CURVE('',#12188,#12228,#12273,.T.);
#12273 = LINE('',#12274,#12275);
#12274 = CARTESIAN_POINT('',(-100.,205.,198.));
#12275 = VECTOR('',#12276,1.);
#12276 = DIRECTION('',(1.,0.,0.));
#12277 = ORIENTED_EDGE('',*,*,#12225,.F.);
#12278 = PLANE('',#12279);
#12279 = AXIS2_PLACEMENT_3D('',#12280,#12281,#12282);
#12280 = CARTESIAN_POINT('',(-100.,205.,190.));
#12281 = DIRECTION('',(0.,1.,0.));
#12282 = DIRECTION('',(0.,0.,1.));
#12283 = ADVANCED_FACE('',(#12284),#12300,.T.);
#12284 = FACE_BOUND('',#12285,.T.);
#12285 = EDGE_LOOP('',(#12286,#12292,#12293,#12299));
#12286 = ORIENTED_EDGE('',*,*,#12287,.F.);
#12287 = EDGE_CURVE('',#12196,#12236,#12288,.T.);
#12288 = LINE('',#12289,#12290);
#12289 = CARTESIAN_POINT('',(-100.,335.,190.));
#12290 = VECTOR('',#12291,1.);
#12291 = DIRECTION('',(1.,0.,0.));
#12292 = ORIENTED_EDGE('',*,*,#12203,.T.);
#12293 = ORIENTED_EDGE('',*,*,#12294,.T.);
#12294 = EDGE_CURVE('',#12204,#12244,#12295,.T.);
#12295 = LINE('',#12296,#12297);
#12296 = CARTESIAN_POINT('',(-100.,335.,198.));
#12297 = VECTOR('',#12298,1.);
#12298 = DIRECTION('',(1.,0.,0.));
#12299 = ORIENTED_EDGE('',*,*,#12243,.F.);
#12300 = PLANE('',#12301);
#12301 = AXIS2_PLACEMENT_3D('',#12302,#12303,#12304);
#12302 = CARTESIAN_POINT('',(-100.,335.,190.));
#12303 = DIRECTION('',(0.,1.,0.));
#12304 = DIRECTION('',(0.,0.,1.));
#12305 = ADVANCED_FACE('',(#12306),#12312,.F.);
#12306 = FACE_BOUND('',#12307,.F.);
#12307 = EDGE_LOOP('',(#12308,#12309,#12310,#12311));
#12308 = ORIENTED_EDGE('',*,*,#12195,.F.);
#12309 = ORIENTED_EDGE('',*,*,#12265,.T.);
#12310 = ORIENTED_EDGE('',*,*,#12235,.T.);
#12311 = ORIENTED_EDGE('',*,*,#12287,.F.);
#12312 = PLANE('',#12313);
#12313 = AXIS2_PLACEMENT_3D('',#12314,#12315,#12316);
#12314 = CARTESIAN_POINT('',(-100.,205.,190.));
#12315 = DIRECTION('',(0.,0.,1.));
#12316 = DIRECTION('',(1.,0.,0.));
#12317 = ADVANCED_FACE('',(#12318),#12324,.T.);
#12318 = FACE_BOUND('',#12319,.T.);
#12319 = EDGE_LOOP('',(#12320,#12321,#12322,#12323));
#12320 = ORIENTED_EDGE('',*,*,#12211,.F.);
#12321 = ORIENTED_EDGE('',*,*,#12272,.T.);
#12322 = ORIENTED_EDGE('',*,*,#12251,.T.);
#12323 = ORIENTED_EDGE('',*,*,#12294,.F.);
#12324 = PLANE('',#12325);
#12325 = AXIS2_PLACEMENT_3D('',#12326,#12327,#12328);
#12326 = CARTESIAN_POINT('',(-100.,205.,198.));
#12327 = DIRECTION('',(0.,0.,1.));
#12328 = DIRECTION('',(1.,0.,0.));
#12329 = MANIFOLD_SOLID_BREP('',#12330);
#12330 = CLOSED_SHELL('',(#12331,#12371,#12411,#12433,#12455,#12467));
#12331 = ADVANCED_FACE('',(#12332),#12366,.F.);
#12332 = FACE_BOUND('',#12333,.F.);
#12333 = EDGE_LOOP('',(#12334,#12344,#12352,#12360));
#12334 = ORIENTED_EDGE('',*,*,#12335,.F.);
#12335 = EDGE_CURVE('',#12336,#12338,#12340,.T.);
#12336 = VERTEX_POINT('',#12337);
#12337 = CARTESIAN_POINT('',(-100.,205.,198.));
#12338 = VERTEX_POINT('',#12339);
#12339 = CARTESIAN_POINT('',(-100.,205.,224.));
#12340 = LINE('',#12341,#12342);
#12341 = CARTESIAN_POINT('',(-100.,205.,198.));
#12342 = VECTOR('',#12343,1.);
#12343 = DIRECTION('',(0.,0.,1.));
#12344 = ORIENTED_EDGE('',*,*,#12345,.T.);
#12345 = EDGE_CURVE('',#12336,#12346,#12348,.T.);
#12346 = VERTEX_POINT('',#12347);
#12347 = CARTESIAN_POINT('',(-100.,335.,198.));
#12348 = LINE('',#12349,#12350);
#12349 = CARTESIAN_POINT('',(-100.,205.,198.));
#12350 = VECTOR('',#12351,1.);
#12351 = DIRECTION('',(0.,1.,0.));
#12352 = ORIENTED_EDGE('',*,*,#12353,.T.);
#12353 = EDGE_CURVE('',#12346,#12354,#12356,.T.);
#12354 = VERTEX_POINT('',#12355);
#12355 = CARTESIAN_POINT('',(-100.,335.,224.));
#12356 = LINE('',#12357,#12358);
#12357 = CARTESIAN_POINT('',(-100.,335.,198.));
#12358 = VECTOR('',#12359,1.);
#12359 = DIRECTION('',(0.,0.,1.));
#12360 = ORIENTED_EDGE('',*,*,#12361,.F.);
#12361 = EDGE_CURVE('',#12338,#12354,#12362,.T.);
#12362 = LINE('',#12363,#12364);
#12363 = CARTESIAN_POINT('',(-100.,205.,224.));
#12364 = VECTOR('',#12365,1.);
#12365 = DIRECTION('',(0.,1.,0.));
#12366 = PLANE('',#12367);
#12367 = AXIS2_PLACEMENT_3D('',#12368,#12369,#12370);
#12368 = CARTESIAN_POINT('',(-100.,205.,198.));
#12369 = DIRECTION('',(1.,0.,0.));
#12370 = DIRECTION('',(0.,0.,1.));
#12371 = ADVANCED_FACE('',(#12372),#12406,.T.);
#12372 = FACE_BOUND('',#12373,.T.);
#12373 = EDGE_LOOP('',(#12374,#12384,#12392,#12400));
#12374 = ORIENTED_EDGE('',*,*,#12375,.F.);
#12375 = EDGE_CURVE('',#12376,#12378,#12380,.T.);
#12376 = VERTEX_POINT('',#12377);
#12377 = CARTESIAN_POINT('',(-97.,205.,198.));
#12378 = VERTEX_POINT('',#12379);
#12379 = CARTESIAN_POINT('',(-97.,205.,224.));
#12380 = LINE('',#12381,#12382);
#12381 = CARTESIAN_POINT('',(-97.,205.,198.));
#12382 = VECTOR('',#12383,1.);
#12383 = DIRECTION('',(0.,0.,1.));
#12384 = ORIENTED_EDGE('',*,*,#12385,.T.);
#12385 = EDGE_CURVE('',#12376,#12386,#12388,.T.);
#12386 = VERTEX_POINT('',#12387);
#12387 = CARTESIAN_POINT('',(-97.,335.,198.));
#12388 = LINE('',#12389,#12390);
#12389 = CARTESIAN_POINT('',(-97.,205.,198.));
#12390 = VECTOR('',#12391,1.);
#12391 = DIRECTION('',(0.,1.,0.));
#12392 = ORIENTED_EDGE('',*,*,#12393,.T.);
#12393 = EDGE_CURVE('',#12386,#12394,#12396,.T.);
#12394 = VERTEX_POINT('',#12395);
#12395 = CARTESIAN_POINT('',(-97.,335.,224.));
#12396 = LINE('',#12397,#12398);
#12397 = CARTESIAN_POINT('',(-97.,335.,198.));
#12398 = VECTOR('',#12399,1.);
#12399 = DIRECTION('',(0.,0.,1.));
#12400 = ORIENTED_EDGE('',*,*,#12401,.F.);
#12401 = EDGE_CURVE('',#12378,#12394,#12402,.T.);
#12402 = LINE('',#12403,#12404);
#12403 = CARTESIAN_POINT('',(-97.,205.,224.));
#12404 = VECTOR('',#12405,1.);
#12405 = DIRECTION('',(0.,1.,0.));
#12406 = PLANE('',#12407);
#12407 = AXIS2_PLACEMENT_3D('',#12408,#12409,#12410);
#12408 = CARTESIAN_POINT('',(-97.,205.,198.));
#12409 = DIRECTION('',(1.,0.,0.));
#12410 = DIRECTION('',(0.,0.,1.));
#12411 = ADVANCED_FACE('',(#12412),#12428,.F.);
#12412 = FACE_BOUND('',#12413,.F.);
#12413 = EDGE_LOOP('',(#12414,#12420,#12421,#12427));
#12414 = ORIENTED_EDGE('',*,*,#12415,.F.);
#12415 = EDGE_CURVE('',#12336,#12376,#12416,.T.);
#12416 = LINE('',#12417,#12418);
#12417 = CARTESIAN_POINT('',(-100.,205.,198.));
#12418 = VECTOR('',#12419,1.);
#12419 = DIRECTION('',(1.,0.,0.));
#12420 = ORIENTED_EDGE('',*,*,#12335,.T.);
#12421 = ORIENTED_EDGE('',*,*,#12422,.T.);
#12422 = EDGE_CURVE('',#12338,#12378,#12423,.T.);
#12423 = LINE('',#12424,#12425);
#12424 = CARTESIAN_POINT('',(-100.,205.,224.));
#12425 = VECTOR('',#12426,1.);
#12426 = DIRECTION('',(1.,0.,0.));
#12427 = ORIENTED_EDGE('',*,*,#12375,.F.);
#12428 = PLANE('',#12429);
#12429 = AXIS2_PLACEMENT_3D('',#12430,#12431,#12432);
#12430 = CARTESIAN_POINT('',(-100.,205.,198.));
#12431 = DIRECTION('',(0.,1.,0.));
#12432 = DIRECTION('',(0.,0.,1.));
#12433 = ADVANCED_FACE('',(#12434),#12450,.T.);
#12434 = FACE_BOUND('',#12435,.T.);
#12435 = EDGE_LOOP('',(#12436,#12442,#12443,#12449));
#12436 = ORIENTED_EDGE('',*,*,#12437,.F.);
#12437 = EDGE_CURVE('',#12346,#12386,#12438,.T.);
#12438 = LINE('',#12439,#12440);
#12439 = CARTESIAN_POINT('',(-100.,335.,198.));
#12440 = VECTOR('',#12441,1.);
#12441 = DIRECTION('',(1.,0.,0.));
#12442 = ORIENTED_EDGE('',*,*,#12353,.T.);
#12443 = ORIENTED_EDGE('',*,*,#12444,.T.);
#12444 = EDGE_CURVE('',#12354,#12394,#12445,.T.);
#12445 = LINE('',#12446,#12447);
#12446 = CARTESIAN_POINT('',(-100.,335.,224.));
#12447 = VECTOR('',#12448,1.);
#12448 = DIRECTION('',(1.,0.,0.));
#12449 = ORIENTED_EDGE('',*,*,#12393,.F.);
#12450 = PLANE('',#12451);
#12451 = AXIS2_PLACEMENT_3D('',#12452,#12453,#12454);
#12452 = CARTESIAN_POINT('',(-100.,335.,198.));
#12453 = DIRECTION('',(0.,1.,0.));
#12454 = DIRECTION('',(0.,0.,1.));
#12455 = ADVANCED_FACE('',(#12456),#12462,.F.);
#12456 = FACE_BOUND('',#12457,.F.);
#12457 = EDGE_LOOP('',(#12458,#12459,#12460,#12461));
#12458 = ORIENTED_EDGE('',*,*,#12345,.F.);
#12459 = ORIENTED_EDGE('',*,*,#12415,.T.);
#12460 = ORIENTED_EDGE('',*,*,#12385,.T.);
#12461 = ORIENTED_EDGE('',*,*,#12437,.F.);
#12462 = PLANE('',#12463);
#12463 = AXIS2_PLACEMENT_3D('',#12464,#12465,#12466);
#12464 = CARTESIAN_POINT('',(-100.,205.,198.));
#12465 = DIRECTION('',(0.,0.,1.));
#12466 = DIRECTION('',(1.,0.,0.));
#12467 = ADVANCED_FACE('',(#12468),#12474,.T.);
#12468 = FACE_BOUND('',#12469,.T.);
#12469 = EDGE_LOOP('',(#12470,#12471,#12472,#12473));
#12470 = ORIENTED_EDGE('',*,*,#12361,.F.);
#12471 = ORIENTED_EDGE('',*,*,#12422,.T.);
#12472 = ORIENTED_EDGE('',*,*,#12401,.T.);
#12473 = ORIENTED_EDGE('',*,*,#12444,.F.);
#12474 = PLANE('',#12475);
#12475 = AXIS2_PLACEMENT_3D('',#12476,#12477,#12478);
#12476 = CARTESIAN_POINT('',(-100.,205.,224.));
#12477 = DIRECTION('',(0.,0.,1.));
#12478 = DIRECTION('',(1.,0.,0.));
#12479 = MANIFOLD_SOLID_BREP('',#12480);
#12480 = CLOSED_SHELL('',(#12481,#12521,#12561,#12583,#12605,#12617));
#12481 = ADVANCED_FACE('',(#12482),#12516,.F.);
#12482 = FACE_BOUND('',#12483,.F.);
#12483 = EDGE_LOOP('',(#12484,#12494,#12502,#12510));
#12484 = ORIENTED_EDGE('',*,*,#12485,.F.);
#12485 = EDGE_CURVE('',#12486,#12488,#12490,.T.);
#12486 = VERTEX_POINT('',#12487);
#12487 = CARTESIAN_POINT('',(-43.,205.,198.));
#12488 = VERTEX_POINT('',#12489);
#12489 = CARTESIAN_POINT('',(-43.,205.,224.));
#12490 = LINE('',#12491,#12492);
#12491 = CARTESIAN_POINT('',(-43.,205.,198.));
#12492 = VECTOR('',#12493,1.);
#12493 = DIRECTION('',(0.,0.,1.));
#12494 = ORIENTED_EDGE('',*,*,#12495,.T.);
#12495 = EDGE_CURVE('',#12486,#12496,#12498,.T.);
#12496 = VERTEX_POINT('',#12497);
#12497 = CARTESIAN_POINT('',(-43.,335.,198.));
#12498 = LINE('',#12499,#12500);
#12499 = CARTESIAN_POINT('',(-43.,205.,198.));
#12500 = VECTOR('',#12501,1.);
#12501 = DIRECTION('',(0.,1.,0.));
#12502 = ORIENTED_EDGE('',*,*,#12503,.T.);
#12503 = EDGE_CURVE('',#12496,#12504,#12506,.T.);
#12504 = VERTEX_POINT('',#12505);
#12505 = CARTESIAN_POINT('',(-43.,335.,224.));
#12506 = LINE('',#12507,#12508);
#12507 = CARTESIAN_POINT('',(-43.,335.,198.));
#12508 = VECTOR('',#12509,1.);
#12509 = DIRECTION('',(0.,0.,1.));
#12510 = ORIENTED_EDGE('',*,*,#12511,.F.);
#12511 = EDGE_CURVE('',#12488,#12504,#12512,.T.);
#12512 = LINE('',#12513,#12514);
#12513 = CARTESIAN_POINT('',(-43.,205.,224.));
#12514 = VECTOR('',#12515,1.);
#12515 = DIRECTION('',(0.,1.,0.));
#12516 = PLANE('',#12517);
#12517 = AXIS2_PLACEMENT_3D('',#12518,#12519,#12520);
#12518 = CARTESIAN_POINT('',(-43.,205.,198.));
#12519 = DIRECTION('',(1.,0.,0.));
#12520 = DIRECTION('',(0.,0.,1.));
#12521 = ADVANCED_FACE('',(#12522),#12556,.T.);
#12522 = FACE_BOUND('',#12523,.T.);
#12523 = EDGE_LOOP('',(#12524,#12534,#12542,#12550));
#12524 = ORIENTED_EDGE('',*,*,#12525,.F.);
#12525 = EDGE_CURVE('',#12526,#12528,#12530,.T.);
#12526 = VERTEX_POINT('',#12527);
#12527 = CARTESIAN_POINT('',(-40.,205.,198.));
#12528 = VERTEX_POINT('',#12529);
#12529 = CARTESIAN_POINT('',(-40.,205.,224.));
#12530 = LINE('',#12531,#12532);
#12531 = CARTESIAN_POINT('',(-40.,205.,198.));
#12532 = VECTOR('',#12533,1.);
#12533 = DIRECTION('',(0.,0.,1.));
#12534 = ORIENTED_EDGE('',*,*,#12535,.T.);
#12535 = EDGE_CURVE('',#12526,#12536,#12538,.T.);
#12536 = VERTEX_POINT('',#12537);
#12537 = CARTESIAN_POINT('',(-40.,335.,198.));
#12538 = LINE('',#12539,#12540);
#12539 = CARTESIAN_POINT('',(-40.,205.,198.));
#12540 = VECTOR('',#12541,1.);
#12541 = DIRECTION('',(0.,1.,0.));
#12542 = ORIENTED_EDGE('',*,*,#12543,.T.);
#12543 = EDGE_CURVE('',#12536,#12544,#12546,.T.);
#12544 = VERTEX_POINT('',#12545);
#12545 = CARTESIAN_POINT('',(-40.,335.,224.));
#12546 = LINE('',#12547,#12548);
#12547 = CARTESIAN_POINT('',(-40.,335.,198.));
#12548 = VECTOR('',#12549,1.);
#12549 = DIRECTION('',(0.,0.,1.));
#12550 = ORIENTED_EDGE('',*,*,#12551,.F.);
#12551 = EDGE_CURVE('',#12528,#12544,#12552,.T.);
#12552 = LINE('',#12553,#12554);
#12553 = CARTESIAN_POINT('',(-40.,205.,224.));
#12554 = VECTOR('',#12555,1.);
#12555 = DIRECTION('',(0.,1.,0.));
#12556 = PLANE('',#12557);
#12557 = AXIS2_PLACEMENT_3D('',#12558,#12559,#12560);
#12558 = CARTESIAN_POINT('',(-40.,205.,198.));
#12559 = DIRECTION('',(1.,0.,0.));
#12560 = DIRECTION('',(0.,0.,1.));
#12561 = ADVANCED_FACE('',(#12562),#12578,.F.);
#12562 = FACE_BOUND('',#12563,.F.);
#12563 = EDGE_LOOP('',(#12564,#12570,#12571,#12577));
#12564 = ORIENTED_EDGE('',*,*,#12565,.F.);
#12565 = EDGE_CURVE('',#12486,#12526,#12566,.T.);
#12566 = LINE('',#12567,#12568);
#12567 = CARTESIAN_POINT('',(-43.,205.,198.));
#12568 = VECTOR('',#12569,1.);
#12569 = DIRECTION('',(1.,0.,0.));
#12570 = ORIENTED_EDGE('',*,*,#12485,.T.);
#12571 = ORIENTED_EDGE('',*,*,#12572,.T.);
#12572 = EDGE_CURVE('',#12488,#12528,#12573,.T.);
#12573 = LINE('',#12574,#12575);
#12574 = CARTESIAN_POINT('',(-43.,205.,224.));
#12575 = VECTOR('',#12576,1.);
#12576 = DIRECTION('',(1.,0.,0.));
#12577 = ORIENTED_EDGE('',*,*,#12525,.F.);
#12578 = PLANE('',#12579);
#12579 = AXIS2_PLACEMENT_3D('',#12580,#12581,#12582);
#12580 = CARTESIAN_POINT('',(-43.,205.,198.));
#12581 = DIRECTION('',(0.,1.,0.));
#12582 = DIRECTION('',(0.,0.,1.));
#12583 = ADVANCED_FACE('',(#12584),#12600,.T.);
#12584 = FACE_BOUND('',#12585,.T.);
#12585 = EDGE_LOOP('',(#12586,#12592,#12593,#12599));
#12586 = ORIENTED_EDGE('',*,*,#12587,.F.);
#12587 = EDGE_CURVE('',#12496,#12536,#12588,.T.);
#12588 = LINE('',#12589,#12590);
#12589 = CARTESIAN_POINT('',(-43.,335.,198.));
#12590 = VECTOR('',#12591,1.);
#12591 = DIRECTION('',(1.,0.,0.));
#12592 = ORIENTED_EDGE('',*,*,#12503,.T.);
#12593 = ORIENTED_EDGE('',*,*,#12594,.T.);
#12594 = EDGE_CURVE('',#12504,#12544,#12595,.T.);
#12595 = LINE('',#12596,#12597);
#12596 = CARTESIAN_POINT('',(-43.,335.,224.));
#12597 = VECTOR('',#12598,1.);
#12598 = DIRECTION('',(1.,0.,0.));
#12599 = ORIENTED_EDGE('',*,*,#12543,.F.);
#12600 = PLANE('',#12601);
#12601 = AXIS2_PLACEMENT_3D('',#12602,#12603,#12604);
#12602 = CARTESIAN_POINT('',(-43.,335.,198.));
#12603 = DIRECTION('',(0.,1.,0.));
#12604 = DIRECTION('',(0.,0.,1.));
#12605 = ADVANCED_FACE('',(#12606),#12612,.F.);
#12606 = FACE_BOUND('',#12607,.F.);
#12607 = EDGE_LOOP('',(#12608,#12609,#12610,#12611));
#12608 = ORIENTED_EDGE('',*,*,#12495,.F.);
#12609 = ORIENTED_EDGE('',*,*,#12565,.T.);
#12610 = ORIENTED_EDGE('',*,*,#12535,.T.);
#12611 = ORIENTED_EDGE('',*,*,#12587,.F.);
#12612 = PLANE('',#12613);
#12613 = AXIS2_PLACEMENT_3D('',#12614,#12615,#12616);
#12614 = CARTESIAN_POINT('',(-43.,205.,198.));
#12615 = DIRECTION('',(0.,0.,1.));
#12616 = DIRECTION('',(1.,0.,0.));
#12617 = ADVANCED_FACE('',(#12618),#12624,.T.);
#12618 = FACE_BOUND('',#12619,.T.);
#12619 = EDGE_LOOP('',(#12620,#12621,#12622,#12623));
#12620 = ORIENTED_EDGE('',*,*,#12511,.F.);
#12621 = ORIENTED_EDGE('',*,*,#12572,.T.);
#12622 = ORIENTED_EDGE('',*,*,#12551,.T.);
#12623 = ORIENTED_EDGE('',*,*,#12594,.F.);
#12624 = PLANE('',#12625);
#12625 = AXIS2_PLACEMENT_3D('',#12626,#12627,#12628);
#12626 = CARTESIAN_POINT('',(-43.,205.,224.));
#12627 = DIRECTION('',(0.,0.,1.));
#12628 = DIRECTION('',(1.,0.,0.));
#12629 = MANIFOLD_SOLID_BREP('',#12630);
#12630 = CLOSED_SHELL('',(#12631,#12664,#12673));
#12631 = ADVANCED_FACE('',(#12632),#12659,.T.);
#12632 = FACE_BOUND('',#12633,.T.);
#12633 = EDGE_LOOP('',(#12634,#12643,#12651,#12658));
#12634 = ORIENTED_EDGE('',*,*,#12635,.F.);
#12635 = EDGE_CURVE('',#12636,#12636,#12638,.T.);
#12636 = VERTEX_POINT('',#12637);
#12637 = CARTESIAN_POINT('',(-70.,239.,197.));
#12638 = CIRCLE('',#12639,15.);
#12639 = AXIS2_PLACEMENT_3D('',#12640,#12641,#12642);
#12640 = CARTESIAN_POINT('',(-70.,239.,182.));
#12641 = DIRECTION('',(0.,1.,0.));
#12642 = DIRECTION('',(0.,0.,1.));
#12643 = ORIENTED_EDGE('',*,*,#12644,.F.);
#12644 = EDGE_CURVE('',#12645,#12636,#12647,.T.);
#12645 = VERTEX_POINT('',#12646);
#12646 = CARTESIAN_POINT('',(-70.,221.,197.));
#12647 = LINE('',#12648,#12649);
#12648 = CARTESIAN_POINT('',(-70.,221.,197.));
#12649 = VECTOR('',#12650,1.);
#12650 = DIRECTION('',(0.,1.,0.));
#12651 = ORIENTED_EDGE('',*,*,#12652,.T.);
#12652 = EDGE_CURVE('',#12645,#12645,#12653,.T.);
#12653 = CIRCLE('',#12654,15.);
#12654 = AXIS2_PLACEMENT_3D('',#12655,#12656,#12657);
#12655 = CARTESIAN_POINT('',(-70.,221.,182.));
#12656 = DIRECTION('',(0.,1.,0.));
#12657 = DIRECTION('',(0.,0.,1.));
#12658 = ORIENTED_EDGE('',*,*,#12644,.T.);
#12659 = CYLINDRICAL_SURFACE('',#12660,15.);
#12660 = AXIS2_PLACEMENT_3D('',#12661,#12662,#12663);
#12661 = CARTESIAN_POINT('',(-70.,221.,182.));
#12662 = DIRECTION('',(0.,1.,0.));
#12663 = DIRECTION('',(0.,0.,1.));
#12664 = ADVANCED_FACE('',(#12665),#12668,.T.);
#12665 = FACE_BOUND('',#12666,.T.);
#12666 = EDGE_LOOP('',(#12667));
#12667 = ORIENTED_EDGE('',*,*,#12635,.T.);
#12668 = PLANE('',#12669);
#12669 = AXIS2_PLACEMENT_3D('',#12670,#12671,#12672);
#12670 = CARTESIAN_POINT('',(-70.,239.,182.));
#12671 = DIRECTION('',(0.,1.,0.));
#12672 = DIRECTION('',(0.,0.,1.));
#12673 = ADVANCED_FACE('',(#12674),#12677,.F.);
#12674 = FACE_BOUND('',#12675,.T.);
#12675 = EDGE_LOOP('',(#12676));
#12676 = ORIENTED_EDGE('',*,*,#12652,.F.);
#12677 = PLANE('',#12678);
#12678 = AXIS2_PLACEMENT_3D('',#12679,#12680,#12681);
#12679 = CARTESIAN_POINT('',(-70.,221.,182.));
#12680 = DIRECTION('',(0.,1.,0.));
#12681 = DIRECTION('',(0.,0.,1.));
#12682 = MANIFOLD_SOLID_BREP('',#12683);
#12683 = CLOSED_SHELL('',(#12684,#12717,#12726));
#12684 = ADVANCED_FACE('',(#12685),#12712,.T.);
#12685 = FACE_BOUND('',#12686,.T.);
#12686 = EDGE_LOOP('',(#12687,#12696,#12704,#12711));
#12687 = ORIENTED_EDGE('',*,*,#12688,.F.);
#12688 = EDGE_CURVE('',#12689,#12689,#12691,.T.);
#12689 = VERTEX_POINT('',#12690);
#12690 = CARTESIAN_POINT('',(-70.,319.,197.));
#12691 = CIRCLE('',#12692,15.);
#12692 = AXIS2_PLACEMENT_3D('',#12693,#12694,#12695);
#12693 = CARTESIAN_POINT('',(-70.,319.,182.));
#12694 = DIRECTION('',(0.,1.,0.));
#12695 = DIRECTION('',(0.,0.,1.));
#12696 = ORIENTED_EDGE('',*,*,#12697,.F.);
#12697 = EDGE_CURVE('',#12698,#12689,#12700,.T.);
#12698 = VERTEX_POINT('',#12699);
#12699 = CARTESIAN_POINT('',(-70.,301.,197.));
#12700 = LINE('',#12701,#12702);
#12701 = CARTESIAN_POINT('',(-70.,301.,197.));
#12702 = VECTOR('',#12703,1.);
#12703 = DIRECTION('',(0.,1.,0.));
#12704 = ORIENTED_EDGE('',*,*,#12705,.T.);
#12705 = EDGE_CURVE('',#12698,#12698,#12706,.T.);
#12706 = CIRCLE('',#12707,15.);
#12707 = AXIS2_PLACEMENT_3D('',#12708,#12709,#12710);
#12708 = CARTESIAN_POINT('',(-70.,301.,182.));
#12709 = DIRECTION('',(0.,1.,0.));
#12710 = DIRECTION('',(0.,0.,1.));
#12711 = ORIENTED_EDGE('',*,*,#12697,.T.);
#12712 = CYLINDRICAL_SURFACE('',#12713,15.);
#12713 = AXIS2_PLACEMENT_3D('',#12714,#12715,#12716);
#12714 = CARTESIAN_POINT('',(-70.,301.,182.));
#12715 = DIRECTION('',(0.,1.,0.));
#12716 = DIRECTION('',(0.,0.,1.));
#12717 = ADVANCED_FACE('',(#12718),#12721,.T.);
#12718 = FACE_BOUND('',#12719,.T.);
#12719 = EDGE_LOOP('',(#12720));
#12720 = ORIENTED_EDGE('',*,*,#12688,.T.);
#12721 = PLANE('',#12722);
#12722 = AXIS2_PLACEMENT_3D('',#12723,#12724,#12725);
#12723 = CARTESIAN_POINT('',(-70.,319.,182.));
#12724 = DIRECTION('',(0.,1.,0.));
#12725 = DIRECTION('',(0.,0.,1.));
#12726 = ADVANCED_FACE('',(#12727),#12730,.F.);
#12727 = FACE_BOUND('',#12728,.T.);
#12728 = EDGE_LOOP('',(#12729));
#12729 = ORIENTED_EDGE('',*,*,#12705,.F.);
#12730 = PLANE('',#12731);
#12731 = AXIS2_PLACEMENT_3D('',#12732,#12733,#12734);
#12732 = CARTESIAN_POINT('',(-70.,301.,182.));
#12733 = DIRECTION('',(0.,1.,0.));
#12734 = DIRECTION('',(0.,0.,1.));
#12735 = MANIFOLD_SOLID_BREP('',#12736);
#12736 = CLOSED_SHELL('',(#12737,#12777,#12817,#12839,#12861,#12873));
#12737 = ADVANCED_FACE('',(#12738),#12772,.F.);
#12738 = FACE_BOUND('',#12739,.F.);
#12739 = EDGE_LOOP('',(#12740,#12750,#12758,#12766));
#12740 = ORIENTED_EDGE('',*,*,#12741,.F.);
#12741 = EDGE_CURVE('',#12742,#12744,#12746,.T.);
#12742 = VERTEX_POINT('',#12743);
#12743 = CARTESIAN_POINT('',(-97.,279.5,198.));
#12744 = VERTEX_POINT('',#12745);
#12745 = CARTESIAN_POINT('',(-97.,279.5,254.));
#12746 = LINE('',#12747,#12748);
#12747 = CARTESIAN_POINT('',(-97.,279.5,198.));
#12748 = VECTOR('',#12749,1.);
#12749 = DIRECTION('',(0.,0.,1.));
#12750 = ORIENTED_EDGE('',*,*,#12751,.T.);
#12751 = EDGE_CURVE('',#12742,#12752,#12754,.T.);
#12752 = VERTEX_POINT('',#12753);
#12753 = CARTESIAN_POINT('',(-97.,282.5,198.));
#12754 = LINE('',#12755,#12756);
#12755 = CARTESIAN_POINT('',(-97.,279.5,198.));
#12756 = VECTOR('',#12757,1.);
#12757 = DIRECTION('',(0.,1.,0.));
#12758 = ORIENTED_EDGE('',*,*,#12759,.T.);
#12759 = EDGE_CURVE('',#12752,#12760,#12762,.T.);
#12760 = VERTEX_POINT('',#12761);
#12761 = CARTESIAN_POINT('',(-97.,282.5,254.));
#12762 = LINE('',#12763,#12764);
#12763 = CARTESIAN_POINT('',(-97.,282.5,198.));
#12764 = VECTOR('',#12765,1.);
#12765 = DIRECTION('',(0.,0.,1.));
#12766 = ORIENTED_EDGE('',*,*,#12767,.F.);
#12767 = EDGE_CURVE('',#12744,#12760,#12768,.T.);
#12768 = LINE('',#12769,#12770);
#12769 = CARTESIAN_POINT('',(-97.,279.5,254.));
#12770 = VECTOR('',#12771,1.);
#12771 = DIRECTION('',(0.,1.,0.));
#12772 = PLANE('',#12773);
#12773 = AXIS2_PLACEMENT_3D('',#12774,#12775,#12776);
#12774 = CARTESIAN_POINT('',(-97.,279.5,198.));
#12775 = DIRECTION('',(1.,0.,0.));
#12776 = DIRECTION('',(0.,0.,1.));
#12777 = ADVANCED_FACE('',(#12778),#12812,.T.);
#12778 = FACE_BOUND('',#12779,.T.);
#12779 = EDGE_LOOP('',(#12780,#12790,#12798,#12806));
#12780 = ORIENTED_EDGE('',*,*,#12781,.F.);
#12781 = EDGE_CURVE('',#12782,#12784,#12786,.T.);
#12782 = VERTEX_POINT('',#12783);
#12783 = CARTESIAN_POINT('',(-43.,279.5,198.));
#12784 = VERTEX_POINT('',#12785);
#12785 = CARTESIAN_POINT('',(-43.,279.5,254.));
#12786 = LINE('',#12787,#12788);
#12787 = CARTESIAN_POINT('',(-43.,279.5,198.));
#12788 = VECTOR('',#12789,1.);
#12789 = DIRECTION('',(0.,0.,1.));
#12790 = ORIENTED_EDGE('',*,*,#12791,.T.);
#12791 = EDGE_CURVE('',#12782,#12792,#12794,.T.);
#12792 = VERTEX_POINT('',#12793);
#12793 = CARTESIAN_POINT('',(-43.,282.5,198.));
#12794 = LINE('',#12795,#12796);
#12795 = CARTESIAN_POINT('',(-43.,279.5,198.));
#12796 = VECTOR('',#12797,1.);
#12797 = DIRECTION('',(0.,1.,0.));
#12798 = ORIENTED_EDGE('',*,*,#12799,.T.);
#12799 = EDGE_CURVE('',#12792,#12800,#12802,.T.);
#12800 = VERTEX_POINT('',#12801);
#12801 = CARTESIAN_POINT('',(-43.,282.5,254.));
#12802 = LINE('',#12803,#12804);
#12803 = CARTESIAN_POINT('',(-43.,282.5,198.));
#12804 = VECTOR('',#12805,1.);
#12805 = DIRECTION('',(0.,0.,1.));
#12806 = ORIENTED_EDGE('',*,*,#12807,.F.);
#12807 = EDGE_CURVE('',#12784,#12800,#12808,.T.);
#12808 = LINE('',#12809,#12810);
#12809 = CARTESIAN_POINT('',(-43.,279.5,254.));
#12810 = VECTOR('',#12811,1.);
#12811 = DIRECTION('',(0.,1.,0.));
#12812 = PLANE('',#12813);
#12813 = AXIS2_PLACEMENT_3D('',#12814,#12815,#12816);
#12814 = CARTESIAN_POINT('',(-43.,279.5,198.));
#12815 = DIRECTION('',(1.,0.,0.));
#12816 = DIRECTION('',(0.,0.,1.));
#12817 = ADVANCED_FACE('',(#12818),#12834,.F.);
#12818 = FACE_BOUND('',#12819,.F.);
#12819 = EDGE_LOOP('',(#12820,#12826,#12827,#12833));
#12820 = ORIENTED_EDGE('',*,*,#12821,.F.);
#12821 = EDGE_CURVE('',#12742,#12782,#12822,.T.);
#12822 = LINE('',#12823,#12824);
#12823 = CARTESIAN_POINT('',(-97.,279.5,198.));
#12824 = VECTOR('',#12825,1.);
#12825 = DIRECTION('',(1.,0.,0.));
#12826 = ORIENTED_EDGE('',*,*,#12741,.T.);
#12827 = ORIENTED_EDGE('',*,*,#12828,.T.);
#12828 = EDGE_CURVE('',#12744,#12784,#12829,.T.);
#12829 = LINE('',#12830,#12831);
#12830 = CARTESIAN_POINT('',(-97.,279.5,254.));
#12831 = VECTOR('',#12832,1.);
#12832 = DIRECTION('',(1.,0.,0.));
#12833 = ORIENTED_EDGE('',*,*,#12781,.F.);
#12834 = PLANE('',#12835);
#12835 = AXIS2_PLACEMENT_3D('',#12836,#12837,#12838);
#12836 = CARTESIAN_POINT('',(-97.,279.5,198.));
#12837 = DIRECTION('',(0.,1.,0.));
#12838 = DIRECTION('',(0.,0.,1.));
#12839 = ADVANCED_FACE('',(#12840),#12856,.T.);
#12840 = FACE_BOUND('',#12841,.T.);
#12841 = EDGE_LOOP('',(#12842,#12848,#12849,#12855));
#12842 = ORIENTED_EDGE('',*,*,#12843,.F.);
#12843 = EDGE_CURVE('',#12752,#12792,#12844,.T.);
#12844 = LINE('',#12845,#12846);
#12845 = CARTESIAN_POINT('',(-97.,282.5,198.));
#12846 = VECTOR('',#12847,1.);
#12847 = DIRECTION('',(1.,0.,0.));
#12848 = ORIENTED_EDGE('',*,*,#12759,.T.);
#12849 = ORIENTED_EDGE('',*,*,#12850,.T.);
#12850 = EDGE_CURVE('',#12760,#12800,#12851,.T.);
#12851 = LINE('',#12852,#12853);
#12852 = CARTESIAN_POINT('',(-97.,282.5,254.));
#12853 = VECTOR('',#12854,1.);
#12854 = DIRECTION('',(1.,0.,0.));
#12855 = ORIENTED_EDGE('',*,*,#12799,.F.);
#12856 = PLANE('',#12857);
#12857 = AXIS2_PLACEMENT_3D('',#12858,#12859,#12860);
#12858 = CARTESIAN_POINT('',(-97.,282.5,198.));
#12859 = DIRECTION('',(0.,1.,0.));
#12860 = DIRECTION('',(0.,0.,1.));
#12861 = ADVANCED_FACE('',(#12862),#12868,.F.);
#12862 = FACE_BOUND('',#12863,.F.);
#12863 = EDGE_LOOP('',(#12864,#12865,#12866,#12867));
#12864 = ORIENTED_EDGE('',*,*,#12751,.F.);
#12865 = ORIENTED_EDGE('',*,*,#12821,.T.);
#12866 = ORIENTED_EDGE('',*,*,#12791,.T.);
#12867 = ORIENTED_EDGE('',*,*,#12843,.F.);
#12868 = PLANE('',#12869);
#12869 = AXIS2_PLACEMENT_3D('',#12870,#12871,#12872);
#12870 = CARTESIAN_POINT('',(-97.,279.5,198.));
#12871 = DIRECTION('',(0.,0.,1.));
#12872 = DIRECTION('',(1.,0.,0.));
#12873 = ADVANCED_FACE('',(#12874),#12880,.T.);
#12874 = FACE_BOUND('',#12875,.T.);
#12875 = EDGE_LOOP('',(#12876,#12877,#12878,#12879));
#12876 = ORIENTED_EDGE('',*,*,#12767,.F.);
#12877 = ORIENTED_EDGE('',*,*,#12828,.T.);
#12878 = ORIENTED_EDGE('',*,*,#12807,.T.);
#12879 = ORIENTED_EDGE('',*,*,#12850,.F.);
#12880 = PLANE('',#12881);
#12881 = AXIS2_PLACEMENT_3D('',#12882,#12883,#12884);
#12882 = CARTESIAN_POINT('',(-97.,279.5,254.));
#12883 = DIRECTION('',(0.,0.,1.));
#12884 = DIRECTION('',(1.,0.,0.));
#12885 = MANIFOLD_SOLID_BREP('',#12886);
#12886 = CLOSED_SHELL('',(#12887,#12927,#12967,#12989,#13011,#13023));
#12887 = ADVANCED_FACE('',(#12888),#12922,.F.);
#12888 = FACE_BOUND('',#12889,.F.);
#12889 = EDGE_LOOP('',(#12890,#12900,#12908,#12916));
#12890 = ORIENTED_EDGE('',*,*,#12891,.F.);
#12891 = EDGE_CURVE('',#12892,#12894,#12896,.T.);
#12892 = VERTEX_POINT('',#12893);
#12893 = CARTESIAN_POINT('',(-96.,209.,198.));
#12894 = VERTEX_POINT('',#12895);
#12895 = CARTESIAN_POINT('',(-96.,209.,254.));
#12896 = LINE('',#12897,#12898);
#12897 = CARTESIAN_POINT('',(-96.,209.,198.));
#12898 = VECTOR('',#12899,1.);
#12899 = DIRECTION('',(0.,0.,1.));
#12900 = ORIENTED_EDGE('',*,*,#12901,.T.);
#12901 = EDGE_CURVE('',#12892,#12902,#12904,.T.);
#12902 = VERTEX_POINT('',#12903);
#12903 = CARTESIAN_POINT('',(-96.,279.,198.));
#12904 = LINE('',#12905,#12906);
#12905 = CARTESIAN_POINT('',(-96.,209.,198.));
#12906 = VECTOR('',#12907,1.);
#12907 = DIRECTION('',(0.,1.,0.));
#12908 = ORIENTED_EDGE('',*,*,#12909,.T.);
#12909 = EDGE_CURVE('',#12902,#12910,#12912,.T.);
#12910 = VERTEX_POINT('',#12911);
#12911 = CARTESIAN_POINT('',(-96.,279.,254.));
#12912 = LINE('',#12913,#12914);
#12913 = CARTESIAN_POINT('',(-96.,279.,198.));
#12914 = VECTOR('',#12915,1.);
#12915 = DIRECTION('',(0.,0.,1.));
#12916 = ORIENTED_EDGE('',*,*,#12917,.F.);
#12917 = EDGE_CURVE('',#12894,#12910,#12918,.T.);
#12918 = LINE('',#12919,#12920);
#12919 = CARTESIAN_POINT('',(-96.,209.,254.));
#12920 = VECTOR('',#12921,1.);
#12921 = DIRECTION('',(0.,1.,0.));
#12922 = PLANE('',#12923);
#12923 = AXIS2_PLACEMENT_3D('',#12924,#12925,#12926);
#12924 = CARTESIAN_POINT('',(-96.,209.,198.));
#12925 = DIRECTION('',(1.,0.,0.));
#12926 = DIRECTION('',(0.,0.,1.));
#12927 = ADVANCED_FACE('',(#12928),#12962,.T.);
#12928 = FACE_BOUND('',#12929,.T.);
#12929 = EDGE_LOOP('',(#12930,#12940,#12948,#12956));
#12930 = ORIENTED_EDGE('',*,*,#12931,.F.);
#12931 = EDGE_CURVE('',#12932,#12934,#12936,.T.);
#12932 = VERTEX_POINT('',#12933);
#12933 = CARTESIAN_POINT('',(-44.,209.,198.));
#12934 = VERTEX_POINT('',#12935);
#12935 = CARTESIAN_POINT('',(-44.,209.,254.));
#12936 = LINE('',#12937,#12938);
#12937 = CARTESIAN_POINT('',(-44.,209.,198.));
#12938 = VECTOR('',#12939,1.);
#12939 = DIRECTION('',(0.,0.,1.));
#12940 = ORIENTED_EDGE('',*,*,#12941,.T.);
#12941 = EDGE_CURVE('',#12932,#12942,#12944,.T.);
#12942 = VERTEX_POINT('',#12943);
#12943 = CARTESIAN_POINT('',(-44.,279.,198.));
#12944 = LINE('',#12945,#12946);
#12945 = CARTESIAN_POINT('',(-44.,209.,198.));
#12946 = VECTOR('',#12947,1.);
#12947 = DIRECTION('',(0.,1.,0.));
#12948 = ORIENTED_EDGE('',*,*,#12949,.T.);
#12949 = EDGE_CURVE('',#12942,#12950,#12952,.T.);
#12950 = VERTEX_POINT('',#12951);
#12951 = CARTESIAN_POINT('',(-44.,279.,254.));
#12952 = LINE('',#12953,#12954);
#12953 = CARTESIAN_POINT('',(-44.,279.,198.));
#12954 = VECTOR('',#12955,1.);
#12955 = DIRECTION('',(0.,0.,1.));
#12956 = ORIENTED_EDGE('',*,*,#12957,.F.);
#12957 = EDGE_CURVE('',#12934,#12950,#12958,.T.);
#12958 = LINE('',#12959,#12960);
#12959 = CARTESIAN_POINT('',(-44.,209.,254.));
#12960 = VECTOR('',#12961,1.);
#12961 = DIRECTION('',(0.,1.,0.));
#12962 = PLANE('',#12963);
#12963 = AXIS2_PLACEMENT_3D('',#12964,#12965,#12966);
#12964 = CARTESIAN_POINT('',(-44.,209.,198.));
#12965 = DIRECTION('',(1.,0.,0.));
#12966 = DIRECTION('',(0.,0.,1.));
#12967 = ADVANCED_FACE('',(#12968),#12984,.F.);
#12968 = FACE_BOUND('',#12969,.F.);
#12969 = EDGE_LOOP('',(#12970,#12976,#12977,#12983));
#12970 = ORIENTED_EDGE('',*,*,#12971,.F.);
#12971 = EDGE_CURVE('',#12892,#12932,#12972,.T.);
#12972 = LINE('',#12973,#12974);
#12973 = CARTESIAN_POINT('',(-96.,209.,198.));
#12974 = VECTOR('',#12975,1.);
#12975 = DIRECTION('',(1.,0.,0.));
#12976 = ORIENTED_EDGE('',*,*,#12891,.T.);
#12977 = ORIENTED_EDGE('',*,*,#12978,.T.);
#12978 = EDGE_CURVE('',#12894,#12934,#12979,.T.);
#12979 = LINE('',#12980,#12981);
#12980 = CARTESIAN_POINT('',(-96.,209.,254.));
#12981 = VECTOR('',#12982,1.);
#12982 = DIRECTION('',(1.,0.,0.));
#12983 = ORIENTED_EDGE('',*,*,#12931,.F.);
#12984 = PLANE('',#12985);
#12985 = AXIS2_PLACEMENT_3D('',#12986,#12987,#12988);
#12986 = CARTESIAN_POINT('',(-96.,209.,198.));
#12987 = DIRECTION('',(0.,1.,0.));
#12988 = DIRECTION('',(0.,0.,1.));
#12989 = ADVANCED_FACE('',(#12990),#13006,.T.);
#12990 = FACE_BOUND('',#12991,.T.);
#12991 = EDGE_LOOP('',(#12992,#12998,#12999,#13005));
#12992 = ORIENTED_EDGE('',*,*,#12993,.F.);
#12993 = EDGE_CURVE('',#12902,#12942,#12994,.T.);
#12994 = LINE('',#12995,#12996);
#12995 = CARTESIAN_POINT('',(-96.,279.,198.));
#12996 = VECTOR('',#12997,1.);
#12997 = DIRECTION('',(1.,0.,0.));
#12998 = ORIENTED_EDGE('',*,*,#12909,.T.);
#12999 = ORIENTED_EDGE('',*,*,#13000,.T.);
#13000 = EDGE_CURVE('',#12910,#12950,#13001,.T.);
#13001 = LINE('',#13002,#13003);
#13002 = CARTESIAN_POINT('',(-96.,279.,254.));
#13003 = VECTOR('',#13004,1.);
#13004 = DIRECTION('',(1.,0.,0.));
#13005 = ORIENTED_EDGE('',*,*,#12949,.F.);
#13006 = PLANE('',#13007);
#13007 = AXIS2_PLACEMENT_3D('',#13008,#13009,#13010);
#13008 = CARTESIAN_POINT('',(-96.,279.,198.));
#13009 = DIRECTION('',(0.,1.,0.));
#13010 = DIRECTION('',(0.,0.,1.));
#13011 = ADVANCED_FACE('',(#13012),#13018,.F.);
#13012 = FACE_BOUND('',#13013,.F.);
#13013 = EDGE_LOOP('',(#13014,#13015,#13016,#13017));
#13014 = ORIENTED_EDGE('',*,*,#12901,.F.);
#13015 = ORIENTED_EDGE('',*,*,#12971,.T.);
#13016 = ORIENTED_EDGE('',*,*,#12941,.T.);
#13017 = ORIENTED_EDGE('',*,*,#12993,.F.);
#13018 = PLANE('',#13019);
#13019 = AXIS2_PLACEMENT_3D('',#13020,#13021,#13022);
#13020 = CARTESIAN_POINT('',(-96.,209.,198.));
#13021 = DIRECTION('',(0.,0.,1.));
#13022 = DIRECTION('',(1.,0.,0.));
#13023 = ADVANCED_FACE('',(#13024),#13030,.T.);
#13024 = FACE_BOUND('',#13025,.T.);
#13025 = EDGE_LOOP('',(#13026,#13027,#13028,#13029));
#13026 = ORIENTED_EDGE('',*,*,#12917,.F.);
#13027 = ORIENTED_EDGE('',*,*,#12978,.T.);
#13028 = ORIENTED_EDGE('',*,*,#12957,.T.);
#13029 = ORIENTED_EDGE('',*,*,#13000,.F.);
#13030 = PLANE('',#13031);
#13031 = AXIS2_PLACEMENT_3D('',#13032,#13033,#13034);
#13032 = CARTESIAN_POINT('',(-96.,209.,254.));
#13033 = DIRECTION('',(0.,0.,1.));
#13034 = DIRECTION('',(1.,0.,0.));
#13035 = MANIFOLD_SOLID_BREP('',#13036);
#13036 = CLOSED_SHELL('',(#13037,#13077,#13117,#13139,#13161,#13173));
#13037 = ADVANCED_FACE('',(#13038),#13072,.F.);
#13038 = FACE_BOUND('',#13039,.F.);
#13039 = EDGE_LOOP('',(#13040,#13050,#13058,#13066));
#13040 = ORIENTED_EDGE('',*,*,#13041,.F.);
#13041 = EDGE_CURVE('',#13042,#13044,#13046,.T.);
#13042 = VERTEX_POINT('',#13043);
#13043 = CARTESIAN_POINT('',(-92.,286.,202.));
#13044 = VERTEX_POINT('',#13045);
#13045 = CARTESIAN_POINT('',(-92.,286.,238.));
#13046 = LINE('',#13047,#13048);
#13047 = CARTESIAN_POINT('',(-92.,286.,202.));
#13048 = VECTOR('',#13049,1.);
#13049 = DIRECTION('',(0.,0.,1.));
#13050 = ORIENTED_EDGE('',*,*,#13051,.T.);
#13051 = EDGE_CURVE('',#13042,#13052,#13054,.T.);
#13052 = VERTEX_POINT('',#13053);
#13053 = CARTESIAN_POINT('',(-92.,318.,202.));
#13054 = LINE('',#13055,#13056);
#13055 = CARTESIAN_POINT('',(-92.,286.,202.));
#13056 = VECTOR('',#13057,1.);
#13057 = DIRECTION('',(0.,1.,0.));
#13058 = ORIENTED_EDGE('',*,*,#13059,.T.);
#13059 = EDGE_CURVE('',#13052,#13060,#13062,.T.);
#13060 = VERTEX_POINT('',#13061);
#13061 = CARTESIAN_POINT('',(-92.,318.,238.));
#13062 = LINE('',#13063,#13064);
#13063 = CARTESIAN_POINT('',(-92.,318.,202.));
#13064 = VECTOR('',#13065,1.);
#13065 = DIRECTION('',(0.,0.,1.));
#13066 = ORIENTED_EDGE('',*,*,#13067,.F.);
#13067 = EDGE_CURVE('',#13044,#13060,#13068,.T.);
#13068 = LINE('',#13069,#13070);
#13069 = CARTESIAN_POINT('',(-92.,286.,238.));
#13070 = VECTOR('',#13071,1.);
#13071 = DIRECTION('',(0.,1.,0.));
#13072 = PLANE('',#13073);
#13073 = AXIS2_PLACEMENT_3D('',#13074,#13075,#13076);
#13074 = CARTESIAN_POINT('',(-92.,286.,202.));
#13075 = DIRECTION('',(1.,0.,0.));
#13076 = DIRECTION('',(0.,0.,1.));
#13077 = ADVANCED_FACE('',(#13078),#13112,.T.);
#13078 = FACE_BOUND('',#13079,.T.);
#13079 = EDGE_LOOP('',(#13080,#13090,#13098,#13106));
#13080 = ORIENTED_EDGE('',*,*,#13081,.F.);
#13081 = EDGE_CURVE('',#13082,#13084,#13086,.T.);
#13082 = VERTEX_POINT('',#13083);
#13083 = CARTESIAN_POINT('',(-84.,286.,202.));
#13084 = VERTEX_POINT('',#13085);
#13085 = CARTESIAN_POINT('',(-84.,286.,238.));
#13086 = LINE('',#13087,#13088);
#13087 = CARTESIAN_POINT('',(-84.,286.,202.));
#13088 = VECTOR('',#13089,1.);
#13089 = DIRECTION('',(0.,0.,1.));
#13090 = ORIENTED_EDGE('',*,*,#13091,.T.);
#13091 = EDGE_CURVE('',#13082,#13092,#13094,.T.);
#13092 = VERTEX_POINT('',#13093);
#13093 = CARTESIAN_POINT('',(-84.,318.,202.));
#13094 = LINE('',#13095,#13096);
#13095 = CARTESIAN_POINT('',(-84.,286.,202.));
#13096 = VECTOR('',#13097,1.);
#13097 = DIRECTION('',(0.,1.,0.));
#13098 = ORIENTED_EDGE('',*,*,#13099,.T.);
#13099 = EDGE_CURVE('',#13092,#13100,#13102,.T.);
#13100 = VERTEX_POINT('',#13101);
#13101 = CARTESIAN_POINT('',(-84.,318.,238.));
#13102 = LINE('',#13103,#13104);
#13103 = CARTESIAN_POINT('',(-84.,318.,202.));
#13104 = VECTOR('',#13105,1.);
#13105 = DIRECTION('',(0.,0.,1.));
#13106 = ORIENTED_EDGE('',*,*,#13107,.F.);
#13107 = EDGE_CURVE('',#13084,#13100,#13108,.T.);
#13108 = LINE('',#13109,#13110);
#13109 = CARTESIAN_POINT('',(-84.,286.,238.));
#13110 = VECTOR('',#13111,1.);
#13111 = DIRECTION('',(0.,1.,0.));
#13112 = PLANE('',#13113);
#13113 = AXIS2_PLACEMENT_3D('',#13114,#13115,#13116);
#13114 = CARTESIAN_POINT('',(-84.,286.,202.));
#13115 = DIRECTION('',(1.,0.,0.));
#13116 = DIRECTION('',(0.,0.,1.));
#13117 = ADVANCED_FACE('',(#13118),#13134,.F.);
#13118 = FACE_BOUND('',#13119,.F.);
#13119 = EDGE_LOOP('',(#13120,#13126,#13127,#13133));
#13120 = ORIENTED_EDGE('',*,*,#13121,.F.);
#13121 = EDGE_CURVE('',#13042,#13082,#13122,.T.);
#13122 = LINE('',#13123,#13124);
#13123 = CARTESIAN_POINT('',(-92.,286.,202.));
#13124 = VECTOR('',#13125,1.);
#13125 = DIRECTION('',(1.,0.,0.));
#13126 = ORIENTED_EDGE('',*,*,#13041,.T.);
#13127 = ORIENTED_EDGE('',*,*,#13128,.T.);
#13128 = EDGE_CURVE('',#13044,#13084,#13129,.T.);
#13129 = LINE('',#13130,#13131);
#13130 = CARTESIAN_POINT('',(-92.,286.,238.));
#13131 = VECTOR('',#13132,1.);
#13132 = DIRECTION('',(1.,0.,0.));
#13133 = ORIENTED_EDGE('',*,*,#13081,.F.);
#13134 = PLANE('',#13135);
#13135 = AXIS2_PLACEMENT_3D('',#13136,#13137,#13138);
#13136 = CARTESIAN_POINT('',(-92.,286.,202.));
#13137 = DIRECTION('',(0.,1.,0.));
#13138 = DIRECTION('',(0.,0.,1.));
#13139 = ADVANCED_FACE('',(#13140),#13156,.T.);
#13140 = FACE_BOUND('',#13141,.T.);
#13141 = EDGE_LOOP('',(#13142,#13148,#13149,#13155));
#13142 = ORIENTED_EDGE('',*,*,#13143,.F.);
#13143 = EDGE_CURVE('',#13052,#13092,#13144,.T.);
#13144 = LINE('',#13145,#13146);
#13145 = CARTESIAN_POINT('',(-92.,318.,202.));
#13146 = VECTOR('',#13147,1.);
#13147 = DIRECTION('',(1.,0.,0.));
#13148 = ORIENTED_EDGE('',*,*,#13059,.T.);
#13149 = ORIENTED_EDGE('',*,*,#13150,.T.);
#13150 = EDGE_CURVE('',#13060,#13100,#13151,.T.);
#13151 = LINE('',#13152,#13153);
#13152 = CARTESIAN_POINT('',(-92.,318.,238.));
#13153 = VECTOR('',#13154,1.);
#13154 = DIRECTION('',(1.,0.,0.));
#13155 = ORIENTED_EDGE('',*,*,#13099,.F.);
#13156 = PLANE('',#13157);
#13157 = AXIS2_PLACEMENT_3D('',#13158,#13159,#13160);
#13158 = CARTESIAN_POINT('',(-92.,318.,202.));
#13159 = DIRECTION('',(0.,1.,0.));
#13160 = DIRECTION('',(0.,0.,1.));
#13161 = ADVANCED_FACE('',(#13162),#13168,.F.);
#13162 = FACE_BOUND('',#13163,.F.);
#13163 = EDGE_LOOP('',(#13164,#13165,#13166,#13167));
#13164 = ORIENTED_EDGE('',*,*,#13051,.F.);
#13165 = ORIENTED_EDGE('',*,*,#13121,.T.);
#13166 = ORIENTED_EDGE('',*,*,#13091,.T.);
#13167 = ORIENTED_EDGE('',*,*,#13143,.F.);
#13168 = PLANE('',#13169);
#13169 = AXIS2_PLACEMENT_3D('',#13170,#13171,#13172);
#13170 = CARTESIAN_POINT('',(-92.,286.,202.));
#13171 = DIRECTION('',(0.,0.,1.));
#13172 = DIRECTION('',(1.,0.,0.));
#13173 = ADVANCED_FACE('',(#13174),#13180,.T.);
#13174 = FACE_BOUND('',#13175,.T.);
#13175 = EDGE_LOOP('',(#13176,#13177,#13178,#13179));
#13176 = ORIENTED_EDGE('',*,*,#13067,.F.);
#13177 = ORIENTED_EDGE('',*,*,#13128,.T.);
#13178 = ORIENTED_EDGE('',*,*,#13107,.T.);
#13179 = ORIENTED_EDGE('',*,*,#13150,.F.);
#13180 = PLANE('',#13181);
#13181 = AXIS2_PLACEMENT_3D('',#13182,#13183,#13184);
#13182 = CARTESIAN_POINT('',(-92.,286.,238.));
#13183 = DIRECTION('',(0.,0.,1.));
#13184 = DIRECTION('',(1.,0.,0.));
#13185 = MANIFOLD_SOLID_BREP('',#13186);
#13186 = CLOSED_SHELL('',(#13187,#13227,#13267,#13289,#13311,#13323));
#13187 = ADVANCED_FACE('',(#13188),#13222,.F.);
#13188 = FACE_BOUND('',#13189,.F.);
#13189 = EDGE_LOOP('',(#13190,#13200,#13208,#13216));
#13190 = ORIENTED_EDGE('',*,*,#13191,.F.);
#13191 = EDGE_CURVE('',#13192,#13194,#13196,.T.);
#13192 = VERTEX_POINT('',#13193);
#13193 = CARTESIAN_POINT('',(-84.,286.,204.));
#13194 = VERTEX_POINT('',#13195);
#13195 = CARTESIAN_POINT('',(-84.,286.,206.5));
#13196 = LINE('',#13197,#13198);
#13197 = CARTESIAN_POINT('',(-84.,286.,204.));
#13198 = VECTOR('',#13199,1.);
#13199 = DIRECTION('',(0.,0.,1.));
#13200 = ORIENTED_EDGE('',*,*,#13201,.T.);
#13201 = EDGE_CURVE('',#13192,#13202,#13204,.T.);
#13202 = VERTEX_POINT('',#13203);
#13203 = CARTESIAN_POINT('',(-84.,318.,204.));
#13204 = LINE('',#13205,#13206);
#13205 = CARTESIAN_POINT('',(-84.,286.,204.));
#13206 = VECTOR('',#13207,1.);
#13207 = DIRECTION('',(0.,1.,0.));
#13208 = ORIENTED_EDGE('',*,*,#13209,.T.);
#13209 = EDGE_CURVE('',#13202,#13210,#13212,.T.);
#13210 = VERTEX_POINT('',#13211);
#13211 = CARTESIAN_POINT('',(-84.,318.,206.5));
#13212 = LINE('',#13213,#13214);
#13213 = CARTESIAN_POINT('',(-84.,318.,204.));
#13214 = VECTOR('',#13215,1.);
#13215 = DIRECTION('',(0.,0.,1.));
#13216 = ORIENTED_EDGE('',*,*,#13217,.F.);
#13217 = EDGE_CURVE('',#13194,#13210,#13218,.T.);
#13218 = LINE('',#13219,#13220);
#13219 = CARTESIAN_POINT('',(-84.,286.,206.5));
#13220 = VECTOR('',#13221,1.);
#13221 = DIRECTION('',(0.,1.,0.));
#13222 = PLANE('',#13223);
#13223 = AXIS2_PLACEMENT_3D('',#13224,#13225,#13226);
#13224 = CARTESIAN_POINT('',(-84.,286.,204.));
#13225 = DIRECTION('',(1.,0.,0.));
#13226 = DIRECTION('',(0.,0.,1.));
#13227 = ADVANCED_FACE('',(#13228),#13262,.T.);
#13228 = FACE_BOUND('',#13229,.T.);
#13229 = EDGE_LOOP('',(#13230,#13240,#13248,#13256));
#13230 = ORIENTED_EDGE('',*,*,#13231,.F.);
#13231 = EDGE_CURVE('',#13232,#13234,#13236,.T.);
#13232 = VERTEX_POINT('',#13233);
#13233 = CARTESIAN_POINT('',(-81.5,286.,204.));
#13234 = VERTEX_POINT('',#13235);
#13235 = CARTESIAN_POINT('',(-81.5,286.,206.5));
#13236 = LINE('',#13237,#13238);
#13237 = CARTESIAN_POINT('',(-81.5,286.,204.));
#13238 = VECTOR('',#13239,1.);
#13239 = DIRECTION('',(0.,0.,1.));
#13240 = ORIENTED_EDGE('',*,*,#13241,.T.);
#13241 = EDGE_CURVE('',#13232,#13242,#13244,.T.);
#13242 = VERTEX_POINT('',#13243);
#13243 = CARTESIAN_POINT('',(-81.5,318.,204.));
#13244 = LINE('',#13245,#13246);
#13245 = CARTESIAN_POINT('',(-81.5,286.,204.));
#13246 = VECTOR('',#13247,1.);
#13247 = DIRECTION('',(0.,1.,0.));
#13248 = ORIENTED_EDGE('',*,*,#13249,.T.);
#13249 = EDGE_CURVE('',#13242,#13250,#13252,.T.);
#13250 = VERTEX_POINT('',#13251);
#13251 = CARTESIAN_POINT('',(-81.5,318.,206.5));
#13252 = LINE('',#13253,#13254);
#13253 = CARTESIAN_POINT('',(-81.5,318.,204.));
#13254 = VECTOR('',#13255,1.);
#13255 = DIRECTION('',(0.,0.,1.));
#13256 = ORIENTED_EDGE('',*,*,#13257,.F.);
#13257 = EDGE_CURVE('',#13234,#13250,#13258,.T.);
#13258 = LINE('',#13259,#13260);
#13259 = CARTESIAN_POINT('',(-81.5,286.,206.5));
#13260 = VECTOR('',#13261,1.);
#13261 = DIRECTION('',(0.,1.,0.));
#13262 = PLANE('',#13263);
#13263 = AXIS2_PLACEMENT_3D('',#13264,#13265,#13266);
#13264 = CARTESIAN_POINT('',(-81.5,286.,204.));
#13265 = DIRECTION('',(1.,0.,0.));
#13266 = DIRECTION('',(0.,0.,1.));
#13267 = ADVANCED_FACE('',(#13268),#13284,.F.);
#13268 = FACE_BOUND('',#13269,.F.);
#13269 = EDGE_LOOP('',(#13270,#13276,#13277,#13283));
#13270 = ORIENTED_EDGE('',*,*,#13271,.F.);
#13271 = EDGE_CURVE('',#13192,#13232,#13272,.T.);
#13272 = LINE('',#13273,#13274);
#13273 = CARTESIAN_POINT('',(-84.,286.,204.));
#13274 = VECTOR('',#13275,1.);
#13275 = DIRECTION('',(1.,0.,0.));
#13276 = ORIENTED_EDGE('',*,*,#13191,.T.);
#13277 = ORIENTED_EDGE('',*,*,#13278,.T.);
#13278 = EDGE_CURVE('',#13194,#13234,#13279,.T.);
#13279 = LINE('',#13280,#13281);
#13280 = CARTESIAN_POINT('',(-84.,286.,206.5));
#13281 = VECTOR('',#13282,1.);
#13282 = DIRECTION('',(1.,0.,0.));
#13283 = ORIENTED_EDGE('',*,*,#13231,.F.);
#13284 = PLANE('',#13285);
#13285 = AXIS2_PLACEMENT_3D('',#13286,#13287,#13288);
#13286 = CARTESIAN_POINT('',(-84.,286.,204.));
#13287 = DIRECTION('',(0.,1.,0.));
#13288 = DIRECTION('',(0.,0.,1.));
#13289 = ADVANCED_FACE('',(#13290),#13306,.T.);
#13290 = FACE_BOUND('',#13291,.T.);
#13291 = EDGE_LOOP('',(#13292,#13298,#13299,#13305));
#13292 = ORIENTED_EDGE('',*,*,#13293,.F.);
#13293 = EDGE_CURVE('',#13202,#13242,#13294,.T.);
#13294 = LINE('',#13295,#13296);
#13295 = CARTESIAN_POINT('',(-84.,318.,204.));
#13296 = VECTOR('',#13297,1.);
#13297 = DIRECTION('',(1.,0.,0.));
#13298 = ORIENTED_EDGE('',*,*,#13209,.T.);
#13299 = ORIENTED_EDGE('',*,*,#13300,.T.);
#13300 = EDGE_CURVE('',#13210,#13250,#13301,.T.);
#13301 = LINE('',#13302,#13303);
#13302 = CARTESIAN_POINT('',(-84.,318.,206.5));
#13303 = VECTOR('',#13304,1.);
#13304 = DIRECTION('',(1.,0.,0.));
#13305 = ORIENTED_EDGE('',*,*,#13249,.F.);
#13306 = PLANE('',#13307);
#13307 = AXIS2_PLACEMENT_3D('',#13308,#13309,#13310);
#13308 = CARTESIAN_POINT('',(-84.,318.,204.));
#13309 = DIRECTION('',(0.,1.,0.));
#13310 = DIRECTION('',(0.,0.,1.));
#13311 = ADVANCED_FACE('',(#13312),#13318,.F.);
#13312 = FACE_BOUND('',#13313,.F.);
#13313 = EDGE_LOOP('',(#13314,#13315,#13316,#13317));
#13314 = ORIENTED_EDGE('',*,*,#13201,.F.);
#13315 = ORIENTED_EDGE('',*,*,#13271,.T.);
#13316 = ORIENTED_EDGE('',*,*,#13241,.T.);
#13317 = ORIENTED_EDGE('',*,*,#13293,.F.);
#13318 = PLANE('',#13319);
#13319 = AXIS2_PLACEMENT_3D('',#13320,#13321,#13322);
#13320 = CARTESIAN_POINT('',(-84.,286.,204.));
#13321 = DIRECTION('',(0.,0.,1.));
#13322 = DIRECTION('',(1.,0.,0.));
#13323 = ADVANCED_FACE('',(#13324),#13330,.T.);
#13324 = FACE_BOUND('',#13325,.T.);
#13325 = EDGE_LOOP('',(#13326,#13327,#13328,#13329));
#13326 = ORIENTED_EDGE('',*,*,#13217,.F.);
#13327 = ORIENTED_EDGE('',*,*,#13278,.T.);
#13328 = ORIENTED_EDGE('',*,*,#13257,.T.);
#13329 = ORIENTED_EDGE('',*,*,#13300,.F.);
#13330 = PLANE('',#13331);
#13331 = AXIS2_PLACEMENT_3D('',#13332,#13333,#13334);
#13332 = CARTESIAN_POINT('',(-84.,286.,206.5));
#13333 = DIRECTION('',(0.,0.,1.));
#13334 = DIRECTION('',(1.,0.,0.));
#13335 = MANIFOLD_SOLID_BREP('',#13336);
#13336 = CLOSED_SHELL('',(#13337,#13377,#13417,#13439,#13461,#13473));
#13337 = ADVANCED_FACE('',(#13338),#13372,.F.);
#13338 = FACE_BOUND('',#13339,.F.);
#13339 = EDGE_LOOP('',(#13340,#13350,#13358,#13366));
#13340 = ORIENTED_EDGE('',*,*,#13341,.F.);
#13341 = EDGE_CURVE('',#13342,#13344,#13346,.T.);
#13342 = VERTEX_POINT('',#13343);
#13343 = CARTESIAN_POINT('',(-84.,286.,210.5));
#13344 = VERTEX_POINT('',#13345);
#13345 = CARTESIAN_POINT('',(-84.,286.,213.));
#13346 = LINE('',#13347,#13348);
#13347 = CARTESIAN_POINT('',(-84.,286.,210.5));
#13348 = VECTOR('',#13349,1.);
#13349 = DIRECTION('',(0.,0.,1.));
#13350 = ORIENTED_EDGE('',*,*,#13351,.T.);
#13351 = EDGE_CURVE('',#13342,#13352,#13354,.T.);
#13352 = VERTEX_POINT('',#13353);
#13353 = CARTESIAN_POINT('',(-84.,318.,210.5));
#13354 = LINE('',#13355,#13356);
#13355 = CARTESIAN_POINT('',(-84.,286.,210.5));
#13356 = VECTOR('',#13357,1.);
#13357 = DIRECTION('',(0.,1.,0.));
#13358 = ORIENTED_EDGE('',*,*,#13359,.T.);
#13359 = EDGE_CURVE('',#13352,#13360,#13362,.T.);
#13360 = VERTEX_POINT('',#13361);
#13361 = CARTESIAN_POINT('',(-84.,318.,213.));
#13362 = LINE('',#13363,#13364);
#13363 = CARTESIAN_POINT('',(-84.,318.,210.5));
#13364 = VECTOR('',#13365,1.);
#13365 = DIRECTION('',(0.,0.,1.));
#13366 = ORIENTED_EDGE('',*,*,#13367,.F.);
#13367 = EDGE_CURVE('',#13344,#13360,#13368,.T.);
#13368 = LINE('',#13369,#13370);
#13369 = CARTESIAN_POINT('',(-84.,286.,213.));
#13370 = VECTOR('',#13371,1.);
#13371 = DIRECTION('',(0.,1.,0.));
#13372 = PLANE('',#13373);
#13373 = AXIS2_PLACEMENT_3D('',#13374,#13375,#13376);
#13374 = CARTESIAN_POINT('',(-84.,286.,210.5));
#13375 = DIRECTION('',(1.,0.,0.));
#13376 = DIRECTION('',(0.,0.,1.));
#13377 = ADVANCED_FACE('',(#13378),#13412,.T.);
#13378 = FACE_BOUND('',#13379,.T.);
#13379 = EDGE_LOOP('',(#13380,#13390,#13398,#13406));
#13380 = ORIENTED_EDGE('',*,*,#13381,.F.);
#13381 = EDGE_CURVE('',#13382,#13384,#13386,.T.);
#13382 = VERTEX_POINT('',#13383);
#13383 = CARTESIAN_POINT('',(-81.5,286.,210.5));
#13384 = VERTEX_POINT('',#13385);
#13385 = CARTESIAN_POINT('',(-81.5,286.,213.));
#13386 = LINE('',#13387,#13388);
#13387 = CARTESIAN_POINT('',(-81.5,286.,210.5));
#13388 = VECTOR('',#13389,1.);
#13389 = DIRECTION('',(0.,0.,1.));
#13390 = ORIENTED_EDGE('',*,*,#13391,.T.);
#13391 = EDGE_CURVE('',#13382,#13392,#13394,.T.);
#13392 = VERTEX_POINT('',#13393);
#13393 = CARTESIAN_POINT('',(-81.5,318.,210.5));
#13394 = LINE('',#13395,#13396);
#13395 = CARTESIAN_POINT('',(-81.5,286.,210.5));
#13396 = VECTOR('',#13397,1.);
#13397 = DIRECTION('',(0.,1.,0.));
#13398 = ORIENTED_EDGE('',*,*,#13399,.T.);
#13399 = EDGE_CURVE('',#13392,#13400,#13402,.T.);
#13400 = VERTEX_POINT('',#13401);
#13401 = CARTESIAN_POINT('',(-81.5,318.,213.));
#13402 = LINE('',#13403,#13404);
#13403 = CARTESIAN_POINT('',(-81.5,318.,210.5));
#13404 = VECTOR('',#13405,1.);
#13405 = DIRECTION('',(0.,0.,1.));
#13406 = ORIENTED_EDGE('',*,*,#13407,.F.);
#13407 = EDGE_CURVE('',#13384,#13400,#13408,.T.);
#13408 = LINE('',#13409,#13410);
#13409 = CARTESIAN_POINT('',(-81.5,286.,213.));
#13410 = VECTOR('',#13411,1.);
#13411 = DIRECTION('',(0.,1.,0.));
#13412 = PLANE('',#13413);
#13413 = AXIS2_PLACEMENT_3D('',#13414,#13415,#13416);
#13414 = CARTESIAN_POINT('',(-81.5,286.,210.5));
#13415 = DIRECTION('',(1.,0.,0.));
#13416 = DIRECTION('',(0.,0.,1.));
#13417 = ADVANCED_FACE('',(#13418),#13434,.F.);
#13418 = FACE_BOUND('',#13419,.F.);
#13419 = EDGE_LOOP('',(#13420,#13426,#13427,#13433));
#13420 = ORIENTED_EDGE('',*,*,#13421,.F.);
#13421 = EDGE_CURVE('',#13342,#13382,#13422,.T.);
#13422 = LINE('',#13423,#13424);
#13423 = CARTESIAN_POINT('',(-84.,286.,210.5));
#13424 = VECTOR('',#13425,1.);
#13425 = DIRECTION('',(1.,0.,0.));
#13426 = ORIENTED_EDGE('',*,*,#13341,.T.);
#13427 = ORIENTED_EDGE('',*,*,#13428,.T.);
#13428 = EDGE_CURVE('',#13344,#13384,#13429,.T.);
#13429 = LINE('',#13430,#13431);
#13430 = CARTESIAN_POINT('',(-84.,286.,213.));
#13431 = VECTOR('',#13432,1.);
#13432 = DIRECTION('',(1.,0.,0.));
#13433 = ORIENTED_EDGE('',*,*,#13381,.F.);
#13434 = PLANE('',#13435);
#13435 = AXIS2_PLACEMENT_3D('',#13436,#13437,#13438);
#13436 = CARTESIAN_POINT('',(-84.,286.,210.5));
#13437 = DIRECTION('',(0.,1.,0.));
#13438 = DIRECTION('',(0.,0.,1.));
#13439 = ADVANCED_FACE('',(#13440),#13456,.T.);
#13440 = FACE_BOUND('',#13441,.T.);
#13441 = EDGE_LOOP('',(#13442,#13448,#13449,#13455));
#13442 = ORIENTED_EDGE('',*,*,#13443,.F.);
#13443 = EDGE_CURVE('',#13352,#13392,#13444,.T.);
#13444 = LINE('',#13445,#13446);
#13445 = CARTESIAN_POINT('',(-84.,318.,210.5));
#13446 = VECTOR('',#13447,1.);
#13447 = DIRECTION('',(1.,0.,0.));
#13448 = ORIENTED_EDGE('',*,*,#13359,.T.);
#13449 = ORIENTED_EDGE('',*,*,#13450,.T.);
#13450 = EDGE_CURVE('',#13360,#13400,#13451,.T.);
#13451 = LINE('',#13452,#13453);
#13452 = CARTESIAN_POINT('',(-84.,318.,213.));
#13453 = VECTOR('',#13454,1.);
#13454 = DIRECTION('',(1.,0.,0.));
#13455 = ORIENTED_EDGE('',*,*,#13399,.F.);
#13456 = PLANE('',#13457);
#13457 = AXIS2_PLACEMENT_3D('',#13458,#13459,#13460);
#13458 = CARTESIAN_POINT('',(-84.,318.,210.5));
#13459 = DIRECTION('',(0.,1.,0.));
#13460 = DIRECTION('',(0.,0.,1.));
#13461 = ADVANCED_FACE('',(#13462),#13468,.F.);
#13462 = FACE_BOUND('',#13463,.F.);
#13463 = EDGE_LOOP('',(#13464,#13465,#13466,#13467));
#13464 = ORIENTED_EDGE('',*,*,#13351,.F.);
#13465 = ORIENTED_EDGE('',*,*,#13421,.T.);
#13466 = ORIENTED_EDGE('',*,*,#13391,.T.);
#13467 = ORIENTED_EDGE('',*,*,#13443,.F.);
#13468 = PLANE('',#13469);
#13469 = AXIS2_PLACEMENT_3D('',#13470,#13471,#13472);
#13470 = CARTESIAN_POINT('',(-84.,286.,210.5));
#13471 = DIRECTION('',(0.,0.,1.));
#13472 = DIRECTION('',(1.,0.,0.));
#13473 = ADVANCED_FACE('',(#13474),#13480,.T.);
#13474 = FACE_BOUND('',#13475,.T.);
#13475 = EDGE_LOOP('',(#13476,#13477,#13478,#13479));
#13476 = ORIENTED_EDGE('',*,*,#13367,.F.);
#13477 = ORIENTED_EDGE('',*,*,#13428,.T.);
#13478 = ORIENTED_EDGE('',*,*,#13407,.T.);
#13479 = ORIENTED_EDGE('',*,*,#13450,.F.);
#13480 = PLANE('',#13481);
#13481 = AXIS2_PLACEMENT_3D('',#13482,#13483,#13484);
#13482 = CARTESIAN_POINT('',(-84.,286.,213.));
#13483 = DIRECTION('',(0.,0.,1.));
#13484 = DIRECTION('',(1.,0.,0.));
#13485 = MANIFOLD_SOLID_BREP('',#13486);
#13486 = CLOSED_SHELL('',(#13487,#13527,#13567,#13589,#13611,#13623));
#13487 = ADVANCED_FACE('',(#13488),#13522,.F.);
#13488 = FACE_BOUND('',#13489,.F.);
#13489 = EDGE_LOOP('',(#13490,#13500,#13508,#13516));
#13490 = ORIENTED_EDGE('',*,*,#13491,.F.);
#13491 = EDGE_CURVE('',#13492,#13494,#13496,.T.);
#13492 = VERTEX_POINT('',#13493);
#13493 = CARTESIAN_POINT('',(-84.,286.,217.));
#13494 = VERTEX_POINT('',#13495);
#13495 = CARTESIAN_POINT('',(-84.,286.,219.5));
#13496 = LINE('',#13497,#13498);
#13497 = CARTESIAN_POINT('',(-84.,286.,217.));
#13498 = VECTOR('',#13499,1.);
#13499 = DIRECTION('',(0.,0.,1.));
#13500 = ORIENTED_EDGE('',*,*,#13501,.T.);
#13501 = EDGE_CURVE('',#13492,#13502,#13504,.T.);
#13502 = VERTEX_POINT('',#13503);
#13503 = CARTESIAN_POINT('',(-84.,318.,217.));
#13504 = LINE('',#13505,#13506);
#13505 = CARTESIAN_POINT('',(-84.,286.,217.));
#13506 = VECTOR('',#13507,1.);
#13507 = DIRECTION('',(0.,1.,0.));
#13508 = ORIENTED_EDGE('',*,*,#13509,.T.);
#13509 = EDGE_CURVE('',#13502,#13510,#13512,.T.);
#13510 = VERTEX_POINT('',#13511);
#13511 = CARTESIAN_POINT('',(-84.,318.,219.5));
#13512 = LINE('',#13513,#13514);
#13513 = CARTESIAN_POINT('',(-84.,318.,217.));
#13514 = VECTOR('',#13515,1.);
#13515 = DIRECTION('',(0.,0.,1.));
#13516 = ORIENTED_EDGE('',*,*,#13517,.F.);
#13517 = EDGE_CURVE('',#13494,#13510,#13518,.T.);
#13518 = LINE('',#13519,#13520);
#13519 = CARTESIAN_POINT('',(-84.,286.,219.5));
#13520 = VECTOR('',#13521,1.);
#13521 = DIRECTION('',(0.,1.,0.));
#13522 = PLANE('',#13523);
#13523 = AXIS2_PLACEMENT_3D('',#13524,#13525,#13526);
#13524 = CARTESIAN_POINT('',(-84.,286.,217.));
#13525 = DIRECTION('',(1.,0.,0.));
#13526 = DIRECTION('',(0.,0.,1.));
#13527 = ADVANCED_FACE('',(#13528),#13562,.T.);
#13528 = FACE_BOUND('',#13529,.T.);
#13529 = EDGE_LOOP('',(#13530,#13540,#13548,#13556));
#13530 = ORIENTED_EDGE('',*,*,#13531,.F.);
#13531 = EDGE_CURVE('',#13532,#13534,#13536,.T.);
#13532 = VERTEX_POINT('',#13533);
#13533 = CARTESIAN_POINT('',(-81.5,286.,217.));
#13534 = VERTEX_POINT('',#13535);
#13535 = CARTESIAN_POINT('',(-81.5,286.,219.5));
#13536 = LINE('',#13537,#13538);
#13537 = CARTESIAN_POINT('',(-81.5,286.,217.));
#13538 = VECTOR('',#13539,1.);
#13539 = DIRECTION('',(0.,0.,1.));
#13540 = ORIENTED_EDGE('',*,*,#13541,.T.);
#13541 = EDGE_CURVE('',#13532,#13542,#13544,.T.);
#13542 = VERTEX_POINT('',#13543);
#13543 = CARTESIAN_POINT('',(-81.5,318.,217.));
#13544 = LINE('',#13545,#13546);
#13545 = CARTESIAN_POINT('',(-81.5,286.,217.));
#13546 = VECTOR('',#13547,1.);
#13547 = DIRECTION('',(0.,1.,0.));
#13548 = ORIENTED_EDGE('',*,*,#13549,.T.);
#13549 = EDGE_CURVE('',#13542,#13550,#13552,.T.);
#13550 = VERTEX_POINT('',#13551);
#13551 = CARTESIAN_POINT('',(-81.5,318.,219.5));
#13552 = LINE('',#13553,#13554);
#13553 = CARTESIAN_POINT('',(-81.5,318.,217.));
#13554 = VECTOR('',#13555,1.);
#13555 = DIRECTION('',(0.,0.,1.));
#13556 = ORIENTED_EDGE('',*,*,#13557,.F.);
#13557 = EDGE_CURVE('',#13534,#13550,#13558,.T.);
#13558 = LINE('',#13559,#13560);
#13559 = CARTESIAN_POINT('',(-81.5,286.,219.5));
#13560 = VECTOR('',#13561,1.);
#13561 = DIRECTION('',(0.,1.,0.));
#13562 = PLANE('',#13563);
#13563 = AXIS2_PLACEMENT_3D('',#13564,#13565,#13566);
#13564 = CARTESIAN_POINT('',(-81.5,286.,217.));
#13565 = DIRECTION('',(1.,0.,0.));
#13566 = DIRECTION('',(0.,0.,1.));
#13567 = ADVANCED_FACE('',(#13568),#13584,.F.);
#13568 = FACE_BOUND('',#13569,.F.);
#13569 = EDGE_LOOP('',(#13570,#13576,#13577,#13583));
#13570 = ORIENTED_EDGE('',*,*,#13571,.F.);
#13571 = EDGE_CURVE('',#13492,#13532,#13572,.T.);
#13572 = LINE('',#13573,#13574);
#13573 = CARTESIAN_POINT('',(-84.,286.,217.));
#13574 = VECTOR('',#13575,1.);
#13575 = DIRECTION('',(1.,0.,0.));
#13576 = ORIENTED_EDGE('',*,*,#13491,.T.);
#13577 = ORIENTED_EDGE('',*,*,#13578,.T.);
#13578 = EDGE_CURVE('',#13494,#13534,#13579,.T.);
#13579 = LINE('',#13580,#13581);
#13580 = CARTESIAN_POINT('',(-84.,286.,219.5));
#13581 = VECTOR('',#13582,1.);
#13582 = DIRECTION('',(1.,0.,0.));
#13583 = ORIENTED_EDGE('',*,*,#13531,.F.);
#13584 = PLANE('',#13585);
#13585 = AXIS2_PLACEMENT_3D('',#13586,#13587,#13588);
#13586 = CARTESIAN_POINT('',(-84.,286.,217.));
#13587 = DIRECTION('',(0.,1.,0.));
#13588 = DIRECTION('',(0.,0.,1.));
#13589 = ADVANCED_FACE('',(#13590),#13606,.T.);
#13590 = FACE_BOUND('',#13591,.T.);
#13591 = EDGE_LOOP('',(#13592,#13598,#13599,#13605));
#13592 = ORIENTED_EDGE('',*,*,#13593,.F.);
#13593 = EDGE_CURVE('',#13502,#13542,#13594,.T.);
#13594 = LINE('',#13595,#13596);
#13595 = CARTESIAN_POINT('',(-84.,318.,217.));
#13596 = VECTOR('',#13597,1.);
#13597 = DIRECTION('',(1.,0.,0.));
#13598 = ORIENTED_EDGE('',*,*,#13509,.T.);
#13599 = ORIENTED_EDGE('',*,*,#13600,.T.);
#13600 = EDGE_CURVE('',#13510,#13550,#13601,.T.);
#13601 = LINE('',#13602,#13603);
#13602 = CARTESIAN_POINT('',(-84.,318.,219.5));
#13603 = VECTOR('',#13604,1.);
#13604 = DIRECTION('',(1.,0.,0.));
#13605 = ORIENTED_EDGE('',*,*,#13549,.F.);
#13606 = PLANE('',#13607);
#13607 = AXIS2_PLACEMENT_3D('',#13608,#13609,#13610);
#13608 = CARTESIAN_POINT('',(-84.,318.,217.));
#13609 = DIRECTION('',(0.,1.,0.));
#13610 = DIRECTION('',(0.,0.,1.));
#13611 = ADVANCED_FACE('',(#13612),#13618,.F.);
#13612 = FACE_BOUND('',#13613,.F.);
#13613 = EDGE_LOOP('',(#13614,#13615,#13616,#13617));
#13614 = ORIENTED_EDGE('',*,*,#13501,.F.);
#13615 = ORIENTED_EDGE('',*,*,#13571,.T.);
#13616 = ORIENTED_EDGE('',*,*,#13541,.T.);
#13617 = ORIENTED_EDGE('',*,*,#13593,.F.);
#13618 = PLANE('',#13619);
#13619 = AXIS2_PLACEMENT_3D('',#13620,#13621,#13622);
#13620 = CARTESIAN_POINT('',(-84.,286.,217.));
#13621 = DIRECTION('',(0.,0.,1.));
#13622 = DIRECTION('',(1.,0.,0.));
#13623 = ADVANCED_FACE('',(#13624),#13630,.T.);
#13624 = FACE_BOUND('',#13625,.T.);
#13625 = EDGE_LOOP('',(#13626,#13627,#13628,#13629));
#13626 = ORIENTED_EDGE('',*,*,#13517,.F.);
#13627 = ORIENTED_EDGE('',*,*,#13578,.T.);
#13628 = ORIENTED_EDGE('',*,*,#13557,.T.);
#13629 = ORIENTED_EDGE('',*,*,#13600,.F.);
#13630 = PLANE('',#13631);
#13631 = AXIS2_PLACEMENT_3D('',#13632,#13633,#13634);
#13632 = CARTESIAN_POINT('',(-84.,286.,219.5));
#13633 = DIRECTION('',(0.,0.,1.));
#13634 = DIRECTION('',(1.,0.,0.));
#13635 = MANIFOLD_SOLID_BREP('',#13636);
#13636 = CLOSED_SHELL('',(#13637,#13677,#13717,#13739,#13761,#13773));
#13637 = ADVANCED_FACE('',(#13638),#13672,.F.);
#13638 = FACE_BOUND('',#13639,.F.);
#13639 = EDGE_LOOP('',(#13640,#13650,#13658,#13666));
#13640 = ORIENTED_EDGE('',*,*,#13641,.F.);
#13641 = EDGE_CURVE('',#13642,#13644,#13646,.T.);
#13642 = VERTEX_POINT('',#13643);
#13643 = CARTESIAN_POINT('',(-84.,286.,223.5));
#13644 = VERTEX_POINT('',#13645);
#13645 = CARTESIAN_POINT('',(-84.,286.,226.));
#13646 = LINE('',#13647,#13648);
#13647 = CARTESIAN_POINT('',(-84.,286.,223.5));
#13648 = VECTOR('',#13649,1.);
#13649 = DIRECTION('',(0.,0.,1.));
#13650 = ORIENTED_EDGE('',*,*,#13651,.T.);
#13651 = EDGE_CURVE('',#13642,#13652,#13654,.T.);
#13652 = VERTEX_POINT('',#13653);
#13653 = CARTESIAN_POINT('',(-84.,318.,223.5));
#13654 = LINE('',#13655,#13656);
#13655 = CARTESIAN_POINT('',(-84.,286.,223.5));
#13656 = VECTOR('',#13657,1.);
#13657 = DIRECTION('',(0.,1.,0.));
#13658 = ORIENTED_EDGE('',*,*,#13659,.T.);
#13659 = EDGE_CURVE('',#13652,#13660,#13662,.T.);
#13660 = VERTEX_POINT('',#13661);
#13661 = CARTESIAN_POINT('',(-84.,318.,226.));
#13662 = LINE('',#13663,#13664);
#13663 = CARTESIAN_POINT('',(-84.,318.,223.5));
#13664 = VECTOR('',#13665,1.);
#13665 = DIRECTION('',(0.,0.,1.));
#13666 = ORIENTED_EDGE('',*,*,#13667,.F.);
#13667 = EDGE_CURVE('',#13644,#13660,#13668,.T.);
#13668 = LINE('',#13669,#13670);
#13669 = CARTESIAN_POINT('',(-84.,286.,226.));
#13670 = VECTOR('',#13671,1.);
#13671 = DIRECTION('',(0.,1.,0.));
#13672 = PLANE('',#13673);
#13673 = AXIS2_PLACEMENT_3D('',#13674,#13675,#13676);
#13674 = CARTESIAN_POINT('',(-84.,286.,223.5));
#13675 = DIRECTION('',(1.,0.,0.));
#13676 = DIRECTION('',(0.,0.,1.));
#13677 = ADVANCED_FACE('',(#13678),#13712,.T.);
#13678 = FACE_BOUND('',#13679,.T.);
#13679 = EDGE_LOOP('',(#13680,#13690,#13698,#13706));
#13680 = ORIENTED_EDGE('',*,*,#13681,.F.);
#13681 = EDGE_CURVE('',#13682,#13684,#13686,.T.);
#13682 = VERTEX_POINT('',#13683);
#13683 = CARTESIAN_POINT('',(-81.5,286.,223.5));
#13684 = VERTEX_POINT('',#13685);
#13685 = CARTESIAN_POINT('',(-81.5,286.,226.));
#13686 = LINE('',#13687,#13688);
#13687 = CARTESIAN_POINT('',(-81.5,286.,223.5));
#13688 = VECTOR('',#13689,1.);
#13689 = DIRECTION('',(0.,0.,1.));
#13690 = ORIENTED_EDGE('',*,*,#13691,.T.);
#13691 = EDGE_CURVE('',#13682,#13692,#13694,.T.);
#13692 = VERTEX_POINT('',#13693);
#13693 = CARTESIAN_POINT('',(-81.5,318.,223.5));
#13694 = LINE('',#13695,#13696);
#13695 = CARTESIAN_POINT('',(-81.5,286.,223.5));
#13696 = VECTOR('',#13697,1.);
#13697 = DIRECTION('',(0.,1.,0.));
#13698 = ORIENTED_EDGE('',*,*,#13699,.T.);
#13699 = EDGE_CURVE('',#13692,#13700,#13702,.T.);
#13700 = VERTEX_POINT('',#13701);
#13701 = CARTESIAN_POINT('',(-81.5,318.,226.));
#13702 = LINE('',#13703,#13704);
#13703 = CARTESIAN_POINT('',(-81.5,318.,223.5));
#13704 = VECTOR('',#13705,1.);
#13705 = DIRECTION('',(0.,0.,1.));
#13706 = ORIENTED_EDGE('',*,*,#13707,.F.);
#13707 = EDGE_CURVE('',#13684,#13700,#13708,.T.);
#13708 = LINE('',#13709,#13710);
#13709 = CARTESIAN_POINT('',(-81.5,286.,226.));
#13710 = VECTOR('',#13711,1.);
#13711 = DIRECTION('',(0.,1.,0.));
#13712 = PLANE('',#13713);
#13713 = AXIS2_PLACEMENT_3D('',#13714,#13715,#13716);
#13714 = CARTESIAN_POINT('',(-81.5,286.,223.5));
#13715 = DIRECTION('',(1.,0.,0.));
#13716 = DIRECTION('',(0.,0.,1.));
#13717 = ADVANCED_FACE('',(#13718),#13734,.F.);
#13718 = FACE_BOUND('',#13719,.F.);
#13719 = EDGE_LOOP('',(#13720,#13726,#13727,#13733));
#13720 = ORIENTED_EDGE('',*,*,#13721,.F.);
#13721 = EDGE_CURVE('',#13642,#13682,#13722,.T.);
#13722 = LINE('',#13723,#13724);
#13723 = CARTESIAN_POINT('',(-84.,286.,223.5));
#13724 = VECTOR('',#13725,1.);
#13725 = DIRECTION('',(1.,0.,0.));
#13726 = ORIENTED_EDGE('',*,*,#13641,.T.);
#13727 = ORIENTED_EDGE('',*,*,#13728,.T.);
#13728 = EDGE_CURVE('',#13644,#13684,#13729,.T.);
#13729 = LINE('',#13730,#13731);
#13730 = CARTESIAN_POINT('',(-84.,286.,226.));
#13731 = VECTOR('',#13732,1.);
#13732 = DIRECTION('',(1.,0.,0.));
#13733 = ORIENTED_EDGE('',*,*,#13681,.F.);
#13734 = PLANE('',#13735);
#13735 = AXIS2_PLACEMENT_3D('',#13736,#13737,#13738);
#13736 = CARTESIAN_POINT('',(-84.,286.,223.5));
#13737 = DIRECTION('',(0.,1.,0.));
#13738 = DIRECTION('',(0.,0.,1.));
#13739 = ADVANCED_FACE('',(#13740),#13756,.T.);
#13740 = FACE_BOUND('',#13741,.T.);
#13741 = EDGE_LOOP('',(#13742,#13748,#13749,#13755));
#13742 = ORIENTED_EDGE('',*,*,#13743,.F.);
#13743 = EDGE_CURVE('',#13652,#13692,#13744,.T.);
#13744 = LINE('',#13745,#13746);
#13745 = CARTESIAN_POINT('',(-84.,318.,223.5));
#13746 = VECTOR('',#13747,1.);
#13747 = DIRECTION('',(1.,0.,0.));
#13748 = ORIENTED_EDGE('',*,*,#13659,.T.);
#13749 = ORIENTED_EDGE('',*,*,#13750,.T.);
#13750 = EDGE_CURVE('',#13660,#13700,#13751,.T.);
#13751 = LINE('',#13752,#13753);
#13752 = CARTESIAN_POINT('',(-84.,318.,226.));
#13753 = VECTOR('',#13754,1.);
#13754 = DIRECTION('',(1.,0.,0.));
#13755 = ORIENTED_EDGE('',*,*,#13699,.F.);
#13756 = PLANE('',#13757);
#13757 = AXIS2_PLACEMENT_3D('',#13758,#13759,#13760);
#13758 = CARTESIAN_POINT('',(-84.,318.,223.5));
#13759 = DIRECTION('',(0.,1.,0.));
#13760 = DIRECTION('',(0.,0.,1.));
#13761 = ADVANCED_FACE('',(#13762),#13768,.F.);
#13762 = FACE_BOUND('',#13763,.F.);
#13763 = EDGE_LOOP('',(#13764,#13765,#13766,#13767));
#13764 = ORIENTED_EDGE('',*,*,#13651,.F.);
#13765 = ORIENTED_EDGE('',*,*,#13721,.T.);
#13766 = ORIENTED_EDGE('',*,*,#13691,.T.);
#13767 = ORIENTED_EDGE('',*,*,#13743,.F.);
#13768 = PLANE('',#13769);
#13769 = AXIS2_PLACEMENT_3D('',#13770,#13771,#13772);
#13770 = CARTESIAN_POINT('',(-84.,286.,223.5));
#13771 = DIRECTION('',(0.,0.,1.));
#13772 = DIRECTION('',(1.,0.,0.));
#13773 = ADVANCED_FACE('',(#13774),#13780,.T.);
#13774 = FACE_BOUND('',#13775,.T.);
#13775 = EDGE_LOOP('',(#13776,#13777,#13778,#13779));
#13776 = ORIENTED_EDGE('',*,*,#13667,.F.);
#13777 = ORIENTED_EDGE('',*,*,#13728,.T.);
#13778 = ORIENTED_EDGE('',*,*,#13707,.T.);
#13779 = ORIENTED_EDGE('',*,*,#13750,.F.);
#13780 = PLANE('',#13781);
#13781 = AXIS2_PLACEMENT_3D('',#13782,#13783,#13784);
#13782 = CARTESIAN_POINT('',(-84.,286.,226.));
#13783 = DIRECTION('',(0.,0.,1.));
#13784 = DIRECTION('',(1.,0.,0.));
#13785 = MANIFOLD_SOLID_BREP('',#13786);
#13786 = CLOSED_SHELL('',(#13787,#13827,#13867,#13889,#13911,#13923));
#13787 = ADVANCED_FACE('',(#13788),#13822,.F.);
#13788 = FACE_BOUND('',#13789,.F.);
#13789 = EDGE_LOOP('',(#13790,#13800,#13808,#13816));
#13790 = ORIENTED_EDGE('',*,*,#13791,.F.);
#13791 = EDGE_CURVE('',#13792,#13794,#13796,.T.);
#13792 = VERTEX_POINT('',#13793);
#13793 = CARTESIAN_POINT('',(-84.,286.,230.));
#13794 = VERTEX_POINT('',#13795);
#13795 = CARTESIAN_POINT('',(-84.,286.,232.5));
#13796 = LINE('',#13797,#13798);
#13797 = CARTESIAN_POINT('',(-84.,286.,230.));
#13798 = VECTOR('',#13799,1.);
#13799 = DIRECTION('',(0.,0.,1.));
#13800 = ORIENTED_EDGE('',*,*,#13801,.T.);
#13801 = EDGE_CURVE('',#13792,#13802,#13804,.T.);
#13802 = VERTEX_POINT('',#13803);
#13803 = CARTESIAN_POINT('',(-84.,318.,230.));
#13804 = LINE('',#13805,#13806);
#13805 = CARTESIAN_POINT('',(-84.,286.,230.));
#13806 = VECTOR('',#13807,1.);
#13807 = DIRECTION('',(0.,1.,0.));
#13808 = ORIENTED_EDGE('',*,*,#13809,.T.);
#13809 = EDGE_CURVE('',#13802,#13810,#13812,.T.);
#13810 = VERTEX_POINT('',#13811);
#13811 = CARTESIAN_POINT('',(-84.,318.,232.5));
#13812 = LINE('',#13813,#13814);
#13813 = CARTESIAN_POINT('',(-84.,318.,230.));
#13814 = VECTOR('',#13815,1.);
#13815 = DIRECTION('',(0.,0.,1.));
#13816 = ORIENTED_EDGE('',*,*,#13817,.F.);
#13817 = EDGE_CURVE('',#13794,#13810,#13818,.T.);
#13818 = LINE('',#13819,#13820);
#13819 = CARTESIAN_POINT('',(-84.,286.,232.5));
#13820 = VECTOR('',#13821,1.);
#13821 = DIRECTION('',(0.,1.,0.));
#13822 = PLANE('',#13823);
#13823 = AXIS2_PLACEMENT_3D('',#13824,#13825,#13826);
#13824 = CARTESIAN_POINT('',(-84.,286.,230.));
#13825 = DIRECTION('',(1.,0.,0.));
#13826 = DIRECTION('',(0.,0.,1.));
#13827 = ADVANCED_FACE('',(#13828),#13862,.T.);
#13828 = FACE_BOUND('',#13829,.T.);
#13829 = EDGE_LOOP('',(#13830,#13840,#13848,#13856));
#13830 = ORIENTED_EDGE('',*,*,#13831,.F.);
#13831 = EDGE_CURVE('',#13832,#13834,#13836,.T.);
#13832 = VERTEX_POINT('',#13833);
#13833 = CARTESIAN_POINT('',(-81.5,286.,230.));
#13834 = VERTEX_POINT('',#13835);
#13835 = CARTESIAN_POINT('',(-81.5,286.,232.5));
#13836 = LINE('',#13837,#13838);
#13837 = CARTESIAN_POINT('',(-81.5,286.,230.));
#13838 = VECTOR('',#13839,1.);
#13839 = DIRECTION('',(0.,0.,1.));
#13840 = ORIENTED_EDGE('',*,*,#13841,.T.);
#13841 = EDGE_CURVE('',#13832,#13842,#13844,.T.);
#13842 = VERTEX_POINT('',#13843);
#13843 = CARTESIAN_POINT('',(-81.5,318.,230.));
#13844 = LINE('',#13845,#13846);
#13845 = CARTESIAN_POINT('',(-81.5,286.,230.));
#13846 = VECTOR('',#13847,1.);
#13847 = DIRECTION('',(0.,1.,0.));
#13848 = ORIENTED_EDGE('',*,*,#13849,.T.);
#13849 = EDGE_CURVE('',#13842,#13850,#13852,.T.);
#13850 = VERTEX_POINT('',#13851);
#13851 = CARTESIAN_POINT('',(-81.5,318.,232.5));
#13852 = LINE('',#13853,#13854);
#13853 = CARTESIAN_POINT('',(-81.5,318.,230.));
#13854 = VECTOR('',#13855,1.);
#13855 = DIRECTION('',(0.,0.,1.));
#13856 = ORIENTED_EDGE('',*,*,#13857,.F.);
#13857 = EDGE_CURVE('',#13834,#13850,#13858,.T.);
#13858 = LINE('',#13859,#13860);
#13859 = CARTESIAN_POINT('',(-81.5,286.,232.5));
#13860 = VECTOR('',#13861,1.);
#13861 = DIRECTION('',(0.,1.,0.));
#13862 = PLANE('',#13863);
#13863 = AXIS2_PLACEMENT_3D('',#13864,#13865,#13866);
#13864 = CARTESIAN_POINT('',(-81.5,286.,230.));
#13865 = DIRECTION('',(1.,0.,0.));
#13866 = DIRECTION('',(0.,0.,1.));
#13867 = ADVANCED_FACE('',(#13868),#13884,.F.);
#13868 = FACE_BOUND('',#13869,.F.);
#13869 = EDGE_LOOP('',(#13870,#13876,#13877,#13883));
#13870 = ORIENTED_EDGE('',*,*,#13871,.F.);
#13871 = EDGE_CURVE('',#13792,#13832,#13872,.T.);
#13872 = LINE('',#13873,#13874);
#13873 = CARTESIAN_POINT('',(-84.,286.,230.));
#13874 = VECTOR('',#13875,1.);
#13875 = DIRECTION('',(1.,0.,0.));
#13876 = ORIENTED_EDGE('',*,*,#13791,.T.);
#13877 = ORIENTED_EDGE('',*,*,#13878,.T.);
#13878 = EDGE_CURVE('',#13794,#13834,#13879,.T.);
#13879 = LINE('',#13880,#13881);
#13880 = CARTESIAN_POINT('',(-84.,286.,232.5));
#13881 = VECTOR('',#13882,1.);
#13882 = DIRECTION('',(1.,0.,0.));
#13883 = ORIENTED_EDGE('',*,*,#13831,.F.);
#13884 = PLANE('',#13885);
#13885 = AXIS2_PLACEMENT_3D('',#13886,#13887,#13888);
#13886 = CARTESIAN_POINT('',(-84.,286.,230.));
#13887 = DIRECTION('',(0.,1.,0.));
#13888 = DIRECTION('',(0.,0.,1.));
#13889 = ADVANCED_FACE('',(#13890),#13906,.T.);
#13890 = FACE_BOUND('',#13891,.T.);
#13891 = EDGE_LOOP('',(#13892,#13898,#13899,#13905));
#13892 = ORIENTED_EDGE('',*,*,#13893,.F.);
#13893 = EDGE_CURVE('',#13802,#13842,#13894,.T.);
#13894 = LINE('',#13895,#13896);
#13895 = CARTESIAN_POINT('',(-84.,318.,230.));
#13896 = VECTOR('',#13897,1.);
#13897 = DIRECTION('',(1.,0.,0.));
#13898 = ORIENTED_EDGE('',*,*,#13809,.T.);
#13899 = ORIENTED_EDGE('',*,*,#13900,.T.);
#13900 = EDGE_CURVE('',#13810,#13850,#13901,.T.);
#13901 = LINE('',#13902,#13903);
#13902 = CARTESIAN_POINT('',(-84.,318.,232.5));
#13903 = VECTOR('',#13904,1.);
#13904 = DIRECTION('',(1.,0.,0.));
#13905 = ORIENTED_EDGE('',*,*,#13849,.F.);
#13906 = PLANE('',#13907);
#13907 = AXIS2_PLACEMENT_3D('',#13908,#13909,#13910);
#13908 = CARTESIAN_POINT('',(-84.,318.,230.));
#13909 = DIRECTION('',(0.,1.,0.));
#13910 = DIRECTION('',(0.,0.,1.));
#13911 = ADVANCED_FACE('',(#13912),#13918,.F.);
#13912 = FACE_BOUND('',#13913,.F.);
#13913 = EDGE_LOOP('',(#13914,#13915,#13916,#13917));
#13914 = ORIENTED_EDGE('',*,*,#13801,.F.);
#13915 = ORIENTED_EDGE('',*,*,#13871,.T.);
#13916 = ORIENTED_EDGE('',*,*,#13841,.T.);
#13917 = ORIENTED_EDGE('',*,*,#13893,.F.);
#13918 = PLANE('',#13919);
#13919 = AXIS2_PLACEMENT_3D('',#13920,#13921,#13922);
#13920 = CARTESIAN_POINT('',(-84.,286.,230.));
#13921 = DIRECTION('',(0.,0.,1.));
#13922 = DIRECTION('',(1.,0.,0.));
#13923 = ADVANCED_FACE('',(#13924),#13930,.T.);
#13924 = FACE_BOUND('',#13925,.T.);
#13925 = EDGE_LOOP('',(#13926,#13927,#13928,#13929));
#13926 = ORIENTED_EDGE('',*,*,#13817,.F.);
#13927 = ORIENTED_EDGE('',*,*,#13878,.T.);
#13928 = ORIENTED_EDGE('',*,*,#13857,.T.);
#13929 = ORIENTED_EDGE('',*,*,#13900,.F.);
#13930 = PLANE('',#13931);
#13931 = AXIS2_PLACEMENT_3D('',#13932,#13933,#13934);
#13932 = CARTESIAN_POINT('',(-84.,286.,232.5));
#13933 = DIRECTION('',(0.,0.,1.));
#13934 = DIRECTION('',(1.,0.,0.));
#13935 = MANIFOLD_SOLID_BREP('',#13936);
#13936 = CLOSED_SHELL('',(#13937,#13977,#14017,#14039,#14061,#14073));
#13937 = ADVANCED_FACE('',(#13938),#13972,.F.);
#13938 = FACE_BOUND('',#13939,.F.);
#13939 = EDGE_LOOP('',(#13940,#13950,#13958,#13966));
#13940 = ORIENTED_EDGE('',*,*,#13941,.F.);
#13941 = EDGE_CURVE('',#13942,#13944,#13946,.T.);
#13942 = VERTEX_POINT('',#13943);
#13943 = CARTESIAN_POINT('',(-62.,288.,198.));
#13944 = VERTEX_POINT('',#13945);
#13945 = CARTESIAN_POINT('',(-62.,288.,212.));
#13946 = LINE('',#13947,#13948);
#13947 = CARTESIAN_POINT('',(-62.,288.,198.));
#13948 = VECTOR('',#13949,1.);
#13949 = DIRECTION('',(0.,0.,1.));
#13950 = ORIENTED_EDGE('',*,*,#13951,.T.);
#13951 = EDGE_CURVE('',#13942,#13952,#13954,.T.);
#13952 = VERTEX_POINT('',#13953);
#13953 = CARTESIAN_POINT('',(-62.,300.,198.));
#13954 = LINE('',#13955,#13956);
#13955 = CARTESIAN_POINT('',(-62.,288.,198.));
#13956 = VECTOR('',#13957,1.);
#13957 = DIRECTION('',(0.,1.,0.));
#13958 = ORIENTED_EDGE('',*,*,#13959,.T.);
#13959 = EDGE_CURVE('',#13952,#13960,#13962,.T.);
#13960 = VERTEX_POINT('',#13961);
#13961 = CARTESIAN_POINT('',(-62.,300.,212.));
#13962 = LINE('',#13963,#13964);
#13963 = CARTESIAN_POINT('',(-62.,300.,198.));
#13964 = VECTOR('',#13965,1.);
#13965 = DIRECTION('',(0.,0.,1.));
#13966 = ORIENTED_EDGE('',*,*,#13967,.F.);
#13967 = EDGE_CURVE('',#13944,#13960,#13968,.T.);
#13968 = LINE('',#13969,#13970);
#13969 = CARTESIAN_POINT('',(-62.,288.,212.));
#13970 = VECTOR('',#13971,1.);
#13971 = DIRECTION('',(0.,1.,0.));
#13972 = PLANE('',#13973);
#13973 = AXIS2_PLACEMENT_3D('',#13974,#13975,#13976);
#13974 = CARTESIAN_POINT('',(-62.,288.,198.));
#13975 = DIRECTION('',(1.,0.,0.));
#13976 = DIRECTION('',(0.,0.,1.));
#13977 = ADVANCED_FACE('',(#13978),#14012,.T.);
#13978 = FACE_BOUND('',#13979,.T.);
#13979 = EDGE_LOOP('',(#13980,#13990,#13998,#14006));
#13980 = ORIENTED_EDGE('',*,*,#13981,.F.);
#13981 = EDGE_CURVE('',#13982,#13984,#13986,.T.);
#13982 = VERTEX_POINT('',#13983);
#13983 = CARTESIAN_POINT('',(-48.,288.,198.));
#13984 = VERTEX_POINT('',#13985);
#13985 = CARTESIAN_POINT('',(-48.,288.,212.));
#13986 = LINE('',#13987,#13988);
#13987 = CARTESIAN_POINT('',(-48.,288.,198.));
#13988 = VECTOR('',#13989,1.);
#13989 = DIRECTION('',(0.,0.,1.));
#13990 = ORIENTED_EDGE('',*,*,#13991,.T.);
#13991 = EDGE_CURVE('',#13982,#13992,#13994,.T.);
#13992 = VERTEX_POINT('',#13993);
#13993 = CARTESIAN_POINT('',(-48.,300.,198.));
#13994 = LINE('',#13995,#13996);
#13995 = CARTESIAN_POINT('',(-48.,288.,198.));
#13996 = VECTOR('',#13997,1.);
#13997 = DIRECTION('',(0.,1.,0.));
#13998 = ORIENTED_EDGE('',*,*,#13999,.T.);
#13999 = EDGE_CURVE('',#13992,#14000,#14002,.T.);
#14000 = VERTEX_POINT('',#14001);
#14001 = CARTESIAN_POINT('',(-48.,300.,212.));
#14002 = LINE('',#14003,#14004);
#14003 = CARTESIAN_POINT('',(-48.,300.,198.));
#14004 = VECTOR('',#14005,1.);
#14005 = DIRECTION('',(0.,0.,1.));
#14006 = ORIENTED_EDGE('',*,*,#14007,.F.);
#14007 = EDGE_CURVE('',#13984,#14000,#14008,.T.);
#14008 = LINE('',#14009,#14010);
#14009 = CARTESIAN_POINT('',(-48.,288.,212.));
#14010 = VECTOR('',#14011,1.);
#14011 = DIRECTION('',(0.,1.,0.));
#14012 = PLANE('',#14013);
#14013 = AXIS2_PLACEMENT_3D('',#14014,#14015,#14016);
#14014 = CARTESIAN_POINT('',(-48.,288.,198.));
#14015 = DIRECTION('',(1.,0.,0.));
#14016 = DIRECTION('',(0.,0.,1.));
#14017 = ADVANCED_FACE('',(#14018),#14034,.F.);
#14018 = FACE_BOUND('',#14019,.F.);
#14019 = EDGE_LOOP('',(#14020,#14026,#14027,#14033));
#14020 = ORIENTED_EDGE('',*,*,#14021,.F.);
#14021 = EDGE_CURVE('',#13942,#13982,#14022,.T.);
#14022 = LINE('',#14023,#14024);
#14023 = CARTESIAN_POINT('',(-62.,288.,198.));
#14024 = VECTOR('',#14025,1.);
#14025 = DIRECTION('',(1.,0.,0.));
#14026 = ORIENTED_EDGE('',*,*,#13941,.T.);
#14027 = ORIENTED_EDGE('',*,*,#14028,.T.);
#14028 = EDGE_CURVE('',#13944,#13984,#14029,.T.);
#14029 = LINE('',#14030,#14031);
#14030 = CARTESIAN_POINT('',(-62.,288.,212.));
#14031 = VECTOR('',#14032,1.);
#14032 = DIRECTION('',(1.,0.,0.));
#14033 = ORIENTED_EDGE('',*,*,#13981,.F.);
#14034 = PLANE('',#14035);
#14035 = AXIS2_PLACEMENT_3D('',#14036,#14037,#14038);
#14036 = CARTESIAN_POINT('',(-62.,288.,198.));
#14037 = DIRECTION('',(0.,1.,0.));
#14038 = DIRECTION('',(0.,0.,1.));
#14039 = ADVANCED_FACE('',(#14040),#14056,.T.);
#14040 = FACE_BOUND('',#14041,.T.);
#14041 = EDGE_LOOP('',(#14042,#14048,#14049,#14055));
#14042 = ORIENTED_EDGE('',*,*,#14043,.F.);
#14043 = EDGE_CURVE('',#13952,#13992,#14044,.T.);
#14044 = LINE('',#14045,#14046);
#14045 = CARTESIAN_POINT('',(-62.,300.,198.));
#14046 = VECTOR('',#14047,1.);
#14047 = DIRECTION('',(1.,0.,0.));
#14048 = ORIENTED_EDGE('',*,*,#13959,.T.);
#14049 = ORIENTED_EDGE('',*,*,#14050,.T.);
#14050 = EDGE_CURVE('',#13960,#14000,#14051,.T.);
#14051 = LINE('',#14052,#14053);
#14052 = CARTESIAN_POINT('',(-62.,300.,212.));
#14053 = VECTOR('',#14054,1.);
#14054 = DIRECTION('',(1.,0.,0.));
#14055 = ORIENTED_EDGE('',*,*,#13999,.F.);
#14056 = PLANE('',#14057);
#14057 = AXIS2_PLACEMENT_3D('',#14058,#14059,#14060);
#14058 = CARTESIAN_POINT('',(-62.,300.,198.));
#14059 = DIRECTION('',(0.,1.,0.));
#14060 = DIRECTION('',(0.,0.,1.));
#14061 = ADVANCED_FACE('',(#14062),#14068,.F.);
#14062 = FACE_BOUND('',#14063,.F.);
#14063 = EDGE_LOOP('',(#14064,#14065,#14066,#14067));
#14064 = ORIENTED_EDGE('',*,*,#13951,.F.);
#14065 = ORIENTED_EDGE('',*,*,#14021,.T.);
#14066 = ORIENTED_EDGE('',*,*,#13991,.T.);
#14067 = ORIENTED_EDGE('',*,*,#14043,.F.);
#14068 = PLANE('',#14069);
#14069 = AXIS2_PLACEMENT_3D('',#14070,#14071,#14072);
#14070 = CARTESIAN_POINT('',(-62.,288.,198.));
#14071 = DIRECTION('',(0.,0.,1.));
#14072 = DIRECTION('',(1.,0.,0.));
#14073 = ADVANCED_FACE('',(#14074),#14080,.T.);
#14074 = FACE_BOUND('',#14075,.T.);
#14075 = EDGE_LOOP('',(#14076,#14077,#14078,#14079));
#14076 = ORIENTED_EDGE('',*,*,#13967,.F.);
#14077 = ORIENTED_EDGE('',*,*,#14028,.T.);
#14078 = ORIENTED_EDGE('',*,*,#14007,.T.);
#14079 = ORIENTED_EDGE('',*,*,#14050,.F.);
#14080 = PLANE('',#14081);
#14081 = AXIS2_PLACEMENT_3D('',#14082,#14083,#14084);
#14082 = CARTESIAN_POINT('',(-62.,288.,212.));
#14083 = DIRECTION('',(0.,0.,1.));
#14084 = DIRECTION('',(1.,0.,0.));
#14085 = MANIFOLD_SOLID_BREP('',#14086);
#14086 = CLOSED_SHELL('',(#14087,#14127,#14167,#14189,#14211,#14223));
#14087 = ADVANCED_FACE('',(#14088),#14122,.F.);
#14088 = FACE_BOUND('',#14089,.F.);
#14089 = EDGE_LOOP('',(#14090,#14100,#14108,#14116));
#14090 = ORIENTED_EDGE('',*,*,#14091,.F.);
#14091 = EDGE_CURVE('',#14092,#14094,#14096,.T.);
#14092 = VERTEX_POINT('',#14093);
#14093 = CARTESIAN_POINT('',(-60.,287.,214.));
#14094 = VERTEX_POINT('',#14095);
#14095 = CARTESIAN_POINT('',(-60.,287.,224.));
#14096 = LINE('',#14097,#14098);
#14097 = CARTESIAN_POINT('',(-60.,287.,214.));
#14098 = VECTOR('',#14099,1.);
#14099 = DIRECTION('',(0.,0.,1.));
#14100 = ORIENTED_EDGE('',*,*,#14101,.T.);
#14101 = EDGE_CURVE('',#14092,#14102,#14104,.T.);
#14102 = VERTEX_POINT('',#14103);
#14103 = CARTESIAN_POINT('',(-60.,301.,214.));
#14104 = LINE('',#14105,#14106);
#14105 = CARTESIAN_POINT('',(-60.,287.,214.));
#14106 = VECTOR('',#14107,1.);
#14107 = DIRECTION('',(0.,1.,0.));
#14108 = ORIENTED_EDGE('',*,*,#14109,.T.);
#14109 = EDGE_CURVE('',#14102,#14110,#14112,.T.);
#14110 = VERTEX_POINT('',#14111);
#14111 = CARTESIAN_POINT('',(-60.,301.,224.));
#14112 = LINE('',#14113,#14114);
#14113 = CARTESIAN_POINT('',(-60.,301.,214.));
#14114 = VECTOR('',#14115,1.);
#14115 = DIRECTION('',(0.,0.,1.));
#14116 = ORIENTED_EDGE('',*,*,#14117,.F.);
#14117 = EDGE_CURVE('',#14094,#14110,#14118,.T.);
#14118 = LINE('',#14119,#14120);
#14119 = CARTESIAN_POINT('',(-60.,287.,224.));
#14120 = VECTOR('',#14121,1.);
#14121 = DIRECTION('',(0.,1.,0.));
#14122 = PLANE('',#14123);
#14123 = AXIS2_PLACEMENT_3D('',#14124,#14125,#14126);
#14124 = CARTESIAN_POINT('',(-60.,287.,214.));
#14125 = DIRECTION('',(1.,0.,0.));
#14126 = DIRECTION('',(0.,0.,1.));
#14127 = ADVANCED_FACE('',(#14128),#14162,.T.);
#14128 = FACE_BOUND('',#14129,.T.);
#14129 = EDGE_LOOP('',(#14130,#14140,#14148,#14156));
#14130 = ORIENTED_EDGE('',*,*,#14131,.F.);
#14131 = EDGE_CURVE('',#14132,#14134,#14136,.T.);
#14132 = VERTEX_POINT('',#14133);
#14133 = CARTESIAN_POINT('',(-50.,287.,214.));
#14134 = VERTEX_POINT('',#14135);
#14135 = CARTESIAN_POINT('',(-50.,287.,224.));
#14136 = LINE('',#14137,#14138);
#14137 = CARTESIAN_POINT('',(-50.,287.,214.));
#14138 = VECTOR('',#14139,1.);
#14139 = DIRECTION('',(0.,0.,1.));
#14140 = ORIENTED_EDGE('',*,*,#14141,.T.);
#14141 = EDGE_CURVE('',#14132,#14142,#14144,.T.);
#14142 = VERTEX_POINT('',#14143);
#14143 = CARTESIAN_POINT('',(-50.,301.,214.));
#14144 = LINE('',#14145,#14146);
#14145 = CARTESIAN_POINT('',(-50.,287.,214.));
#14146 = VECTOR('',#14147,1.);
#14147 = DIRECTION('',(0.,1.,0.));
#14148 = ORIENTED_EDGE('',*,*,#14149,.T.);
#14149 = EDGE_CURVE('',#14142,#14150,#14152,.T.);
#14150 = VERTEX_POINT('',#14151);
#14151 = CARTESIAN_POINT('',(-50.,301.,224.));
#14152 = LINE('',#14153,#14154);
#14153 = CARTESIAN_POINT('',(-50.,301.,214.));
#14154 = VECTOR('',#14155,1.);
#14155 = DIRECTION('',(0.,0.,1.));
#14156 = ORIENTED_EDGE('',*,*,#14157,.F.);
#14157 = EDGE_CURVE('',#14134,#14150,#14158,.T.);
#14158 = LINE('',#14159,#14160);
#14159 = CARTESIAN_POINT('',(-50.,287.,224.));
#14160 = VECTOR('',#14161,1.);
#14161 = DIRECTION('',(0.,1.,0.));
#14162 = PLANE('',#14163);
#14163 = AXIS2_PLACEMENT_3D('',#14164,#14165,#14166);
#14164 = CARTESIAN_POINT('',(-50.,287.,214.));
#14165 = DIRECTION('',(1.,0.,0.));
#14166 = DIRECTION('',(0.,0.,1.));
#14167 = ADVANCED_FACE('',(#14168),#14184,.F.);
#14168 = FACE_BOUND('',#14169,.F.);
#14169 = EDGE_LOOP('',(#14170,#14176,#14177,#14183));
#14170 = ORIENTED_EDGE('',*,*,#14171,.F.);
#14171 = EDGE_CURVE('',#14092,#14132,#14172,.T.);
#14172 = LINE('',#14173,#14174);
#14173 = CARTESIAN_POINT('',(-60.,287.,214.));
#14174 = VECTOR('',#14175,1.);
#14175 = DIRECTION('',(1.,0.,0.));
#14176 = ORIENTED_EDGE('',*,*,#14091,.T.);
#14177 = ORIENTED_EDGE('',*,*,#14178,.T.);
#14178 = EDGE_CURVE('',#14094,#14134,#14179,.T.);
#14179 = LINE('',#14180,#14181);
#14180 = CARTESIAN_POINT('',(-60.,287.,224.));
#14181 = VECTOR('',#14182,1.);
#14182 = DIRECTION('',(1.,0.,0.));
#14183 = ORIENTED_EDGE('',*,*,#14131,.F.);
#14184 = PLANE('',#14185);
#14185 = AXIS2_PLACEMENT_3D('',#14186,#14187,#14188);
#14186 = CARTESIAN_POINT('',(-60.,287.,214.));
#14187 = DIRECTION('',(0.,1.,0.));
#14188 = DIRECTION('',(0.,0.,1.));
#14189 = ADVANCED_FACE('',(#14190),#14206,.T.);
#14190 = FACE_BOUND('',#14191,.T.);
#14191 = EDGE_LOOP('',(#14192,#14198,#14199,#14205));
#14192 = ORIENTED_EDGE('',*,*,#14193,.F.);
#14193 = EDGE_CURVE('',#14102,#14142,#14194,.T.);
#14194 = LINE('',#14195,#14196);
#14195 = CARTESIAN_POINT('',(-60.,301.,214.));
#14196 = VECTOR('',#14197,1.);
#14197 = DIRECTION('',(1.,0.,0.));
#14198 = ORIENTED_EDGE('',*,*,#14109,.T.);
#14199 = ORIENTED_EDGE('',*,*,#14200,.T.);
#14200 = EDGE_CURVE('',#14110,#14150,#14201,.T.);
#14201 = LINE('',#14202,#14203);
#14202 = CARTESIAN_POINT('',(-60.,301.,224.));
#14203 = VECTOR('',#14204,1.);
#14204 = DIRECTION('',(1.,0.,0.));
#14205 = ORIENTED_EDGE('',*,*,#14149,.F.);
#14206 = PLANE('',#14207);
#14207 = AXIS2_PLACEMENT_3D('',#14208,#14209,#14210);
#14208 = CARTESIAN_POINT('',(-60.,301.,214.));
#14209 = DIRECTION('',(0.,1.,0.));
#14210 = DIRECTION('',(0.,0.,1.));
#14211 = ADVANCED_FACE('',(#14212),#14218,.F.);
#14212 = FACE_BOUND('',#14213,.F.);
#14213 = EDGE_LOOP('',(#14214,#14215,#14216,#14217));
#14214 = ORIENTED_EDGE('',*,*,#14101,.F.);
#14215 = ORIENTED_EDGE('',*,*,#14171,.T.);
#14216 = ORIENTED_EDGE('',*,*,#14141,.T.);
#14217 = ORIENTED_EDGE('',*,*,#14193,.F.);
#14218 = PLANE('',#14219);
#14219 = AXIS2_PLACEMENT_3D('',#14220,#14221,#14222);
#14220 = CARTESIAN_POINT('',(-60.,287.,214.));
#14221 = DIRECTION('',(0.,0.,1.));
#14222 = DIRECTION('',(1.,0.,0.));
#14223 = ADVANCED_FACE('',(#14224),#14230,.T.);
#14224 = FACE_BOUND('',#14225,.T.);
#14225 = EDGE_LOOP('',(#14226,#14227,#14228,#14229));
#14226 = ORIENTED_EDGE('',*,*,#14117,.F.);
#14227 = ORIENTED_EDGE('',*,*,#14178,.T.);
#14228 = ORIENTED_EDGE('',*,*,#14157,.T.);
#14229 = ORIENTED_EDGE('',*,*,#14200,.F.);
#14230 = PLANE('',#14231);
#14231 = AXIS2_PLACEMENT_3D('',#14232,#14233,#14234);
#14232 = CARTESIAN_POINT('',(-60.,287.,224.));
#14233 = DIRECTION('',(0.,0.,1.));
#14234 = DIRECTION('',(1.,0.,0.));
#14235 = MANIFOLD_SOLID_BREP('',#14236);
#14236 = CLOSED_SHELL('',(#14237,#14270,#14279));
#14237 = ADVANCED_FACE('',(#14238),#14265,.T.);
#14238 = FACE_BOUND('',#14239,.T.);
#14239 = EDGE_LOOP('',(#14240,#14249,#14257,#14264));
#14240 = ORIENTED_EDGE('',*,*,#14241,.F.);
#14241 = EDGE_CURVE('',#14242,#14242,#14244,.T.);
#14242 = VERTEX_POINT('',#14243);
#14243 = CARTESIAN_POINT('',(-70.,340.,219.));
#14244 = CIRCLE('',#14245,7.);
#14245 = AXIS2_PLACEMENT_3D('',#14246,#14247,#14248);
#14246 = CARTESIAN_POINT('',(-70.,340.,212.));
#14247 = DIRECTION('',(0.,1.,0.));
#14248 = DIRECTION('',(0.,0.,1.));
#14249 = ORIENTED_EDGE('',*,*,#14250,.F.);
#14250 = EDGE_CURVE('',#14251,#14242,#14253,.T.);
#14251 = VERTEX_POINT('',#14252);
#14252 = CARTESIAN_POINT('',(-70.,330.,219.));
#14253 = LINE('',#14254,#14255);
#14254 = CARTESIAN_POINT('',(-70.,330.,219.));
#14255 = VECTOR('',#14256,1.);
#14256 = DIRECTION('',(0.,1.,0.));
#14257 = ORIENTED_EDGE('',*,*,#14258,.T.);
#14258 = EDGE_CURVE('',#14251,#14251,#14259,.T.);
#14259 = CIRCLE('',#14260,7.);
#14260 = AXIS2_PLACEMENT_3D('',#14261,#14262,#14263);
#14261 = CARTESIAN_POINT('',(-70.,330.,212.));
#14262 = DIRECTION('',(0.,1.,0.));
#14263 = DIRECTION('',(0.,0.,1.));
#14264 = ORIENTED_EDGE('',*,*,#14250,.T.);
#14265 = CYLINDRICAL_SURFACE('',#14266,7.);
#14266 = AXIS2_PLACEMENT_3D('',#14267,#14268,#14269);
#14267 = CARTESIAN_POINT('',(-70.,330.,212.));
#14268 = DIRECTION('',(0.,1.,0.));
#14269 = DIRECTION('',(0.,0.,1.));
#14270 = ADVANCED_FACE('',(#14271),#14274,.T.);
#14271 = FACE_BOUND('',#14272,.T.);
#14272 = EDGE_LOOP('',(#14273));
#14273 = ORIENTED_EDGE('',*,*,#14241,.T.);
#14274 = PLANE('',#14275);
#14275 = AXIS2_PLACEMENT_3D('',#14276,#14277,#14278);
#14276 = CARTESIAN_POINT('',(-70.,340.,212.));
#14277 = DIRECTION('',(0.,1.,0.));
#14278 = DIRECTION('',(0.,0.,1.));
#14279 = ADVANCED_FACE('',(#14280),#14283,.F.);
#14280 = FACE_BOUND('',#14281,.T.);
#14281 = EDGE_LOOP('',(#14282));
#14282 = ORIENTED_EDGE('',*,*,#14258,.F.);
#14283 = PLANE('',#14284);
#14284 = AXIS2_PLACEMENT_3D('',#14285,#14286,#14287);
#14285 = CARTESIAN_POINT('',(-70.,330.,212.));
#14286 = DIRECTION('',(0.,1.,0.));
#14287 = DIRECTION('',(0.,0.,1.));
#14288 = MANIFOLD_SOLID_BREP('',#14289);
#14289 = CLOSED_SHELL('',(#14290,#14330,#14370,#14392,#14414,#14426));
#14290 = ADVANCED_FACE('',(#14291),#14325,.F.);
#14291 = FACE_BOUND('',#14292,.F.);
#14292 = EDGE_LOOP('',(#14293,#14303,#14311,#14319));
#14293 = ORIENTED_EDGE('',*,*,#14294,.F.);
#14294 = EDGE_CURVE('',#14295,#14297,#14299,.T.);
#14295 = VERTEX_POINT('',#14296);
#14296 = CARTESIAN_POINT('',(-101.,204.,194.));
#14297 = VERTEX_POINT('',#14298);
#14298 = CARTESIAN_POINT('',(-101.,204.,264.));
#14299 = LINE('',#14300,#14301);
#14300 = CARTESIAN_POINT('',(-101.,204.,194.));
#14301 = VECTOR('',#14302,1.);
#14302 = DIRECTION('',(0.,0.,1.));
#14303 = ORIENTED_EDGE('',*,*,#14304,.T.);
#14304 = EDGE_CURVE('',#14295,#14305,#14307,.T.);
#14305 = VERTEX_POINT('',#14306);
#14306 = CARTESIAN_POINT('',(-101.,336.,194.));
#14307 = LINE('',#14308,#14309);
#14308 = CARTESIAN_POINT('',(-101.,204.,194.));
#14309 = VECTOR('',#14310,1.);
#14310 = DIRECTION('',(0.,1.,0.));
#14311 = ORIENTED_EDGE('',*,*,#14312,.T.);
#14312 = EDGE_CURVE('',#14305,#14313,#14315,.T.);
#14313 = VERTEX_POINT('',#14314);
#14314 = CARTESIAN_POINT('',(-101.,336.,264.));
#14315 = LINE('',#14316,#14317);
#14316 = CARTESIAN_POINT('',(-101.,336.,194.));
#14317 = VECTOR('',#14318,1.);
#14318 = DIRECTION('',(0.,0.,1.));
#14319 = ORIENTED_EDGE('',*,*,#14320,.F.);
#14320 = EDGE_CURVE('',#14297,#14313,#14321,.T.);
#14321 = LINE('',#14322,#14323);
#14322 = CARTESIAN_POINT('',(-101.,204.,264.));
#14323 = VECTOR('',#14324,1.);
#14324 = DIRECTION('',(0.,1.,0.));
#14325 = PLANE('',#14326);
#14326 = AXIS2_PLACEMENT_3D('',#14327,#14328,#14329);
#14327 = CARTESIAN_POINT('',(-101.,204.,194.));
#14328 = DIRECTION('',(1.,0.,0.));
#14329 = DIRECTION('',(0.,0.,1.));
#14330 = ADVANCED_FACE('',(#14331),#14365,.T.);
#14331 = FACE_BOUND('',#14332,.T.);
#14332 = EDGE_LOOP('',(#14333,#14343,#14351,#14359));
#14333 = ORIENTED_EDGE('',*,*,#14334,.F.);
#14334 = EDGE_CURVE('',#14335,#14337,#14339,.T.);
#14335 = VERTEX_POINT('',#14336);
#14336 = CARTESIAN_POINT('',(-39.,204.,194.));
#14337 = VERTEX_POINT('',#14338);
#14338 = CARTESIAN_POINT('',(-39.,204.,264.));
#14339 = LINE('',#14340,#14341);
#14340 = CARTESIAN_POINT('',(-39.,204.,194.));
#14341 = VECTOR('',#14342,1.);
#14342 = DIRECTION('',(0.,0.,1.));
#14343 = ORIENTED_EDGE('',*,*,#14344,.T.);
#14344 = EDGE_CURVE('',#14335,#14345,#14347,.T.);
#14345 = VERTEX_POINT('',#14346);
#14346 = CARTESIAN_POINT('',(-39.,336.,194.));
#14347 = LINE('',#14348,#14349);
#14348 = CARTESIAN_POINT('',(-39.,204.,194.));
#14349 = VECTOR('',#14350,1.);
#14350 = DIRECTION('',(0.,1.,0.));
#14351 = ORIENTED_EDGE('',*,*,#14352,.T.);
#14352 = EDGE_CURVE('',#14345,#14353,#14355,.T.);
#14353 = VERTEX_POINT('',#14354);
#14354 = CARTESIAN_POINT('',(-39.,336.,264.));
#14355 = LINE('',#14356,#14357);
#14356 = CARTESIAN_POINT('',(-39.,336.,194.));
#14357 = VECTOR('',#14358,1.);
#14358 = DIRECTION('',(0.,0.,1.));
#14359 = ORIENTED_EDGE('',*,*,#14360,.F.);
#14360 = EDGE_CURVE('',#14337,#14353,#14361,.T.);
#14361 = LINE('',#14362,#14363);
#14362 = CARTESIAN_POINT('',(-39.,204.,264.));
#14363 = VECTOR('',#14364,1.);
#14364 = DIRECTION('',(0.,1.,0.));
#14365 = PLANE('',#14366);
#14366 = AXIS2_PLACEMENT_3D('',#14367,#14368,#14369);
#14367 = CARTESIAN_POINT('',(-39.,204.,194.));
#14368 = DIRECTION('',(1.,0.,0.));
#14369 = DIRECTION('',(0.,0.,1.));
#14370 = ADVANCED_FACE('',(#14371),#14387,.F.);
#14371 = FACE_BOUND('',#14372,.F.);
#14372 = EDGE_LOOP('',(#14373,#14379,#14380,#14386));
#14373 = ORIENTED_EDGE('',*,*,#14374,.F.);
#14374 = EDGE_CURVE('',#14295,#14335,#14375,.T.);
#14375 = LINE('',#14376,#14377);
#14376 = CARTESIAN_POINT('',(-101.,204.,194.));
#14377 = VECTOR('',#14378,1.);
#14378 = DIRECTION('',(1.,0.,0.));
#14379 = ORIENTED_EDGE('',*,*,#14294,.T.);
#14380 = ORIENTED_EDGE('',*,*,#14381,.T.);
#14381 = EDGE_CURVE('',#14297,#14337,#14382,.T.);
#14382 = LINE('',#14383,#14384);
#14383 = CARTESIAN_POINT('',(-101.,204.,264.));
#14384 = VECTOR('',#14385,1.);
#14385 = DIRECTION('',(1.,0.,0.));
#14386 = ORIENTED_EDGE('',*,*,#14334,.F.);
#14387 = PLANE('',#14388);
#14388 = AXIS2_PLACEMENT_3D('',#14389,#14390,#14391);
#14389 = CARTESIAN_POINT('',(-101.,204.,194.));
#14390 = DIRECTION('',(0.,1.,0.));
#14391 = DIRECTION('',(0.,0.,1.));
#14392 = ADVANCED_FACE('',(#14393),#14409,.T.);
#14393 = FACE_BOUND('',#14394,.T.);
#14394 = EDGE_LOOP('',(#14395,#14401,#14402,#14408));
#14395 = ORIENTED_EDGE('',*,*,#14396,.F.);
#14396 = EDGE_CURVE('',#14305,#14345,#14397,.T.);
#14397 = LINE('',#14398,#14399);
#14398 = CARTESIAN_POINT('',(-101.,336.,194.));
#14399 = VECTOR('',#14400,1.);
#14400 = DIRECTION('',(1.,0.,0.));
#14401 = ORIENTED_EDGE('',*,*,#14312,.T.);
#14402 = ORIENTED_EDGE('',*,*,#14403,.T.);
#14403 = EDGE_CURVE('',#14313,#14353,#14404,.T.);
#14404 = LINE('',#14405,#14406);
#14405 = CARTESIAN_POINT('',(-101.,336.,264.));
#14406 = VECTOR('',#14407,1.);
#14407 = DIRECTION('',(1.,0.,0.));
#14408 = ORIENTED_EDGE('',*,*,#14352,.F.);
#14409 = PLANE('',#14410);
#14410 = AXIS2_PLACEMENT_3D('',#14411,#14412,#14413);
#14411 = CARTESIAN_POINT('',(-101.,336.,194.));
#14412 = DIRECTION('',(0.,1.,0.));
#14413 = DIRECTION('',(0.,0.,1.));
#14414 = ADVANCED_FACE('',(#14415),#14421,.F.);
#14415 = FACE_BOUND('',#14416,.F.);
#14416 = EDGE_LOOP('',(#14417,#14418,#14419,#14420));
#14417 = ORIENTED_EDGE('',*,*,#14304,.F.);
#14418 = ORIENTED_EDGE('',*,*,#14374,.T.);
#14419 = ORIENTED_EDGE('',*,*,#14344,.T.);
#14420 = ORIENTED_EDGE('',*,*,#14396,.F.);
#14421 = PLANE('',#14422);
#14422 = AXIS2_PLACEMENT_3D('',#14423,#14424,#14425);
#14423 = CARTESIAN_POINT('',(-101.,204.,194.));
#14424 = DIRECTION('',(0.,0.,1.));
#14425 = DIRECTION('',(1.,0.,0.));
#14426 = ADVANCED_FACE('',(#14427),#14433,.T.);
#14427 = FACE_BOUND('',#14428,.T.);
#14428 = EDGE_LOOP('',(#14429,#14430,#14431,#14432));
#14429 = ORIENTED_EDGE('',*,*,#14320,.F.);
#14430 = ORIENTED_EDGE('',*,*,#14381,.T.);
#14431 = ORIENTED_EDGE('',*,*,#14360,.T.);
#14432 = ORIENTED_EDGE('',*,*,#14403,.F.);
#14433 = PLANE('',#14434);
#14434 = AXIS2_PLACEMENT_3D('',#14435,#14436,#14437);
#14435 = CARTESIAN_POINT('',(-101.,204.,264.));
#14436 = DIRECTION('',(0.,0.,1.));
#14437 = DIRECTION('',(1.,0.,0.));
#14438 = MANIFOLD_SOLID_BREP('',#14439);
#14439 = CLOSED_SHELL('',(#14440,#14480,#14520,#14542,#14564,#14576));
#14440 = ADVANCED_FACE('',(#14441),#14475,.F.);
#14441 = FACE_BOUND('',#14442,.F.);
#14442 = EDGE_LOOP('',(#14443,#14453,#14461,#14469));
#14443 = ORIENTED_EDGE('',*,*,#14444,.F.);
#14444 = EDGE_CURVE('',#14445,#14447,#14449,.T.);
#14445 = VERTEX_POINT('',#14446);
#14446 = CARTESIAN_POINT('',(40.,205.,190.));
#14447 = VERTEX_POINT('',#14448);
#14448 = CARTESIAN_POINT('',(40.,205.,198.));
#14449 = LINE('',#14450,#14451);
#14450 = CARTESIAN_POINT('',(40.,205.,190.));
#14451 = VECTOR('',#14452,1.);
#14452 = DIRECTION('',(0.,0.,1.));
#14453 = ORIENTED_EDGE('',*,*,#14454,.T.);
#14454 = EDGE_CURVE('',#14445,#14455,#14457,.T.);
#14455 = VERTEX_POINT('',#14456);
#14456 = CARTESIAN_POINT('',(40.,335.,190.));
#14457 = LINE('',#14458,#14459);
#14458 = CARTESIAN_POINT('',(40.,205.,190.));
#14459 = VECTOR('',#14460,1.);
#14460 = DIRECTION('',(0.,1.,0.));
#14461 = ORIENTED_EDGE('',*,*,#14462,.T.);
#14462 = EDGE_CURVE('',#14455,#14463,#14465,.T.);
#14463 = VERTEX_POINT('',#14464);
#14464 = CARTESIAN_POINT('',(40.,335.,198.));
#14465 = LINE('',#14466,#14467);
#14466 = CARTESIAN_POINT('',(40.,335.,190.));
#14467 = VECTOR('',#14468,1.);
#14468 = DIRECTION('',(0.,0.,1.));
#14469 = ORIENTED_EDGE('',*,*,#14470,.F.);
#14470 = EDGE_CURVE('',#14447,#14463,#14471,.T.);
#14471 = LINE('',#14472,#14473);
#14472 = CARTESIAN_POINT('',(40.,205.,198.));
#14473 = VECTOR('',#14474,1.);
#14474 = DIRECTION('',(0.,1.,0.));
#14475 = PLANE('',#14476);
#14476 = AXIS2_PLACEMENT_3D('',#14477,#14478,#14479);
#14477 = CARTESIAN_POINT('',(40.,205.,190.));
#14478 = DIRECTION('',(1.,0.,0.));
#14479 = DIRECTION('',(0.,0.,1.));
#14480 = ADVANCED_FACE('',(#14481),#14515,.T.);
#14481 = FACE_BOUND('',#14482,.T.);
#14482 = EDGE_LOOP('',(#14483,#14493,#14501,#14509));
#14483 = ORIENTED_EDGE('',*,*,#14484,.F.);
#14484 = EDGE_CURVE('',#14485,#14487,#14489,.T.);
#14485 = VERTEX_POINT('',#14486);
#14486 = CARTESIAN_POINT('',(100.,205.,190.));
#14487 = VERTEX_POINT('',#14488);
#14488 = CARTESIAN_POINT('',(100.,205.,198.));
#14489 = LINE('',#14490,#14491);
#14490 = CARTESIAN_POINT('',(100.,205.,190.));
#14491 = VECTOR('',#14492,1.);
#14492 = DIRECTION('',(0.,0.,1.));
#14493 = ORIENTED_EDGE('',*,*,#14494,.T.);
#14494 = EDGE_CURVE('',#14485,#14495,#14497,.T.);
#14495 = VERTEX_POINT('',#14496);
#14496 = CARTESIAN_POINT('',(100.,335.,190.));
#14497 = LINE('',#14498,#14499);
#14498 = CARTESIAN_POINT('',(100.,205.,190.));
#14499 = VECTOR('',#14500,1.);
#14500 = DIRECTION('',(0.,1.,0.));
#14501 = ORIENTED_EDGE('',*,*,#14502,.T.);
#14502 = EDGE_CURVE('',#14495,#14503,#14505,.T.);
#14503 = VERTEX_POINT('',#14504);
#14504 = CARTESIAN_POINT('',(100.,335.,198.));
#14505 = LINE('',#14506,#14507);
#14506 = CARTESIAN_POINT('',(100.,335.,190.));
#14507 = VECTOR('',#14508,1.);
#14508 = DIRECTION('',(0.,0.,1.));
#14509 = ORIENTED_EDGE('',*,*,#14510,.F.);
#14510 = EDGE_CURVE('',#14487,#14503,#14511,.T.);
#14511 = LINE('',#14512,#14513);
#14512 = CARTESIAN_POINT('',(100.,205.,198.));
#14513 = VECTOR('',#14514,1.);
#14514 = DIRECTION('',(0.,1.,0.));
#14515 = PLANE('',#14516);
#14516 = AXIS2_PLACEMENT_3D('',#14517,#14518,#14519);
#14517 = CARTESIAN_POINT('',(100.,205.,190.));
#14518 = DIRECTION('',(1.,0.,0.));
#14519 = DIRECTION('',(0.,0.,1.));
#14520 = ADVANCED_FACE('',(#14521),#14537,.F.);
#14521 = FACE_BOUND('',#14522,.F.);
#14522 = EDGE_LOOP('',(#14523,#14529,#14530,#14536));
#14523 = ORIENTED_EDGE('',*,*,#14524,.F.);
#14524 = EDGE_CURVE('',#14445,#14485,#14525,.T.);
#14525 = LINE('',#14526,#14527);
#14526 = CARTESIAN_POINT('',(40.,205.,190.));
#14527 = VECTOR('',#14528,1.);
#14528 = DIRECTION('',(1.,0.,0.));
#14529 = ORIENTED_EDGE('',*,*,#14444,.T.);
#14530 = ORIENTED_EDGE('',*,*,#14531,.T.);
#14531 = EDGE_CURVE('',#14447,#14487,#14532,.T.);
#14532 = LINE('',#14533,#14534);
#14533 = CARTESIAN_POINT('',(40.,205.,198.));
#14534 = VECTOR('',#14535,1.);
#14535 = DIRECTION('',(1.,0.,0.));
#14536 = ORIENTED_EDGE('',*,*,#14484,.F.);
#14537 = PLANE('',#14538);
#14538 = AXIS2_PLACEMENT_3D('',#14539,#14540,#14541);
#14539 = CARTESIAN_POINT('',(40.,205.,190.));
#14540 = DIRECTION('',(0.,1.,0.));
#14541 = DIRECTION('',(0.,0.,1.));
#14542 = ADVANCED_FACE('',(#14543),#14559,.T.);
#14543 = FACE_BOUND('',#14544,.T.);
#14544 = EDGE_LOOP('',(#14545,#14551,#14552,#14558));
#14545 = ORIENTED_EDGE('',*,*,#14546,.F.);
#14546 = EDGE_CURVE('',#14455,#14495,#14547,.T.);
#14547 = LINE('',#14548,#14549);
#14548 = CARTESIAN_POINT('',(40.,335.,190.));
#14549 = VECTOR('',#14550,1.);
#14550 = DIRECTION('',(1.,0.,0.));
#14551 = ORIENTED_EDGE('',*,*,#14462,.T.);
#14552 = ORIENTED_EDGE('',*,*,#14553,.T.);
#14553 = EDGE_CURVE('',#14463,#14503,#14554,.T.);
#14554 = LINE('',#14555,#14556);
#14555 = CARTESIAN_POINT('',(40.,335.,198.));
#14556 = VECTOR('',#14557,1.);
#14557 = DIRECTION('',(1.,0.,0.));
#14558 = ORIENTED_EDGE('',*,*,#14502,.F.);
#14559 = PLANE('',#14560);
#14560 = AXIS2_PLACEMENT_3D('',#14561,#14562,#14563);
#14561 = CARTESIAN_POINT('',(40.,335.,190.));
#14562 = DIRECTION('',(0.,1.,0.));
#14563 = DIRECTION('',(0.,0.,1.));
#14564 = ADVANCED_FACE('',(#14565),#14571,.F.);
#14565 = FACE_BOUND('',#14566,.F.);
#14566 = EDGE_LOOP('',(#14567,#14568,#14569,#14570));
#14567 = ORIENTED_EDGE('',*,*,#14454,.F.);
#14568 = ORIENTED_EDGE('',*,*,#14524,.T.);
#14569 = ORIENTED_EDGE('',*,*,#14494,.T.);
#14570 = ORIENTED_EDGE('',*,*,#14546,.F.);
#14571 = PLANE('',#14572);
#14572 = AXIS2_PLACEMENT_3D('',#14573,#14574,#14575);
#14573 = CARTESIAN_POINT('',(40.,205.,190.));
#14574 = DIRECTION('',(0.,0.,1.));
#14575 = DIRECTION('',(1.,0.,0.));
#14576 = ADVANCED_FACE('',(#14577),#14583,.T.);
#14577 = FACE_BOUND('',#14578,.T.);
#14578 = EDGE_LOOP('',(#14579,#14580,#14581,#14582));
#14579 = ORIENTED_EDGE('',*,*,#14470,.F.);
#14580 = ORIENTED_EDGE('',*,*,#14531,.T.);
#14581 = ORIENTED_EDGE('',*,*,#14510,.T.);
#14582 = ORIENTED_EDGE('',*,*,#14553,.F.);
#14583 = PLANE('',#14584);
#14584 = AXIS2_PLACEMENT_3D('',#14585,#14586,#14587);
#14585 = CARTESIAN_POINT('',(40.,205.,198.));
#14586 = DIRECTION('',(0.,0.,1.));
#14587 = DIRECTION('',(1.,0.,0.));
#14588 = MANIFOLD_SOLID_BREP('',#14589);
#14589 = CLOSED_SHELL('',(#14590,#14630,#14670,#14692,#14714,#14726));
#14590 = ADVANCED_FACE('',(#14591),#14625,.F.);
#14591 = FACE_BOUND('',#14592,.F.);
#14592 = EDGE_LOOP('',(#14593,#14603,#14611,#14619));
#14593 = ORIENTED_EDGE('',*,*,#14594,.F.);
#14594 = EDGE_CURVE('',#14595,#14597,#14599,.T.);
#14595 = VERTEX_POINT('',#14596);
#14596 = CARTESIAN_POINT('',(40.,205.,198.));
#14597 = VERTEX_POINT('',#14598);
#14598 = CARTESIAN_POINT('',(40.,205.,224.));
#14599 = LINE('',#14600,#14601);
#14600 = CARTESIAN_POINT('',(40.,205.,198.));
#14601 = VECTOR('',#14602,1.);
#14602 = DIRECTION('',(0.,0.,1.));
#14603 = ORIENTED_EDGE('',*,*,#14604,.T.);
#14604 = EDGE_CURVE('',#14595,#14605,#14607,.T.);
#14605 = VERTEX_POINT('',#14606);
#14606 = CARTESIAN_POINT('',(40.,335.,198.));
#14607 = LINE('',#14608,#14609);
#14608 = CARTESIAN_POINT('',(40.,205.,198.));
#14609 = VECTOR('',#14610,1.);
#14610 = DIRECTION('',(0.,1.,0.));
#14611 = ORIENTED_EDGE('',*,*,#14612,.T.);
#14612 = EDGE_CURVE('',#14605,#14613,#14615,.T.);
#14613 = VERTEX_POINT('',#14614);
#14614 = CARTESIAN_POINT('',(40.,335.,224.));
#14615 = LINE('',#14616,#14617);
#14616 = CARTESIAN_POINT('',(40.,335.,198.));
#14617 = VECTOR('',#14618,1.);
#14618 = DIRECTION('',(0.,0.,1.));
#14619 = ORIENTED_EDGE('',*,*,#14620,.F.);
#14620 = EDGE_CURVE('',#14597,#14613,#14621,.T.);
#14621 = LINE('',#14622,#14623);
#14622 = CARTESIAN_POINT('',(40.,205.,224.));
#14623 = VECTOR('',#14624,1.);
#14624 = DIRECTION('',(0.,1.,0.));
#14625 = PLANE('',#14626);
#14626 = AXIS2_PLACEMENT_3D('',#14627,#14628,#14629);
#14627 = CARTESIAN_POINT('',(40.,205.,198.));
#14628 = DIRECTION('',(1.,0.,0.));
#14629 = DIRECTION('',(0.,0.,1.));
#14630 = ADVANCED_FACE('',(#14631),#14665,.T.);
#14631 = FACE_BOUND('',#14632,.T.);
#14632 = EDGE_LOOP('',(#14633,#14643,#14651,#14659));
#14633 = ORIENTED_EDGE('',*,*,#14634,.F.);
#14634 = EDGE_CURVE('',#14635,#14637,#14639,.T.);
#14635 = VERTEX_POINT('',#14636);
#14636 = CARTESIAN_POINT('',(43.,205.,198.));
#14637 = VERTEX_POINT('',#14638);
#14638 = CARTESIAN_POINT('',(43.,205.,224.));
#14639 = LINE('',#14640,#14641);
#14640 = CARTESIAN_POINT('',(43.,205.,198.));
#14641 = VECTOR('',#14642,1.);
#14642 = DIRECTION('',(0.,0.,1.));
#14643 = ORIENTED_EDGE('',*,*,#14644,.T.);
#14644 = EDGE_CURVE('',#14635,#14645,#14647,.T.);
#14645 = VERTEX_POINT('',#14646);
#14646 = CARTESIAN_POINT('',(43.,335.,198.));
#14647 = LINE('',#14648,#14649);
#14648 = CARTESIAN_POINT('',(43.,205.,198.));
#14649 = VECTOR('',#14650,1.);
#14650 = DIRECTION('',(0.,1.,0.));
#14651 = ORIENTED_EDGE('',*,*,#14652,.T.);
#14652 = EDGE_CURVE('',#14645,#14653,#14655,.T.);
#14653 = VERTEX_POINT('',#14654);
#14654 = CARTESIAN_POINT('',(43.,335.,224.));
#14655 = LINE('',#14656,#14657);
#14656 = CARTESIAN_POINT('',(43.,335.,198.));
#14657 = VECTOR('',#14658,1.);
#14658 = DIRECTION('',(0.,0.,1.));
#14659 = ORIENTED_EDGE('',*,*,#14660,.F.);
#14660 = EDGE_CURVE('',#14637,#14653,#14661,.T.);
#14661 = LINE('',#14662,#14663);
#14662 = CARTESIAN_POINT('',(43.,205.,224.));
#14663 = VECTOR('',#14664,1.);
#14664 = DIRECTION('',(0.,1.,0.));
#14665 = PLANE('',#14666);
#14666 = AXIS2_PLACEMENT_3D('',#14667,#14668,#14669);
#14667 = CARTESIAN_POINT('',(43.,205.,198.));
#14668 = DIRECTION('',(1.,0.,0.));
#14669 = DIRECTION('',(0.,0.,1.));
#14670 = ADVANCED_FACE('',(#14671),#14687,.F.);
#14671 = FACE_BOUND('',#14672,.F.);
#14672 = EDGE_LOOP('',(#14673,#14679,#14680,#14686));
#14673 = ORIENTED_EDGE('',*,*,#14674,.F.);
#14674 = EDGE_CURVE('',#14595,#14635,#14675,.T.);
#14675 = LINE('',#14676,#14677);
#14676 = CARTESIAN_POINT('',(40.,205.,198.));
#14677 = VECTOR('',#14678,1.);
#14678 = DIRECTION('',(1.,0.,0.));
#14679 = ORIENTED_EDGE('',*,*,#14594,.T.);
#14680 = ORIENTED_EDGE('',*,*,#14681,.T.);
#14681 = EDGE_CURVE('',#14597,#14637,#14682,.T.);
#14682 = LINE('',#14683,#14684);
#14683 = CARTESIAN_POINT('',(40.,205.,224.));
#14684 = VECTOR('',#14685,1.);
#14685 = DIRECTION('',(1.,0.,0.));
#14686 = ORIENTED_EDGE('',*,*,#14634,.F.);
#14687 = PLANE('',#14688);
#14688 = AXIS2_PLACEMENT_3D('',#14689,#14690,#14691);
#14689 = CARTESIAN_POINT('',(40.,205.,198.));
#14690 = DIRECTION('',(0.,1.,0.));
#14691 = DIRECTION('',(0.,0.,1.));
#14692 = ADVANCED_FACE('',(#14693),#14709,.T.);
#14693 = FACE_BOUND('',#14694,.T.);
#14694 = EDGE_LOOP('',(#14695,#14701,#14702,#14708));
#14695 = ORIENTED_EDGE('',*,*,#14696,.F.);
#14696 = EDGE_CURVE('',#14605,#14645,#14697,.T.);
#14697 = LINE('',#14698,#14699);
#14698 = CARTESIAN_POINT('',(40.,335.,198.));
#14699 = VECTOR('',#14700,1.);
#14700 = DIRECTION('',(1.,0.,0.));
#14701 = ORIENTED_EDGE('',*,*,#14612,.T.);
#14702 = ORIENTED_EDGE('',*,*,#14703,.T.);
#14703 = EDGE_CURVE('',#14613,#14653,#14704,.T.);
#14704 = LINE('',#14705,#14706);
#14705 = CARTESIAN_POINT('',(40.,335.,224.));
#14706 = VECTOR('',#14707,1.);
#14707 = DIRECTION('',(1.,0.,0.));
#14708 = ORIENTED_EDGE('',*,*,#14652,.F.);
#14709 = PLANE('',#14710);
#14710 = AXIS2_PLACEMENT_3D('',#14711,#14712,#14713);
#14711 = CARTESIAN_POINT('',(40.,335.,198.));
#14712 = DIRECTION('',(0.,1.,0.));
#14713 = DIRECTION('',(0.,0.,1.));
#14714 = ADVANCED_FACE('',(#14715),#14721,.F.);
#14715 = FACE_BOUND('',#14716,.F.);
#14716 = EDGE_LOOP('',(#14717,#14718,#14719,#14720));
#14717 = ORIENTED_EDGE('',*,*,#14604,.F.);
#14718 = ORIENTED_EDGE('',*,*,#14674,.T.);
#14719 = ORIENTED_EDGE('',*,*,#14644,.T.);
#14720 = ORIENTED_EDGE('',*,*,#14696,.F.);
#14721 = PLANE('',#14722);
#14722 = AXIS2_PLACEMENT_3D('',#14723,#14724,#14725);
#14723 = CARTESIAN_POINT('',(40.,205.,198.));
#14724 = DIRECTION('',(0.,0.,1.));
#14725 = DIRECTION('',(1.,0.,0.));
#14726 = ADVANCED_FACE('',(#14727),#14733,.T.);
#14727 = FACE_BOUND('',#14728,.T.);
#14728 = EDGE_LOOP('',(#14729,#14730,#14731,#14732));
#14729 = ORIENTED_EDGE('',*,*,#14620,.F.);
#14730 = ORIENTED_EDGE('',*,*,#14681,.T.);
#14731 = ORIENTED_EDGE('',*,*,#14660,.T.);
#14732 = ORIENTED_EDGE('',*,*,#14703,.F.);
#14733 = PLANE('',#14734);
#14734 = AXIS2_PLACEMENT_3D('',#14735,#14736,#14737);
#14735 = CARTESIAN_POINT('',(40.,205.,224.));
#14736 = DIRECTION('',(0.,0.,1.));
#14737 = DIRECTION('',(1.,0.,0.));
#14738 = MANIFOLD_SOLID_BREP('',#14739);
#14739 = CLOSED_SHELL('',(#14740,#14780,#14820,#14842,#14864,#14876));
#14740 = ADVANCED_FACE('',(#14741),#14775,.F.);
#14741 = FACE_BOUND('',#14742,.F.);
#14742 = EDGE_LOOP('',(#14743,#14753,#14761,#14769));
#14743 = ORIENTED_EDGE('',*,*,#14744,.F.);
#14744 = EDGE_CURVE('',#14745,#14747,#14749,.T.);
#14745 = VERTEX_POINT('',#14746);
#14746 = CARTESIAN_POINT('',(97.,205.,198.));
#14747 = VERTEX_POINT('',#14748);
#14748 = CARTESIAN_POINT('',(97.,205.,224.));
#14749 = LINE('',#14750,#14751);
#14750 = CARTESIAN_POINT('',(97.,205.,198.));
#14751 = VECTOR('',#14752,1.);
#14752 = DIRECTION('',(0.,0.,1.));
#14753 = ORIENTED_EDGE('',*,*,#14754,.T.);
#14754 = EDGE_CURVE('',#14745,#14755,#14757,.T.);
#14755 = VERTEX_POINT('',#14756);
#14756 = CARTESIAN_POINT('',(97.,335.,198.));
#14757 = LINE('',#14758,#14759);
#14758 = CARTESIAN_POINT('',(97.,205.,198.));
#14759 = VECTOR('',#14760,1.);
#14760 = DIRECTION('',(0.,1.,0.));
#14761 = ORIENTED_EDGE('',*,*,#14762,.T.);
#14762 = EDGE_CURVE('',#14755,#14763,#14765,.T.);
#14763 = VERTEX_POINT('',#14764);
#14764 = CARTESIAN_POINT('',(97.,335.,224.));
#14765 = LINE('',#14766,#14767);
#14766 = CARTESIAN_POINT('',(97.,335.,198.));
#14767 = VECTOR('',#14768,1.);
#14768 = DIRECTION('',(0.,0.,1.));
#14769 = ORIENTED_EDGE('',*,*,#14770,.F.);
#14770 = EDGE_CURVE('',#14747,#14763,#14771,.T.);
#14771 = LINE('',#14772,#14773);
#14772 = CARTESIAN_POINT('',(97.,205.,224.));
#14773 = VECTOR('',#14774,1.);
#14774 = DIRECTION('',(0.,1.,0.));
#14775 = PLANE('',#14776);
#14776 = AXIS2_PLACEMENT_3D('',#14777,#14778,#14779);
#14777 = CARTESIAN_POINT('',(97.,205.,198.));
#14778 = DIRECTION('',(1.,0.,0.));
#14779 = DIRECTION('',(0.,0.,1.));
#14780 = ADVANCED_FACE('',(#14781),#14815,.T.);
#14781 = FACE_BOUND('',#14782,.T.);
#14782 = EDGE_LOOP('',(#14783,#14793,#14801,#14809));
#14783 = ORIENTED_EDGE('',*,*,#14784,.F.);
#14784 = EDGE_CURVE('',#14785,#14787,#14789,.T.);
#14785 = VERTEX_POINT('',#14786);
#14786 = CARTESIAN_POINT('',(100.,205.,198.));
#14787 = VERTEX_POINT('',#14788);
#14788 = CARTESIAN_POINT('',(100.,205.,224.));
#14789 = LINE('',#14790,#14791);
#14790 = CARTESIAN_POINT('',(100.,205.,198.));
#14791 = VECTOR('',#14792,1.);
#14792 = DIRECTION('',(0.,0.,1.));
#14793 = ORIENTED_EDGE('',*,*,#14794,.T.);
#14794 = EDGE_CURVE('',#14785,#14795,#14797,.T.);
#14795 = VERTEX_POINT('',#14796);
#14796 = CARTESIAN_POINT('',(100.,335.,198.));
#14797 = LINE('',#14798,#14799);
#14798 = CARTESIAN_POINT('',(100.,205.,198.));
#14799 = VECTOR('',#14800,1.);
#14800 = DIRECTION('',(0.,1.,0.));
#14801 = ORIENTED_EDGE('',*,*,#14802,.T.);
#14802 = EDGE_CURVE('',#14795,#14803,#14805,.T.);
#14803 = VERTEX_POINT('',#14804);
#14804 = CARTESIAN_POINT('',(100.,335.,224.));
#14805 = LINE('',#14806,#14807);
#14806 = CARTESIAN_POINT('',(100.,335.,198.));
#14807 = VECTOR('',#14808,1.);
#14808 = DIRECTION('',(0.,0.,1.));
#14809 = ORIENTED_EDGE('',*,*,#14810,.F.);
#14810 = EDGE_CURVE('',#14787,#14803,#14811,.T.);
#14811 = LINE('',#14812,#14813);
#14812 = CARTESIAN_POINT('',(100.,205.,224.));
#14813 = VECTOR('',#14814,1.);
#14814 = DIRECTION('',(0.,1.,0.));
#14815 = PLANE('',#14816);
#14816 = AXIS2_PLACEMENT_3D('',#14817,#14818,#14819);
#14817 = CARTESIAN_POINT('',(100.,205.,198.));
#14818 = DIRECTION('',(1.,0.,0.));
#14819 = DIRECTION('',(0.,0.,1.));
#14820 = ADVANCED_FACE('',(#14821),#14837,.F.);
#14821 = FACE_BOUND('',#14822,.F.);
#14822 = EDGE_LOOP('',(#14823,#14829,#14830,#14836));
#14823 = ORIENTED_EDGE('',*,*,#14824,.F.);
#14824 = EDGE_CURVE('',#14745,#14785,#14825,.T.);
#14825 = LINE('',#14826,#14827);
#14826 = CARTESIAN_POINT('',(97.,205.,198.));
#14827 = VECTOR('',#14828,1.);
#14828 = DIRECTION('',(1.,0.,0.));
#14829 = ORIENTED_EDGE('',*,*,#14744,.T.);
#14830 = ORIENTED_EDGE('',*,*,#14831,.T.);
#14831 = EDGE_CURVE('',#14747,#14787,#14832,.T.);
#14832 = LINE('',#14833,#14834);
#14833 = CARTESIAN_POINT('',(97.,205.,224.));
#14834 = VECTOR('',#14835,1.);
#14835 = DIRECTION('',(1.,0.,0.));
#14836 = ORIENTED_EDGE('',*,*,#14784,.F.);
#14837 = PLANE('',#14838);
#14838 = AXIS2_PLACEMENT_3D('',#14839,#14840,#14841);
#14839 = CARTESIAN_POINT('',(97.,205.,198.));
#14840 = DIRECTION('',(0.,1.,0.));
#14841 = DIRECTION('',(0.,0.,1.));
#14842 = ADVANCED_FACE('',(#14843),#14859,.T.);
#14843 = FACE_BOUND('',#14844,.T.);
#14844 = EDGE_LOOP('',(#14845,#14851,#14852,#14858));
#14845 = ORIENTED_EDGE('',*,*,#14846,.F.);
#14846 = EDGE_CURVE('',#14755,#14795,#14847,.T.);
#14847 = LINE('',#14848,#14849);
#14848 = CARTESIAN_POINT('',(97.,335.,198.));
#14849 = VECTOR('',#14850,1.);
#14850 = DIRECTION('',(1.,0.,0.));
#14851 = ORIENTED_EDGE('',*,*,#14762,.T.);
#14852 = ORIENTED_EDGE('',*,*,#14853,.T.);
#14853 = EDGE_CURVE('',#14763,#14803,#14854,.T.);
#14854 = LINE('',#14855,#14856);
#14855 = CARTESIAN_POINT('',(97.,335.,224.));
#14856 = VECTOR('',#14857,1.);
#14857 = DIRECTION('',(1.,0.,0.));
#14858 = ORIENTED_EDGE('',*,*,#14802,.F.);
#14859 = PLANE('',#14860);
#14860 = AXIS2_PLACEMENT_3D('',#14861,#14862,#14863);
#14861 = CARTESIAN_POINT('',(97.,335.,198.));
#14862 = DIRECTION('',(0.,1.,0.));
#14863 = DIRECTION('',(0.,0.,1.));
#14864 = ADVANCED_FACE('',(#14865),#14871,.F.);
#14865 = FACE_BOUND('',#14866,.F.);
#14866 = EDGE_LOOP('',(#14867,#14868,#14869,#14870));
#14867 = ORIENTED_EDGE('',*,*,#14754,.F.);
#14868 = ORIENTED_EDGE('',*,*,#14824,.T.);
#14869 = ORIENTED_EDGE('',*,*,#14794,.T.);
#14870 = ORIENTED_EDGE('',*,*,#14846,.F.);
#14871 = PLANE('',#14872);
#14872 = AXIS2_PLACEMENT_3D('',#14873,#14874,#14875);
#14873 = CARTESIAN_POINT('',(97.,205.,198.));
#14874 = DIRECTION('',(0.,0.,1.));
#14875 = DIRECTION('',(1.,0.,0.));
#14876 = ADVANCED_FACE('',(#14877),#14883,.T.);
#14877 = FACE_BOUND('',#14878,.T.);
#14878 = EDGE_LOOP('',(#14879,#14880,#14881,#14882));
#14879 = ORIENTED_EDGE('',*,*,#14770,.F.);
#14880 = ORIENTED_EDGE('',*,*,#14831,.T.);
#14881 = ORIENTED_EDGE('',*,*,#14810,.T.);
#14882 = ORIENTED_EDGE('',*,*,#14853,.F.);
#14883 = PLANE('',#14884);
#14884 = AXIS2_PLACEMENT_3D('',#14885,#14886,#14887);
#14885 = CARTESIAN_POINT('',(97.,205.,224.));
#14886 = DIRECTION('',(0.,0.,1.));
#14887 = DIRECTION('',(1.,0.,0.));
#14888 = MANIFOLD_SOLID_BREP('',#14889);
#14889 = CLOSED_SHELL('',(#14890,#14923,#14932));
#14890 = ADVANCED_FACE('',(#14891),#14918,.T.);
#14891 = FACE_BOUND('',#14892,.T.);
#14892 = EDGE_LOOP('',(#14893,#14902,#14910,#14917));
#14893 = ORIENTED_EDGE('',*,*,#14894,.F.);
#14894 = EDGE_CURVE('',#14895,#14895,#14897,.T.);
#14895 = VERTEX_POINT('',#14896);
#14896 = CARTESIAN_POINT('',(70.,239.,197.));
#14897 = CIRCLE('',#14898,15.);
#14898 = AXIS2_PLACEMENT_3D('',#14899,#14900,#14901);
#14899 = CARTESIAN_POINT('',(70.,239.,182.));
#14900 = DIRECTION('',(0.,1.,0.));
#14901 = DIRECTION('',(0.,0.,1.));
#14902 = ORIENTED_EDGE('',*,*,#14903,.F.);
#14903 = EDGE_CURVE('',#14904,#14895,#14906,.T.);
#14904 = VERTEX_POINT('',#14905);
#14905 = CARTESIAN_POINT('',(70.,221.,197.));
#14906 = LINE('',#14907,#14908);
#14907 = CARTESIAN_POINT('',(70.,221.,197.));
#14908 = VECTOR('',#14909,1.);
#14909 = DIRECTION('',(0.,1.,0.));
#14910 = ORIENTED_EDGE('',*,*,#14911,.T.);
#14911 = EDGE_CURVE('',#14904,#14904,#14912,.T.);
#14912 = CIRCLE('',#14913,15.);
#14913 = AXIS2_PLACEMENT_3D('',#14914,#14915,#14916);
#14914 = CARTESIAN_POINT('',(70.,221.,182.));
#14915 = DIRECTION('',(0.,1.,0.));
#14916 = DIRECTION('',(0.,0.,1.));
#14917 = ORIENTED_EDGE('',*,*,#14903,.T.);
#14918 = CYLINDRICAL_SURFACE('',#14919,15.);
#14919 = AXIS2_PLACEMENT_3D('',#14920,#14921,#14922);
#14920 = CARTESIAN_POINT('',(70.,221.,182.));
#14921 = DIRECTION('',(0.,1.,0.));
#14922 = DIRECTION('',(0.,0.,1.));
#14923 = ADVANCED_FACE('',(#14924),#14927,.T.);
#14924 = FACE_BOUND('',#14925,.T.);
#14925 = EDGE_LOOP('',(#14926));
#14926 = ORIENTED_EDGE('',*,*,#14894,.T.);
#14927 = PLANE('',#14928);
#14928 = AXIS2_PLACEMENT_3D('',#14929,#14930,#14931);
#14929 = CARTESIAN_POINT('',(70.,239.,182.));
#14930 = DIRECTION('',(0.,1.,0.));
#14931 = DIRECTION('',(0.,0.,1.));
#14932 = ADVANCED_FACE('',(#14933),#14936,.F.);
#14933 = FACE_BOUND('',#14934,.T.);
#14934 = EDGE_LOOP('',(#14935));
#14935 = ORIENTED_EDGE('',*,*,#14911,.F.);
#14936 = PLANE('',#14937);
#14937 = AXIS2_PLACEMENT_3D('',#14938,#14939,#14940);
#14938 = CARTESIAN_POINT('',(70.,221.,182.));
#14939 = DIRECTION('',(0.,1.,0.));
#14940 = DIRECTION('',(0.,0.,1.));
#14941 = MANIFOLD_SOLID_BREP('',#14942);
#14942 = CLOSED_SHELL('',(#14943,#14976,#14985));
#14943 = ADVANCED_FACE('',(#14944),#14971,.T.);
#14944 = FACE_BOUND('',#14945,.T.);
#14945 = EDGE_LOOP('',(#14946,#14955,#14963,#14970));
#14946 = ORIENTED_EDGE('',*,*,#14947,.F.);
#14947 = EDGE_CURVE('',#14948,#14948,#14950,.T.);
#14948 = VERTEX_POINT('',#14949);
#14949 = CARTESIAN_POINT('',(70.,319.,197.));
#14950 = CIRCLE('',#14951,15.);
#14951 = AXIS2_PLACEMENT_3D('',#14952,#14953,#14954);
#14952 = CARTESIAN_POINT('',(70.,319.,182.));
#14953 = DIRECTION('',(0.,1.,0.));
#14954 = DIRECTION('',(0.,0.,1.));
#14955 = ORIENTED_EDGE('',*,*,#14956,.F.);
#14956 = EDGE_CURVE('',#14957,#14948,#14959,.T.);
#14957 = VERTEX_POINT('',#14958);
#14958 = CARTESIAN_POINT('',(70.,301.,197.));
#14959 = LINE('',#14960,#14961);
#14960 = CARTESIAN_POINT('',(70.,301.,197.));
#14961 = VECTOR('',#14962,1.);
#14962 = DIRECTION('',(0.,1.,0.));
#14963 = ORIENTED_EDGE('',*,*,#14964,.T.);
#14964 = EDGE_CURVE('',#14957,#14957,#14965,.T.);
#14965 = CIRCLE('',#14966,15.);
#14966 = AXIS2_PLACEMENT_3D('',#14967,#14968,#14969);
#14967 = CARTESIAN_POINT('',(70.,301.,182.));
#14968 = DIRECTION('',(0.,1.,0.));
#14969 = DIRECTION('',(0.,0.,1.));
#14970 = ORIENTED_EDGE('',*,*,#14956,.T.);
#14971 = CYLINDRICAL_SURFACE('',#14972,15.);
#14972 = AXIS2_PLACEMENT_3D('',#14973,#14974,#14975);
#14973 = CARTESIAN_POINT('',(70.,301.,182.));
#14974 = DIRECTION('',(0.,1.,0.));
#14975 = DIRECTION('',(0.,0.,1.));
#14976 = ADVANCED_FACE('',(#14977),#14980,.T.);
#14977 = FACE_BOUND('',#14978,.T.);
#14978 = EDGE_LOOP('',(#14979));
#14979 = ORIENTED_EDGE('',*,*,#14947,.T.);
#14980 = PLANE('',#14981);
#14981 = AXIS2_PLACEMENT_3D('',#14982,#14983,#14984);
#14982 = CARTESIAN_POINT('',(70.,319.,182.));
#14983 = DIRECTION('',(0.,1.,0.));
#14984 = DIRECTION('',(0.,0.,1.));
#14985 = ADVANCED_FACE('',(#14986),#14989,.F.);
#14986 = FACE_BOUND('',#14987,.T.);
#14987 = EDGE_LOOP('',(#14988));
#14988 = ORIENTED_EDGE('',*,*,#14964,.F.);
#14989 = PLANE('',#14990);
#14990 = AXIS2_PLACEMENT_3D('',#14991,#14992,#14993);
#14991 = CARTESIAN_POINT('',(70.,301.,182.));
#14992 = DIRECTION('',(0.,1.,0.));
#14993 = DIRECTION('',(0.,0.,1.));
#14994 = MANIFOLD_SOLID_BREP('',#14995);
#14995 = CLOSED_SHELL('',(#14996,#15036,#15076,#15098,#15120,#15132));
#14996 = ADVANCED_FACE('',(#14997),#15031,.F.);
#14997 = FACE_BOUND('',#14998,.F.);
#14998 = EDGE_LOOP('',(#14999,#15009,#15017,#15025));
#14999 = ORIENTED_EDGE('',*,*,#15000,.F.);
#15000 = EDGE_CURVE('',#15001,#15003,#15005,.T.);
#15001 = VERTEX_POINT('',#15002);
#15002 = CARTESIAN_POINT('',(45.,215.,200.));
#15003 = VERTEX_POINT('',#15004);
#15004 = CARTESIAN_POINT('',(45.,215.,202.));
#15005 = LINE('',#15006,#15007);
#15006 = CARTESIAN_POINT('',(45.,215.,200.));
#15007 = VECTOR('',#15008,1.);
#15008 = DIRECTION('',(0.,0.,1.));
#15009 = ORIENTED_EDGE('',*,*,#15010,.T.);
#15010 = EDGE_CURVE('',#15001,#15011,#15013,.T.);
#15011 = VERTEX_POINT('',#15012);
#15012 = CARTESIAN_POINT('',(45.,241.,200.));
#15013 = LINE('',#15014,#15015);
#15014 = CARTESIAN_POINT('',(45.,215.,200.));
#15015 = VECTOR('',#15016,1.);
#15016 = DIRECTION('',(0.,1.,0.));
#15017 = ORIENTED_EDGE('',*,*,#15018,.T.);
#15018 = EDGE_CURVE('',#15011,#15019,#15021,.T.);
#15019 = VERTEX_POINT('',#15020);
#15020 = CARTESIAN_POINT('',(45.,241.,202.));
#15021 = LINE('',#15022,#15023);
#15022 = CARTESIAN_POINT('',(45.,241.,200.));
#15023 = VECTOR('',#15024,1.);
#15024 = DIRECTION('',(0.,0.,1.));
#15025 = ORIENTED_EDGE('',*,*,#15026,.F.);
#15026 = EDGE_CURVE('',#15003,#15019,#15027,.T.);
#15027 = LINE('',#15028,#15029);
#15028 = CARTESIAN_POINT('',(45.,215.,202.));
#15029 = VECTOR('',#15030,1.);
#15030 = DIRECTION('',(0.,1.,0.));
#15031 = PLANE('',#15032);
#15032 = AXIS2_PLACEMENT_3D('',#15033,#15034,#15035);
#15033 = CARTESIAN_POINT('',(45.,215.,200.));
#15034 = DIRECTION('',(1.,0.,0.));
#15035 = DIRECTION('',(0.,0.,1.));
#15036 = ADVANCED_FACE('',(#15037),#15071,.T.);
#15037 = FACE_BOUND('',#15038,.T.);
#15038 = EDGE_LOOP('',(#15039,#15049,#15057,#15065));
#15039 = ORIENTED_EDGE('',*,*,#15040,.F.);
#15040 = EDGE_CURVE('',#15041,#15043,#15045,.T.);
#15041 = VERTEX_POINT('',#15042);
#15042 = CARTESIAN_POINT('',(95.,215.,200.));
#15043 = VERTEX_POINT('',#15044);
#15044 = CARTESIAN_POINT('',(95.,215.,202.));
#15045 = LINE('',#15046,#15047);
#15046 = CARTESIAN_POINT('',(95.,215.,200.));
#15047 = VECTOR('',#15048,1.);
#15048 = DIRECTION('',(0.,0.,1.));
#15049 = ORIENTED_EDGE('',*,*,#15050,.T.);
#15050 = EDGE_CURVE('',#15041,#15051,#15053,.T.);
#15051 = VERTEX_POINT('',#15052);
#15052 = CARTESIAN_POINT('',(95.,241.,200.));
#15053 = LINE('',#15054,#15055);
#15054 = CARTESIAN_POINT('',(95.,215.,200.));
#15055 = VECTOR('',#15056,1.);
#15056 = DIRECTION('',(0.,1.,0.));
#15057 = ORIENTED_EDGE('',*,*,#15058,.T.);
#15058 = EDGE_CURVE('',#15051,#15059,#15061,.T.);
#15059 = VERTEX_POINT('',#15060);
#15060 = CARTESIAN_POINT('',(95.,241.,202.));
#15061 = LINE('',#15062,#15063);
#15062 = CARTESIAN_POINT('',(95.,241.,200.));
#15063 = VECTOR('',#15064,1.);
#15064 = DIRECTION('',(0.,0.,1.));
#15065 = ORIENTED_EDGE('',*,*,#15066,.F.);
#15066 = EDGE_CURVE('',#15043,#15059,#15067,.T.);
#15067 = LINE('',#15068,#15069);
#15068 = CARTESIAN_POINT('',(95.,215.,202.));
#15069 = VECTOR('',#15070,1.);
#15070 = DIRECTION('',(0.,1.,0.));
#15071 = PLANE('',#15072);
#15072 = AXIS2_PLACEMENT_3D('',#15073,#15074,#15075);
#15073 = CARTESIAN_POINT('',(95.,215.,200.));
#15074 = DIRECTION('',(1.,0.,0.));
#15075 = DIRECTION('',(0.,0.,1.));
#15076 = ADVANCED_FACE('',(#15077),#15093,.F.);
#15077 = FACE_BOUND('',#15078,.F.);
#15078 = EDGE_LOOP('',(#15079,#15085,#15086,#15092));
#15079 = ORIENTED_EDGE('',*,*,#15080,.F.);
#15080 = EDGE_CURVE('',#15001,#15041,#15081,.T.);
#15081 = LINE('',#15082,#15083);
#15082 = CARTESIAN_POINT('',(45.,215.,200.));
#15083 = VECTOR('',#15084,1.);
#15084 = DIRECTION('',(1.,0.,0.));
#15085 = ORIENTED_EDGE('',*,*,#15000,.T.);
#15086 = ORIENTED_EDGE('',*,*,#15087,.T.);
#15087 = EDGE_CURVE('',#15003,#15043,#15088,.T.);
#15088 = LINE('',#15089,#15090);
#15089 = CARTESIAN_POINT('',(45.,215.,202.));
#15090 = VECTOR('',#15091,1.);
#15091 = DIRECTION('',(1.,0.,0.));
#15092 = ORIENTED_EDGE('',*,*,#15040,.F.);
#15093 = PLANE('',#15094);
#15094 = AXIS2_PLACEMENT_3D('',#15095,#15096,#15097);
#15095 = CARTESIAN_POINT('',(45.,215.,200.));
#15096 = DIRECTION('',(0.,1.,0.));
#15097 = DIRECTION('',(0.,0.,1.));
#15098 = ADVANCED_FACE('',(#15099),#15115,.T.);
#15099 = FACE_BOUND('',#15100,.T.);
#15100 = EDGE_LOOP('',(#15101,#15107,#15108,#15114));
#15101 = ORIENTED_EDGE('',*,*,#15102,.F.);
#15102 = EDGE_CURVE('',#15011,#15051,#15103,.T.);
#15103 = LINE('',#15104,#15105);
#15104 = CARTESIAN_POINT('',(45.,241.,200.));
#15105 = VECTOR('',#15106,1.);
#15106 = DIRECTION('',(1.,0.,0.));
#15107 = ORIENTED_EDGE('',*,*,#15018,.T.);
#15108 = ORIENTED_EDGE('',*,*,#15109,.T.);
#15109 = EDGE_CURVE('',#15019,#15059,#15110,.T.);
#15110 = LINE('',#15111,#15112);
#15111 = CARTESIAN_POINT('',(45.,241.,202.));
#15112 = VECTOR('',#15113,1.);
#15113 = DIRECTION('',(1.,0.,0.));
#15114 = ORIENTED_EDGE('',*,*,#15058,.F.);
#15115 = PLANE('',#15116);
#15116 = AXIS2_PLACEMENT_3D('',#15117,#15118,#15119);
#15117 = CARTESIAN_POINT('',(45.,241.,200.));
#15118 = DIRECTION('',(0.,1.,0.));
#15119 = DIRECTION('',(0.,0.,1.));
#15120 = ADVANCED_FACE('',(#15121),#15127,.F.);
#15121 = FACE_BOUND('',#15122,.F.);
#15122 = EDGE_LOOP('',(#15123,#15124,#15125,#15126));
#15123 = ORIENTED_EDGE('',*,*,#15010,.F.);
#15124 = ORIENTED_EDGE('',*,*,#15080,.T.);
#15125 = ORIENTED_EDGE('',*,*,#15050,.T.);
#15126 = ORIENTED_EDGE('',*,*,#15102,.F.);
#15127 = PLANE('',#15128);
#15128 = AXIS2_PLACEMENT_3D('',#15129,#15130,#15131);
#15129 = CARTESIAN_POINT('',(45.,215.,200.));
#15130 = DIRECTION('',(0.,0.,1.));
#15131 = DIRECTION('',(1.,0.,0.));
#15132 = ADVANCED_FACE('',(#15133),#15139,.T.);
#15133 = FACE_BOUND('',#15134,.T.);
#15134 = EDGE_LOOP('',(#15135,#15136,#15137,#15138));
#15135 = ORIENTED_EDGE('',*,*,#15026,.F.);
#15136 = ORIENTED_EDGE('',*,*,#15087,.T.);
#15137 = ORIENTED_EDGE('',*,*,#15066,.T.);
#15138 = ORIENTED_EDGE('',*,*,#15109,.F.);
#15139 = PLANE('',#15140);
#15140 = AXIS2_PLACEMENT_3D('',#15141,#15142,#15143);
#15141 = CARTESIAN_POINT('',(45.,215.,202.));
#15142 = DIRECTION('',(0.,0.,1.));
#15143 = DIRECTION('',(1.,0.,0.));
#15144 = MANIFOLD_SOLID_BREP('',#15145);
#15145 = CLOSED_SHELL('',(#15146,#15186,#15226,#15248,#15270,#15282));
#15146 = ADVANCED_FACE('',(#15147),#15181,.F.);
#15147 = FACE_BOUND('',#15148,.F.);
#15148 = EDGE_LOOP('',(#15149,#15159,#15167,#15175));
#15149 = ORIENTED_EDGE('',*,*,#15150,.F.);
#15150 = EDGE_CURVE('',#15151,#15153,#15155,.T.);
#15151 = VERTEX_POINT('',#15152);
#15152 = CARTESIAN_POINT('',(49.,217.,202.));
#15153 = VERTEX_POINT('',#15154);
#15154 = CARTESIAN_POINT('',(49.,217.,205.));
#15155 = LINE('',#15156,#15157);
#15156 = CARTESIAN_POINT('',(49.,217.,202.));
#15157 = VECTOR('',#15158,1.);
#15158 = DIRECTION('',(0.,0.,1.));
#15159 = ORIENTED_EDGE('',*,*,#15160,.T.);
#15160 = EDGE_CURVE('',#15151,#15161,#15163,.T.);
#15161 = VERTEX_POINT('',#15162);
#15162 = CARTESIAN_POINT('',(49.,239.,202.));
#15163 = LINE('',#15164,#15165);
#15164 = CARTESIAN_POINT('',(49.,217.,202.));
#15165 = VECTOR('',#15166,1.);
#15166 = DIRECTION('',(0.,1.,0.));
#15167 = ORIENTED_EDGE('',*,*,#15168,.T.);
#15168 = EDGE_CURVE('',#15161,#15169,#15171,.T.);
#15169 = VERTEX_POINT('',#15170);
#15170 = CARTESIAN_POINT('',(49.,239.,205.));
#15171 = LINE('',#15172,#15173);
#15172 = CARTESIAN_POINT('',(49.,239.,202.));
#15173 = VECTOR('',#15174,1.);
#15174 = DIRECTION('',(0.,0.,1.));
#15175 = ORIENTED_EDGE('',*,*,#15176,.F.);
#15176 = EDGE_CURVE('',#15153,#15169,#15177,.T.);
#15177 = LINE('',#15178,#15179);
#15178 = CARTESIAN_POINT('',(49.,217.,205.));
#15179 = VECTOR('',#15180,1.);
#15180 = DIRECTION('',(0.,1.,0.));
#15181 = PLANE('',#15182);
#15182 = AXIS2_PLACEMENT_3D('',#15183,#15184,#15185);
#15183 = CARTESIAN_POINT('',(49.,217.,202.));
#15184 = DIRECTION('',(1.,0.,0.));
#15185 = DIRECTION('',(0.,0.,1.));
#15186 = ADVANCED_FACE('',(#15187),#15221,.T.);
#15187 = FACE_BOUND('',#15188,.T.);
#15188 = EDGE_LOOP('',(#15189,#15199,#15207,#15215));
#15189 = ORIENTED_EDGE('',*,*,#15190,.F.);
#15190 = EDGE_CURVE('',#15191,#15193,#15195,.T.);
#15191 = VERTEX_POINT('',#15192);
#15192 = CARTESIAN_POINT('',(65.,217.,202.));
#15193 = VERTEX_POINT('',#15194);
#15194 = CARTESIAN_POINT('',(65.,217.,205.));
#15195 = LINE('',#15196,#15197);
#15196 = CARTESIAN_POINT('',(65.,217.,202.));
#15197 = VECTOR('',#15198,1.);
#15198 = DIRECTION('',(0.,0.,1.));
#15199 = ORIENTED_EDGE('',*,*,#15200,.T.);
#15200 = EDGE_CURVE('',#15191,#15201,#15203,.T.);
#15201 = VERTEX_POINT('',#15202);
#15202 = CARTESIAN_POINT('',(65.,239.,202.));
#15203 = LINE('',#15204,#15205);
#15204 = CARTESIAN_POINT('',(65.,217.,202.));
#15205 = VECTOR('',#15206,1.);
#15206 = DIRECTION('',(0.,1.,0.));
#15207 = ORIENTED_EDGE('',*,*,#15208,.T.);
#15208 = EDGE_CURVE('',#15201,#15209,#15211,.T.);
#15209 = VERTEX_POINT('',#15210);
#15210 = CARTESIAN_POINT('',(65.,239.,205.));
#15211 = LINE('',#15212,#15213);
#15212 = CARTESIAN_POINT('',(65.,239.,202.));
#15213 = VECTOR('',#15214,1.);
#15214 = DIRECTION('',(0.,0.,1.));
#15215 = ORIENTED_EDGE('',*,*,#15216,.F.);
#15216 = EDGE_CURVE('',#15193,#15209,#15217,.T.);
#15217 = LINE('',#15218,#15219);
#15218 = CARTESIAN_POINT('',(65.,217.,205.));
#15219 = VECTOR('',#15220,1.);
#15220 = DIRECTION('',(0.,1.,0.));
#15221 = PLANE('',#15222);
#15222 = AXIS2_PLACEMENT_3D('',#15223,#15224,#15225);
#15223 = CARTESIAN_POINT('',(65.,217.,202.));
#15224 = DIRECTION('',(1.,0.,0.));
#15225 = DIRECTION('',(0.,0.,1.));
#15226 = ADVANCED_FACE('',(#15227),#15243,.F.);
#15227 = FACE_BOUND('',#15228,.F.);
#15228 = EDGE_LOOP('',(#15229,#15235,#15236,#15242));
#15229 = ORIENTED_EDGE('',*,*,#15230,.F.);
#15230 = EDGE_CURVE('',#15151,#15191,#15231,.T.);
#15231 = LINE('',#15232,#15233);
#15232 = CARTESIAN_POINT('',(49.,217.,202.));
#15233 = VECTOR('',#15234,1.);
#15234 = DIRECTION('',(1.,0.,0.));
#15235 = ORIENTED_EDGE('',*,*,#15150,.T.);
#15236 = ORIENTED_EDGE('',*,*,#15237,.T.);
#15237 = EDGE_CURVE('',#15153,#15193,#15238,.T.);
#15238 = LINE('',#15239,#15240);
#15239 = CARTESIAN_POINT('',(49.,217.,205.));
#15240 = VECTOR('',#15241,1.);
#15241 = DIRECTION('',(1.,0.,0.));
#15242 = ORIENTED_EDGE('',*,*,#15190,.F.);
#15243 = PLANE('',#15244);
#15244 = AXIS2_PLACEMENT_3D('',#15245,#15246,#15247);
#15245 = CARTESIAN_POINT('',(49.,217.,202.));
#15246 = DIRECTION('',(0.,1.,0.));
#15247 = DIRECTION('',(0.,0.,1.));
#15248 = ADVANCED_FACE('',(#15249),#15265,.T.);
#15249 = FACE_BOUND('',#15250,.T.);
#15250 = EDGE_LOOP('',(#15251,#15257,#15258,#15264));
#15251 = ORIENTED_EDGE('',*,*,#15252,.F.);
#15252 = EDGE_CURVE('',#15161,#15201,#15253,.T.);
#15253 = LINE('',#15254,#15255);
#15254 = CARTESIAN_POINT('',(49.,239.,202.));
#15255 = VECTOR('',#15256,1.);
#15256 = DIRECTION('',(1.,0.,0.));
#15257 = ORIENTED_EDGE('',*,*,#15168,.T.);
#15258 = ORIENTED_EDGE('',*,*,#15259,.T.);
#15259 = EDGE_CURVE('',#15169,#15209,#15260,.T.);
#15260 = LINE('',#15261,#15262);
#15261 = CARTESIAN_POINT('',(49.,239.,205.));
#15262 = VECTOR('',#15263,1.);
#15263 = DIRECTION('',(1.,0.,0.));
#15264 = ORIENTED_EDGE('',*,*,#15208,.F.);
#15265 = PLANE('',#15266);
#15266 = AXIS2_PLACEMENT_3D('',#15267,#15268,#15269);
#15267 = CARTESIAN_POINT('',(49.,239.,202.));
#15268 = DIRECTION('',(0.,1.,0.));
#15269 = DIRECTION('',(0.,0.,1.));
#15270 = ADVANCED_FACE('',(#15271),#15277,.F.);
#15271 = FACE_BOUND('',#15272,.F.);
#15272 = EDGE_LOOP('',(#15273,#15274,#15275,#15276));
#15273 = ORIENTED_EDGE('',*,*,#15160,.F.);
#15274 = ORIENTED_EDGE('',*,*,#15230,.T.);
#15275 = ORIENTED_EDGE('',*,*,#15200,.T.);
#15276 = ORIENTED_EDGE('',*,*,#15252,.F.);
#15277 = PLANE('',#15278);
#15278 = AXIS2_PLACEMENT_3D('',#15279,#15280,#15281);
#15279 = CARTESIAN_POINT('',(49.,217.,202.));
#15280 = DIRECTION('',(0.,0.,1.));
#15281 = DIRECTION('',(1.,0.,0.));
#15282 = ADVANCED_FACE('',(#15283),#15289,.T.);
#15283 = FACE_BOUND('',#15284,.T.);
#15284 = EDGE_LOOP('',(#15285,#15286,#15287,#15288));
#15285 = ORIENTED_EDGE('',*,*,#15176,.F.);
#15286 = ORIENTED_EDGE('',*,*,#15237,.T.);
#15287 = ORIENTED_EDGE('',*,*,#15216,.T.);
#15288 = ORIENTED_EDGE('',*,*,#15259,.F.);
#15289 = PLANE('',#15290);
#15290 = AXIS2_PLACEMENT_3D('',#15291,#15292,#15293);
#15291 = CARTESIAN_POINT('',(49.,217.,205.));
#15292 = DIRECTION('',(0.,0.,1.));
#15293 = DIRECTION('',(1.,0.,0.));
#15294 = MANIFOLD_SOLID_BREP('',#15295);
#15295 = CLOSED_SHELL('',(#15296,#15336,#15376,#15398,#15420,#15432));
#15296 = ADVANCED_FACE('',(#15297),#15331,.F.);
#15297 = FACE_BOUND('',#15298,.F.);
#15298 = EDGE_LOOP('',(#15299,#15309,#15317,#15325));
#15299 = ORIENTED_EDGE('',*,*,#15300,.F.);
#15300 = EDGE_CURVE('',#15301,#15303,#15305,.T.);
#15301 = VERTEX_POINT('',#15302);
#15302 = CARTESIAN_POINT('',(49.,219.,205.));
#15303 = VERTEX_POINT('',#15304);
#15304 = CARTESIAN_POINT('',(49.,219.,217.));
#15305 = LINE('',#15306,#15307);
#15306 = CARTESIAN_POINT('',(49.,219.,205.));
#15307 = VECTOR('',#15308,1.);
#15308 = DIRECTION('',(0.,0.,1.));
#15309 = ORIENTED_EDGE('',*,*,#15310,.T.);
#15310 = EDGE_CURVE('',#15301,#15311,#15313,.T.);
#15311 = VERTEX_POINT('',#15312);
#15312 = CARTESIAN_POINT('',(49.,220.5,205.));
#15313 = LINE('',#15314,#15315);
#15314 = CARTESIAN_POINT('',(49.,219.,205.));
#15315 = VECTOR('',#15316,1.);
#15316 = DIRECTION('',(0.,1.,0.));
#15317 = ORIENTED_EDGE('',*,*,#15318,.T.);
#15318 = EDGE_CURVE('',#15311,#15319,#15321,.T.);
#15319 = VERTEX_POINT('',#15320);
#15320 = CARTESIAN_POINT('',(49.,220.5,217.));
#15321 = LINE('',#15322,#15323);
#15322 = CARTESIAN_POINT('',(49.,220.5,205.));
#15323 = VECTOR('',#15324,1.);
#15324 = DIRECTION('',(0.,0.,1.));
#15325 = ORIENTED_EDGE('',*,*,#15326,.F.);
#15326 = EDGE_CURVE('',#15303,#15319,#15327,.T.);
#15327 = LINE('',#15328,#15329);
#15328 = CARTESIAN_POINT('',(49.,219.,217.));
#15329 = VECTOR('',#15330,1.);
#15330 = DIRECTION('',(0.,1.,0.));
#15331 = PLANE('',#15332);
#15332 = AXIS2_PLACEMENT_3D('',#15333,#15334,#15335);
#15333 = CARTESIAN_POINT('',(49.,219.,205.));
#15334 = DIRECTION('',(1.,0.,0.));
#15335 = DIRECTION('',(0.,0.,1.));
#15336 = ADVANCED_FACE('',(#15337),#15371,.T.);
#15337 = FACE_BOUND('',#15338,.T.);
#15338 = EDGE_LOOP('',(#15339,#15349,#15357,#15365));
#15339 = ORIENTED_EDGE('',*,*,#15340,.F.);
#15340 = EDGE_CURVE('',#15341,#15343,#15345,.T.);
#15341 = VERTEX_POINT('',#15342);
#15342 = CARTESIAN_POINT('',(65.,219.,205.));
#15343 = VERTEX_POINT('',#15344);
#15344 = CARTESIAN_POINT('',(65.,219.,217.));
#15345 = LINE('',#15346,#15347);
#15346 = CARTESIAN_POINT('',(65.,219.,205.));
#15347 = VECTOR('',#15348,1.);
#15348 = DIRECTION('',(0.,0.,1.));
#15349 = ORIENTED_EDGE('',*,*,#15350,.T.);
#15350 = EDGE_CURVE('',#15341,#15351,#15353,.T.);
#15351 = VERTEX_POINT('',#15352);
#15352 = CARTESIAN_POINT('',(65.,220.5,205.));
#15353 = LINE('',#15354,#15355);
#15354 = CARTESIAN_POINT('',(65.,219.,205.));
#15355 = VECTOR('',#15356,1.);
#15356 = DIRECTION('',(0.,1.,0.));
#15357 = ORIENTED_EDGE('',*,*,#15358,.T.);
#15358 = EDGE_CURVE('',#15351,#15359,#15361,.T.);
#15359 = VERTEX_POINT('',#15360);
#15360 = CARTESIAN_POINT('',(65.,220.5,217.));
#15361 = LINE('',#15362,#15363);
#15362 = CARTESIAN_POINT('',(65.,220.5,205.));
#15363 = VECTOR('',#15364,1.);
#15364 = DIRECTION('',(0.,0.,1.));
#15365 = ORIENTED_EDGE('',*,*,#15366,.F.);
#15366 = EDGE_CURVE('',#15343,#15359,#15367,.T.);
#15367 = LINE('',#15368,#15369);
#15368 = CARTESIAN_POINT('',(65.,219.,217.));
#15369 = VECTOR('',#15370,1.);
#15370 = DIRECTION('',(0.,1.,0.));
#15371 = PLANE('',#15372);
#15372 = AXIS2_PLACEMENT_3D('',#15373,#15374,#15375);
#15373 = CARTESIAN_POINT('',(65.,219.,205.));
#15374 = DIRECTION('',(1.,0.,0.));
#15375 = DIRECTION('',(0.,0.,1.));
#15376 = ADVANCED_FACE('',(#15377),#15393,.F.);
#15377 = FACE_BOUND('',#15378,.F.);
#15378 = EDGE_LOOP('',(#15379,#15385,#15386,#15392));
#15379 = ORIENTED_EDGE('',*,*,#15380,.F.);
#15380 = EDGE_CURVE('',#15301,#15341,#15381,.T.);
#15381 = LINE('',#15382,#15383);
#15382 = CARTESIAN_POINT('',(49.,219.,205.));
#15383 = VECTOR('',#15384,1.);
#15384 = DIRECTION('',(1.,0.,0.));
#15385 = ORIENTED_EDGE('',*,*,#15300,.T.);
#15386 = ORIENTED_EDGE('',*,*,#15387,.T.);
#15387 = EDGE_CURVE('',#15303,#15343,#15388,.T.);
#15388 = LINE('',#15389,#15390);
#15389 = CARTESIAN_POINT('',(49.,219.,217.));
#15390 = VECTOR('',#15391,1.);
#15391 = DIRECTION('',(1.,0.,0.));
#15392 = ORIENTED_EDGE('',*,*,#15340,.F.);
#15393 = PLANE('',#15394);
#15394 = AXIS2_PLACEMENT_3D('',#15395,#15396,#15397);
#15395 = CARTESIAN_POINT('',(49.,219.,205.));
#15396 = DIRECTION('',(0.,1.,0.));
#15397 = DIRECTION('',(0.,0.,1.));
#15398 = ADVANCED_FACE('',(#15399),#15415,.T.);
#15399 = FACE_BOUND('',#15400,.T.);
#15400 = EDGE_LOOP('',(#15401,#15407,#15408,#15414));
#15401 = ORIENTED_EDGE('',*,*,#15402,.F.);
#15402 = EDGE_CURVE('',#15311,#15351,#15403,.T.);
#15403 = LINE('',#15404,#15405);
#15404 = CARTESIAN_POINT('',(49.,220.5,205.));
#15405 = VECTOR('',#15406,1.);
#15406 = DIRECTION('',(1.,0.,0.));
#15407 = ORIENTED_EDGE('',*,*,#15318,.T.);
#15408 = ORIENTED_EDGE('',*,*,#15409,.T.);
#15409 = EDGE_CURVE('',#15319,#15359,#15410,.T.);
#15410 = LINE('',#15411,#15412);
#15411 = CARTESIAN_POINT('',(49.,220.5,217.));
#15412 = VECTOR('',#15413,1.);
#15413 = DIRECTION('',(1.,0.,0.));
#15414 = ORIENTED_EDGE('',*,*,#15358,.F.);
#15415 = PLANE('',#15416);
#15416 = AXIS2_PLACEMENT_3D('',#15417,#15418,#15419);
#15417 = CARTESIAN_POINT('',(49.,220.5,205.));
#15418 = DIRECTION('',(0.,1.,0.));
#15419 = DIRECTION('',(0.,0.,1.));
#15420 = ADVANCED_FACE('',(#15421),#15427,.F.);
#15421 = FACE_BOUND('',#15422,.F.);
#15422 = EDGE_LOOP('',(#15423,#15424,#15425,#15426));
#15423 = ORIENTED_EDGE('',*,*,#15310,.F.);
#15424 = ORIENTED_EDGE('',*,*,#15380,.T.);
#15425 = ORIENTED_EDGE('',*,*,#15350,.T.);
#15426 = ORIENTED_EDGE('',*,*,#15402,.F.);
#15427 = PLANE('',#15428);
#15428 = AXIS2_PLACEMENT_3D('',#15429,#15430,#15431);
#15429 = CARTESIAN_POINT('',(49.,219.,205.));
#15430 = DIRECTION('',(0.,0.,1.));
#15431 = DIRECTION('',(1.,0.,0.));
#15432 = ADVANCED_FACE('',(#15433),#15439,.T.);
#15433 = FACE_BOUND('',#15434,.T.);
#15434 = EDGE_LOOP('',(#15435,#15436,#15437,#15438));
#15435 = ORIENTED_EDGE('',*,*,#15326,.F.);
#15436 = ORIENTED_EDGE('',*,*,#15387,.T.);
#15437 = ORIENTED_EDGE('',*,*,#15366,.T.);
#15438 = ORIENTED_EDGE('',*,*,#15409,.F.);
#15439 = PLANE('',#15440);
#15440 = AXIS2_PLACEMENT_3D('',#15441,#15442,#15443);
#15441 = CARTESIAN_POINT('',(49.,219.,217.));
#15442 = DIRECTION('',(0.,0.,1.));
#15443 = DIRECTION('',(1.,0.,0.));
#15444 = MANIFOLD_SOLID_BREP('',#15445);
#15445 = CLOSED_SHELL('',(#15446,#15486,#15526,#15548,#15570,#15582));
#15446 = ADVANCED_FACE('',(#15447),#15481,.F.);
#15447 = FACE_BOUND('',#15448,.F.);
#15448 = EDGE_LOOP('',(#15449,#15459,#15467,#15475));
#15449 = ORIENTED_EDGE('',*,*,#15450,.F.);
#15450 = EDGE_CURVE('',#15451,#15453,#15455,.T.);
#15451 = VERTEX_POINT('',#15452);
#15452 = CARTESIAN_POINT('',(49.,223.,205.));
#15453 = VERTEX_POINT('',#15454);
#15454 = CARTESIAN_POINT('',(49.,223.,217.));
#15455 = LINE('',#15456,#15457);
#15456 = CARTESIAN_POINT('',(49.,223.,205.));
#15457 = VECTOR('',#15458,1.);
#15458 = DIRECTION('',(0.,0.,1.));
#15459 = ORIENTED_EDGE('',*,*,#15460,.T.);
#15460 = EDGE_CURVE('',#15451,#15461,#15463,.T.);
#15461 = VERTEX_POINT('',#15462);
#15462 = CARTESIAN_POINT('',(49.,224.5,205.));
#15463 = LINE('',#15464,#15465);
#15464 = CARTESIAN_POINT('',(49.,223.,205.));
#15465 = VECTOR('',#15466,1.);
#15466 = DIRECTION('',(0.,1.,0.));
#15467 = ORIENTED_EDGE('',*,*,#15468,.T.);
#15468 = EDGE_CURVE('',#15461,#15469,#15471,.T.);
#15469 = VERTEX_POINT('',#15470);
#15470 = CARTESIAN_POINT('',(49.,224.5,217.));
#15471 = LINE('',#15472,#15473);
#15472 = CARTESIAN_POINT('',(49.,224.5,205.));
#15473 = VECTOR('',#15474,1.);
#15474 = DIRECTION('',(0.,0.,1.));
#15475 = ORIENTED_EDGE('',*,*,#15476,.F.);
#15476 = EDGE_CURVE('',#15453,#15469,#15477,.T.);
#15477 = LINE('',#15478,#15479);
#15478 = CARTESIAN_POINT('',(49.,223.,217.));
#15479 = VECTOR('',#15480,1.);
#15480 = DIRECTION('',(0.,1.,0.));
#15481 = PLANE('',#15482);
#15482 = AXIS2_PLACEMENT_3D('',#15483,#15484,#15485);
#15483 = CARTESIAN_POINT('',(49.,223.,205.));
#15484 = DIRECTION('',(1.,0.,0.));
#15485 = DIRECTION('',(0.,0.,1.));
#15486 = ADVANCED_FACE('',(#15487),#15521,.T.);
#15487 = FACE_BOUND('',#15488,.T.);
#15488 = EDGE_LOOP('',(#15489,#15499,#15507,#15515));
#15489 = ORIENTED_EDGE('',*,*,#15490,.F.);
#15490 = EDGE_CURVE('',#15491,#15493,#15495,.T.);
#15491 = VERTEX_POINT('',#15492);
#15492 = CARTESIAN_POINT('',(65.,223.,205.));
#15493 = VERTEX_POINT('',#15494);
#15494 = CARTESIAN_POINT('',(65.,223.,217.));
#15495 = LINE('',#15496,#15497);
#15496 = CARTESIAN_POINT('',(65.,223.,205.));
#15497 = VECTOR('',#15498,1.);
#15498 = DIRECTION('',(0.,0.,1.));
#15499 = ORIENTED_EDGE('',*,*,#15500,.T.);
#15500 = EDGE_CURVE('',#15491,#15501,#15503,.T.);
#15501 = VERTEX_POINT('',#15502);
#15502 = CARTESIAN_POINT('',(65.,224.5,205.));
#15503 = LINE('',#15504,#15505);
#15504 = CARTESIAN_POINT('',(65.,223.,205.));
#15505 = VECTOR('',#15506,1.);
#15506 = DIRECTION('',(0.,1.,0.));
#15507 = ORIENTED_EDGE('',*,*,#15508,.T.);
#15508 = EDGE_CURVE('',#15501,#15509,#15511,.T.);
#15509 = VERTEX_POINT('',#15510);
#15510 = CARTESIAN_POINT('',(65.,224.5,217.));
#15511 = LINE('',#15512,#15513);
#15512 = CARTESIAN_POINT('',(65.,224.5,205.));
#15513 = VECTOR('',#15514,1.);
#15514 = DIRECTION('',(0.,0.,1.));
#15515 = ORIENTED_EDGE('',*,*,#15516,.F.);
#15516 = EDGE_CURVE('',#15493,#15509,#15517,.T.);
#15517 = LINE('',#15518,#15519);
#15518 = CARTESIAN_POINT('',(65.,223.,217.));
#15519 = VECTOR('',#15520,1.);
#15520 = DIRECTION('',(0.,1.,0.));
#15521 = PLANE('',#15522);
#15522 = AXIS2_PLACEMENT_3D('',#15523,#15524,#15525);
#15523 = CARTESIAN_POINT('',(65.,223.,205.));
#15524 = DIRECTION('',(1.,0.,0.));
#15525 = DIRECTION('',(0.,0.,1.));
#15526 = ADVANCED_FACE('',(#15527),#15543,.F.);
#15527 = FACE_BOUND('',#15528,.F.);
#15528 = EDGE_LOOP('',(#15529,#15535,#15536,#15542));
#15529 = ORIENTED_EDGE('',*,*,#15530,.F.);
#15530 = EDGE_CURVE('',#15451,#15491,#15531,.T.);
#15531 = LINE('',#15532,#15533);
#15532 = CARTESIAN_POINT('',(49.,223.,205.));
#15533 = VECTOR('',#15534,1.);
#15534 = DIRECTION('',(1.,0.,0.));
#15535 = ORIENTED_EDGE('',*,*,#15450,.T.);
#15536 = ORIENTED_EDGE('',*,*,#15537,.T.);
#15537 = EDGE_CURVE('',#15453,#15493,#15538,.T.);
#15538 = LINE('',#15539,#15540);
#15539 = CARTESIAN_POINT('',(49.,223.,217.));
#15540 = VECTOR('',#15541,1.);
#15541 = DIRECTION('',(1.,0.,0.));
#15542 = ORIENTED_EDGE('',*,*,#15490,.F.);
#15543 = PLANE('',#15544);
#15544 = AXIS2_PLACEMENT_3D('',#15545,#15546,#15547);
#15545 = CARTESIAN_POINT('',(49.,223.,205.));
#15546 = DIRECTION('',(0.,1.,0.));
#15547 = DIRECTION('',(0.,0.,1.));
#15548 = ADVANCED_FACE('',(#15549),#15565,.T.);
#15549 = FACE_BOUND('',#15550,.T.);
#15550 = EDGE_LOOP('',(#15551,#15557,#15558,#15564));
#15551 = ORIENTED_EDGE('',*,*,#15552,.F.);
#15552 = EDGE_CURVE('',#15461,#15501,#15553,.T.);
#15553 = LINE('',#15554,#15555);
#15554 = CARTESIAN_POINT('',(49.,224.5,205.));
#15555 = VECTOR('',#15556,1.);
#15556 = DIRECTION('',(1.,0.,0.));
#15557 = ORIENTED_EDGE('',*,*,#15468,.T.);
#15558 = ORIENTED_EDGE('',*,*,#15559,.T.);
#15559 = EDGE_CURVE('',#15469,#15509,#15560,.T.);
#15560 = LINE('',#15561,#15562);
#15561 = CARTESIAN_POINT('',(49.,224.5,217.));
#15562 = VECTOR('',#15563,1.);
#15563 = DIRECTION('',(1.,0.,0.));
#15564 = ORIENTED_EDGE('',*,*,#15508,.F.);
#15565 = PLANE('',#15566);
#15566 = AXIS2_PLACEMENT_3D('',#15567,#15568,#15569);
#15567 = CARTESIAN_POINT('',(49.,224.5,205.));
#15568 = DIRECTION('',(0.,1.,0.));
#15569 = DIRECTION('',(0.,0.,1.));
#15570 = ADVANCED_FACE('',(#15571),#15577,.F.);
#15571 = FACE_BOUND('',#15572,.F.);
#15572 = EDGE_LOOP('',(#15573,#15574,#15575,#15576));
#15573 = ORIENTED_EDGE('',*,*,#15460,.F.);
#15574 = ORIENTED_EDGE('',*,*,#15530,.T.);
#15575 = ORIENTED_EDGE('',*,*,#15500,.T.);
#15576 = ORIENTED_EDGE('',*,*,#15552,.F.);
#15577 = PLANE('',#15578);
#15578 = AXIS2_PLACEMENT_3D('',#15579,#15580,#15581);
#15579 = CARTESIAN_POINT('',(49.,223.,205.));
#15580 = DIRECTION('',(0.,0.,1.));
#15581 = DIRECTION('',(1.,0.,0.));
#15582 = ADVANCED_FACE('',(#15583),#15589,.T.);
#15583 = FACE_BOUND('',#15584,.T.);
#15584 = EDGE_LOOP('',(#15585,#15586,#15587,#15588));
#15585 = ORIENTED_EDGE('',*,*,#15476,.F.);
#15586 = ORIENTED_EDGE('',*,*,#15537,.T.);
#15587 = ORIENTED_EDGE('',*,*,#15516,.T.);
#15588 = ORIENTED_EDGE('',*,*,#15559,.F.);
#15589 = PLANE('',#15590);
#15590 = AXIS2_PLACEMENT_3D('',#15591,#15592,#15593);
#15591 = CARTESIAN_POINT('',(49.,223.,217.));
#15592 = DIRECTION('',(0.,0.,1.));
#15593 = DIRECTION('',(1.,0.,0.));
#15594 = MANIFOLD_SOLID_BREP('',#15595);
#15595 = CLOSED_SHELL('',(#15596,#15636,#15676,#15698,#15720,#15732));
#15596 = ADVANCED_FACE('',(#15597),#15631,.F.);
#15597 = FACE_BOUND('',#15598,.F.);
#15598 = EDGE_LOOP('',(#15599,#15609,#15617,#15625));
#15599 = ORIENTED_EDGE('',*,*,#15600,.F.);
#15600 = EDGE_CURVE('',#15601,#15603,#15605,.T.);
#15601 = VERTEX_POINT('',#15602);
#15602 = CARTESIAN_POINT('',(49.,227.,205.));
#15603 = VERTEX_POINT('',#15604);
#15604 = CARTESIAN_POINT('',(49.,227.,217.));
#15605 = LINE('',#15606,#15607);
#15606 = CARTESIAN_POINT('',(49.,227.,205.));
#15607 = VECTOR('',#15608,1.);
#15608 = DIRECTION('',(0.,0.,1.));
#15609 = ORIENTED_EDGE('',*,*,#15610,.T.);
#15610 = EDGE_CURVE('',#15601,#15611,#15613,.T.);
#15611 = VERTEX_POINT('',#15612);
#15612 = CARTESIAN_POINT('',(49.,228.5,205.));
#15613 = LINE('',#15614,#15615);
#15614 = CARTESIAN_POINT('',(49.,227.,205.));
#15615 = VECTOR('',#15616,1.);
#15616 = DIRECTION('',(0.,1.,0.));
#15617 = ORIENTED_EDGE('',*,*,#15618,.T.);
#15618 = EDGE_CURVE('',#15611,#15619,#15621,.T.);
#15619 = VERTEX_POINT('',#15620);
#15620 = CARTESIAN_POINT('',(49.,228.5,217.));
#15621 = LINE('',#15622,#15623);
#15622 = CARTESIAN_POINT('',(49.,228.5,205.));
#15623 = VECTOR('',#15624,1.);
#15624 = DIRECTION('',(0.,0.,1.));
#15625 = ORIENTED_EDGE('',*,*,#15626,.F.);
#15626 = EDGE_CURVE('',#15603,#15619,#15627,.T.);
#15627 = LINE('',#15628,#15629);
#15628 = CARTESIAN_POINT('',(49.,227.,217.));
#15629 = VECTOR('',#15630,1.);
#15630 = DIRECTION('',(0.,1.,0.));
#15631 = PLANE('',#15632);
#15632 = AXIS2_PLACEMENT_3D('',#15633,#15634,#15635);
#15633 = CARTESIAN_POINT('',(49.,227.,205.));
#15634 = DIRECTION('',(1.,0.,0.));
#15635 = DIRECTION('',(0.,0.,1.));
#15636 = ADVANCED_FACE('',(#15637),#15671,.T.);
#15637 = FACE_BOUND('',#15638,.T.);
#15638 = EDGE_LOOP('',(#15639,#15649,#15657,#15665));
#15639 = ORIENTED_EDGE('',*,*,#15640,.F.);
#15640 = EDGE_CURVE('',#15641,#15643,#15645,.T.);
#15641 = VERTEX_POINT('',#15642);
#15642 = CARTESIAN_POINT('',(65.,227.,205.));
#15643 = VERTEX_POINT('',#15644);
#15644 = CARTESIAN_POINT('',(65.,227.,217.));
#15645 = LINE('',#15646,#15647);
#15646 = CARTESIAN_POINT('',(65.,227.,205.));
#15647 = VECTOR('',#15648,1.);
#15648 = DIRECTION('',(0.,0.,1.));
#15649 = ORIENTED_EDGE('',*,*,#15650,.T.);
#15650 = EDGE_CURVE('',#15641,#15651,#15653,.T.);
#15651 = VERTEX_POINT('',#15652);
#15652 = CARTESIAN_POINT('',(65.,228.5,205.));
#15653 = LINE('',#15654,#15655);
#15654 = CARTESIAN_POINT('',(65.,227.,205.));
#15655 = VECTOR('',#15656,1.);
#15656 = DIRECTION('',(0.,1.,0.));
#15657 = ORIENTED_EDGE('',*,*,#15658,.T.);
#15658 = EDGE_CURVE('',#15651,#15659,#15661,.T.);
#15659 = VERTEX_POINT('',#15660);
#15660 = CARTESIAN_POINT('',(65.,228.5,217.));
#15661 = LINE('',#15662,#15663);
#15662 = CARTESIAN_POINT('',(65.,228.5,205.));
#15663 = VECTOR('',#15664,1.);
#15664 = DIRECTION('',(0.,0.,1.));
#15665 = ORIENTED_EDGE('',*,*,#15666,.F.);
#15666 = EDGE_CURVE('',#15643,#15659,#15667,.T.);
#15667 = LINE('',#15668,#15669);
#15668 = CARTESIAN_POINT('',(65.,227.,217.));
#15669 = VECTOR('',#15670,1.);
#15670 = DIRECTION('',(0.,1.,0.));
#15671 = PLANE('',#15672);
#15672 = AXIS2_PLACEMENT_3D('',#15673,#15674,#15675);
#15673 = CARTESIAN_POINT('',(65.,227.,205.));
#15674 = DIRECTION('',(1.,0.,0.));
#15675 = DIRECTION('',(0.,0.,1.));
#15676 = ADVANCED_FACE('',(#15677),#15693,.F.);
#15677 = FACE_BOUND('',#15678,.F.);
#15678 = EDGE_LOOP('',(#15679,#15685,#15686,#15692));
#15679 = ORIENTED_EDGE('',*,*,#15680,.F.);
#15680 = EDGE_CURVE('',#15601,#15641,#15681,.T.);
#15681 = LINE('',#15682,#15683);
#15682 = CARTESIAN_POINT('',(49.,227.,205.));
#15683 = VECTOR('',#15684,1.);
#15684 = DIRECTION('',(1.,0.,0.));
#15685 = ORIENTED_EDGE('',*,*,#15600,.T.);
#15686 = ORIENTED_EDGE('',*,*,#15687,.T.);
#15687 = EDGE_CURVE('',#15603,#15643,#15688,.T.);
#15688 = LINE('',#15689,#15690);
#15689 = CARTESIAN_POINT('',(49.,227.,217.));
#15690 = VECTOR('',#15691,1.);
#15691 = DIRECTION('',(1.,0.,0.));
#15692 = ORIENTED_EDGE('',*,*,#15640,.F.);
#15693 = PLANE('',#15694);
#15694 = AXIS2_PLACEMENT_3D('',#15695,#15696,#15697);
#15695 = CARTESIAN_POINT('',(49.,227.,205.));
#15696 = DIRECTION('',(0.,1.,0.));
#15697 = DIRECTION('',(0.,0.,1.));
#15698 = ADVANCED_FACE('',(#15699),#15715,.T.);
#15699 = FACE_BOUND('',#15700,.T.);
#15700 = EDGE_LOOP('',(#15701,#15707,#15708,#15714));
#15701 = ORIENTED_EDGE('',*,*,#15702,.F.);
#15702 = EDGE_CURVE('',#15611,#15651,#15703,.T.);
#15703 = LINE('',#15704,#15705);
#15704 = CARTESIAN_POINT('',(49.,228.5,205.));
#15705 = VECTOR('',#15706,1.);
#15706 = DIRECTION('',(1.,0.,0.));
#15707 = ORIENTED_EDGE('',*,*,#15618,.T.);
#15708 = ORIENTED_EDGE('',*,*,#15709,.T.);
#15709 = EDGE_CURVE('',#15619,#15659,#15710,.T.);
#15710 = LINE('',#15711,#15712);
#15711 = CARTESIAN_POINT('',(49.,228.5,217.));
#15712 = VECTOR('',#15713,1.);
#15713 = DIRECTION('',(1.,0.,0.));
#15714 = ORIENTED_EDGE('',*,*,#15658,.F.);
#15715 = PLANE('',#15716);
#15716 = AXIS2_PLACEMENT_3D('',#15717,#15718,#15719);
#15717 = CARTESIAN_POINT('',(49.,228.5,205.));
#15718 = DIRECTION('',(0.,1.,0.));
#15719 = DIRECTION('',(0.,0.,1.));
#15720 = ADVANCED_FACE('',(#15721),#15727,.F.);
#15721 = FACE_BOUND('',#15722,.F.);
#15722 = EDGE_LOOP('',(#15723,#15724,#15725,#15726));
#15723 = ORIENTED_EDGE('',*,*,#15610,.F.);
#15724 = ORIENTED_EDGE('',*,*,#15680,.T.);
#15725 = ORIENTED_EDGE('',*,*,#15650,.T.);
#15726 = ORIENTED_EDGE('',*,*,#15702,.F.);
#15727 = PLANE('',#15728);
#15728 = AXIS2_PLACEMENT_3D('',#15729,#15730,#15731);
#15729 = CARTESIAN_POINT('',(49.,227.,205.));
#15730 = DIRECTION('',(0.,0.,1.));
#15731 = DIRECTION('',(1.,0.,0.));
#15732 = ADVANCED_FACE('',(#15733),#15739,.T.);
#15733 = FACE_BOUND('',#15734,.T.);
#15734 = EDGE_LOOP('',(#15735,#15736,#15737,#15738));
#15735 = ORIENTED_EDGE('',*,*,#15626,.F.);
#15736 = ORIENTED_EDGE('',*,*,#15687,.T.);
#15737 = ORIENTED_EDGE('',*,*,#15666,.T.);
#15738 = ORIENTED_EDGE('',*,*,#15709,.F.);
#15739 = PLANE('',#15740);
#15740 = AXIS2_PLACEMENT_3D('',#15741,#15742,#15743);
#15741 = CARTESIAN_POINT('',(49.,227.,217.));
#15742 = DIRECTION('',(0.,0.,1.));
#15743 = DIRECTION('',(1.,0.,0.));
#15744 = MANIFOLD_SOLID_BREP('',#15745);
#15745 = CLOSED_SHELL('',(#15746,#15786,#15826,#15848,#15870,#15882));
#15746 = ADVANCED_FACE('',(#15747),#15781,.F.);
#15747 = FACE_BOUND('',#15748,.F.);
#15748 = EDGE_LOOP('',(#15749,#15759,#15767,#15775));
#15749 = ORIENTED_EDGE('',*,*,#15750,.F.);
#15750 = EDGE_CURVE('',#15751,#15753,#15755,.T.);
#15751 = VERTEX_POINT('',#15752);
#15752 = CARTESIAN_POINT('',(49.,231.,205.));
#15753 = VERTEX_POINT('',#15754);
#15754 = CARTESIAN_POINT('',(49.,231.,217.));
#15755 = LINE('',#15756,#15757);
#15756 = CARTESIAN_POINT('',(49.,231.,205.));
#15757 = VECTOR('',#15758,1.);
#15758 = DIRECTION('',(0.,0.,1.));
#15759 = ORIENTED_EDGE('',*,*,#15760,.T.);
#15760 = EDGE_CURVE('',#15751,#15761,#15763,.T.);
#15761 = VERTEX_POINT('',#15762);
#15762 = CARTESIAN_POINT('',(49.,232.5,205.));
#15763 = LINE('',#15764,#15765);
#15764 = CARTESIAN_POINT('',(49.,231.,205.));
#15765 = VECTOR('',#15766,1.);
#15766 = DIRECTION('',(0.,1.,0.));
#15767 = ORIENTED_EDGE('',*,*,#15768,.T.);
#15768 = EDGE_CURVE('',#15761,#15769,#15771,.T.);
#15769 = VERTEX_POINT('',#15770);
#15770 = CARTESIAN_POINT('',(49.,232.5,217.));
#15771 = LINE('',#15772,#15773);
#15772 = CARTESIAN_POINT('',(49.,232.5,205.));
#15773 = VECTOR('',#15774,1.);
#15774 = DIRECTION('',(0.,0.,1.));
#15775 = ORIENTED_EDGE('',*,*,#15776,.F.);
#15776 = EDGE_CURVE('',#15753,#15769,#15777,.T.);
#15777 = LINE('',#15778,#15779);
#15778 = CARTESIAN_POINT('',(49.,231.,217.));
#15779 = VECTOR('',#15780,1.);
#15780 = DIRECTION('',(0.,1.,0.));
#15781 = PLANE('',#15782);
#15782 = AXIS2_PLACEMENT_3D('',#15783,#15784,#15785);
#15783 = CARTESIAN_POINT('',(49.,231.,205.));
#15784 = DIRECTION('',(1.,0.,0.));
#15785 = DIRECTION('',(0.,0.,1.));
#15786 = ADVANCED_FACE('',(#15787),#15821,.T.);
#15787 = FACE_BOUND('',#15788,.T.);
#15788 = EDGE_LOOP('',(#15789,#15799,#15807,#15815));
#15789 = ORIENTED_EDGE('',*,*,#15790,.F.);
#15790 = EDGE_CURVE('',#15791,#15793,#15795,.T.);
#15791 = VERTEX_POINT('',#15792);
#15792 = CARTESIAN_POINT('',(65.,231.,205.));
#15793 = VERTEX_POINT('',#15794);
#15794 = CARTESIAN_POINT('',(65.,231.,217.));
#15795 = LINE('',#15796,#15797);
#15796 = CARTESIAN_POINT('',(65.,231.,205.));
#15797 = VECTOR('',#15798,1.);
#15798 = DIRECTION('',(0.,0.,1.));
#15799 = ORIENTED_EDGE('',*,*,#15800,.T.);
#15800 = EDGE_CURVE('',#15791,#15801,#15803,.T.);
#15801 = VERTEX_POINT('',#15802);
#15802 = CARTESIAN_POINT('',(65.,232.5,205.));
#15803 = LINE('',#15804,#15805);
#15804 = CARTESIAN_POINT('',(65.,231.,205.));
#15805 = VECTOR('',#15806,1.);
#15806 = DIRECTION('',(0.,1.,0.));
#15807 = ORIENTED_EDGE('',*,*,#15808,.T.);
#15808 = EDGE_CURVE('',#15801,#15809,#15811,.T.);
#15809 = VERTEX_POINT('',#15810);
#15810 = CARTESIAN_POINT('',(65.,232.5,217.));
#15811 = LINE('',#15812,#15813);
#15812 = CARTESIAN_POINT('',(65.,232.5,205.));
#15813 = VECTOR('',#15814,1.);
#15814 = DIRECTION('',(0.,0.,1.));
#15815 = ORIENTED_EDGE('',*,*,#15816,.F.);
#15816 = EDGE_CURVE('',#15793,#15809,#15817,.T.);
#15817 = LINE('',#15818,#15819);
#15818 = CARTESIAN_POINT('',(65.,231.,217.));
#15819 = VECTOR('',#15820,1.);
#15820 = DIRECTION('',(0.,1.,0.));
#15821 = PLANE('',#15822);
#15822 = AXIS2_PLACEMENT_3D('',#15823,#15824,#15825);
#15823 = CARTESIAN_POINT('',(65.,231.,205.));
#15824 = DIRECTION('',(1.,0.,0.));
#15825 = DIRECTION('',(0.,0.,1.));
#15826 = ADVANCED_FACE('',(#15827),#15843,.F.);
#15827 = FACE_BOUND('',#15828,.F.);
#15828 = EDGE_LOOP('',(#15829,#15835,#15836,#15842));
#15829 = ORIENTED_EDGE('',*,*,#15830,.F.);
#15830 = EDGE_CURVE('',#15751,#15791,#15831,.T.);
#15831 = LINE('',#15832,#15833);
#15832 = CARTESIAN_POINT('',(49.,231.,205.));
#15833 = VECTOR('',#15834,1.);
#15834 = DIRECTION('',(1.,0.,0.));
#15835 = ORIENTED_EDGE('',*,*,#15750,.T.);
#15836 = ORIENTED_EDGE('',*,*,#15837,.T.);
#15837 = EDGE_CURVE('',#15753,#15793,#15838,.T.);
#15838 = LINE('',#15839,#15840);
#15839 = CARTESIAN_POINT('',(49.,231.,217.));
#15840 = VECTOR('',#15841,1.);
#15841 = DIRECTION('',(1.,0.,0.));
#15842 = ORIENTED_EDGE('',*,*,#15790,.F.);
#15843 = PLANE('',#15844);
#15844 = AXIS2_PLACEMENT_3D('',#15845,#15846,#15847);
#15845 = CARTESIAN_POINT('',(49.,231.,205.));
#15846 = DIRECTION('',(0.,1.,0.));
#15847 = DIRECTION('',(0.,0.,1.));
#15848 = ADVANCED_FACE('',(#15849),#15865,.T.);
#15849 = FACE_BOUND('',#15850,.T.);
#15850 = EDGE_LOOP('',(#15851,#15857,#15858,#15864));
#15851 = ORIENTED_EDGE('',*,*,#15852,.F.);
#15852 = EDGE_CURVE('',#15761,#15801,#15853,.T.);
#15853 = LINE('',#15854,#15855);
#15854 = CARTESIAN_POINT('',(49.,232.5,205.));
#15855 = VECTOR('',#15856,1.);
#15856 = DIRECTION('',(1.,0.,0.));
#15857 = ORIENTED_EDGE('',*,*,#15768,.T.);
#15858 = ORIENTED_EDGE('',*,*,#15859,.T.);
#15859 = EDGE_CURVE('',#15769,#15809,#15860,.T.);
#15860 = LINE('',#15861,#15862);
#15861 = CARTESIAN_POINT('',(49.,232.5,217.));
#15862 = VECTOR('',#15863,1.);
#15863 = DIRECTION('',(1.,0.,0.));
#15864 = ORIENTED_EDGE('',*,*,#15808,.F.);
#15865 = PLANE('',#15866);
#15866 = AXIS2_PLACEMENT_3D('',#15867,#15868,#15869);
#15867 = CARTESIAN_POINT('',(49.,232.5,205.));
#15868 = DIRECTION('',(0.,1.,0.));
#15869 = DIRECTION('',(0.,0.,1.));
#15870 = ADVANCED_FACE('',(#15871),#15877,.F.);
#15871 = FACE_BOUND('',#15872,.F.);
#15872 = EDGE_LOOP('',(#15873,#15874,#15875,#15876));
#15873 = ORIENTED_EDGE('',*,*,#15760,.F.);
#15874 = ORIENTED_EDGE('',*,*,#15830,.T.);
#15875 = ORIENTED_EDGE('',*,*,#15800,.T.);
#15876 = ORIENTED_EDGE('',*,*,#15852,.F.);
#15877 = PLANE('',#15878);
#15878 = AXIS2_PLACEMENT_3D('',#15879,#15880,#15881);
#15879 = CARTESIAN_POINT('',(49.,231.,205.));
#15880 = DIRECTION('',(0.,0.,1.));
#15881 = DIRECTION('',(1.,0.,0.));
#15882 = ADVANCED_FACE('',(#15883),#15889,.T.);
#15883 = FACE_BOUND('',#15884,.T.);
#15884 = EDGE_LOOP('',(#15885,#15886,#15887,#15888));
#15885 = ORIENTED_EDGE('',*,*,#15776,.F.);
#15886 = ORIENTED_EDGE('',*,*,#15837,.T.);
#15887 = ORIENTED_EDGE('',*,*,#15816,.T.);
#15888 = ORIENTED_EDGE('',*,*,#15859,.F.);
#15889 = PLANE('',#15890);
#15890 = AXIS2_PLACEMENT_3D('',#15891,#15892,#15893);
#15891 = CARTESIAN_POINT('',(49.,231.,217.));
#15892 = DIRECTION('',(0.,0.,1.));
#15893 = DIRECTION('',(1.,0.,0.));
#15894 = MANIFOLD_SOLID_BREP('',#15895);
#15895 = CLOSED_SHELL('',(#15896,#15936,#15976,#15998,#16020,#16032));
#15896 = ADVANCED_FACE('',(#15897),#15931,.F.);
#15897 = FACE_BOUND('',#15898,.F.);
#15898 = EDGE_LOOP('',(#15899,#15909,#15917,#15925));
#15899 = ORIENTED_EDGE('',*,*,#15900,.F.);
#15900 = EDGE_CURVE('',#15901,#15903,#15905,.T.);
#15901 = VERTEX_POINT('',#15902);
#15902 = CARTESIAN_POINT('',(49.,235.,205.));
#15903 = VERTEX_POINT('',#15904);
#15904 = CARTESIAN_POINT('',(49.,235.,217.));
#15905 = LINE('',#15906,#15907);
#15906 = CARTESIAN_POINT('',(49.,235.,205.));
#15907 = VECTOR('',#15908,1.);
#15908 = DIRECTION('',(0.,0.,1.));
#15909 = ORIENTED_EDGE('',*,*,#15910,.T.);
#15910 = EDGE_CURVE('',#15901,#15911,#15913,.T.);
#15911 = VERTEX_POINT('',#15912);
#15912 = CARTESIAN_POINT('',(49.,236.5,205.));
#15913 = LINE('',#15914,#15915);
#15914 = CARTESIAN_POINT('',(49.,235.,205.));
#15915 = VECTOR('',#15916,1.);
#15916 = DIRECTION('',(0.,1.,0.));
#15917 = ORIENTED_EDGE('',*,*,#15918,.T.);
#15918 = EDGE_CURVE('',#15911,#15919,#15921,.T.);
#15919 = VERTEX_POINT('',#15920);
#15920 = CARTESIAN_POINT('',(49.,236.5,217.));
#15921 = LINE('',#15922,#15923);
#15922 = CARTESIAN_POINT('',(49.,236.5,205.));
#15923 = VECTOR('',#15924,1.);
#15924 = DIRECTION('',(0.,0.,1.));
#15925 = ORIENTED_EDGE('',*,*,#15926,.F.);
#15926 = EDGE_CURVE('',#15903,#15919,#15927,.T.);
#15927 = LINE('',#15928,#15929);
#15928 = CARTESIAN_POINT('',(49.,235.,217.));
#15929 = VECTOR('',#15930,1.);
#15930 = DIRECTION('',(0.,1.,0.));
#15931 = PLANE('',#15932);
#15932 = AXIS2_PLACEMENT_3D('',#15933,#15934,#15935);
#15933 = CARTESIAN_POINT('',(49.,235.,205.));
#15934 = DIRECTION('',(1.,0.,0.));
#15935 = DIRECTION('',(0.,0.,1.));
#15936 = ADVANCED_FACE('',(#15937),#15971,.T.);
#15937 = FACE_BOUND('',#15938,.T.);
#15938 = EDGE_LOOP('',(#15939,#15949,#15957,#15965));
#15939 = ORIENTED_EDGE('',*,*,#15940,.F.);
#15940 = EDGE_CURVE('',#15941,#15943,#15945,.T.);
#15941 = VERTEX_POINT('',#15942);
#15942 = CARTESIAN_POINT('',(65.,235.,205.));
#15943 = VERTEX_POINT('',#15944);
#15944 = CARTESIAN_POINT('',(65.,235.,217.));
#15945 = LINE('',#15946,#15947);
#15946 = CARTESIAN_POINT('',(65.,235.,205.));
#15947 = VECTOR('',#15948,1.);
#15948 = DIRECTION('',(0.,0.,1.));
#15949 = ORIENTED_EDGE('',*,*,#15950,.T.);
#15950 = EDGE_CURVE('',#15941,#15951,#15953,.T.);
#15951 = VERTEX_POINT('',#15952);
#15952 = CARTESIAN_POINT('',(65.,236.5,205.));
#15953 = LINE('',#15954,#15955);
#15954 = CARTESIAN_POINT('',(65.,235.,205.));
#15955 = VECTOR('',#15956,1.);
#15956 = DIRECTION('',(0.,1.,0.));
#15957 = ORIENTED_EDGE('',*,*,#15958,.T.);
#15958 = EDGE_CURVE('',#15951,#15959,#15961,.T.);
#15959 = VERTEX_POINT('',#15960);
#15960 = CARTESIAN_POINT('',(65.,236.5,217.));
#15961 = LINE('',#15962,#15963);
#15962 = CARTESIAN_POINT('',(65.,236.5,205.));
#15963 = VECTOR('',#15964,1.);
#15964 = DIRECTION('',(0.,0.,1.));
#15965 = ORIENTED_EDGE('',*,*,#15966,.F.);
#15966 = EDGE_CURVE('',#15943,#15959,#15967,.T.);
#15967 = LINE('',#15968,#15969);
#15968 = CARTESIAN_POINT('',(65.,235.,217.));
#15969 = VECTOR('',#15970,1.);
#15970 = DIRECTION('',(0.,1.,0.));
#15971 = PLANE('',#15972);
#15972 = AXIS2_PLACEMENT_3D('',#15973,#15974,#15975);
#15973 = CARTESIAN_POINT('',(65.,235.,205.));
#15974 = DIRECTION('',(1.,0.,0.));
#15975 = DIRECTION('',(0.,0.,1.));
#15976 = ADVANCED_FACE('',(#15977),#15993,.F.);
#15977 = FACE_BOUND('',#15978,.F.);
#15978 = EDGE_LOOP('',(#15979,#15985,#15986,#15992));
#15979 = ORIENTED_EDGE('',*,*,#15980,.F.);
#15980 = EDGE_CURVE('',#15901,#15941,#15981,.T.);
#15981 = LINE('',#15982,#15983);
#15982 = CARTESIAN_POINT('',(49.,235.,205.));
#15983 = VECTOR('',#15984,1.);
#15984 = DIRECTION('',(1.,0.,0.));
#15985 = ORIENTED_EDGE('',*,*,#15900,.T.);
#15986 = ORIENTED_EDGE('',*,*,#15987,.T.);
#15987 = EDGE_CURVE('',#15903,#15943,#15988,.T.);
#15988 = LINE('',#15989,#15990);
#15989 = CARTESIAN_POINT('',(49.,235.,217.));
#15990 = VECTOR('',#15991,1.);
#15991 = DIRECTION('',(1.,0.,0.));
#15992 = ORIENTED_EDGE('',*,*,#15940,.F.);
#15993 = PLANE('',#15994);
#15994 = AXIS2_PLACEMENT_3D('',#15995,#15996,#15997);
#15995 = CARTESIAN_POINT('',(49.,235.,205.));
#15996 = DIRECTION('',(0.,1.,0.));
#15997 = DIRECTION('',(0.,0.,1.));
#15998 = ADVANCED_FACE('',(#15999),#16015,.T.);
#15999 = FACE_BOUND('',#16000,.T.);
#16000 = EDGE_LOOP('',(#16001,#16007,#16008,#16014));
#16001 = ORIENTED_EDGE('',*,*,#16002,.F.);
#16002 = EDGE_CURVE('',#15911,#15951,#16003,.T.);
#16003 = LINE('',#16004,#16005);
#16004 = CARTESIAN_POINT('',(49.,236.5,205.));
#16005 = VECTOR('',#16006,1.);
#16006 = DIRECTION('',(1.,0.,0.));
#16007 = ORIENTED_EDGE('',*,*,#15918,.T.);
#16008 = ORIENTED_EDGE('',*,*,#16009,.T.);
#16009 = EDGE_CURVE('',#15919,#15959,#16010,.T.);
#16010 = LINE('',#16011,#16012);
#16011 = CARTESIAN_POINT('',(49.,236.5,217.));
#16012 = VECTOR('',#16013,1.);
#16013 = DIRECTION('',(1.,0.,0.));
#16014 = ORIENTED_EDGE('',*,*,#15958,.F.);
#16015 = PLANE('',#16016);
#16016 = AXIS2_PLACEMENT_3D('',#16017,#16018,#16019);
#16017 = CARTESIAN_POINT('',(49.,236.5,205.));
#16018 = DIRECTION('',(0.,1.,0.));
#16019 = DIRECTION('',(0.,0.,1.));
#16020 = ADVANCED_FACE('',(#16021),#16027,.F.);
#16021 = FACE_BOUND('',#16022,.F.);
#16022 = EDGE_LOOP('',(#16023,#16024,#16025,#16026));
#16023 = ORIENTED_EDGE('',*,*,#15910,.F.);
#16024 = ORIENTED_EDGE('',*,*,#15980,.T.);
#16025 = ORIENTED_EDGE('',*,*,#15950,.T.);
#16026 = ORIENTED_EDGE('',*,*,#16002,.F.);
#16027 = PLANE('',#16028);
#16028 = AXIS2_PLACEMENT_3D('',#16029,#16030,#16031);
#16029 = CARTESIAN_POINT('',(49.,235.,205.));
#16030 = DIRECTION('',(0.,0.,1.));
#16031 = DIRECTION('',(1.,0.,0.));
#16032 = ADVANCED_FACE('',(#16033),#16039,.T.);
#16033 = FACE_BOUND('',#16034,.T.);
#16034 = EDGE_LOOP('',(#16035,#16036,#16037,#16038));
#16035 = ORIENTED_EDGE('',*,*,#15926,.F.);
#16036 = ORIENTED_EDGE('',*,*,#15987,.T.);
#16037 = ORIENTED_EDGE('',*,*,#15966,.T.);
#16038 = ORIENTED_EDGE('',*,*,#16009,.F.);
#16039 = PLANE('',#16040);
#16040 = AXIS2_PLACEMENT_3D('',#16041,#16042,#16043);
#16041 = CARTESIAN_POINT('',(49.,235.,217.));
#16042 = DIRECTION('',(0.,0.,1.));
#16043 = DIRECTION('',(1.,0.,0.));
#16044 = MANIFOLD_SOLID_BREP('',#16045);
#16045 = CLOSED_SHELL('',(#16046,#16086,#16126,#16148,#16170,#16182));
#16046 = ADVANCED_FACE('',(#16047),#16081,.F.);
#16047 = FACE_BOUND('',#16048,.F.);
#16048 = EDGE_LOOP('',(#16049,#16059,#16067,#16075));
#16049 = ORIENTED_EDGE('',*,*,#16050,.F.);
#16050 = EDGE_CURVE('',#16051,#16053,#16055,.T.);
#16051 = VERTEX_POINT('',#16052);
#16052 = CARTESIAN_POINT('',(75.,217.,202.));
#16053 = VERTEX_POINT('',#16054);
#16054 = CARTESIAN_POINT('',(75.,217.,205.));
#16055 = LINE('',#16056,#16057);
#16056 = CARTESIAN_POINT('',(75.,217.,202.));
#16057 = VECTOR('',#16058,1.);
#16058 = DIRECTION('',(0.,0.,1.));
#16059 = ORIENTED_EDGE('',*,*,#16060,.T.);
#16060 = EDGE_CURVE('',#16051,#16061,#16063,.T.);
#16061 = VERTEX_POINT('',#16062);
#16062 = CARTESIAN_POINT('',(75.,239.,202.));
#16063 = LINE('',#16064,#16065);
#16064 = CARTESIAN_POINT('',(75.,217.,202.));
#16065 = VECTOR('',#16066,1.);
#16066 = DIRECTION('',(0.,1.,0.));
#16067 = ORIENTED_EDGE('',*,*,#16068,.T.);
#16068 = EDGE_CURVE('',#16061,#16069,#16071,.T.);
#16069 = VERTEX_POINT('',#16070);
#16070 = CARTESIAN_POINT('',(75.,239.,205.));
#16071 = LINE('',#16072,#16073);
#16072 = CARTESIAN_POINT('',(75.,239.,202.));
#16073 = VECTOR('',#16074,1.);
#16074 = DIRECTION('',(0.,0.,1.));
#16075 = ORIENTED_EDGE('',*,*,#16076,.F.);
#16076 = EDGE_CURVE('',#16053,#16069,#16077,.T.);
#16077 = LINE('',#16078,#16079);
#16078 = CARTESIAN_POINT('',(75.,217.,205.));
#16079 = VECTOR('',#16080,1.);
#16080 = DIRECTION('',(0.,1.,0.));
#16081 = PLANE('',#16082);
#16082 = AXIS2_PLACEMENT_3D('',#16083,#16084,#16085);
#16083 = CARTESIAN_POINT('',(75.,217.,202.));
#16084 = DIRECTION('',(1.,0.,0.));
#16085 = DIRECTION('',(0.,0.,1.));
#16086 = ADVANCED_FACE('',(#16087),#16121,.T.);
#16087 = FACE_BOUND('',#16088,.T.);
#16088 = EDGE_LOOP('',(#16089,#16099,#16107,#16115));
#16089 = ORIENTED_EDGE('',*,*,#16090,.F.);
#16090 = EDGE_CURVE('',#16091,#16093,#16095,.T.);
#16091 = VERTEX_POINT('',#16092);
#16092 = CARTESIAN_POINT('',(91.,217.,202.));
#16093 = VERTEX_POINT('',#16094);
#16094 = CARTESIAN_POINT('',(91.,217.,205.));
#16095 = LINE('',#16096,#16097);
#16096 = CARTESIAN_POINT('',(91.,217.,202.));
#16097 = VECTOR('',#16098,1.);
#16098 = DIRECTION('',(0.,0.,1.));
#16099 = ORIENTED_EDGE('',*,*,#16100,.T.);
#16100 = EDGE_CURVE('',#16091,#16101,#16103,.T.);
#16101 = VERTEX_POINT('',#16102);
#16102 = CARTESIAN_POINT('',(91.,239.,202.));
#16103 = LINE('',#16104,#16105);
#16104 = CARTESIAN_POINT('',(91.,217.,202.));
#16105 = VECTOR('',#16106,1.);
#16106 = DIRECTION('',(0.,1.,0.));
#16107 = ORIENTED_EDGE('',*,*,#16108,.T.);
#16108 = EDGE_CURVE('',#16101,#16109,#16111,.T.);
#16109 = VERTEX_POINT('',#16110);
#16110 = CARTESIAN_POINT('',(91.,239.,205.));
#16111 = LINE('',#16112,#16113);
#16112 = CARTESIAN_POINT('',(91.,239.,202.));
#16113 = VECTOR('',#16114,1.);
#16114 = DIRECTION('',(0.,0.,1.));
#16115 = ORIENTED_EDGE('',*,*,#16116,.F.);
#16116 = EDGE_CURVE('',#16093,#16109,#16117,.T.);
#16117 = LINE('',#16118,#16119);
#16118 = CARTESIAN_POINT('',(91.,217.,205.));
#16119 = VECTOR('',#16120,1.);
#16120 = DIRECTION('',(0.,1.,0.));
#16121 = PLANE('',#16122);
#16122 = AXIS2_PLACEMENT_3D('',#16123,#16124,#16125);
#16123 = CARTESIAN_POINT('',(91.,217.,202.));
#16124 = DIRECTION('',(1.,0.,0.));
#16125 = DIRECTION('',(0.,0.,1.));
#16126 = ADVANCED_FACE('',(#16127),#16143,.F.);
#16127 = FACE_BOUND('',#16128,.F.);
#16128 = EDGE_LOOP('',(#16129,#16135,#16136,#16142));
#16129 = ORIENTED_EDGE('',*,*,#16130,.F.);
#16130 = EDGE_CURVE('',#16051,#16091,#16131,.T.);
#16131 = LINE('',#16132,#16133);
#16132 = CARTESIAN_POINT('',(75.,217.,202.));
#16133 = VECTOR('',#16134,1.);
#16134 = DIRECTION('',(1.,0.,0.));
#16135 = ORIENTED_EDGE('',*,*,#16050,.T.);
#16136 = ORIENTED_EDGE('',*,*,#16137,.T.);
#16137 = EDGE_CURVE('',#16053,#16093,#16138,.T.);
#16138 = LINE('',#16139,#16140);
#16139 = CARTESIAN_POINT('',(75.,217.,205.));
#16140 = VECTOR('',#16141,1.);
#16141 = DIRECTION('',(1.,0.,0.));
#16142 = ORIENTED_EDGE('',*,*,#16090,.F.);
#16143 = PLANE('',#16144);
#16144 = AXIS2_PLACEMENT_3D('',#16145,#16146,#16147);
#16145 = CARTESIAN_POINT('',(75.,217.,202.));
#16146 = DIRECTION('',(0.,1.,0.));
#16147 = DIRECTION('',(0.,0.,1.));
#16148 = ADVANCED_FACE('',(#16149),#16165,.T.);
#16149 = FACE_BOUND('',#16150,.T.);
#16150 = EDGE_LOOP('',(#16151,#16157,#16158,#16164));
#16151 = ORIENTED_EDGE('',*,*,#16152,.F.);
#16152 = EDGE_CURVE('',#16061,#16101,#16153,.T.);
#16153 = LINE('',#16154,#16155);
#16154 = CARTESIAN_POINT('',(75.,239.,202.));
#16155 = VECTOR('',#16156,1.);
#16156 = DIRECTION('',(1.,0.,0.));
#16157 = ORIENTED_EDGE('',*,*,#16068,.T.);
#16158 = ORIENTED_EDGE('',*,*,#16159,.T.);
#16159 = EDGE_CURVE('',#16069,#16109,#16160,.T.);
#16160 = LINE('',#16161,#16162);
#16161 = CARTESIAN_POINT('',(75.,239.,205.));
#16162 = VECTOR('',#16163,1.);
#16163 = DIRECTION('',(1.,0.,0.));
#16164 = ORIENTED_EDGE('',*,*,#16108,.F.);
#16165 = PLANE('',#16166);
#16166 = AXIS2_PLACEMENT_3D('',#16167,#16168,#16169);
#16167 = CARTESIAN_POINT('',(75.,239.,202.));
#16168 = DIRECTION('',(0.,1.,0.));
#16169 = DIRECTION('',(0.,0.,1.));
#16170 = ADVANCED_FACE('',(#16171),#16177,.F.);
#16171 = FACE_BOUND('',#16172,.F.);
#16172 = EDGE_LOOP('',(#16173,#16174,#16175,#16176));
#16173 = ORIENTED_EDGE('',*,*,#16060,.F.);
#16174 = ORIENTED_EDGE('',*,*,#16130,.T.);
#16175 = ORIENTED_EDGE('',*,*,#16100,.T.);
#16176 = ORIENTED_EDGE('',*,*,#16152,.F.);
#16177 = PLANE('',#16178);
#16178 = AXIS2_PLACEMENT_3D('',#16179,#16180,#16181);
#16179 = CARTESIAN_POINT('',(75.,217.,202.));
#16180 = DIRECTION('',(0.,0.,1.));
#16181 = DIRECTION('',(1.,0.,0.));
#16182 = ADVANCED_FACE('',(#16183),#16189,.T.);
#16183 = FACE_BOUND('',#16184,.T.);
#16184 = EDGE_LOOP('',(#16185,#16186,#16187,#16188));
#16185 = ORIENTED_EDGE('',*,*,#16076,.F.);
#16186 = ORIENTED_EDGE('',*,*,#16137,.T.);
#16187 = ORIENTED_EDGE('',*,*,#16116,.T.);
#16188 = ORIENTED_EDGE('',*,*,#16159,.F.);
#16189 = PLANE('',#16190);
#16190 = AXIS2_PLACEMENT_3D('',#16191,#16192,#16193);
#16191 = CARTESIAN_POINT('',(75.,217.,205.));
#16192 = DIRECTION('',(0.,0.,1.));
#16193 = DIRECTION('',(1.,0.,0.));
#16194 = MANIFOLD_SOLID_BREP('',#16195);
#16195 = CLOSED_SHELL('',(#16196,#16236,#16276,#16298,#16320,#16332));
#16196 = ADVANCED_FACE('',(#16197),#16231,.F.);
#16197 = FACE_BOUND('',#16198,.F.);
#16198 = EDGE_LOOP('',(#16199,#16209,#16217,#16225));
#16199 = ORIENTED_EDGE('',*,*,#16200,.F.);
#16200 = EDGE_CURVE('',#16201,#16203,#16205,.T.);
#16201 = VERTEX_POINT('',#16202);
#16202 = CARTESIAN_POINT('',(75.,219.,205.));
#16203 = VERTEX_POINT('',#16204);
#16204 = CARTESIAN_POINT('',(75.,219.,217.));
#16205 = LINE('',#16206,#16207);
#16206 = CARTESIAN_POINT('',(75.,219.,205.));
#16207 = VECTOR('',#16208,1.);
#16208 = DIRECTION('',(0.,0.,1.));
#16209 = ORIENTED_EDGE('',*,*,#16210,.T.);
#16210 = EDGE_CURVE('',#16201,#16211,#16213,.T.);
#16211 = VERTEX_POINT('',#16212);
#16212 = CARTESIAN_POINT('',(75.,220.5,205.));
#16213 = LINE('',#16214,#16215);
#16214 = CARTESIAN_POINT('',(75.,219.,205.));
#16215 = VECTOR('',#16216,1.);
#16216 = DIRECTION('',(0.,1.,0.));
#16217 = ORIENTED_EDGE('',*,*,#16218,.T.);
#16218 = EDGE_CURVE('',#16211,#16219,#16221,.T.);
#16219 = VERTEX_POINT('',#16220);
#16220 = CARTESIAN_POINT('',(75.,220.5,217.));
#16221 = LINE('',#16222,#16223);
#16222 = CARTESIAN_POINT('',(75.,220.5,205.));
#16223 = VECTOR('',#16224,1.);
#16224 = DIRECTION('',(0.,0.,1.));
#16225 = ORIENTED_EDGE('',*,*,#16226,.F.);
#16226 = EDGE_CURVE('',#16203,#16219,#16227,.T.);
#16227 = LINE('',#16228,#16229);
#16228 = CARTESIAN_POINT('',(75.,219.,217.));
#16229 = VECTOR('',#16230,1.);
#16230 = DIRECTION('',(0.,1.,0.));
#16231 = PLANE('',#16232);
#16232 = AXIS2_PLACEMENT_3D('',#16233,#16234,#16235);
#16233 = CARTESIAN_POINT('',(75.,219.,205.));
#16234 = DIRECTION('',(1.,0.,0.));
#16235 = DIRECTION('',(0.,0.,1.));
#16236 = ADVANCED_FACE('',(#16237),#16271,.T.);
#16237 = FACE_BOUND('',#16238,.T.);
#16238 = EDGE_LOOP('',(#16239,#16249,#16257,#16265));
#16239 = ORIENTED_EDGE('',*,*,#16240,.F.);
#16240 = EDGE_CURVE('',#16241,#16243,#16245,.T.);
#16241 = VERTEX_POINT('',#16242);
#16242 = CARTESIAN_POINT('',(91.,219.,205.));
#16243 = VERTEX_POINT('',#16244);
#16244 = CARTESIAN_POINT('',(91.,219.,217.));
#16245 = LINE('',#16246,#16247);
#16246 = CARTESIAN_POINT('',(91.,219.,205.));
#16247 = VECTOR('',#16248,1.);
#16248 = DIRECTION('',(0.,0.,1.));
#16249 = ORIENTED_EDGE('',*,*,#16250,.T.);
#16250 = EDGE_CURVE('',#16241,#16251,#16253,.T.);
#16251 = VERTEX_POINT('',#16252);
#16252 = CARTESIAN_POINT('',(91.,220.5,205.));
#16253 = LINE('',#16254,#16255);
#16254 = CARTESIAN_POINT('',(91.,219.,205.));
#16255 = VECTOR('',#16256,1.);
#16256 = DIRECTION('',(0.,1.,0.));
#16257 = ORIENTED_EDGE('',*,*,#16258,.T.);
#16258 = EDGE_CURVE('',#16251,#16259,#16261,.T.);
#16259 = VERTEX_POINT('',#16260);
#16260 = CARTESIAN_POINT('',(91.,220.5,217.));
#16261 = LINE('',#16262,#16263);
#16262 = CARTESIAN_POINT('',(91.,220.5,205.));
#16263 = VECTOR('',#16264,1.);
#16264 = DIRECTION('',(0.,0.,1.));
#16265 = ORIENTED_EDGE('',*,*,#16266,.F.);
#16266 = EDGE_CURVE('',#16243,#16259,#16267,.T.);
#16267 = LINE('',#16268,#16269);
#16268 = CARTESIAN_POINT('',(91.,219.,217.));
#16269 = VECTOR('',#16270,1.);
#16270 = DIRECTION('',(0.,1.,0.));
#16271 = PLANE('',#16272);
#16272 = AXIS2_PLACEMENT_3D('',#16273,#16274,#16275);
#16273 = CARTESIAN_POINT('',(91.,219.,205.));
#16274 = DIRECTION('',(1.,0.,0.));
#16275 = DIRECTION('',(0.,0.,1.));
#16276 = ADVANCED_FACE('',(#16277),#16293,.F.);
#16277 = FACE_BOUND('',#16278,.F.);
#16278 = EDGE_LOOP('',(#16279,#16285,#16286,#16292));
#16279 = ORIENTED_EDGE('',*,*,#16280,.F.);
#16280 = EDGE_CURVE('',#16201,#16241,#16281,.T.);
#16281 = LINE('',#16282,#16283);
#16282 = CARTESIAN_POINT('',(75.,219.,205.));
#16283 = VECTOR('',#16284,1.);
#16284 = DIRECTION('',(1.,0.,0.));
#16285 = ORIENTED_EDGE('',*,*,#16200,.T.);
#16286 = ORIENTED_EDGE('',*,*,#16287,.T.);
#16287 = EDGE_CURVE('',#16203,#16243,#16288,.T.);
#16288 = LINE('',#16289,#16290);
#16289 = CARTESIAN_POINT('',(75.,219.,217.));
#16290 = VECTOR('',#16291,1.);
#16291 = DIRECTION('',(1.,0.,0.));
#16292 = ORIENTED_EDGE('',*,*,#16240,.F.);
#16293 = PLANE('',#16294);
#16294 = AXIS2_PLACEMENT_3D('',#16295,#16296,#16297);
#16295 = CARTESIAN_POINT('',(75.,219.,205.));
#16296 = DIRECTION('',(0.,1.,0.));
#16297 = DIRECTION('',(0.,0.,1.));
#16298 = ADVANCED_FACE('',(#16299),#16315,.T.);
#16299 = FACE_BOUND('',#16300,.T.);
#16300 = EDGE_LOOP('',(#16301,#16307,#16308,#16314));
#16301 = ORIENTED_EDGE('',*,*,#16302,.F.);
#16302 = EDGE_CURVE('',#16211,#16251,#16303,.T.);
#16303 = LINE('',#16304,#16305);
#16304 = CARTESIAN_POINT('',(75.,220.5,205.));
#16305 = VECTOR('',#16306,1.);
#16306 = DIRECTION('',(1.,0.,0.));
#16307 = ORIENTED_EDGE('',*,*,#16218,.T.);
#16308 = ORIENTED_EDGE('',*,*,#16309,.T.);
#16309 = EDGE_CURVE('',#16219,#16259,#16310,.T.);
#16310 = LINE('',#16311,#16312);
#16311 = CARTESIAN_POINT('',(75.,220.5,217.));
#16312 = VECTOR('',#16313,1.);
#16313 = DIRECTION('',(1.,0.,0.));
#16314 = ORIENTED_EDGE('',*,*,#16258,.F.);
#16315 = PLANE('',#16316);
#16316 = AXIS2_PLACEMENT_3D('',#16317,#16318,#16319);
#16317 = CARTESIAN_POINT('',(75.,220.5,205.));
#16318 = DIRECTION('',(0.,1.,0.));
#16319 = DIRECTION('',(0.,0.,1.));
#16320 = ADVANCED_FACE('',(#16321),#16327,.F.);
#16321 = FACE_BOUND('',#16322,.F.);
#16322 = EDGE_LOOP('',(#16323,#16324,#16325,#16326));
#16323 = ORIENTED_EDGE('',*,*,#16210,.F.);
#16324 = ORIENTED_EDGE('',*,*,#16280,.T.);
#16325 = ORIENTED_EDGE('',*,*,#16250,.T.);
#16326 = ORIENTED_EDGE('',*,*,#16302,.F.);
#16327 = PLANE('',#16328);
#16328 = AXIS2_PLACEMENT_3D('',#16329,#16330,#16331);
#16329 = CARTESIAN_POINT('',(75.,219.,205.));
#16330 = DIRECTION('',(0.,0.,1.));
#16331 = DIRECTION('',(1.,0.,0.));
#16332 = ADVANCED_FACE('',(#16333),#16339,.T.);
#16333 = FACE_BOUND('',#16334,.T.);
#16334 = EDGE_LOOP('',(#16335,#16336,#16337,#16338));
#16335 = ORIENTED_EDGE('',*,*,#16226,.F.);
#16336 = ORIENTED_EDGE('',*,*,#16287,.T.);
#16337 = ORIENTED_EDGE('',*,*,#16266,.T.);
#16338 = ORIENTED_EDGE('',*,*,#16309,.F.);
#16339 = PLANE('',#16340);
#16340 = AXIS2_PLACEMENT_3D('',#16341,#16342,#16343);
#16341 = CARTESIAN_POINT('',(75.,219.,217.));
#16342 = DIRECTION('',(0.,0.,1.));
#16343 = DIRECTION('',(1.,0.,0.));
#16344 = MANIFOLD_SOLID_BREP('',#16345);
#16345 = CLOSED_SHELL('',(#16346,#16386,#16426,#16448,#16470,#16482));
#16346 = ADVANCED_FACE('',(#16347),#16381,.F.);
#16347 = FACE_BOUND('',#16348,.F.);
#16348 = EDGE_LOOP('',(#16349,#16359,#16367,#16375));
#16349 = ORIENTED_EDGE('',*,*,#16350,.F.);
#16350 = EDGE_CURVE('',#16351,#16353,#16355,.T.);
#16351 = VERTEX_POINT('',#16352);
#16352 = CARTESIAN_POINT('',(75.,223.,205.));
#16353 = VERTEX_POINT('',#16354);
#16354 = CARTESIAN_POINT('',(75.,223.,217.));
#16355 = LINE('',#16356,#16357);
#16356 = CARTESIAN_POINT('',(75.,223.,205.));
#16357 = VECTOR('',#16358,1.);
#16358 = DIRECTION('',(0.,0.,1.));
#16359 = ORIENTED_EDGE('',*,*,#16360,.T.);
#16360 = EDGE_CURVE('',#16351,#16361,#16363,.T.);
#16361 = VERTEX_POINT('',#16362);
#16362 = CARTESIAN_POINT('',(75.,224.5,205.));
#16363 = LINE('',#16364,#16365);
#16364 = CARTESIAN_POINT('',(75.,223.,205.));
#16365 = VECTOR('',#16366,1.);
#16366 = DIRECTION('',(0.,1.,0.));
#16367 = ORIENTED_EDGE('',*,*,#16368,.T.);
#16368 = EDGE_CURVE('',#16361,#16369,#16371,.T.);
#16369 = VERTEX_POINT('',#16370);
#16370 = CARTESIAN_POINT('',(75.,224.5,217.));
#16371 = LINE('',#16372,#16373);
#16372 = CARTESIAN_POINT('',(75.,224.5,205.));
#16373 = VECTOR('',#16374,1.);
#16374 = DIRECTION('',(0.,0.,1.));
#16375 = ORIENTED_EDGE('',*,*,#16376,.F.);
#16376 = EDGE_CURVE('',#16353,#16369,#16377,.T.);
#16377 = LINE('',#16378,#16379);
#16378 = CARTESIAN_POINT('',(75.,223.,217.));
#16379 = VECTOR('',#16380,1.);
#16380 = DIRECTION('',(0.,1.,0.));
#16381 = PLANE('',#16382);
#16382 = AXIS2_PLACEMENT_3D('',#16383,#16384,#16385);
#16383 = CARTESIAN_POINT('',(75.,223.,205.));
#16384 = DIRECTION('',(1.,0.,0.));
#16385 = DIRECTION('',(0.,0.,1.));
#16386 = ADVANCED_FACE('',(#16387),#16421,.T.);
#16387 = FACE_BOUND('',#16388,.T.);
#16388 = EDGE_LOOP('',(#16389,#16399,#16407,#16415));
#16389 = ORIENTED_EDGE('',*,*,#16390,.F.);
#16390 = EDGE_CURVE('',#16391,#16393,#16395,.T.);
#16391 = VERTEX_POINT('',#16392);
#16392 = CARTESIAN_POINT('',(91.,223.,205.));
#16393 = VERTEX_POINT('',#16394);
#16394 = CARTESIAN_POINT('',(91.,223.,217.));
#16395 = LINE('',#16396,#16397);
#16396 = CARTESIAN_POINT('',(91.,223.,205.));
#16397 = VECTOR('',#16398,1.);
#16398 = DIRECTION('',(0.,0.,1.));
#16399 = ORIENTED_EDGE('',*,*,#16400,.T.);
#16400 = EDGE_CURVE('',#16391,#16401,#16403,.T.);
#16401 = VERTEX_POINT('',#16402);
#16402 = CARTESIAN_POINT('',(91.,224.5,205.));
#16403 = LINE('',#16404,#16405);
#16404 = CARTESIAN_POINT('',(91.,223.,205.));
#16405 = VECTOR('',#16406,1.);
#16406 = DIRECTION('',(0.,1.,0.));
#16407 = ORIENTED_EDGE('',*,*,#16408,.T.);
#16408 = EDGE_CURVE('',#16401,#16409,#16411,.T.);
#16409 = VERTEX_POINT('',#16410);
#16410 = CARTESIAN_POINT('',(91.,224.5,217.));
#16411 = LINE('',#16412,#16413);
#16412 = CARTESIAN_POINT('',(91.,224.5,205.));
#16413 = VECTOR('',#16414,1.);
#16414 = DIRECTION('',(0.,0.,1.));
#16415 = ORIENTED_EDGE('',*,*,#16416,.F.);
#16416 = EDGE_CURVE('',#16393,#16409,#16417,.T.);
#16417 = LINE('',#16418,#16419);
#16418 = CARTESIAN_POINT('',(91.,223.,217.));
#16419 = VECTOR('',#16420,1.);
#16420 = DIRECTION('',(0.,1.,0.));
#16421 = PLANE('',#16422);
#16422 = AXIS2_PLACEMENT_3D('',#16423,#16424,#16425);
#16423 = CARTESIAN_POINT('',(91.,223.,205.));
#16424 = DIRECTION('',(1.,0.,0.));
#16425 = DIRECTION('',(0.,0.,1.));
#16426 = ADVANCED_FACE('',(#16427),#16443,.F.);
#16427 = FACE_BOUND('',#16428,.F.);
#16428 = EDGE_LOOP('',(#16429,#16435,#16436,#16442));
#16429 = ORIENTED_EDGE('',*,*,#16430,.F.);
#16430 = EDGE_CURVE('',#16351,#16391,#16431,.T.);
#16431 = LINE('',#16432,#16433);
#16432 = CARTESIAN_POINT('',(75.,223.,205.));
#16433 = VECTOR('',#16434,1.);
#16434 = DIRECTION('',(1.,0.,0.));
#16435 = ORIENTED_EDGE('',*,*,#16350,.T.);
#16436 = ORIENTED_EDGE('',*,*,#16437,.T.);
#16437 = EDGE_CURVE('',#16353,#16393,#16438,.T.);
#16438 = LINE('',#16439,#16440);
#16439 = CARTESIAN_POINT('',(75.,223.,217.));
#16440 = VECTOR('',#16441,1.);
#16441 = DIRECTION('',(1.,0.,0.));
#16442 = ORIENTED_EDGE('',*,*,#16390,.F.);
#16443 = PLANE('',#16444);
#16444 = AXIS2_PLACEMENT_3D('',#16445,#16446,#16447);
#16445 = CARTESIAN_POINT('',(75.,223.,205.));
#16446 = DIRECTION('',(0.,1.,0.));
#16447 = DIRECTION('',(0.,0.,1.));
#16448 = ADVANCED_FACE('',(#16449),#16465,.T.);
#16449 = FACE_BOUND('',#16450,.T.);
#16450 = EDGE_LOOP('',(#16451,#16457,#16458,#16464));
#16451 = ORIENTED_EDGE('',*,*,#16452,.F.);
#16452 = EDGE_CURVE('',#16361,#16401,#16453,.T.);
#16453 = LINE('',#16454,#16455);
#16454 = CARTESIAN_POINT('',(75.,224.5,205.));
#16455 = VECTOR('',#16456,1.);
#16456 = DIRECTION('',(1.,0.,0.));
#16457 = ORIENTED_EDGE('',*,*,#16368,.T.);
#16458 = ORIENTED_EDGE('',*,*,#16459,.T.);
#16459 = EDGE_CURVE('',#16369,#16409,#16460,.T.);
#16460 = LINE('',#16461,#16462);
#16461 = CARTESIAN_POINT('',(75.,224.5,217.));
#16462 = VECTOR('',#16463,1.);
#16463 = DIRECTION('',(1.,0.,0.));
#16464 = ORIENTED_EDGE('',*,*,#16408,.F.);
#16465 = PLANE('',#16466);
#16466 = AXIS2_PLACEMENT_3D('',#16467,#16468,#16469);
#16467 = CARTESIAN_POINT('',(75.,224.5,205.));
#16468 = DIRECTION('',(0.,1.,0.));
#16469 = DIRECTION('',(0.,0.,1.));
#16470 = ADVANCED_FACE('',(#16471),#16477,.F.);
#16471 = FACE_BOUND('',#16472,.F.);
#16472 = EDGE_LOOP('',(#16473,#16474,#16475,#16476));
#16473 = ORIENTED_EDGE('',*,*,#16360,.F.);
#16474 = ORIENTED_EDGE('',*,*,#16430,.T.);
#16475 = ORIENTED_EDGE('',*,*,#16400,.T.);
#16476 = ORIENTED_EDGE('',*,*,#16452,.F.);
#16477 = PLANE('',#16478);
#16478 = AXIS2_PLACEMENT_3D('',#16479,#16480,#16481);
#16479 = CARTESIAN_POINT('',(75.,223.,205.));
#16480 = DIRECTION('',(0.,0.,1.));
#16481 = DIRECTION('',(1.,0.,0.));
#16482 = ADVANCED_FACE('',(#16483),#16489,.T.);
#16483 = FACE_BOUND('',#16484,.T.);
#16484 = EDGE_LOOP('',(#16485,#16486,#16487,#16488));
#16485 = ORIENTED_EDGE('',*,*,#16376,.F.);
#16486 = ORIENTED_EDGE('',*,*,#16437,.T.);
#16487 = ORIENTED_EDGE('',*,*,#16416,.T.);
#16488 = ORIENTED_EDGE('',*,*,#16459,.F.);
#16489 = PLANE('',#16490);
#16490 = AXIS2_PLACEMENT_3D('',#16491,#16492,#16493);
#16491 = CARTESIAN_POINT('',(75.,223.,217.));
#16492 = DIRECTION('',(0.,0.,1.));
#16493 = DIRECTION('',(1.,0.,0.));
#16494 = MANIFOLD_SOLID_BREP('',#16495);
#16495 = CLOSED_SHELL('',(#16496,#16536,#16576,#16598,#16620,#16632));
#16496 = ADVANCED_FACE('',(#16497),#16531,.F.);
#16497 = FACE_BOUND('',#16498,.F.);
#16498 = EDGE_LOOP('',(#16499,#16509,#16517,#16525));
#16499 = ORIENTED_EDGE('',*,*,#16500,.F.);
#16500 = EDGE_CURVE('',#16501,#16503,#16505,.T.);
#16501 = VERTEX_POINT('',#16502);
#16502 = CARTESIAN_POINT('',(75.,227.,205.));
#16503 = VERTEX_POINT('',#16504);
#16504 = CARTESIAN_POINT('',(75.,227.,217.));
#16505 = LINE('',#16506,#16507);
#16506 = CARTESIAN_POINT('',(75.,227.,205.));
#16507 = VECTOR('',#16508,1.);
#16508 = DIRECTION('',(0.,0.,1.));
#16509 = ORIENTED_EDGE('',*,*,#16510,.T.);
#16510 = EDGE_CURVE('',#16501,#16511,#16513,.T.);
#16511 = VERTEX_POINT('',#16512);
#16512 = CARTESIAN_POINT('',(75.,228.5,205.));
#16513 = LINE('',#16514,#16515);
#16514 = CARTESIAN_POINT('',(75.,227.,205.));
#16515 = VECTOR('',#16516,1.);
#16516 = DIRECTION('',(0.,1.,0.));
#16517 = ORIENTED_EDGE('',*,*,#16518,.T.);
#16518 = EDGE_CURVE('',#16511,#16519,#16521,.T.);
#16519 = VERTEX_POINT('',#16520);
#16520 = CARTESIAN_POINT('',(75.,228.5,217.));
#16521 = LINE('',#16522,#16523);
#16522 = CARTESIAN_POINT('',(75.,228.5,205.));
#16523 = VECTOR('',#16524,1.);
#16524 = DIRECTION('',(0.,0.,1.));
#16525 = ORIENTED_EDGE('',*,*,#16526,.F.);
#16526 = EDGE_CURVE('',#16503,#16519,#16527,.T.);
#16527 = LINE('',#16528,#16529);
#16528 = CARTESIAN_POINT('',(75.,227.,217.));
#16529 = VECTOR('',#16530,1.);
#16530 = DIRECTION('',(0.,1.,0.));
#16531 = PLANE('',#16532);
#16532 = AXIS2_PLACEMENT_3D('',#16533,#16534,#16535);
#16533 = CARTESIAN_POINT('',(75.,227.,205.));
#16534 = DIRECTION('',(1.,0.,0.));
#16535 = DIRECTION('',(0.,0.,1.));
#16536 = ADVANCED_FACE('',(#16537),#16571,.T.);
#16537 = FACE_BOUND('',#16538,.T.);
#16538 = EDGE_LOOP('',(#16539,#16549,#16557,#16565));
#16539 = ORIENTED_EDGE('',*,*,#16540,.F.);
#16540 = EDGE_CURVE('',#16541,#16543,#16545,.T.);
#16541 = VERTEX_POINT('',#16542);
#16542 = CARTESIAN_POINT('',(91.,227.,205.));
#16543 = VERTEX_POINT('',#16544);
#16544 = CARTESIAN_POINT('',(91.,227.,217.));
#16545 = LINE('',#16546,#16547);
#16546 = CARTESIAN_POINT('',(91.,227.,205.));
#16547 = VECTOR('',#16548,1.);
#16548 = DIRECTION('',(0.,0.,1.));
#16549 = ORIENTED_EDGE('',*,*,#16550,.T.);
#16550 = EDGE_CURVE('',#16541,#16551,#16553,.T.);
#16551 = VERTEX_POINT('',#16552);
#16552 = CARTESIAN_POINT('',(91.,228.5,205.));
#16553 = LINE('',#16554,#16555);
#16554 = CARTESIAN_POINT('',(91.,227.,205.));
#16555 = VECTOR('',#16556,1.);
#16556 = DIRECTION('',(0.,1.,0.));
#16557 = ORIENTED_EDGE('',*,*,#16558,.T.);
#16558 = EDGE_CURVE('',#16551,#16559,#16561,.T.);
#16559 = VERTEX_POINT('',#16560);
#16560 = CARTESIAN_POINT('',(91.,228.5,217.));
#16561 = LINE('',#16562,#16563);
#16562 = CARTESIAN_POINT('',(91.,228.5,205.));
#16563 = VECTOR('',#16564,1.);
#16564 = DIRECTION('',(0.,0.,1.));
#16565 = ORIENTED_EDGE('',*,*,#16566,.F.);
#16566 = EDGE_CURVE('',#16543,#16559,#16567,.T.);
#16567 = LINE('',#16568,#16569);
#16568 = CARTESIAN_POINT('',(91.,227.,217.));
#16569 = VECTOR('',#16570,1.);
#16570 = DIRECTION('',(0.,1.,0.));
#16571 = PLANE('',#16572);
#16572 = AXIS2_PLACEMENT_3D('',#16573,#16574,#16575);
#16573 = CARTESIAN_POINT('',(91.,227.,205.));
#16574 = DIRECTION('',(1.,0.,0.));
#16575 = DIRECTION('',(0.,0.,1.));
#16576 = ADVANCED_FACE('',(#16577),#16593,.F.);
#16577 = FACE_BOUND('',#16578,.F.);
#16578 = EDGE_LOOP('',(#16579,#16585,#16586,#16592));
#16579 = ORIENTED_EDGE('',*,*,#16580,.F.);
#16580 = EDGE_CURVE('',#16501,#16541,#16581,.T.);
#16581 = LINE('',#16582,#16583);
#16582 = CARTESIAN_POINT('',(75.,227.,205.));
#16583 = VECTOR('',#16584,1.);
#16584 = DIRECTION('',(1.,0.,0.));
#16585 = ORIENTED_EDGE('',*,*,#16500,.T.);
#16586 = ORIENTED_EDGE('',*,*,#16587,.T.);
#16587 = EDGE_CURVE('',#16503,#16543,#16588,.T.);
#16588 = LINE('',#16589,#16590);
#16589 = CARTESIAN_POINT('',(75.,227.,217.));
#16590 = VECTOR('',#16591,1.);
#16591 = DIRECTION('',(1.,0.,0.));
#16592 = ORIENTED_EDGE('',*,*,#16540,.F.);
#16593 = PLANE('',#16594);
#16594 = AXIS2_PLACEMENT_3D('',#16595,#16596,#16597);
#16595 = CARTESIAN_POINT('',(75.,227.,205.));
#16596 = DIRECTION('',(0.,1.,0.));
#16597 = DIRECTION('',(0.,0.,1.));
#16598 = ADVANCED_FACE('',(#16599),#16615,.T.);
#16599 = FACE_BOUND('',#16600,.T.);
#16600 = EDGE_LOOP('',(#16601,#16607,#16608,#16614));
#16601 = ORIENTED_EDGE('',*,*,#16602,.F.);
#16602 = EDGE_CURVE('',#16511,#16551,#16603,.T.);
#16603 = LINE('',#16604,#16605);
#16604 = CARTESIAN_POINT('',(75.,228.5,205.));
#16605 = VECTOR('',#16606,1.);
#16606 = DIRECTION('',(1.,0.,0.));
#16607 = ORIENTED_EDGE('',*,*,#16518,.T.);
#16608 = ORIENTED_EDGE('',*,*,#16609,.T.);
#16609 = EDGE_CURVE('',#16519,#16559,#16610,.T.);
#16610 = LINE('',#16611,#16612);
#16611 = CARTESIAN_POINT('',(75.,228.5,217.));
#16612 = VECTOR('',#16613,1.);
#16613 = DIRECTION('',(1.,0.,0.));
#16614 = ORIENTED_EDGE('',*,*,#16558,.F.);
#16615 = PLANE('',#16616);
#16616 = AXIS2_PLACEMENT_3D('',#16617,#16618,#16619);
#16617 = CARTESIAN_POINT('',(75.,228.5,205.));
#16618 = DIRECTION('',(0.,1.,0.));
#16619 = DIRECTION('',(0.,0.,1.));
#16620 = ADVANCED_FACE('',(#16621),#16627,.F.);
#16621 = FACE_BOUND('',#16622,.F.);
#16622 = EDGE_LOOP('',(#16623,#16624,#16625,#16626));
#16623 = ORIENTED_EDGE('',*,*,#16510,.F.);
#16624 = ORIENTED_EDGE('',*,*,#16580,.T.);
#16625 = ORIENTED_EDGE('',*,*,#16550,.T.);
#16626 = ORIENTED_EDGE('',*,*,#16602,.F.);
#16627 = PLANE('',#16628);
#16628 = AXIS2_PLACEMENT_3D('',#16629,#16630,#16631);
#16629 = CARTESIAN_POINT('',(75.,227.,205.));
#16630 = DIRECTION('',(0.,0.,1.));
#16631 = DIRECTION('',(1.,0.,0.));
#16632 = ADVANCED_FACE('',(#16633),#16639,.T.);
#16633 = FACE_BOUND('',#16634,.T.);
#16634 = EDGE_LOOP('',(#16635,#16636,#16637,#16638));
#16635 = ORIENTED_EDGE('',*,*,#16526,.F.);
#16636 = ORIENTED_EDGE('',*,*,#16587,.T.);
#16637 = ORIENTED_EDGE('',*,*,#16566,.T.);
#16638 = ORIENTED_EDGE('',*,*,#16609,.F.);
#16639 = PLANE('',#16640);
#16640 = AXIS2_PLACEMENT_3D('',#16641,#16642,#16643);
#16641 = CARTESIAN_POINT('',(75.,227.,217.));
#16642 = DIRECTION('',(0.,0.,1.));
#16643 = DIRECTION('',(1.,0.,0.));
#16644 = MANIFOLD_SOLID_BREP('',#16645);
#16645 = CLOSED_SHELL('',(#16646,#16686,#16726,#16748,#16770,#16782));
#16646 = ADVANCED_FACE('',(#16647),#16681,.F.);
#16647 = FACE_BOUND('',#16648,.F.);
#16648 = EDGE_LOOP('',(#16649,#16659,#16667,#16675));
#16649 = ORIENTED_EDGE('',*,*,#16650,.F.);
#16650 = EDGE_CURVE('',#16651,#16653,#16655,.T.);
#16651 = VERTEX_POINT('',#16652);
#16652 = CARTESIAN_POINT('',(75.,231.,205.));
#16653 = VERTEX_POINT('',#16654);
#16654 = CARTESIAN_POINT('',(75.,231.,217.));
#16655 = LINE('',#16656,#16657);
#16656 = CARTESIAN_POINT('',(75.,231.,205.));
#16657 = VECTOR('',#16658,1.);
#16658 = DIRECTION('',(0.,0.,1.));
#16659 = ORIENTED_EDGE('',*,*,#16660,.T.);
#16660 = EDGE_CURVE('',#16651,#16661,#16663,.T.);
#16661 = VERTEX_POINT('',#16662);
#16662 = CARTESIAN_POINT('',(75.,232.5,205.));
#16663 = LINE('',#16664,#16665);
#16664 = CARTESIAN_POINT('',(75.,231.,205.));
#16665 = VECTOR('',#16666,1.);
#16666 = DIRECTION('',(0.,1.,0.));
#16667 = ORIENTED_EDGE('',*,*,#16668,.T.);
#16668 = EDGE_CURVE('',#16661,#16669,#16671,.T.);
#16669 = VERTEX_POINT('',#16670);
#16670 = CARTESIAN_POINT('',(75.,232.5,217.));
#16671 = LINE('',#16672,#16673);
#16672 = CARTESIAN_POINT('',(75.,232.5,205.));
#16673 = VECTOR('',#16674,1.);
#16674 = DIRECTION('',(0.,0.,1.));
#16675 = ORIENTED_EDGE('',*,*,#16676,.F.);
#16676 = EDGE_CURVE('',#16653,#16669,#16677,.T.);
#16677 = LINE('',#16678,#16679);
#16678 = CARTESIAN_POINT('',(75.,231.,217.));
#16679 = VECTOR('',#16680,1.);
#16680 = DIRECTION('',(0.,1.,0.));
#16681 = PLANE('',#16682);
#16682 = AXIS2_PLACEMENT_3D('',#16683,#16684,#16685);
#16683 = CARTESIAN_POINT('',(75.,231.,205.));
#16684 = DIRECTION('',(1.,0.,0.));
#16685 = DIRECTION('',(0.,0.,1.));
#16686 = ADVANCED_FACE('',(#16687),#16721,.T.);
#16687 = FACE_BOUND('',#16688,.T.);
#16688 = EDGE_LOOP('',(#16689,#16699,#16707,#16715));
#16689 = ORIENTED_EDGE('',*,*,#16690,.F.);
#16690 = EDGE_CURVE('',#16691,#16693,#16695,.T.);
#16691 = VERTEX_POINT('',#16692);
#16692 = CARTESIAN_POINT('',(91.,231.,205.));
#16693 = VERTEX_POINT('',#16694);
#16694 = CARTESIAN_POINT('',(91.,231.,217.));
#16695 = LINE('',#16696,#16697);
#16696 = CARTESIAN_POINT('',(91.,231.,205.));
#16697 = VECTOR('',#16698,1.);
#16698 = DIRECTION('',(0.,0.,1.));
#16699 = ORIENTED_EDGE('',*,*,#16700,.T.);
#16700 = EDGE_CURVE('',#16691,#16701,#16703,.T.);
#16701 = VERTEX_POINT('',#16702);
#16702 = CARTESIAN_POINT('',(91.,232.5,205.));
#16703 = LINE('',#16704,#16705);
#16704 = CARTESIAN_POINT('',(91.,231.,205.));
#16705 = VECTOR('',#16706,1.);
#16706 = DIRECTION('',(0.,1.,0.));
#16707 = ORIENTED_EDGE('',*,*,#16708,.T.);
#16708 = EDGE_CURVE('',#16701,#16709,#16711,.T.);
#16709 = VERTEX_POINT('',#16710);
#16710 = CARTESIAN_POINT('',(91.,232.5,217.));
#16711 = LINE('',#16712,#16713);
#16712 = CARTESIAN_POINT('',(91.,232.5,205.));
#16713 = VECTOR('',#16714,1.);
#16714 = DIRECTION('',(0.,0.,1.));
#16715 = ORIENTED_EDGE('',*,*,#16716,.F.);
#16716 = EDGE_CURVE('',#16693,#16709,#16717,.T.);
#16717 = LINE('',#16718,#16719);
#16718 = CARTESIAN_POINT('',(91.,231.,217.));
#16719 = VECTOR('',#16720,1.);
#16720 = DIRECTION('',(0.,1.,0.));
#16721 = PLANE('',#16722);
#16722 = AXIS2_PLACEMENT_3D('',#16723,#16724,#16725);
#16723 = CARTESIAN_POINT('',(91.,231.,205.));
#16724 = DIRECTION('',(1.,0.,0.));
#16725 = DIRECTION('',(0.,0.,1.));
#16726 = ADVANCED_FACE('',(#16727),#16743,.F.);
#16727 = FACE_BOUND('',#16728,.F.);
#16728 = EDGE_LOOP('',(#16729,#16735,#16736,#16742));
#16729 = ORIENTED_EDGE('',*,*,#16730,.F.);
#16730 = EDGE_CURVE('',#16651,#16691,#16731,.T.);
#16731 = LINE('',#16732,#16733);
#16732 = CARTESIAN_POINT('',(75.,231.,205.));
#16733 = VECTOR('',#16734,1.);
#16734 = DIRECTION('',(1.,0.,0.));
#16735 = ORIENTED_EDGE('',*,*,#16650,.T.);
#16736 = ORIENTED_EDGE('',*,*,#16737,.T.);
#16737 = EDGE_CURVE('',#16653,#16693,#16738,.T.);
#16738 = LINE('',#16739,#16740);
#16739 = CARTESIAN_POINT('',(75.,231.,217.));
#16740 = VECTOR('',#16741,1.);
#16741 = DIRECTION('',(1.,0.,0.));
#16742 = ORIENTED_EDGE('',*,*,#16690,.F.);
#16743 = PLANE('',#16744);
#16744 = AXIS2_PLACEMENT_3D('',#16745,#16746,#16747);
#16745 = CARTESIAN_POINT('',(75.,231.,205.));
#16746 = DIRECTION('',(0.,1.,0.));
#16747 = DIRECTION('',(0.,0.,1.));
#16748 = ADVANCED_FACE('',(#16749),#16765,.T.);
#16749 = FACE_BOUND('',#16750,.T.);
#16750 = EDGE_LOOP('',(#16751,#16757,#16758,#16764));
#16751 = ORIENTED_EDGE('',*,*,#16752,.F.);
#16752 = EDGE_CURVE('',#16661,#16701,#16753,.T.);
#16753 = LINE('',#16754,#16755);
#16754 = CARTESIAN_POINT('',(75.,232.5,205.));
#16755 = VECTOR('',#16756,1.);
#16756 = DIRECTION('',(1.,0.,0.));
#16757 = ORIENTED_EDGE('',*,*,#16668,.T.);
#16758 = ORIENTED_EDGE('',*,*,#16759,.T.);
#16759 = EDGE_CURVE('',#16669,#16709,#16760,.T.);
#16760 = LINE('',#16761,#16762);
#16761 = CARTESIAN_POINT('',(75.,232.5,217.));
#16762 = VECTOR('',#16763,1.);
#16763 = DIRECTION('',(1.,0.,0.));
#16764 = ORIENTED_EDGE('',*,*,#16708,.F.);
#16765 = PLANE('',#16766);
#16766 = AXIS2_PLACEMENT_3D('',#16767,#16768,#16769);
#16767 = CARTESIAN_POINT('',(75.,232.5,205.));
#16768 = DIRECTION('',(0.,1.,0.));
#16769 = DIRECTION('',(0.,0.,1.));
#16770 = ADVANCED_FACE('',(#16771),#16777,.F.);
#16771 = FACE_BOUND('',#16772,.F.);
#16772 = EDGE_LOOP('',(#16773,#16774,#16775,#16776));
#16773 = ORIENTED_EDGE('',*,*,#16660,.F.);
#16774 = ORIENTED_EDGE('',*,*,#16730,.T.);
#16775 = ORIENTED_EDGE('',*,*,#16700,.T.);
#16776 = ORIENTED_EDGE('',*,*,#16752,.F.);
#16777 = PLANE('',#16778);
#16778 = AXIS2_PLACEMENT_3D('',#16779,#16780,#16781);
#16779 = CARTESIAN_POINT('',(75.,231.,205.));
#16780 = DIRECTION('',(0.,0.,1.));
#16781 = DIRECTION('',(1.,0.,0.));
#16782 = ADVANCED_FACE('',(#16783),#16789,.T.);
#16783 = FACE_BOUND('',#16784,.T.);
#16784 = EDGE_LOOP('',(#16785,#16786,#16787,#16788));
#16785 = ORIENTED_EDGE('',*,*,#16676,.F.);
#16786 = ORIENTED_EDGE('',*,*,#16737,.T.);
#16787 = ORIENTED_EDGE('',*,*,#16716,.T.);
#16788 = ORIENTED_EDGE('',*,*,#16759,.F.);
#16789 = PLANE('',#16790);
#16790 = AXIS2_PLACEMENT_3D('',#16791,#16792,#16793);
#16791 = CARTESIAN_POINT('',(75.,231.,217.));
#16792 = DIRECTION('',(0.,0.,1.));
#16793 = DIRECTION('',(1.,0.,0.));
#16794 = MANIFOLD_SOLID_BREP('',#16795);
#16795 = CLOSED_SHELL('',(#16796,#16836,#16876,#16898,#16920,#16932));
#16796 = ADVANCED_FACE('',(#16797),#16831,.F.);
#16797 = FACE_BOUND('',#16798,.F.);
#16798 = EDGE_LOOP('',(#16799,#16809,#16817,#16825));
#16799 = ORIENTED_EDGE('',*,*,#16800,.F.);
#16800 = EDGE_CURVE('',#16801,#16803,#16805,.T.);
#16801 = VERTEX_POINT('',#16802);
#16802 = CARTESIAN_POINT('',(75.,235.,205.));
#16803 = VERTEX_POINT('',#16804);
#16804 = CARTESIAN_POINT('',(75.,235.,217.));
#16805 = LINE('',#16806,#16807);
#16806 = CARTESIAN_POINT('',(75.,235.,205.));
#16807 = VECTOR('',#16808,1.);
#16808 = DIRECTION('',(0.,0.,1.));
#16809 = ORIENTED_EDGE('',*,*,#16810,.T.);
#16810 = EDGE_CURVE('',#16801,#16811,#16813,.T.);
#16811 = VERTEX_POINT('',#16812);
#16812 = CARTESIAN_POINT('',(75.,236.5,205.));
#16813 = LINE('',#16814,#16815);
#16814 = CARTESIAN_POINT('',(75.,235.,205.));
#16815 = VECTOR('',#16816,1.);
#16816 = DIRECTION('',(0.,1.,0.));
#16817 = ORIENTED_EDGE('',*,*,#16818,.T.);
#16818 = EDGE_CURVE('',#16811,#16819,#16821,.T.);
#16819 = VERTEX_POINT('',#16820);
#16820 = CARTESIAN_POINT('',(75.,236.5,217.));
#16821 = LINE('',#16822,#16823);
#16822 = CARTESIAN_POINT('',(75.,236.5,205.));
#16823 = VECTOR('',#16824,1.);
#16824 = DIRECTION('',(0.,0.,1.));
#16825 = ORIENTED_EDGE('',*,*,#16826,.F.);
#16826 = EDGE_CURVE('',#16803,#16819,#16827,.T.);
#16827 = LINE('',#16828,#16829);
#16828 = CARTESIAN_POINT('',(75.,235.,217.));
#16829 = VECTOR('',#16830,1.);
#16830 = DIRECTION('',(0.,1.,0.));
#16831 = PLANE('',#16832);
#16832 = AXIS2_PLACEMENT_3D('',#16833,#16834,#16835);
#16833 = CARTESIAN_POINT('',(75.,235.,205.));
#16834 = DIRECTION('',(1.,0.,0.));
#16835 = DIRECTION('',(0.,0.,1.));
#16836 = ADVANCED_FACE('',(#16837),#16871,.T.);
#16837 = FACE_BOUND('',#16838,.T.);
#16838 = EDGE_LOOP('',(#16839,#16849,#16857,#16865));
#16839 = ORIENTED_EDGE('',*,*,#16840,.F.);
#16840 = EDGE_CURVE('',#16841,#16843,#16845,.T.);
#16841 = VERTEX_POINT('',#16842);
#16842 = CARTESIAN_POINT('',(91.,235.,205.));
#16843 = VERTEX_POINT('',#16844);
#16844 = CARTESIAN_POINT('',(91.,235.,217.));
#16845 = LINE('',#16846,#16847);
#16846 = CARTESIAN_POINT('',(91.,235.,205.));
#16847 = VECTOR('',#16848,1.);
#16848 = DIRECTION('',(0.,0.,1.));
#16849 = ORIENTED_EDGE('',*,*,#16850,.T.);
#16850 = EDGE_CURVE('',#16841,#16851,#16853,.T.);
#16851 = VERTEX_POINT('',#16852);
#16852 = CARTESIAN_POINT('',(91.,236.5,205.));
#16853 = LINE('',#16854,#16855);
#16854 = CARTESIAN_POINT('',(91.,235.,205.));
#16855 = VECTOR('',#16856,1.);
#16856 = DIRECTION('',(0.,1.,0.));
#16857 = ORIENTED_EDGE('',*,*,#16858,.T.);
#16858 = EDGE_CURVE('',#16851,#16859,#16861,.T.);
#16859 = VERTEX_POINT('',#16860);
#16860 = CARTESIAN_POINT('',(91.,236.5,217.));
#16861 = LINE('',#16862,#16863);
#16862 = CARTESIAN_POINT('',(91.,236.5,205.));
#16863 = VECTOR('',#16864,1.);
#16864 = DIRECTION('',(0.,0.,1.));
#16865 = ORIENTED_EDGE('',*,*,#16866,.F.);
#16866 = EDGE_CURVE('',#16843,#16859,#16867,.T.);
#16867 = LINE('',#16868,#16869);
#16868 = CARTESIAN_POINT('',(91.,235.,217.));
#16869 = VECTOR('',#16870,1.);
#16870 = DIRECTION('',(0.,1.,0.));
#16871 = PLANE('',#16872);
#16872 = AXIS2_PLACEMENT_3D('',#16873,#16874,#16875);
#16873 = CARTESIAN_POINT('',(91.,235.,205.));
#16874 = DIRECTION('',(1.,0.,0.));
#16875 = DIRECTION('',(0.,0.,1.));
#16876 = ADVANCED_FACE('',(#16877),#16893,.F.);
#16877 = FACE_BOUND('',#16878,.F.);
#16878 = EDGE_LOOP('',(#16879,#16885,#16886,#16892));
#16879 = ORIENTED_EDGE('',*,*,#16880,.F.);
#16880 = EDGE_CURVE('',#16801,#16841,#16881,.T.);
#16881 = LINE('',#16882,#16883);
#16882 = CARTESIAN_POINT('',(75.,235.,205.));
#16883 = VECTOR('',#16884,1.);
#16884 = DIRECTION('',(1.,0.,0.));
#16885 = ORIENTED_EDGE('',*,*,#16800,.T.);
#16886 = ORIENTED_EDGE('',*,*,#16887,.T.);
#16887 = EDGE_CURVE('',#16803,#16843,#16888,.T.);
#16888 = LINE('',#16889,#16890);
#16889 = CARTESIAN_POINT('',(75.,235.,217.));
#16890 = VECTOR('',#16891,1.);
#16891 = DIRECTION('',(1.,0.,0.));
#16892 = ORIENTED_EDGE('',*,*,#16840,.F.);
#16893 = PLANE('',#16894);
#16894 = AXIS2_PLACEMENT_3D('',#16895,#16896,#16897);
#16895 = CARTESIAN_POINT('',(75.,235.,205.));
#16896 = DIRECTION('',(0.,1.,0.));
#16897 = DIRECTION('',(0.,0.,1.));
#16898 = ADVANCED_FACE('',(#16899),#16915,.T.);
#16899 = FACE_BOUND('',#16900,.T.);
#16900 = EDGE_LOOP('',(#16901,#16907,#16908,#16914));
#16901 = ORIENTED_EDGE('',*,*,#16902,.F.);
#16902 = EDGE_CURVE('',#16811,#16851,#16903,.T.);
#16903 = LINE('',#16904,#16905);
#16904 = CARTESIAN_POINT('',(75.,236.5,205.));
#16905 = VECTOR('',#16906,1.);
#16906 = DIRECTION('',(1.,0.,0.));
#16907 = ORIENTED_EDGE('',*,*,#16818,.T.);
#16908 = ORIENTED_EDGE('',*,*,#16909,.T.);
#16909 = EDGE_CURVE('',#16819,#16859,#16910,.T.);
#16910 = LINE('',#16911,#16912);
#16911 = CARTESIAN_POINT('',(75.,236.5,217.));
#16912 = VECTOR('',#16913,1.);
#16913 = DIRECTION('',(1.,0.,0.));
#16914 = ORIENTED_EDGE('',*,*,#16858,.F.);
#16915 = PLANE('',#16916);
#16916 = AXIS2_PLACEMENT_3D('',#16917,#16918,#16919);
#16917 = CARTESIAN_POINT('',(75.,236.5,205.));
#16918 = DIRECTION('',(0.,1.,0.));
#16919 = DIRECTION('',(0.,0.,1.));
#16920 = ADVANCED_FACE('',(#16921),#16927,.F.);
#16921 = FACE_BOUND('',#16922,.F.);
#16922 = EDGE_LOOP('',(#16923,#16924,#16925,#16926));
#16923 = ORIENTED_EDGE('',*,*,#16810,.F.);
#16924 = ORIENTED_EDGE('',*,*,#16880,.T.);
#16925 = ORIENTED_EDGE('',*,*,#16850,.T.);
#16926 = ORIENTED_EDGE('',*,*,#16902,.F.);
#16927 = PLANE('',#16928);
#16928 = AXIS2_PLACEMENT_3D('',#16929,#16930,#16931);
#16929 = CARTESIAN_POINT('',(75.,235.,205.));
#16930 = DIRECTION('',(0.,0.,1.));
#16931 = DIRECTION('',(1.,0.,0.));
#16932 = ADVANCED_FACE('',(#16933),#16939,.T.);
#16933 = FACE_BOUND('',#16934,.T.);
#16934 = EDGE_LOOP('',(#16935,#16936,#16937,#16938));
#16935 = ORIENTED_EDGE('',*,*,#16826,.F.);
#16936 = ORIENTED_EDGE('',*,*,#16887,.T.);
#16937 = ORIENTED_EDGE('',*,*,#16866,.T.);
#16938 = ORIENTED_EDGE('',*,*,#16909,.F.);
#16939 = PLANE('',#16940);
#16940 = AXIS2_PLACEMENT_3D('',#16941,#16942,#16943);
#16941 = CARTESIAN_POINT('',(75.,235.,217.));
#16942 = DIRECTION('',(0.,0.,1.));
#16943 = DIRECTION('',(1.,0.,0.));
#16944 = MANIFOLD_SOLID_BREP('',#16945);
#16945 = CLOSED_SHELL('',(#16946,#16986,#17026,#17048,#17070,#17082));
#16946 = ADVANCED_FACE('',(#16947),#16981,.F.);
#16947 = FACE_BOUND('',#16948,.F.);
#16948 = EDGE_LOOP('',(#16949,#16959,#16967,#16975));
#16949 = ORIENTED_EDGE('',*,*,#16950,.F.);
#16950 = EDGE_CURVE('',#16951,#16953,#16955,.T.);
#16951 = VERTEX_POINT('',#16952);
#16952 = CARTESIAN_POINT('',(45.,245.,200.));
#16953 = VERTEX_POINT('',#16954);
#16954 = CARTESIAN_POINT('',(45.,245.,202.));
#16955 = LINE('',#16956,#16957);
#16956 = CARTESIAN_POINT('',(45.,245.,200.));
#16957 = VECTOR('',#16958,1.);
#16958 = DIRECTION('',(0.,0.,1.));
#16959 = ORIENTED_EDGE('',*,*,#16960,.T.);
#16960 = EDGE_CURVE('',#16951,#16961,#16963,.T.);
#16961 = VERTEX_POINT('',#16962);
#16962 = CARTESIAN_POINT('',(45.,271.,200.));
#16963 = LINE('',#16964,#16965);
#16964 = CARTESIAN_POINT('',(45.,245.,200.));
#16965 = VECTOR('',#16966,1.);
#16966 = DIRECTION('',(0.,1.,0.));
#16967 = ORIENTED_EDGE('',*,*,#16968,.T.);
#16968 = EDGE_CURVE('',#16961,#16969,#16971,.T.);
#16969 = VERTEX_POINT('',#16970);
#16970 = CARTESIAN_POINT('',(45.,271.,202.));
#16971 = LINE('',#16972,#16973);
#16972 = CARTESIAN_POINT('',(45.,271.,200.));
#16973 = VECTOR('',#16974,1.);
#16974 = DIRECTION('',(0.,0.,1.));
#16975 = ORIENTED_EDGE('',*,*,#16976,.F.);
#16976 = EDGE_CURVE('',#16953,#16969,#16977,.T.);
#16977 = LINE('',#16978,#16979);
#16978 = CARTESIAN_POINT('',(45.,245.,202.));
#16979 = VECTOR('',#16980,1.);
#16980 = DIRECTION('',(0.,1.,0.));
#16981 = PLANE('',#16982);
#16982 = AXIS2_PLACEMENT_3D('',#16983,#16984,#16985);
#16983 = CARTESIAN_POINT('',(45.,245.,200.));
#16984 = DIRECTION('',(1.,0.,0.));
#16985 = DIRECTION('',(0.,0.,1.));
#16986 = ADVANCED_FACE('',(#16987),#17021,.T.);
#16987 = FACE_BOUND('',#16988,.T.);
#16988 = EDGE_LOOP('',(#16989,#16999,#17007,#17015));
#16989 = ORIENTED_EDGE('',*,*,#16990,.F.);
#16990 = EDGE_CURVE('',#16991,#16993,#16995,.T.);
#16991 = VERTEX_POINT('',#16992);
#16992 = CARTESIAN_POINT('',(95.,245.,200.));
#16993 = VERTEX_POINT('',#16994);
#16994 = CARTESIAN_POINT('',(95.,245.,202.));
#16995 = LINE('',#16996,#16997);
#16996 = CARTESIAN_POINT('',(95.,245.,200.));
#16997 = VECTOR('',#16998,1.);
#16998 = DIRECTION('',(0.,0.,1.));
#16999 = ORIENTED_EDGE('',*,*,#17000,.T.);
#17000 = EDGE_CURVE('',#16991,#17001,#17003,.T.);
#17001 = VERTEX_POINT('',#17002);
#17002 = CARTESIAN_POINT('',(95.,271.,200.));
#17003 = LINE('',#17004,#17005);
#17004 = CARTESIAN_POINT('',(95.,245.,200.));
#17005 = VECTOR('',#17006,1.);
#17006 = DIRECTION('',(0.,1.,0.));
#17007 = ORIENTED_EDGE('',*,*,#17008,.T.);
#17008 = EDGE_CURVE('',#17001,#17009,#17011,.T.);
#17009 = VERTEX_POINT('',#17010);
#17010 = CARTESIAN_POINT('',(95.,271.,202.));
#17011 = LINE('',#17012,#17013);
#17012 = CARTESIAN_POINT('',(95.,271.,200.));
#17013 = VECTOR('',#17014,1.);
#17014 = DIRECTION('',(0.,0.,1.));
#17015 = ORIENTED_EDGE('',*,*,#17016,.F.);
#17016 = EDGE_CURVE('',#16993,#17009,#17017,.T.);
#17017 = LINE('',#17018,#17019);
#17018 = CARTESIAN_POINT('',(95.,245.,202.));
#17019 = VECTOR('',#17020,1.);
#17020 = DIRECTION('',(0.,1.,0.));
#17021 = PLANE('',#17022);
#17022 = AXIS2_PLACEMENT_3D('',#17023,#17024,#17025);
#17023 = CARTESIAN_POINT('',(95.,245.,200.));
#17024 = DIRECTION('',(1.,0.,0.));
#17025 = DIRECTION('',(0.,0.,1.));
#17026 = ADVANCED_FACE('',(#17027),#17043,.F.);
#17027 = FACE_BOUND('',#17028,.F.);
#17028 = EDGE_LOOP('',(#17029,#17035,#17036,#17042));
#17029 = ORIENTED_EDGE('',*,*,#17030,.F.);
#17030 = EDGE_CURVE('',#16951,#16991,#17031,.T.);
#17031 = LINE('',#17032,#17033);
#17032 = CARTESIAN_POINT('',(45.,245.,200.));
#17033 = VECTOR('',#17034,1.);
#17034 = DIRECTION('',(1.,0.,0.));
#17035 = ORIENTED_EDGE('',*,*,#16950,.T.);
#17036 = ORIENTED_EDGE('',*,*,#17037,.T.);
#17037 = EDGE_CURVE('',#16953,#16993,#17038,.T.);
#17038 = LINE('',#17039,#17040);
#17039 = CARTESIAN_POINT('',(45.,245.,202.));
#17040 = VECTOR('',#17041,1.);
#17041 = DIRECTION('',(1.,0.,0.));
#17042 = ORIENTED_EDGE('',*,*,#16990,.F.);
#17043 = PLANE('',#17044);
#17044 = AXIS2_PLACEMENT_3D('',#17045,#17046,#17047);
#17045 = CARTESIAN_POINT('',(45.,245.,200.));
#17046 = DIRECTION('',(0.,1.,0.));
#17047 = DIRECTION('',(0.,0.,1.));
#17048 = ADVANCED_FACE('',(#17049),#17065,.T.);
#17049 = FACE_BOUND('',#17050,.T.);
#17050 = EDGE_LOOP('',(#17051,#17057,#17058,#17064));
#17051 = ORIENTED_EDGE('',*,*,#17052,.F.);
#17052 = EDGE_CURVE('',#16961,#17001,#17053,.T.);
#17053 = LINE('',#17054,#17055);
#17054 = CARTESIAN_POINT('',(45.,271.,200.));
#17055 = VECTOR('',#17056,1.);
#17056 = DIRECTION('',(1.,0.,0.));
#17057 = ORIENTED_EDGE('',*,*,#16968,.T.);
#17058 = ORIENTED_EDGE('',*,*,#17059,.T.);
#17059 = EDGE_CURVE('',#16969,#17009,#17060,.T.);
#17060 = LINE('',#17061,#17062);
#17061 = CARTESIAN_POINT('',(45.,271.,202.));
#17062 = VECTOR('',#17063,1.);
#17063 = DIRECTION('',(1.,0.,0.));
#17064 = ORIENTED_EDGE('',*,*,#17008,.F.);
#17065 = PLANE('',#17066);
#17066 = AXIS2_PLACEMENT_3D('',#17067,#17068,#17069);
#17067 = CARTESIAN_POINT('',(45.,271.,200.));
#17068 = DIRECTION('',(0.,1.,0.));
#17069 = DIRECTION('',(0.,0.,1.));
#17070 = ADVANCED_FACE('',(#17071),#17077,.F.);
#17071 = FACE_BOUND('',#17072,.F.);
#17072 = EDGE_LOOP('',(#17073,#17074,#17075,#17076));
#17073 = ORIENTED_EDGE('',*,*,#16960,.F.);
#17074 = ORIENTED_EDGE('',*,*,#17030,.T.);
#17075 = ORIENTED_EDGE('',*,*,#17000,.T.);
#17076 = ORIENTED_EDGE('',*,*,#17052,.F.);
#17077 = PLANE('',#17078);
#17078 = AXIS2_PLACEMENT_3D('',#17079,#17080,#17081);
#17079 = CARTESIAN_POINT('',(45.,245.,200.));
#17080 = DIRECTION('',(0.,0.,1.));
#17081 = DIRECTION('',(1.,0.,0.));
#17082 = ADVANCED_FACE('',(#17083),#17089,.T.);
#17083 = FACE_BOUND('',#17084,.T.);
#17084 = EDGE_LOOP('',(#17085,#17086,#17087,#17088));
#17085 = ORIENTED_EDGE('',*,*,#16976,.F.);
#17086 = ORIENTED_EDGE('',*,*,#17037,.T.);
#17087 = ORIENTED_EDGE('',*,*,#17016,.T.);
#17088 = ORIENTED_EDGE('',*,*,#17059,.F.);
#17089 = PLANE('',#17090);
#17090 = AXIS2_PLACEMENT_3D('',#17091,#17092,#17093);
#17091 = CARTESIAN_POINT('',(45.,245.,202.));
#17092 = DIRECTION('',(0.,0.,1.));
#17093 = DIRECTION('',(1.,0.,0.));
#17094 = MANIFOLD_SOLID_BREP('',#17095);
#17095 = CLOSED_SHELL('',(#17096,#17136,#17176,#17198,#17220,#17232));
#17096 = ADVANCED_FACE('',(#17097),#17131,.F.);
#17097 = FACE_BOUND('',#17098,.F.);
#17098 = EDGE_LOOP('',(#17099,#17109,#17117,#17125));
#17099 = ORIENTED_EDGE('',*,*,#17100,.F.);
#17100 = EDGE_CURVE('',#17101,#17103,#17105,.T.);
#17101 = VERTEX_POINT('',#17102);
#17102 = CARTESIAN_POINT('',(49.,247.,202.));
#17103 = VERTEX_POINT('',#17104);
#17104 = CARTESIAN_POINT('',(49.,247.,205.));
#17105 = LINE('',#17106,#17107);
#17106 = CARTESIAN_POINT('',(49.,247.,202.));
#17107 = VECTOR('',#17108,1.);
#17108 = DIRECTION('',(0.,0.,1.));
#17109 = ORIENTED_EDGE('',*,*,#17110,.T.);
#17110 = EDGE_CURVE('',#17101,#17111,#17113,.T.);
#17111 = VERTEX_POINT('',#17112);
#17112 = CARTESIAN_POINT('',(49.,269.,202.));
#17113 = LINE('',#17114,#17115);
#17114 = CARTESIAN_POINT('',(49.,247.,202.));
#17115 = VECTOR('',#17116,1.);
#17116 = DIRECTION('',(0.,1.,0.));
#17117 = ORIENTED_EDGE('',*,*,#17118,.T.);
#17118 = EDGE_CURVE('',#17111,#17119,#17121,.T.);
#17119 = VERTEX_POINT('',#17120);
#17120 = CARTESIAN_POINT('',(49.,269.,205.));
#17121 = LINE('',#17122,#17123);
#17122 = CARTESIAN_POINT('',(49.,269.,202.));
#17123 = VECTOR('',#17124,1.);
#17124 = DIRECTION('',(0.,0.,1.));
#17125 = ORIENTED_EDGE('',*,*,#17126,.F.);
#17126 = EDGE_CURVE('',#17103,#17119,#17127,.T.);
#17127 = LINE('',#17128,#17129);
#17128 = CARTESIAN_POINT('',(49.,247.,205.));
#17129 = VECTOR('',#17130,1.);
#17130 = DIRECTION('',(0.,1.,0.));
#17131 = PLANE('',#17132);
#17132 = AXIS2_PLACEMENT_3D('',#17133,#17134,#17135);
#17133 = CARTESIAN_POINT('',(49.,247.,202.));
#17134 = DIRECTION('',(1.,0.,0.));
#17135 = DIRECTION('',(0.,0.,1.));
#17136 = ADVANCED_FACE('',(#17137),#17171,.T.);
#17137 = FACE_BOUND('',#17138,.T.);
#17138 = EDGE_LOOP('',(#17139,#17149,#17157,#17165));
#17139 = ORIENTED_EDGE('',*,*,#17140,.F.);
#17140 = EDGE_CURVE('',#17141,#17143,#17145,.T.);
#17141 = VERTEX_POINT('',#17142);
#17142 = CARTESIAN_POINT('',(65.,247.,202.));
#17143 = VERTEX_POINT('',#17144);
#17144 = CARTESIAN_POINT('',(65.,247.,205.));
#17145 = LINE('',#17146,#17147);
#17146 = CARTESIAN_POINT('',(65.,247.,202.));
#17147 = VECTOR('',#17148,1.);
#17148 = DIRECTION('',(0.,0.,1.));
#17149 = ORIENTED_EDGE('',*,*,#17150,.T.);
#17150 = EDGE_CURVE('',#17141,#17151,#17153,.T.);
#17151 = VERTEX_POINT('',#17152);
#17152 = CARTESIAN_POINT('',(65.,269.,202.));
#17153 = LINE('',#17154,#17155);
#17154 = CARTESIAN_POINT('',(65.,247.,202.));
#17155 = VECTOR('',#17156,1.);
#17156 = DIRECTION('',(0.,1.,0.));
#17157 = ORIENTED_EDGE('',*,*,#17158,.T.);
#17158 = EDGE_CURVE('',#17151,#17159,#17161,.T.);
#17159 = VERTEX_POINT('',#17160);
#17160 = CARTESIAN_POINT('',(65.,269.,205.));
#17161 = LINE('',#17162,#17163);
#17162 = CARTESIAN_POINT('',(65.,269.,202.));
#17163 = VECTOR('',#17164,1.);
#17164 = DIRECTION('',(0.,0.,1.));
#17165 = ORIENTED_EDGE('',*,*,#17166,.F.);
#17166 = EDGE_CURVE('',#17143,#17159,#17167,.T.);
#17167 = LINE('',#17168,#17169);
#17168 = CARTESIAN_POINT('',(65.,247.,205.));
#17169 = VECTOR('',#17170,1.);
#17170 = DIRECTION('',(0.,1.,0.));
#17171 = PLANE('',#17172);
#17172 = AXIS2_PLACEMENT_3D('',#17173,#17174,#17175);
#17173 = CARTESIAN_POINT('',(65.,247.,202.));
#17174 = DIRECTION('',(1.,0.,0.));
#17175 = DIRECTION('',(0.,0.,1.));
#17176 = ADVANCED_FACE('',(#17177),#17193,.F.);
#17177 = FACE_BOUND('',#17178,.F.);
#17178 = EDGE_LOOP('',(#17179,#17185,#17186,#17192));
#17179 = ORIENTED_EDGE('',*,*,#17180,.F.);
#17180 = EDGE_CURVE('',#17101,#17141,#17181,.T.);
#17181 = LINE('',#17182,#17183);
#17182 = CARTESIAN_POINT('',(49.,247.,202.));
#17183 = VECTOR('',#17184,1.);
#17184 = DIRECTION('',(1.,0.,0.));
#17185 = ORIENTED_EDGE('',*,*,#17100,.T.);
#17186 = ORIENTED_EDGE('',*,*,#17187,.T.);
#17187 = EDGE_CURVE('',#17103,#17143,#17188,.T.);
#17188 = LINE('',#17189,#17190);
#17189 = CARTESIAN_POINT('',(49.,247.,205.));
#17190 = VECTOR('',#17191,1.);
#17191 = DIRECTION('',(1.,0.,0.));
#17192 = ORIENTED_EDGE('',*,*,#17140,.F.);
#17193 = PLANE('',#17194);
#17194 = AXIS2_PLACEMENT_3D('',#17195,#17196,#17197);
#17195 = CARTESIAN_POINT('',(49.,247.,202.));
#17196 = DIRECTION('',(0.,1.,0.));
#17197 = DIRECTION('',(0.,0.,1.));
#17198 = ADVANCED_FACE('',(#17199),#17215,.T.);
#17199 = FACE_BOUND('',#17200,.T.);
#17200 = EDGE_LOOP('',(#17201,#17207,#17208,#17214));
#17201 = ORIENTED_EDGE('',*,*,#17202,.F.);
#17202 = EDGE_CURVE('',#17111,#17151,#17203,.T.);
#17203 = LINE('',#17204,#17205);
#17204 = CARTESIAN_POINT('',(49.,269.,202.));
#17205 = VECTOR('',#17206,1.);
#17206 = DIRECTION('',(1.,0.,0.));
#17207 = ORIENTED_EDGE('',*,*,#17118,.T.);
#17208 = ORIENTED_EDGE('',*,*,#17209,.T.);
#17209 = EDGE_CURVE('',#17119,#17159,#17210,.T.);
#17210 = LINE('',#17211,#17212);
#17211 = CARTESIAN_POINT('',(49.,269.,205.));
#17212 = VECTOR('',#17213,1.);
#17213 = DIRECTION('',(1.,0.,0.));
#17214 = ORIENTED_EDGE('',*,*,#17158,.F.);
#17215 = PLANE('',#17216);
#17216 = AXIS2_PLACEMENT_3D('',#17217,#17218,#17219);
#17217 = CARTESIAN_POINT('',(49.,269.,202.));
#17218 = DIRECTION('',(0.,1.,0.));
#17219 = DIRECTION('',(0.,0.,1.));
#17220 = ADVANCED_FACE('',(#17221),#17227,.F.);
#17221 = FACE_BOUND('',#17222,.F.);
#17222 = EDGE_LOOP('',(#17223,#17224,#17225,#17226));
#17223 = ORIENTED_EDGE('',*,*,#17110,.F.);
#17224 = ORIENTED_EDGE('',*,*,#17180,.T.);
#17225 = ORIENTED_EDGE('',*,*,#17150,.T.);
#17226 = ORIENTED_EDGE('',*,*,#17202,.F.);
#17227 = PLANE('',#17228);
#17228 = AXIS2_PLACEMENT_3D('',#17229,#17230,#17231);
#17229 = CARTESIAN_POINT('',(49.,247.,202.));
#17230 = DIRECTION('',(0.,0.,1.));
#17231 = DIRECTION('',(1.,0.,0.));
#17232 = ADVANCED_FACE('',(#17233),#17239,.T.);
#17233 = FACE_BOUND('',#17234,.T.);
#17234 = EDGE_LOOP('',(#17235,#17236,#17237,#17238));
#17235 = ORIENTED_EDGE('',*,*,#17126,.F.);
#17236 = ORIENTED_EDGE('',*,*,#17187,.T.);
#17237 = ORIENTED_EDGE('',*,*,#17166,.T.);
#17238 = ORIENTED_EDGE('',*,*,#17209,.F.);
#17239 = PLANE('',#17240);
#17240 = AXIS2_PLACEMENT_3D('',#17241,#17242,#17243);
#17241 = CARTESIAN_POINT('',(49.,247.,205.));
#17242 = DIRECTION('',(0.,0.,1.));
#17243 = DIRECTION('',(1.,0.,0.));
#17244 = MANIFOLD_SOLID_BREP('',#17245);
#17245 = CLOSED_SHELL('',(#17246,#17286,#17326,#17348,#17370,#17382));
#17246 = ADVANCED_FACE('',(#17247),#17281,.F.);
#17247 = FACE_BOUND('',#17248,.F.);
#17248 = EDGE_LOOP('',(#17249,#17259,#17267,#17275));
#17249 = ORIENTED_EDGE('',*,*,#17250,.F.);
#17250 = EDGE_CURVE('',#17251,#17253,#17255,.T.);
#17251 = VERTEX_POINT('',#17252);
#17252 = CARTESIAN_POINT('',(49.,249.,205.));
#17253 = VERTEX_POINT('',#17254);
#17254 = CARTESIAN_POINT('',(49.,249.,217.));
#17255 = LINE('',#17256,#17257);
#17256 = CARTESIAN_POINT('',(49.,249.,205.));
#17257 = VECTOR('',#17258,1.);
#17258 = DIRECTION('',(0.,0.,1.));
#17259 = ORIENTED_EDGE('',*,*,#17260,.T.);
#17260 = EDGE_CURVE('',#17251,#17261,#17263,.T.);
#17261 = VERTEX_POINT('',#17262);
#17262 = CARTESIAN_POINT('',(49.,250.5,205.));
#17263 = LINE('',#17264,#17265);
#17264 = CARTESIAN_POINT('',(49.,249.,205.));
#17265 = VECTOR('',#17266,1.);
#17266 = DIRECTION('',(0.,1.,0.));
#17267 = ORIENTED_EDGE('',*,*,#17268,.T.);
#17268 = EDGE_CURVE('',#17261,#17269,#17271,.T.);
#17269 = VERTEX_POINT('',#17270);
#17270 = CARTESIAN_POINT('',(49.,250.5,217.));
#17271 = LINE('',#17272,#17273);
#17272 = CARTESIAN_POINT('',(49.,250.5,205.));
#17273 = VECTOR('',#17274,1.);
#17274 = DIRECTION('',(0.,0.,1.));
#17275 = ORIENTED_EDGE('',*,*,#17276,.F.);
#17276 = EDGE_CURVE('',#17253,#17269,#17277,.T.);
#17277 = LINE('',#17278,#17279);
#17278 = CARTESIAN_POINT('',(49.,249.,217.));
#17279 = VECTOR('',#17280,1.);
#17280 = DIRECTION('',(0.,1.,0.));
#17281 = PLANE('',#17282);
#17282 = AXIS2_PLACEMENT_3D('',#17283,#17284,#17285);
#17283 = CARTESIAN_POINT('',(49.,249.,205.));
#17284 = DIRECTION('',(1.,0.,0.));
#17285 = DIRECTION('',(0.,0.,1.));
#17286 = ADVANCED_FACE('',(#17287),#17321,.T.);
#17287 = FACE_BOUND('',#17288,.T.);
#17288 = EDGE_LOOP('',(#17289,#17299,#17307,#17315));
#17289 = ORIENTED_EDGE('',*,*,#17290,.F.);
#17290 = EDGE_CURVE('',#17291,#17293,#17295,.T.);
#17291 = VERTEX_POINT('',#17292);
#17292 = CARTESIAN_POINT('',(65.,249.,205.));
#17293 = VERTEX_POINT('',#17294);
#17294 = CARTESIAN_POINT('',(65.,249.,217.));
#17295 = LINE('',#17296,#17297);
#17296 = CARTESIAN_POINT('',(65.,249.,205.));
#17297 = VECTOR('',#17298,1.);
#17298 = DIRECTION('',(0.,0.,1.));
#17299 = ORIENTED_EDGE('',*,*,#17300,.T.);
#17300 = EDGE_CURVE('',#17291,#17301,#17303,.T.);
#17301 = VERTEX_POINT('',#17302);
#17302 = CARTESIAN_POINT('',(65.,250.5,205.));
#17303 = LINE('',#17304,#17305);
#17304 = CARTESIAN_POINT('',(65.,249.,205.));
#17305 = VECTOR('',#17306,1.);
#17306 = DIRECTION('',(0.,1.,0.));
#17307 = ORIENTED_EDGE('',*,*,#17308,.T.);
#17308 = EDGE_CURVE('',#17301,#17309,#17311,.T.);
#17309 = VERTEX_POINT('',#17310);
#17310 = CARTESIAN_POINT('',(65.,250.5,217.));
#17311 = LINE('',#17312,#17313);
#17312 = CARTESIAN_POINT('',(65.,250.5,205.));
#17313 = VECTOR('',#17314,1.);
#17314 = DIRECTION('',(0.,0.,1.));
#17315 = ORIENTED_EDGE('',*,*,#17316,.F.);
#17316 = EDGE_CURVE('',#17293,#17309,#17317,.T.);
#17317 = LINE('',#17318,#17319);
#17318 = CARTESIAN_POINT('',(65.,249.,217.));
#17319 = VECTOR('',#17320,1.);
#17320 = DIRECTION('',(0.,1.,0.));
#17321 = PLANE('',#17322);
#17322 = AXIS2_PLACEMENT_3D('',#17323,#17324,#17325);
#17323 = CARTESIAN_POINT('',(65.,249.,205.));
#17324 = DIRECTION('',(1.,0.,0.));
#17325 = DIRECTION('',(0.,0.,1.));
#17326 = ADVANCED_FACE('',(#17327),#17343,.F.);
#17327 = FACE_BOUND('',#17328,.F.);
#17328 = EDGE_LOOP('',(#17329,#17335,#17336,#17342));
#17329 = ORIENTED_EDGE('',*,*,#17330,.F.);
#17330 = EDGE_CURVE('',#17251,#17291,#17331,.T.);
#17331 = LINE('',#17332,#17333);
#17332 = CARTESIAN_POINT('',(49.,249.,205.));
#17333 = VECTOR('',#17334,1.);
#17334 = DIRECTION('',(1.,0.,0.));
#17335 = ORIENTED_EDGE('',*,*,#17250,.T.);
#17336 = ORIENTED_EDGE('',*,*,#17337,.T.);
#17337 = EDGE_CURVE('',#17253,#17293,#17338,.T.);
#17338 = LINE('',#17339,#17340);
#17339 = CARTESIAN_POINT('',(49.,249.,217.));
#17340 = VECTOR('',#17341,1.);
#17341 = DIRECTION('',(1.,0.,0.));
#17342 = ORIENTED_EDGE('',*,*,#17290,.F.);
#17343 = PLANE('',#17344);
#17344 = AXIS2_PLACEMENT_3D('',#17345,#17346,#17347);
#17345 = CARTESIAN_POINT('',(49.,249.,205.));
#17346 = DIRECTION('',(0.,1.,0.));
#17347 = DIRECTION('',(0.,0.,1.));
#17348 = ADVANCED_FACE('',(#17349),#17365,.T.);
#17349 = FACE_BOUND('',#17350,.T.);
#17350 = EDGE_LOOP('',(#17351,#17357,#17358,#17364));
#17351 = ORIENTED_EDGE('',*,*,#17352,.F.);
#17352 = EDGE_CURVE('',#17261,#17301,#17353,.T.);
#17353 = LINE('',#17354,#17355);
#17354 = CARTESIAN_POINT('',(49.,250.5,205.));
#17355 = VECTOR('',#17356,1.);
#17356 = DIRECTION('',(1.,0.,0.));
#17357 = ORIENTED_EDGE('',*,*,#17268,.T.);
#17358 = ORIENTED_EDGE('',*,*,#17359,.T.);
#17359 = EDGE_CURVE('',#17269,#17309,#17360,.T.);
#17360 = LINE('',#17361,#17362);
#17361 = CARTESIAN_POINT('',(49.,250.5,217.));
#17362 = VECTOR('',#17363,1.);
#17363 = DIRECTION('',(1.,0.,0.));
#17364 = ORIENTED_EDGE('',*,*,#17308,.F.);
#17365 = PLANE('',#17366);
#17366 = AXIS2_PLACEMENT_3D('',#17367,#17368,#17369);
#17367 = CARTESIAN_POINT('',(49.,250.5,205.));
#17368 = DIRECTION('',(0.,1.,0.));
#17369 = DIRECTION('',(0.,0.,1.));
#17370 = ADVANCED_FACE('',(#17371),#17377,.F.);
#17371 = FACE_BOUND('',#17372,.F.);
#17372 = EDGE_LOOP('',(#17373,#17374,#17375,#17376));
#17373 = ORIENTED_EDGE('',*,*,#17260,.F.);
#17374 = ORIENTED_EDGE('',*,*,#17330,.T.);
#17375 = ORIENTED_EDGE('',*,*,#17300,.T.);
#17376 = ORIENTED_EDGE('',*,*,#17352,.F.);
#17377 = PLANE('',#17378);
#17378 = AXIS2_PLACEMENT_3D('',#17379,#17380,#17381);
#17379 = CARTESIAN_POINT('',(49.,249.,205.));
#17380 = DIRECTION('',(0.,0.,1.));
#17381 = DIRECTION('',(1.,0.,0.));
#17382 = ADVANCED_FACE('',(#17383),#17389,.T.);
#17383 = FACE_BOUND('',#17384,.T.);
#17384 = EDGE_LOOP('',(#17385,#17386,#17387,#17388));
#17385 = ORIENTED_EDGE('',*,*,#17276,.F.);
#17386 = ORIENTED_EDGE('',*,*,#17337,.T.);
#17387 = ORIENTED_EDGE('',*,*,#17316,.T.);
#17388 = ORIENTED_EDGE('',*,*,#17359,.F.);
#17389 = PLANE('',#17390);
#17390 = AXIS2_PLACEMENT_3D('',#17391,#17392,#17393);
#17391 = CARTESIAN_POINT('',(49.,249.,217.));
#17392 = DIRECTION('',(0.,0.,1.));
#17393 = DIRECTION('',(1.,0.,0.));
#17394 = MANIFOLD_SOLID_BREP('',#17395);
#17395 = CLOSED_SHELL('',(#17396,#17436,#17476,#17498,#17520,#17532));
#17396 = ADVANCED_FACE('',(#17397),#17431,.F.);
#17397 = FACE_BOUND('',#17398,.F.);
#17398 = EDGE_LOOP('',(#17399,#17409,#17417,#17425));
#17399 = ORIENTED_EDGE('',*,*,#17400,.F.);
#17400 = EDGE_CURVE('',#17401,#17403,#17405,.T.);
#17401 = VERTEX_POINT('',#17402);
#17402 = CARTESIAN_POINT('',(49.,253.,205.));
#17403 = VERTEX_POINT('',#17404);
#17404 = CARTESIAN_POINT('',(49.,253.,217.));
#17405 = LINE('',#17406,#17407);
#17406 = CARTESIAN_POINT('',(49.,253.,205.));
#17407 = VECTOR('',#17408,1.);
#17408 = DIRECTION('',(0.,0.,1.));
#17409 = ORIENTED_EDGE('',*,*,#17410,.T.);
#17410 = EDGE_CURVE('',#17401,#17411,#17413,.T.);
#17411 = VERTEX_POINT('',#17412);
#17412 = CARTESIAN_POINT('',(49.,254.5,205.));
#17413 = LINE('',#17414,#17415);
#17414 = CARTESIAN_POINT('',(49.,253.,205.));
#17415 = VECTOR('',#17416,1.);
#17416 = DIRECTION('',(0.,1.,0.));
#17417 = ORIENTED_EDGE('',*,*,#17418,.T.);
#17418 = EDGE_CURVE('',#17411,#17419,#17421,.T.);
#17419 = VERTEX_POINT('',#17420);
#17420 = CARTESIAN_POINT('',(49.,254.5,217.));
#17421 = LINE('',#17422,#17423);
#17422 = CARTESIAN_POINT('',(49.,254.5,205.));
#17423 = VECTOR('',#17424,1.);
#17424 = DIRECTION('',(0.,0.,1.));
#17425 = ORIENTED_EDGE('',*,*,#17426,.F.);
#17426 = EDGE_CURVE('',#17403,#17419,#17427,.T.);
#17427 = LINE('',#17428,#17429);
#17428 = CARTESIAN_POINT('',(49.,253.,217.));
#17429 = VECTOR('',#17430,1.);
#17430 = DIRECTION('',(0.,1.,0.));
#17431 = PLANE('',#17432);
#17432 = AXIS2_PLACEMENT_3D('',#17433,#17434,#17435);
#17433 = CARTESIAN_POINT('',(49.,253.,205.));
#17434 = DIRECTION('',(1.,0.,0.));
#17435 = DIRECTION('',(0.,0.,1.));
#17436 = ADVANCED_FACE('',(#17437),#17471,.T.);
#17437 = FACE_BOUND('',#17438,.T.);
#17438 = EDGE_LOOP('',(#17439,#17449,#17457,#17465));
#17439 = ORIENTED_EDGE('',*,*,#17440,.F.);
#17440 = EDGE_CURVE('',#17441,#17443,#17445,.T.);
#17441 = VERTEX_POINT('',#17442);
#17442 = CARTESIAN_POINT('',(65.,253.,205.));
#17443 = VERTEX_POINT('',#17444);
#17444 = CARTESIAN_POINT('',(65.,253.,217.));
#17445 = LINE('',#17446,#17447);
#17446 = CARTESIAN_POINT('',(65.,253.,205.));
#17447 = VECTOR('',#17448,1.);
#17448 = DIRECTION('',(0.,0.,1.));
#17449 = ORIENTED_EDGE('',*,*,#17450,.T.);
#17450 = EDGE_CURVE('',#17441,#17451,#17453,.T.);
#17451 = VERTEX_POINT('',#17452);
#17452 = CARTESIAN_POINT('',(65.,254.5,205.));
#17453 = LINE('',#17454,#17455);
#17454 = CARTESIAN_POINT('',(65.,253.,205.));
#17455 = VECTOR('',#17456,1.);
#17456 = DIRECTION('',(0.,1.,0.));
#17457 = ORIENTED_EDGE('',*,*,#17458,.T.);
#17458 = EDGE_CURVE('',#17451,#17459,#17461,.T.);
#17459 = VERTEX_POINT('',#17460);
#17460 = CARTESIAN_POINT('',(65.,254.5,217.));
#17461 = LINE('',#17462,#17463);
#17462 = CARTESIAN_POINT('',(65.,254.5,205.));
#17463 = VECTOR('',#17464,1.);
#17464 = DIRECTION('',(0.,0.,1.));
#17465 = ORIENTED_EDGE('',*,*,#17466,.F.);
#17466 = EDGE_CURVE('',#17443,#17459,#17467,.T.);
#17467 = LINE('',#17468,#17469);
#17468 = CARTESIAN_POINT('',(65.,253.,217.));
#17469 = VECTOR('',#17470,1.);
#17470 = DIRECTION('',(0.,1.,0.));
#17471 = PLANE('',#17472);
#17472 = AXIS2_PLACEMENT_3D('',#17473,#17474,#17475);
#17473 = CARTESIAN_POINT('',(65.,253.,205.));
#17474 = DIRECTION('',(1.,0.,0.));
#17475 = DIRECTION('',(0.,0.,1.));
#17476 = ADVANCED_FACE('',(#17477),#17493,.F.);
#17477 = FACE_BOUND('',#17478,.F.);
#17478 = EDGE_LOOP('',(#17479,#17485,#17486,#17492));
#17479 = ORIENTED_EDGE('',*,*,#17480,.F.);
#17480 = EDGE_CURVE('',#17401,#17441,#17481,.T.);
#17481 = LINE('',#17482,#17483);
#17482 = CARTESIAN_POINT('',(49.,253.,205.));
#17483 = VECTOR('',#17484,1.);
#17484 = DIRECTION('',(1.,0.,0.));
#17485 = ORIENTED_EDGE('',*,*,#17400,.T.);
#17486 = ORIENTED_EDGE('',*,*,#17487,.T.);
#17487 = EDGE_CURVE('',#17403,#17443,#17488,.T.);
#17488 = LINE('',#17489,#17490);
#17489 = CARTESIAN_POINT('',(49.,253.,217.));
#17490 = VECTOR('',#17491,1.);
#17491 = DIRECTION('',(1.,0.,0.));
#17492 = ORIENTED_EDGE('',*,*,#17440,.F.);
#17493 = PLANE('',#17494);
#17494 = AXIS2_PLACEMENT_3D('',#17495,#17496,#17497);
#17495 = CARTESIAN_POINT('',(49.,253.,205.));
#17496 = DIRECTION('',(0.,1.,0.));
#17497 = DIRECTION('',(0.,0.,1.));
#17498 = ADVANCED_FACE('',(#17499),#17515,.T.);
#17499 = FACE_BOUND('',#17500,.T.);
#17500 = EDGE_LOOP('',(#17501,#17507,#17508,#17514));
#17501 = ORIENTED_EDGE('',*,*,#17502,.F.);
#17502 = EDGE_CURVE('',#17411,#17451,#17503,.T.);
#17503 = LINE('',#17504,#17505);
#17504 = CARTESIAN_POINT('',(49.,254.5,205.));
#17505 = VECTOR('',#17506,1.);
#17506 = DIRECTION('',(1.,0.,0.));
#17507 = ORIENTED_EDGE('',*,*,#17418,.T.);
#17508 = ORIENTED_EDGE('',*,*,#17509,.T.);
#17509 = EDGE_CURVE('',#17419,#17459,#17510,.T.);
#17510 = LINE('',#17511,#17512);
#17511 = CARTESIAN_POINT('',(49.,254.5,217.));
#17512 = VECTOR('',#17513,1.);
#17513 = DIRECTION('',(1.,0.,0.));
#17514 = ORIENTED_EDGE('',*,*,#17458,.F.);
#17515 = PLANE('',#17516);
#17516 = AXIS2_PLACEMENT_3D('',#17517,#17518,#17519);
#17517 = CARTESIAN_POINT('',(49.,254.5,205.));
#17518 = DIRECTION('',(0.,1.,0.));
#17519 = DIRECTION('',(0.,0.,1.));
#17520 = ADVANCED_FACE('',(#17521),#17527,.F.);
#17521 = FACE_BOUND('',#17522,.F.);
#17522 = EDGE_LOOP('',(#17523,#17524,#17525,#17526));
#17523 = ORIENTED_EDGE('',*,*,#17410,.F.);
#17524 = ORIENTED_EDGE('',*,*,#17480,.T.);
#17525 = ORIENTED_EDGE('',*,*,#17450,.T.);
#17526 = ORIENTED_EDGE('',*,*,#17502,.F.);
#17527 = PLANE('',#17528);
#17528 = AXIS2_PLACEMENT_3D('',#17529,#17530,#17531);
#17529 = CARTESIAN_POINT('',(49.,253.,205.));
#17530 = DIRECTION('',(0.,0.,1.));
#17531 = DIRECTION('',(1.,0.,0.));
#17532 = ADVANCED_FACE('',(#17533),#17539,.T.);
#17533 = FACE_BOUND('',#17534,.T.);
#17534 = EDGE_LOOP('',(#17535,#17536,#17537,#17538));
#17535 = ORIENTED_EDGE('',*,*,#17426,.F.);
#17536 = ORIENTED_EDGE('',*,*,#17487,.T.);
#17537 = ORIENTED_EDGE('',*,*,#17466,.T.);
#17538 = ORIENTED_EDGE('',*,*,#17509,.F.);
#17539 = PLANE('',#17540);
#17540 = AXIS2_PLACEMENT_3D('',#17541,#17542,#17543);
#17541 = CARTESIAN_POINT('',(49.,253.,217.));
#17542 = DIRECTION('',(0.,0.,1.));
#17543 = DIRECTION('',(1.,0.,0.));
#17544 = MANIFOLD_SOLID_BREP('',#17545);
#17545 = CLOSED_SHELL('',(#17546,#17586,#17626,#17648,#17670,#17682));
#17546 = ADVANCED_FACE('',(#17547),#17581,.F.);
#17547 = FACE_BOUND('',#17548,.F.);
#17548 = EDGE_LOOP('',(#17549,#17559,#17567,#17575));
#17549 = ORIENTED_EDGE('',*,*,#17550,.F.);
#17550 = EDGE_CURVE('',#17551,#17553,#17555,.T.);
#17551 = VERTEX_POINT('',#17552);
#17552 = CARTESIAN_POINT('',(49.,257.,205.));
#17553 = VERTEX_POINT('',#17554);
#17554 = CARTESIAN_POINT('',(49.,257.,217.));
#17555 = LINE('',#17556,#17557);
#17556 = CARTESIAN_POINT('',(49.,257.,205.));
#17557 = VECTOR('',#17558,1.);
#17558 = DIRECTION('',(0.,0.,1.));
#17559 = ORIENTED_EDGE('',*,*,#17560,.T.);
#17560 = EDGE_CURVE('',#17551,#17561,#17563,.T.);
#17561 = VERTEX_POINT('',#17562);
#17562 = CARTESIAN_POINT('',(49.,258.5,205.));
#17563 = LINE('',#17564,#17565);
#17564 = CARTESIAN_POINT('',(49.,257.,205.));
#17565 = VECTOR('',#17566,1.);
#17566 = DIRECTION('',(0.,1.,0.));
#17567 = ORIENTED_EDGE('',*,*,#17568,.T.);
#17568 = EDGE_CURVE('',#17561,#17569,#17571,.T.);
#17569 = VERTEX_POINT('',#17570);
#17570 = CARTESIAN_POINT('',(49.,258.5,217.));
#17571 = LINE('',#17572,#17573);
#17572 = CARTESIAN_POINT('',(49.,258.5,205.));
#17573 = VECTOR('',#17574,1.);
#17574 = DIRECTION('',(0.,0.,1.));
#17575 = ORIENTED_EDGE('',*,*,#17576,.F.);
#17576 = EDGE_CURVE('',#17553,#17569,#17577,.T.);
#17577 = LINE('',#17578,#17579);
#17578 = CARTESIAN_POINT('',(49.,257.,217.));
#17579 = VECTOR('',#17580,1.);
#17580 = DIRECTION('',(0.,1.,0.));
#17581 = PLANE('',#17582);
#17582 = AXIS2_PLACEMENT_3D('',#17583,#17584,#17585);
#17583 = CARTESIAN_POINT('',(49.,257.,205.));
#17584 = DIRECTION('',(1.,0.,0.));
#17585 = DIRECTION('',(0.,0.,1.));
#17586 = ADVANCED_FACE('',(#17587),#17621,.T.);
#17587 = FACE_BOUND('',#17588,.T.);
#17588 = EDGE_LOOP('',(#17589,#17599,#17607,#17615));
#17589 = ORIENTED_EDGE('',*,*,#17590,.F.);
#17590 = EDGE_CURVE('',#17591,#17593,#17595,.T.);
#17591 = VERTEX_POINT('',#17592);
#17592 = CARTESIAN_POINT('',(65.,257.,205.));
#17593 = VERTEX_POINT('',#17594);
#17594 = CARTESIAN_POINT('',(65.,257.,217.));
#17595 = LINE('',#17596,#17597);
#17596 = CARTESIAN_POINT('',(65.,257.,205.));
#17597 = VECTOR('',#17598,1.);
#17598 = DIRECTION('',(0.,0.,1.));
#17599 = ORIENTED_EDGE('',*,*,#17600,.T.);
#17600 = EDGE_CURVE('',#17591,#17601,#17603,.T.);
#17601 = VERTEX_POINT('',#17602);
#17602 = CARTESIAN_POINT('',(65.,258.5,205.));
#17603 = LINE('',#17604,#17605);
#17604 = CARTESIAN_POINT('',(65.,257.,205.));
#17605 = VECTOR('',#17606,1.);
#17606 = DIRECTION('',(0.,1.,0.));
#17607 = ORIENTED_EDGE('',*,*,#17608,.T.);
#17608 = EDGE_CURVE('',#17601,#17609,#17611,.T.);
#17609 = VERTEX_POINT('',#17610);
#17610 = CARTESIAN_POINT('',(65.,258.5,217.));
#17611 = LINE('',#17612,#17613);
#17612 = CARTESIAN_POINT('',(65.,258.5,205.));
#17613 = VECTOR('',#17614,1.);
#17614 = DIRECTION('',(0.,0.,1.));
#17615 = ORIENTED_EDGE('',*,*,#17616,.F.);
#17616 = EDGE_CURVE('',#17593,#17609,#17617,.T.);
#17617 = LINE('',#17618,#17619);
#17618 = CARTESIAN_POINT('',(65.,257.,217.));
#17619 = VECTOR('',#17620,1.);
#17620 = DIRECTION('',(0.,1.,0.));
#17621 = PLANE('',#17622);
#17622 = AXIS2_PLACEMENT_3D('',#17623,#17624,#17625);
#17623 = CARTESIAN_POINT('',(65.,257.,205.));
#17624 = DIRECTION('',(1.,0.,0.));
#17625 = DIRECTION('',(0.,0.,1.));
#17626 = ADVANCED_FACE('',(#17627),#17643,.F.);
#17627 = FACE_BOUND('',#17628,.F.);
#17628 = EDGE_LOOP('',(#17629,#17635,#17636,#17642));
#17629 = ORIENTED_EDGE('',*,*,#17630,.F.);
#17630 = EDGE_CURVE('',#17551,#17591,#17631,.T.);
#17631 = LINE('',#17632,#17633);
#17632 = CARTESIAN_POINT('',(49.,257.,205.));
#17633 = VECTOR('',#17634,1.);
#17634 = DIRECTION('',(1.,0.,0.));
#17635 = ORIENTED_EDGE('',*,*,#17550,.T.);
#17636 = ORIENTED_EDGE('',*,*,#17637,.T.);
#17637 = EDGE_CURVE('',#17553,#17593,#17638,.T.);
#17638 = LINE('',#17639,#17640);
#17639 = CARTESIAN_POINT('',(49.,257.,217.));
#17640 = VECTOR('',#17641,1.);
#17641 = DIRECTION('',(1.,0.,0.));
#17642 = ORIENTED_EDGE('',*,*,#17590,.F.);
#17643 = PLANE('',#17644);
#17644 = AXIS2_PLACEMENT_3D('',#17645,#17646,#17647);
#17645 = CARTESIAN_POINT('',(49.,257.,205.));
#17646 = DIRECTION('',(0.,1.,0.));
#17647 = DIRECTION('',(0.,0.,1.));
#17648 = ADVANCED_FACE('',(#17649),#17665,.T.);
#17649 = FACE_BOUND('',#17650,.T.);
#17650 = EDGE_LOOP('',(#17651,#17657,#17658,#17664));
#17651 = ORIENTED_EDGE('',*,*,#17652,.F.);
#17652 = EDGE_CURVE('',#17561,#17601,#17653,.T.);
#17653 = LINE('',#17654,#17655);
#17654 = CARTESIAN_POINT('',(49.,258.5,205.));
#17655 = VECTOR('',#17656,1.);
#17656 = DIRECTION('',(1.,0.,0.));
#17657 = ORIENTED_EDGE('',*,*,#17568,.T.);
#17658 = ORIENTED_EDGE('',*,*,#17659,.T.);
#17659 = EDGE_CURVE('',#17569,#17609,#17660,.T.);
#17660 = LINE('',#17661,#17662);
#17661 = CARTESIAN_POINT('',(49.,258.5,217.));
#17662 = VECTOR('',#17663,1.);
#17663 = DIRECTION('',(1.,0.,0.));
#17664 = ORIENTED_EDGE('',*,*,#17608,.F.);
#17665 = PLANE('',#17666);
#17666 = AXIS2_PLACEMENT_3D('',#17667,#17668,#17669);
#17667 = CARTESIAN_POINT('',(49.,258.5,205.));
#17668 = DIRECTION('',(0.,1.,0.));
#17669 = DIRECTION('',(0.,0.,1.));
#17670 = ADVANCED_FACE('',(#17671),#17677,.F.);
#17671 = FACE_BOUND('',#17672,.F.);
#17672 = EDGE_LOOP('',(#17673,#17674,#17675,#17676));
#17673 = ORIENTED_EDGE('',*,*,#17560,.F.);
#17674 = ORIENTED_EDGE('',*,*,#17630,.T.);
#17675 = ORIENTED_EDGE('',*,*,#17600,.T.);
#17676 = ORIENTED_EDGE('',*,*,#17652,.F.);
#17677 = PLANE('',#17678);
#17678 = AXIS2_PLACEMENT_3D('',#17679,#17680,#17681);
#17679 = CARTESIAN_POINT('',(49.,257.,205.));
#17680 = DIRECTION('',(0.,0.,1.));
#17681 = DIRECTION('',(1.,0.,0.));
#17682 = ADVANCED_FACE('',(#17683),#17689,.T.);
#17683 = FACE_BOUND('',#17684,.T.);
#17684 = EDGE_LOOP('',(#17685,#17686,#17687,#17688));
#17685 = ORIENTED_EDGE('',*,*,#17576,.F.);
#17686 = ORIENTED_EDGE('',*,*,#17637,.T.);
#17687 = ORIENTED_EDGE('',*,*,#17616,.T.);
#17688 = ORIENTED_EDGE('',*,*,#17659,.F.);
#17689 = PLANE('',#17690);
#17690 = AXIS2_PLACEMENT_3D('',#17691,#17692,#17693);
#17691 = CARTESIAN_POINT('',(49.,257.,217.));
#17692 = DIRECTION('',(0.,0.,1.));
#17693 = DIRECTION('',(1.,0.,0.));
#17694 = MANIFOLD_SOLID_BREP('',#17695);
#17695 = CLOSED_SHELL('',(#17696,#17736,#17776,#17798,#17820,#17832));
#17696 = ADVANCED_FACE('',(#17697),#17731,.F.);
#17697 = FACE_BOUND('',#17698,.F.);
#17698 = EDGE_LOOP('',(#17699,#17709,#17717,#17725));
#17699 = ORIENTED_EDGE('',*,*,#17700,.F.);
#17700 = EDGE_CURVE('',#17701,#17703,#17705,.T.);
#17701 = VERTEX_POINT('',#17702);
#17702 = CARTESIAN_POINT('',(49.,261.,205.));
#17703 = VERTEX_POINT('',#17704);
#17704 = CARTESIAN_POINT('',(49.,261.,217.));
#17705 = LINE('',#17706,#17707);
#17706 = CARTESIAN_POINT('',(49.,261.,205.));
#17707 = VECTOR('',#17708,1.);
#17708 = DIRECTION('',(0.,0.,1.));
#17709 = ORIENTED_EDGE('',*,*,#17710,.T.);
#17710 = EDGE_CURVE('',#17701,#17711,#17713,.T.);
#17711 = VERTEX_POINT('',#17712);
#17712 = CARTESIAN_POINT('',(49.,262.5,205.));
#17713 = LINE('',#17714,#17715);
#17714 = CARTESIAN_POINT('',(49.,261.,205.));
#17715 = VECTOR('',#17716,1.);
#17716 = DIRECTION('',(0.,1.,0.));
#17717 = ORIENTED_EDGE('',*,*,#17718,.T.);
#17718 = EDGE_CURVE('',#17711,#17719,#17721,.T.);
#17719 = VERTEX_POINT('',#17720);
#17720 = CARTESIAN_POINT('',(49.,262.5,217.));
#17721 = LINE('',#17722,#17723);
#17722 = CARTESIAN_POINT('',(49.,262.5,205.));
#17723 = VECTOR('',#17724,1.);
#17724 = DIRECTION('',(0.,0.,1.));
#17725 = ORIENTED_EDGE('',*,*,#17726,.F.);
#17726 = EDGE_CURVE('',#17703,#17719,#17727,.T.);
#17727 = LINE('',#17728,#17729);
#17728 = CARTESIAN_POINT('',(49.,261.,217.));
#17729 = VECTOR('',#17730,1.);
#17730 = DIRECTION('',(0.,1.,0.));
#17731 = PLANE('',#17732);
#17732 = AXIS2_PLACEMENT_3D('',#17733,#17734,#17735);
#17733 = CARTESIAN_POINT('',(49.,261.,205.));
#17734 = DIRECTION('',(1.,0.,0.));
#17735 = DIRECTION('',(0.,0.,1.));
#17736 = ADVANCED_FACE('',(#17737),#17771,.T.);
#17737 = FACE_BOUND('',#17738,.T.);
#17738 = EDGE_LOOP('',(#17739,#17749,#17757,#17765));
#17739 = ORIENTED_EDGE('',*,*,#17740,.F.);
#17740 = EDGE_CURVE('',#17741,#17743,#17745,.T.);
#17741 = VERTEX_POINT('',#17742);
#17742 = CARTESIAN_POINT('',(65.,261.,205.));
#17743 = VERTEX_POINT('',#17744);
#17744 = CARTESIAN_POINT('',(65.,261.,217.));
#17745 = LINE('',#17746,#17747);
#17746 = CARTESIAN_POINT('',(65.,261.,205.));
#17747 = VECTOR('',#17748,1.);
#17748 = DIRECTION('',(0.,0.,1.));
#17749 = ORIENTED_EDGE('',*,*,#17750,.T.);
#17750 = EDGE_CURVE('',#17741,#17751,#17753,.T.);
#17751 = VERTEX_POINT('',#17752);
#17752 = CARTESIAN_POINT('',(65.,262.5,205.));
#17753 = LINE('',#17754,#17755);
#17754 = CARTESIAN_POINT('',(65.,261.,205.));
#17755 = VECTOR('',#17756,1.);
#17756 = DIRECTION('',(0.,1.,0.));
#17757 = ORIENTED_EDGE('',*,*,#17758,.T.);
#17758 = EDGE_CURVE('',#17751,#17759,#17761,.T.);
#17759 = VERTEX_POINT('',#17760);
#17760 = CARTESIAN_POINT('',(65.,262.5,217.));
#17761 = LINE('',#17762,#17763);
#17762 = CARTESIAN_POINT('',(65.,262.5,205.));
#17763 = VECTOR('',#17764,1.);
#17764 = DIRECTION('',(0.,0.,1.));
#17765 = ORIENTED_EDGE('',*,*,#17766,.F.);
#17766 = EDGE_CURVE('',#17743,#17759,#17767,.T.);
#17767 = LINE('',#17768,#17769);
#17768 = CARTESIAN_POINT('',(65.,261.,217.));
#17769 = VECTOR('',#17770,1.);
#17770 = DIRECTION('',(0.,1.,0.));
#17771 = PLANE('',#17772);
#17772 = AXIS2_PLACEMENT_3D('',#17773,#17774,#17775);
#17773 = CARTESIAN_POINT('',(65.,261.,205.));
#17774 = DIRECTION('',(1.,0.,0.));
#17775 = DIRECTION('',(0.,0.,1.));
#17776 = ADVANCED_FACE('',(#17777),#17793,.F.);
#17777 = FACE_BOUND('',#17778,.F.);
#17778 = EDGE_LOOP('',(#17779,#17785,#17786,#17792));
#17779 = ORIENTED_EDGE('',*,*,#17780,.F.);
#17780 = EDGE_CURVE('',#17701,#17741,#17781,.T.);
#17781 = LINE('',#17782,#17783);
#17782 = CARTESIAN_POINT('',(49.,261.,205.));
#17783 = VECTOR('',#17784,1.);
#17784 = DIRECTION('',(1.,0.,0.));
#17785 = ORIENTED_EDGE('',*,*,#17700,.T.);
#17786 = ORIENTED_EDGE('',*,*,#17787,.T.);
#17787 = EDGE_CURVE('',#17703,#17743,#17788,.T.);
#17788 = LINE('',#17789,#17790);
#17789 = CARTESIAN_POINT('',(49.,261.,217.));
#17790 = VECTOR('',#17791,1.);
#17791 = DIRECTION('',(1.,0.,0.));
#17792 = ORIENTED_EDGE('',*,*,#17740,.F.);
#17793 = PLANE('',#17794);
#17794 = AXIS2_PLACEMENT_3D('',#17795,#17796,#17797);
#17795 = CARTESIAN_POINT('',(49.,261.,205.));
#17796 = DIRECTION('',(0.,1.,0.));
#17797 = DIRECTION('',(0.,0.,1.));
#17798 = ADVANCED_FACE('',(#17799),#17815,.T.);
#17799 = FACE_BOUND('',#17800,.T.);
#17800 = EDGE_LOOP('',(#17801,#17807,#17808,#17814));
#17801 = ORIENTED_EDGE('',*,*,#17802,.F.);
#17802 = EDGE_CURVE('',#17711,#17751,#17803,.T.);
#17803 = LINE('',#17804,#17805);
#17804 = CARTESIAN_POINT('',(49.,262.5,205.));
#17805 = VECTOR('',#17806,1.);
#17806 = DIRECTION('',(1.,0.,0.));
#17807 = ORIENTED_EDGE('',*,*,#17718,.T.);
#17808 = ORIENTED_EDGE('',*,*,#17809,.T.);
#17809 = EDGE_CURVE('',#17719,#17759,#17810,.T.);
#17810 = LINE('',#17811,#17812);
#17811 = CARTESIAN_POINT('',(49.,262.5,217.));
#17812 = VECTOR('',#17813,1.);
#17813 = DIRECTION('',(1.,0.,0.));
#17814 = ORIENTED_EDGE('',*,*,#17758,.F.);
#17815 = PLANE('',#17816);
#17816 = AXIS2_PLACEMENT_3D('',#17817,#17818,#17819);
#17817 = CARTESIAN_POINT('',(49.,262.5,205.));
#17818 = DIRECTION('',(0.,1.,0.));
#17819 = DIRECTION('',(0.,0.,1.));
#17820 = ADVANCED_FACE('',(#17821),#17827,.F.);
#17821 = FACE_BOUND('',#17822,.F.);
#17822 = EDGE_LOOP('',(#17823,#17824,#17825,#17826));
#17823 = ORIENTED_EDGE('',*,*,#17710,.F.);
#17824 = ORIENTED_EDGE('',*,*,#17780,.T.);
#17825 = ORIENTED_EDGE('',*,*,#17750,.T.);
#17826 = ORIENTED_EDGE('',*,*,#17802,.F.);
#17827 = PLANE('',#17828);
#17828 = AXIS2_PLACEMENT_3D('',#17829,#17830,#17831);
#17829 = CARTESIAN_POINT('',(49.,261.,205.));
#17830 = DIRECTION('',(0.,0.,1.));
#17831 = DIRECTION('',(1.,0.,0.));
#17832 = ADVANCED_FACE('',(#17833),#17839,.T.);
#17833 = FACE_BOUND('',#17834,.T.);
#17834 = EDGE_LOOP('',(#17835,#17836,#17837,#17838));
#17835 = ORIENTED_EDGE('',*,*,#17726,.F.);
#17836 = ORIENTED_EDGE('',*,*,#17787,.T.);
#17837 = ORIENTED_EDGE('',*,*,#17766,.T.);
#17838 = ORIENTED_EDGE('',*,*,#17809,.F.);
#17839 = PLANE('',#17840);
#17840 = AXIS2_PLACEMENT_3D('',#17841,#17842,#17843);
#17841 = CARTESIAN_POINT('',(49.,261.,217.));
#17842 = DIRECTION('',(0.,0.,1.));
#17843 = DIRECTION('',(1.,0.,0.));
#17844 = MANIFOLD_SOLID_BREP('',#17845);
#17845 = CLOSED_SHELL('',(#17846,#17886,#17926,#17948,#17970,#17982));
#17846 = ADVANCED_FACE('',(#17847),#17881,.F.);
#17847 = FACE_BOUND('',#17848,.F.);
#17848 = EDGE_LOOP('',(#17849,#17859,#17867,#17875));
#17849 = ORIENTED_EDGE('',*,*,#17850,.F.);
#17850 = EDGE_CURVE('',#17851,#17853,#17855,.T.);
#17851 = VERTEX_POINT('',#17852);
#17852 = CARTESIAN_POINT('',(49.,265.,205.));
#17853 = VERTEX_POINT('',#17854);
#17854 = CARTESIAN_POINT('',(49.,265.,217.));
#17855 = LINE('',#17856,#17857);
#17856 = CARTESIAN_POINT('',(49.,265.,205.));
#17857 = VECTOR('',#17858,1.);
#17858 = DIRECTION('',(0.,0.,1.));
#17859 = ORIENTED_EDGE('',*,*,#17860,.T.);
#17860 = EDGE_CURVE('',#17851,#17861,#17863,.T.);
#17861 = VERTEX_POINT('',#17862);
#17862 = CARTESIAN_POINT('',(49.,266.5,205.));
#17863 = LINE('',#17864,#17865);
#17864 = CARTESIAN_POINT('',(49.,265.,205.));
#17865 = VECTOR('',#17866,1.);
#17866 = DIRECTION('',(0.,1.,0.));
#17867 = ORIENTED_EDGE('',*,*,#17868,.T.);
#17868 = EDGE_CURVE('',#17861,#17869,#17871,.T.);
#17869 = VERTEX_POINT('',#17870);
#17870 = CARTESIAN_POINT('',(49.,266.5,217.));
#17871 = LINE('',#17872,#17873);
#17872 = CARTESIAN_POINT('',(49.,266.5,205.));
#17873 = VECTOR('',#17874,1.);
#17874 = DIRECTION('',(0.,0.,1.));
#17875 = ORIENTED_EDGE('',*,*,#17876,.F.);
#17876 = EDGE_CURVE('',#17853,#17869,#17877,.T.);
#17877 = LINE('',#17878,#17879);
#17878 = CARTESIAN_POINT('',(49.,265.,217.));
#17879 = VECTOR('',#17880,1.);
#17880 = DIRECTION('',(0.,1.,0.));
#17881 = PLANE('',#17882);
#17882 = AXIS2_PLACEMENT_3D('',#17883,#17884,#17885);
#17883 = CARTESIAN_POINT('',(49.,265.,205.));
#17884 = DIRECTION('',(1.,0.,0.));
#17885 = DIRECTION('',(0.,0.,1.));
#17886 = ADVANCED_FACE('',(#17887),#17921,.T.);
#17887 = FACE_BOUND('',#17888,.T.);
#17888 = EDGE_LOOP('',(#17889,#17899,#17907,#17915));
#17889 = ORIENTED_EDGE('',*,*,#17890,.F.);
#17890 = EDGE_CURVE('',#17891,#17893,#17895,.T.);
#17891 = VERTEX_POINT('',#17892);
#17892 = CARTESIAN_POINT('',(65.,265.,205.));
#17893 = VERTEX_POINT('',#17894);
#17894 = CARTESIAN_POINT('',(65.,265.,217.));
#17895 = LINE('',#17896,#17897);
#17896 = CARTESIAN_POINT('',(65.,265.,205.));
#17897 = VECTOR('',#17898,1.);
#17898 = DIRECTION('',(0.,0.,1.));
#17899 = ORIENTED_EDGE('',*,*,#17900,.T.);
#17900 = EDGE_CURVE('',#17891,#17901,#17903,.T.);
#17901 = VERTEX_POINT('',#17902);
#17902 = CARTESIAN_POINT('',(65.,266.5,205.));
#17903 = LINE('',#17904,#17905);
#17904 = CARTESIAN_POINT('',(65.,265.,205.));
#17905 = VECTOR('',#17906,1.);
#17906 = DIRECTION('',(0.,1.,0.));
#17907 = ORIENTED_EDGE('',*,*,#17908,.T.);
#17908 = EDGE_CURVE('',#17901,#17909,#17911,.T.);
#17909 = VERTEX_POINT('',#17910);
#17910 = CARTESIAN_POINT('',(65.,266.5,217.));
#17911 = LINE('',#17912,#17913);
#17912 = CARTESIAN_POINT('',(65.,266.5,205.));
#17913 = VECTOR('',#17914,1.);
#17914 = DIRECTION('',(0.,0.,1.));
#17915 = ORIENTED_EDGE('',*,*,#17916,.F.);
#17916 = EDGE_CURVE('',#17893,#17909,#17917,.T.);
#17917 = LINE('',#17918,#17919);
#17918 = CARTESIAN_POINT('',(65.,265.,217.));
#17919 = VECTOR('',#17920,1.);
#17920 = DIRECTION('',(0.,1.,0.));
#17921 = PLANE('',#17922);
#17922 = AXIS2_PLACEMENT_3D('',#17923,#17924,#17925);
#17923 = CARTESIAN_POINT('',(65.,265.,205.));
#17924 = DIRECTION('',(1.,0.,0.));
#17925 = DIRECTION('',(0.,0.,1.));
#17926 = ADVANCED_FACE('',(#17927),#17943,.F.);
#17927 = FACE_BOUND('',#17928,.F.);
#17928 = EDGE_LOOP('',(#17929,#17935,#17936,#17942));
#17929 = ORIENTED_EDGE('',*,*,#17930,.F.);
#17930 = EDGE_CURVE('',#17851,#17891,#17931,.T.);
#17931 = LINE('',#17932,#17933);
#17932 = CARTESIAN_POINT('',(49.,265.,205.));
#17933 = VECTOR('',#17934,1.);
#17934 = DIRECTION('',(1.,0.,0.));
#17935 = ORIENTED_EDGE('',*,*,#17850,.T.);
#17936 = ORIENTED_EDGE('',*,*,#17937,.T.);
#17937 = EDGE_CURVE('',#17853,#17893,#17938,.T.);
#17938 = LINE('',#17939,#17940);
#17939 = CARTESIAN_POINT('',(49.,265.,217.));
#17940 = VECTOR('',#17941,1.);
#17941 = DIRECTION('',(1.,0.,0.));
#17942 = ORIENTED_EDGE('',*,*,#17890,.F.);
#17943 = PLANE('',#17944);
#17944 = AXIS2_PLACEMENT_3D('',#17945,#17946,#17947);
#17945 = CARTESIAN_POINT('',(49.,265.,205.));
#17946 = DIRECTION('',(0.,1.,0.));
#17947 = DIRECTION('',(0.,0.,1.));
#17948 = ADVANCED_FACE('',(#17949),#17965,.T.);
#17949 = FACE_BOUND('',#17950,.T.);
#17950 = EDGE_LOOP('',(#17951,#17957,#17958,#17964));
#17951 = ORIENTED_EDGE('',*,*,#17952,.F.);
#17952 = EDGE_CURVE('',#17861,#17901,#17953,.T.);
#17953 = LINE('',#17954,#17955);
#17954 = CARTESIAN_POINT('',(49.,266.5,205.));
#17955 = VECTOR('',#17956,1.);
#17956 = DIRECTION('',(1.,0.,0.));
#17957 = ORIENTED_EDGE('',*,*,#17868,.T.);
#17958 = ORIENTED_EDGE('',*,*,#17959,.T.);
#17959 = EDGE_CURVE('',#17869,#17909,#17960,.T.);
#17960 = LINE('',#17961,#17962);
#17961 = CARTESIAN_POINT('',(49.,266.5,217.));
#17962 = VECTOR('',#17963,1.);
#17963 = DIRECTION('',(1.,0.,0.));
#17964 = ORIENTED_EDGE('',*,*,#17908,.F.);
#17965 = PLANE('',#17966);
#17966 = AXIS2_PLACEMENT_3D('',#17967,#17968,#17969);
#17967 = CARTESIAN_POINT('',(49.,266.5,205.));
#17968 = DIRECTION('',(0.,1.,0.));
#17969 = DIRECTION('',(0.,0.,1.));
#17970 = ADVANCED_FACE('',(#17971),#17977,.F.);
#17971 = FACE_BOUND('',#17972,.F.);
#17972 = EDGE_LOOP('',(#17973,#17974,#17975,#17976));
#17973 = ORIENTED_EDGE('',*,*,#17860,.F.);
#17974 = ORIENTED_EDGE('',*,*,#17930,.T.);
#17975 = ORIENTED_EDGE('',*,*,#17900,.T.);
#17976 = ORIENTED_EDGE('',*,*,#17952,.F.);
#17977 = PLANE('',#17978);
#17978 = AXIS2_PLACEMENT_3D('',#17979,#17980,#17981);
#17979 = CARTESIAN_POINT('',(49.,265.,205.));
#17980 = DIRECTION('',(0.,0.,1.));
#17981 = DIRECTION('',(1.,0.,0.));
#17982 = ADVANCED_FACE('',(#17983),#17989,.T.);
#17983 = FACE_BOUND('',#17984,.T.);
#17984 = EDGE_LOOP('',(#17985,#17986,#17987,#17988));
#17985 = ORIENTED_EDGE('',*,*,#17876,.F.);
#17986 = ORIENTED_EDGE('',*,*,#17937,.T.);
#17987 = ORIENTED_EDGE('',*,*,#17916,.T.);
#17988 = ORIENTED_EDGE('',*,*,#17959,.F.);
#17989 = PLANE('',#17990);
#17990 = AXIS2_PLACEMENT_3D('',#17991,#17992,#17993);
#17991 = CARTESIAN_POINT('',(49.,265.,217.));
#17992 = DIRECTION('',(0.,0.,1.));
#17993 = DIRECTION('',(1.,0.,0.));
#17994 = MANIFOLD_SOLID_BREP('',#17995);
#17995 = CLOSED_SHELL('',(#17996,#18036,#18076,#18098,#18120,#18132));
#17996 = ADVANCED_FACE('',(#17997),#18031,.F.);
#17997 = FACE_BOUND('',#17998,.F.);
#17998 = EDGE_LOOP('',(#17999,#18009,#18017,#18025));
#17999 = ORIENTED_EDGE('',*,*,#18000,.F.);
#18000 = EDGE_CURVE('',#18001,#18003,#18005,.T.);
#18001 = VERTEX_POINT('',#18002);
#18002 = CARTESIAN_POINT('',(75.,247.,202.));
#18003 = VERTEX_POINT('',#18004);
#18004 = CARTESIAN_POINT('',(75.,247.,205.));
#18005 = LINE('',#18006,#18007);
#18006 = CARTESIAN_POINT('',(75.,247.,202.));
#18007 = VECTOR('',#18008,1.);
#18008 = DIRECTION('',(0.,0.,1.));
#18009 = ORIENTED_EDGE('',*,*,#18010,.T.);
#18010 = EDGE_CURVE('',#18001,#18011,#18013,.T.);
#18011 = VERTEX_POINT('',#18012);
#18012 = CARTESIAN_POINT('',(75.,269.,202.));
#18013 = LINE('',#18014,#18015);
#18014 = CARTESIAN_POINT('',(75.,247.,202.));
#18015 = VECTOR('',#18016,1.);
#18016 = DIRECTION('',(0.,1.,0.));
#18017 = ORIENTED_EDGE('',*,*,#18018,.T.);
#18018 = EDGE_CURVE('',#18011,#18019,#18021,.T.);
#18019 = VERTEX_POINT('',#18020);
#18020 = CARTESIAN_POINT('',(75.,269.,205.));
#18021 = LINE('',#18022,#18023);
#18022 = CARTESIAN_POINT('',(75.,269.,202.));
#18023 = VECTOR('',#18024,1.);
#18024 = DIRECTION('',(0.,0.,1.));
#18025 = ORIENTED_EDGE('',*,*,#18026,.F.);
#18026 = EDGE_CURVE('',#18003,#18019,#18027,.T.);
#18027 = LINE('',#18028,#18029);
#18028 = CARTESIAN_POINT('',(75.,247.,205.));
#18029 = VECTOR('',#18030,1.);
#18030 = DIRECTION('',(0.,1.,0.));
#18031 = PLANE('',#18032);
#18032 = AXIS2_PLACEMENT_3D('',#18033,#18034,#18035);
#18033 = CARTESIAN_POINT('',(75.,247.,202.));
#18034 = DIRECTION('',(1.,0.,0.));
#18035 = DIRECTION('',(0.,0.,1.));
#18036 = ADVANCED_FACE('',(#18037),#18071,.T.);
#18037 = FACE_BOUND('',#18038,.T.);
#18038 = EDGE_LOOP('',(#18039,#18049,#18057,#18065));
#18039 = ORIENTED_EDGE('',*,*,#18040,.F.);
#18040 = EDGE_CURVE('',#18041,#18043,#18045,.T.);
#18041 = VERTEX_POINT('',#18042);
#18042 = CARTESIAN_POINT('',(91.,247.,202.));
#18043 = VERTEX_POINT('',#18044);
#18044 = CARTESIAN_POINT('',(91.,247.,205.));
#18045 = LINE('',#18046,#18047);
#18046 = CARTESIAN_POINT('',(91.,247.,202.));
#18047 = VECTOR('',#18048,1.);
#18048 = DIRECTION('',(0.,0.,1.));
#18049 = ORIENTED_EDGE('',*,*,#18050,.T.);
#18050 = EDGE_CURVE('',#18041,#18051,#18053,.T.);
#18051 = VERTEX_POINT('',#18052);
#18052 = CARTESIAN_POINT('',(91.,269.,202.));
#18053 = LINE('',#18054,#18055);
#18054 = CARTESIAN_POINT('',(91.,247.,202.));
#18055 = VECTOR('',#18056,1.);
#18056 = DIRECTION('',(0.,1.,0.));
#18057 = ORIENTED_EDGE('',*,*,#18058,.T.);
#18058 = EDGE_CURVE('',#18051,#18059,#18061,.T.);
#18059 = VERTEX_POINT('',#18060);
#18060 = CARTESIAN_POINT('',(91.,269.,205.));
#18061 = LINE('',#18062,#18063);
#18062 = CARTESIAN_POINT('',(91.,269.,202.));
#18063 = VECTOR('',#18064,1.);
#18064 = DIRECTION('',(0.,0.,1.));
#18065 = ORIENTED_EDGE('',*,*,#18066,.F.);
#18066 = EDGE_CURVE('',#18043,#18059,#18067,.T.);
#18067 = LINE('',#18068,#18069);
#18068 = CARTESIAN_POINT('',(91.,247.,205.));
#18069 = VECTOR('',#18070,1.);
#18070 = DIRECTION('',(0.,1.,0.));
#18071 = PLANE('',#18072);
#18072 = AXIS2_PLACEMENT_3D('',#18073,#18074,#18075);
#18073 = CARTESIAN_POINT('',(91.,247.,202.));
#18074 = DIRECTION('',(1.,0.,0.));
#18075 = DIRECTION('',(0.,0.,1.));
#18076 = ADVANCED_FACE('',(#18077),#18093,.F.);
#18077 = FACE_BOUND('',#18078,.F.);
#18078 = EDGE_LOOP('',(#18079,#18085,#18086,#18092));
#18079 = ORIENTED_EDGE('',*,*,#18080,.F.);
#18080 = EDGE_CURVE('',#18001,#18041,#18081,.T.);
#18081 = LINE('',#18082,#18083);
#18082 = CARTESIAN_POINT('',(75.,247.,202.));
#18083 = VECTOR('',#18084,1.);
#18084 = DIRECTION('',(1.,0.,0.));
#18085 = ORIENTED_EDGE('',*,*,#18000,.T.);
#18086 = ORIENTED_EDGE('',*,*,#18087,.T.);
#18087 = EDGE_CURVE('',#18003,#18043,#18088,.T.);
#18088 = LINE('',#18089,#18090);
#18089 = CARTESIAN_POINT('',(75.,247.,205.));
#18090 = VECTOR('',#18091,1.);
#18091 = DIRECTION('',(1.,0.,0.));
#18092 = ORIENTED_EDGE('',*,*,#18040,.F.);
#18093 = PLANE('',#18094);
#18094 = AXIS2_PLACEMENT_3D('',#18095,#18096,#18097);
#18095 = CARTESIAN_POINT('',(75.,247.,202.));
#18096 = DIRECTION('',(0.,1.,0.));
#18097 = DIRECTION('',(0.,0.,1.));
#18098 = ADVANCED_FACE('',(#18099),#18115,.T.);
#18099 = FACE_BOUND('',#18100,.T.);
#18100 = EDGE_LOOP('',(#18101,#18107,#18108,#18114));
#18101 = ORIENTED_EDGE('',*,*,#18102,.F.);
#18102 = EDGE_CURVE('',#18011,#18051,#18103,.T.);
#18103 = LINE('',#18104,#18105);
#18104 = CARTESIAN_POINT('',(75.,269.,202.));
#18105 = VECTOR('',#18106,1.);
#18106 = DIRECTION('',(1.,0.,0.));
#18107 = ORIENTED_EDGE('',*,*,#18018,.T.);
#18108 = ORIENTED_EDGE('',*,*,#18109,.T.);
#18109 = EDGE_CURVE('',#18019,#18059,#18110,.T.);
#18110 = LINE('',#18111,#18112);
#18111 = CARTESIAN_POINT('',(75.,269.,205.));
#18112 = VECTOR('',#18113,1.);
#18113 = DIRECTION('',(1.,0.,0.));
#18114 = ORIENTED_EDGE('',*,*,#18058,.F.);
#18115 = PLANE('',#18116);
#18116 = AXIS2_PLACEMENT_3D('',#18117,#18118,#18119);
#18117 = CARTESIAN_POINT('',(75.,269.,202.));
#18118 = DIRECTION('',(0.,1.,0.));
#18119 = DIRECTION('',(0.,0.,1.));
#18120 = ADVANCED_FACE('',(#18121),#18127,.F.);
#18121 = FACE_BOUND('',#18122,.F.);
#18122 = EDGE_LOOP('',(#18123,#18124,#18125,#18126));
#18123 = ORIENTED_EDGE('',*,*,#18010,.F.);
#18124 = ORIENTED_EDGE('',*,*,#18080,.T.);
#18125 = ORIENTED_EDGE('',*,*,#18050,.T.);
#18126 = ORIENTED_EDGE('',*,*,#18102,.F.);
#18127 = PLANE('',#18128);
#18128 = AXIS2_PLACEMENT_3D('',#18129,#18130,#18131);
#18129 = CARTESIAN_POINT('',(75.,247.,202.));
#18130 = DIRECTION('',(0.,0.,1.));
#18131 = DIRECTION('',(1.,0.,0.));
#18132 = ADVANCED_FACE('',(#18133),#18139,.T.);
#18133 = FACE_BOUND('',#18134,.T.);
#18134 = EDGE_LOOP('',(#18135,#18136,#18137,#18138));
#18135 = ORIENTED_EDGE('',*,*,#18026,.F.);
#18136 = ORIENTED_EDGE('',*,*,#18087,.T.);
#18137 = ORIENTED_EDGE('',*,*,#18066,.T.);
#18138 = ORIENTED_EDGE('',*,*,#18109,.F.);
#18139 = PLANE('',#18140);
#18140 = AXIS2_PLACEMENT_3D('',#18141,#18142,#18143);
#18141 = CARTESIAN_POINT('',(75.,247.,205.));
#18142 = DIRECTION('',(0.,0.,1.));
#18143 = DIRECTION('',(1.,0.,0.));
#18144 = MANIFOLD_SOLID_BREP('',#18145);
#18145 = CLOSED_SHELL('',(#18146,#18186,#18226,#18248,#18270,#18282));
#18146 = ADVANCED_FACE('',(#18147),#18181,.F.);
#18147 = FACE_BOUND('',#18148,.F.);
#18148 = EDGE_LOOP('',(#18149,#18159,#18167,#18175));
#18149 = ORIENTED_EDGE('',*,*,#18150,.F.);
#18150 = EDGE_CURVE('',#18151,#18153,#18155,.T.);
#18151 = VERTEX_POINT('',#18152);
#18152 = CARTESIAN_POINT('',(75.,249.,205.));
#18153 = VERTEX_POINT('',#18154);
#18154 = CARTESIAN_POINT('',(75.,249.,217.));
#18155 = LINE('',#18156,#18157);
#18156 = CARTESIAN_POINT('',(75.,249.,205.));
#18157 = VECTOR('',#18158,1.);
#18158 = DIRECTION('',(0.,0.,1.));
#18159 = ORIENTED_EDGE('',*,*,#18160,.T.);
#18160 = EDGE_CURVE('',#18151,#18161,#18163,.T.);
#18161 = VERTEX_POINT('',#18162);
#18162 = CARTESIAN_POINT('',(75.,250.5,205.));
#18163 = LINE('',#18164,#18165);
#18164 = CARTESIAN_POINT('',(75.,249.,205.));
#18165 = VECTOR('',#18166,1.);
#18166 = DIRECTION('',(0.,1.,0.));
#18167 = ORIENTED_EDGE('',*,*,#18168,.T.);
#18168 = EDGE_CURVE('',#18161,#18169,#18171,.T.);
#18169 = VERTEX_POINT('',#18170);
#18170 = CARTESIAN_POINT('',(75.,250.5,217.));
#18171 = LINE('',#18172,#18173);
#18172 = CARTESIAN_POINT('',(75.,250.5,205.));
#18173 = VECTOR('',#18174,1.);
#18174 = DIRECTION('',(0.,0.,1.));
#18175 = ORIENTED_EDGE('',*,*,#18176,.F.);
#18176 = EDGE_CURVE('',#18153,#18169,#18177,.T.);
#18177 = LINE('',#18178,#18179);
#18178 = CARTESIAN_POINT('',(75.,249.,217.));
#18179 = VECTOR('',#18180,1.);
#18180 = DIRECTION('',(0.,1.,0.));
#18181 = PLANE('',#18182);
#18182 = AXIS2_PLACEMENT_3D('',#18183,#18184,#18185);
#18183 = CARTESIAN_POINT('',(75.,249.,205.));
#18184 = DIRECTION('',(1.,0.,0.));
#18185 = DIRECTION('',(0.,0.,1.));
#18186 = ADVANCED_FACE('',(#18187),#18221,.T.);
#18187 = FACE_BOUND('',#18188,.T.);
#18188 = EDGE_LOOP('',(#18189,#18199,#18207,#18215));
#18189 = ORIENTED_EDGE('',*,*,#18190,.F.);
#18190 = EDGE_CURVE('',#18191,#18193,#18195,.T.);
#18191 = VERTEX_POINT('',#18192);
#18192 = CARTESIAN_POINT('',(91.,249.,205.));
#18193 = VERTEX_POINT('',#18194);
#18194 = CARTESIAN_POINT('',(91.,249.,217.));
#18195 = LINE('',#18196,#18197);
#18196 = CARTESIAN_POINT('',(91.,249.,205.));
#18197 = VECTOR('',#18198,1.);
#18198 = DIRECTION('',(0.,0.,1.));
#18199 = ORIENTED_EDGE('',*,*,#18200,.T.);
#18200 = EDGE_CURVE('',#18191,#18201,#18203,.T.);
#18201 = VERTEX_POINT('',#18202);
#18202 = CARTESIAN_POINT('',(91.,250.5,205.));
#18203 = LINE('',#18204,#18205);
#18204 = CARTESIAN_POINT('',(91.,249.,205.));
#18205 = VECTOR('',#18206,1.);
#18206 = DIRECTION('',(0.,1.,0.));
#18207 = ORIENTED_EDGE('',*,*,#18208,.T.);
#18208 = EDGE_CURVE('',#18201,#18209,#18211,.T.);
#18209 = VERTEX_POINT('',#18210);
#18210 = CARTESIAN_POINT('',(91.,250.5,217.));
#18211 = LINE('',#18212,#18213);
#18212 = CARTESIAN_POINT('',(91.,250.5,205.));
#18213 = VECTOR('',#18214,1.);
#18214 = DIRECTION('',(0.,0.,1.));
#18215 = ORIENTED_EDGE('',*,*,#18216,.F.);
#18216 = EDGE_CURVE('',#18193,#18209,#18217,.T.);
#18217 = LINE('',#18218,#18219);
#18218 = CARTESIAN_POINT('',(91.,249.,217.));
#18219 = VECTOR('',#18220,1.);
#18220 = DIRECTION('',(0.,1.,0.));
#18221 = PLANE('',#18222);
#18222 = AXIS2_PLACEMENT_3D('',#18223,#18224,#18225);
#18223 = CARTESIAN_POINT('',(91.,249.,205.));
#18224 = DIRECTION('',(1.,0.,0.));
#18225 = DIRECTION('',(0.,0.,1.));
#18226 = ADVANCED_FACE('',(#18227),#18243,.F.);
#18227 = FACE_BOUND('',#18228,.F.);
#18228 = EDGE_LOOP('',(#18229,#18235,#18236,#18242));
#18229 = ORIENTED_EDGE('',*,*,#18230,.F.);
#18230 = EDGE_CURVE('',#18151,#18191,#18231,.T.);
#18231 = LINE('',#18232,#18233);
#18232 = CARTESIAN_POINT('',(75.,249.,205.));
#18233 = VECTOR('',#18234,1.);
#18234 = DIRECTION('',(1.,0.,0.));
#18235 = ORIENTED_EDGE('',*,*,#18150,.T.);
#18236 = ORIENTED_EDGE('',*,*,#18237,.T.);
#18237 = EDGE_CURVE('',#18153,#18193,#18238,.T.);
#18238 = LINE('',#18239,#18240);
#18239 = CARTESIAN_POINT('',(75.,249.,217.));
#18240 = VECTOR('',#18241,1.);
#18241 = DIRECTION('',(1.,0.,0.));
#18242 = ORIENTED_EDGE('',*,*,#18190,.F.);
#18243 = PLANE('',#18244);
#18244 = AXIS2_PLACEMENT_3D('',#18245,#18246,#18247);
#18245 = CARTESIAN_POINT('',(75.,249.,205.));
#18246 = DIRECTION('',(0.,1.,0.));
#18247 = DIRECTION('',(0.,0.,1.));
#18248 = ADVANCED_FACE('',(#18249),#18265,.T.);
#18249 = FACE_BOUND('',#18250,.T.);
#18250 = EDGE_LOOP('',(#18251,#18257,#18258,#18264));
#18251 = ORIENTED_EDGE('',*,*,#18252,.F.);
#18252 = EDGE_CURVE('',#18161,#18201,#18253,.T.);
#18253 = LINE('',#18254,#18255);
#18254 = CARTESIAN_POINT('',(75.,250.5,205.));
#18255 = VECTOR('',#18256,1.);
#18256 = DIRECTION('',(1.,0.,0.));
#18257 = ORIENTED_EDGE('',*,*,#18168,.T.);
#18258 = ORIENTED_EDGE('',*,*,#18259,.T.);
#18259 = EDGE_CURVE('',#18169,#18209,#18260,.T.);
#18260 = LINE('',#18261,#18262);
#18261 = CARTESIAN_POINT('',(75.,250.5,217.));
#18262 = VECTOR('',#18263,1.);
#18263 = DIRECTION('',(1.,0.,0.));
#18264 = ORIENTED_EDGE('',*,*,#18208,.F.);
#18265 = PLANE('',#18266);
#18266 = AXIS2_PLACEMENT_3D('',#18267,#18268,#18269);
#18267 = CARTESIAN_POINT('',(75.,250.5,205.));
#18268 = DIRECTION('',(0.,1.,0.));
#18269 = DIRECTION('',(0.,0.,1.));
#18270 = ADVANCED_FACE('',(#18271),#18277,.F.);
#18271 = FACE_BOUND('',#18272,.F.);
#18272 = EDGE_LOOP('',(#18273,#18274,#18275,#18276));
#18273 = ORIENTED_EDGE('',*,*,#18160,.F.);
#18274 = ORIENTED_EDGE('',*,*,#18230,.T.);
#18275 = ORIENTED_EDGE('',*,*,#18200,.T.);
#18276 = ORIENTED_EDGE('',*,*,#18252,.F.);
#18277 = PLANE('',#18278);
#18278 = AXIS2_PLACEMENT_3D('',#18279,#18280,#18281);
#18279 = CARTESIAN_POINT('',(75.,249.,205.));
#18280 = DIRECTION('',(0.,0.,1.));
#18281 = DIRECTION('',(1.,0.,0.));
#18282 = ADVANCED_FACE('',(#18283),#18289,.T.);
#18283 = FACE_BOUND('',#18284,.T.);
#18284 = EDGE_LOOP('',(#18285,#18286,#18287,#18288));
#18285 = ORIENTED_EDGE('',*,*,#18176,.F.);
#18286 = ORIENTED_EDGE('',*,*,#18237,.T.);
#18287 = ORIENTED_EDGE('',*,*,#18216,.T.);
#18288 = ORIENTED_EDGE('',*,*,#18259,.F.);
#18289 = PLANE('',#18290);
#18290 = AXIS2_PLACEMENT_3D('',#18291,#18292,#18293);
#18291 = CARTESIAN_POINT('',(75.,249.,217.));
#18292 = DIRECTION('',(0.,0.,1.));
#18293 = DIRECTION('',(1.,0.,0.));
#18294 = MANIFOLD_SOLID_BREP('',#18295);
#18295 = CLOSED_SHELL('',(#18296,#18336,#18376,#18398,#18420,#18432));
#18296 = ADVANCED_FACE('',(#18297),#18331,.F.);
#18297 = FACE_BOUND('',#18298,.F.);
#18298 = EDGE_LOOP('',(#18299,#18309,#18317,#18325));
#18299 = ORIENTED_EDGE('',*,*,#18300,.F.);
#18300 = EDGE_CURVE('',#18301,#18303,#18305,.T.);
#18301 = VERTEX_POINT('',#18302);
#18302 = CARTESIAN_POINT('',(75.,253.,205.));
#18303 = VERTEX_POINT('',#18304);
#18304 = CARTESIAN_POINT('',(75.,253.,217.));
#18305 = LINE('',#18306,#18307);
#18306 = CARTESIAN_POINT('',(75.,253.,205.));
#18307 = VECTOR('',#18308,1.);
#18308 = DIRECTION('',(0.,0.,1.));
#18309 = ORIENTED_EDGE('',*,*,#18310,.T.);
#18310 = EDGE_CURVE('',#18301,#18311,#18313,.T.);
#18311 = VERTEX_POINT('',#18312);
#18312 = CARTESIAN_POINT('',(75.,254.5,205.));
#18313 = LINE('',#18314,#18315);
#18314 = CARTESIAN_POINT('',(75.,253.,205.));
#18315 = VECTOR('',#18316,1.);
#18316 = DIRECTION('',(0.,1.,0.));
#18317 = ORIENTED_EDGE('',*,*,#18318,.T.);
#18318 = EDGE_CURVE('',#18311,#18319,#18321,.T.);
#18319 = VERTEX_POINT('',#18320);
#18320 = CARTESIAN_POINT('',(75.,254.5,217.));
#18321 = LINE('',#18322,#18323);
#18322 = CARTESIAN_POINT('',(75.,254.5,205.));
#18323 = VECTOR('',#18324,1.);
#18324 = DIRECTION('',(0.,0.,1.));
#18325 = ORIENTED_EDGE('',*,*,#18326,.F.);
#18326 = EDGE_CURVE('',#18303,#18319,#18327,.T.);
#18327 = LINE('',#18328,#18329);
#18328 = CARTESIAN_POINT('',(75.,253.,217.));
#18329 = VECTOR('',#18330,1.);
#18330 = DIRECTION('',(0.,1.,0.));
#18331 = PLANE('',#18332);
#18332 = AXIS2_PLACEMENT_3D('',#18333,#18334,#18335);
#18333 = CARTESIAN_POINT('',(75.,253.,205.));
#18334 = DIRECTION('',(1.,0.,0.));
#18335 = DIRECTION('',(0.,0.,1.));
#18336 = ADVANCED_FACE('',(#18337),#18371,.T.);
#18337 = FACE_BOUND('',#18338,.T.);
#18338 = EDGE_LOOP('',(#18339,#18349,#18357,#18365));
#18339 = ORIENTED_EDGE('',*,*,#18340,.F.);
#18340 = EDGE_CURVE('',#18341,#18343,#18345,.T.);
#18341 = VERTEX_POINT('',#18342);
#18342 = CARTESIAN_POINT('',(91.,253.,205.));
#18343 = VERTEX_POINT('',#18344);
#18344 = CARTESIAN_POINT('',(91.,253.,217.));
#18345 = LINE('',#18346,#18347);
#18346 = CARTESIAN_POINT('',(91.,253.,205.));
#18347 = VECTOR('',#18348,1.);
#18348 = DIRECTION('',(0.,0.,1.));
#18349 = ORIENTED_EDGE('',*,*,#18350,.T.);
#18350 = EDGE_CURVE('',#18341,#18351,#18353,.T.);
#18351 = VERTEX_POINT('',#18352);
#18352 = CARTESIAN_POINT('',(91.,254.5,205.));
#18353 = LINE('',#18354,#18355);
#18354 = CARTESIAN_POINT('',(91.,253.,205.));
#18355 = VECTOR('',#18356,1.);
#18356 = DIRECTION('',(0.,1.,0.));
#18357 = ORIENTED_EDGE('',*,*,#18358,.T.);
#18358 = EDGE_CURVE('',#18351,#18359,#18361,.T.);
#18359 = VERTEX_POINT('',#18360);
#18360 = CARTESIAN_POINT('',(91.,254.5,217.));
#18361 = LINE('',#18362,#18363);
#18362 = CARTESIAN_POINT('',(91.,254.5,205.));
#18363 = VECTOR('',#18364,1.);
#18364 = DIRECTION('',(0.,0.,1.));
#18365 = ORIENTED_EDGE('',*,*,#18366,.F.);
#18366 = EDGE_CURVE('',#18343,#18359,#18367,.T.);
#18367 = LINE('',#18368,#18369);
#18368 = CARTESIAN_POINT('',(91.,253.,217.));
#18369 = VECTOR('',#18370,1.);
#18370 = DIRECTION('',(0.,1.,0.));
#18371 = PLANE('',#18372);
#18372 = AXIS2_PLACEMENT_3D('',#18373,#18374,#18375);
#18373 = CARTESIAN_POINT('',(91.,253.,205.));
#18374 = DIRECTION('',(1.,0.,0.));
#18375 = DIRECTION('',(0.,0.,1.));
#18376 = ADVANCED_FACE('',(#18377),#18393,.F.);
#18377 = FACE_BOUND('',#18378,.F.);
#18378 = EDGE_LOOP('',(#18379,#18385,#18386,#18392));
#18379 = ORIENTED_EDGE('',*,*,#18380,.F.);
#18380 = EDGE_CURVE('',#18301,#18341,#18381,.T.);
#18381 = LINE('',#18382,#18383);
#18382 = CARTESIAN_POINT('',(75.,253.,205.));
#18383 = VECTOR('',#18384,1.);
#18384 = DIRECTION('',(1.,0.,0.));
#18385 = ORIENTED_EDGE('',*,*,#18300,.T.);
#18386 = ORIENTED_EDGE('',*,*,#18387,.T.);
#18387 = EDGE_CURVE('',#18303,#18343,#18388,.T.);
#18388 = LINE('',#18389,#18390);
#18389 = CARTESIAN_POINT('',(75.,253.,217.));
#18390 = VECTOR('',#18391,1.);
#18391 = DIRECTION('',(1.,0.,0.));
#18392 = ORIENTED_EDGE('',*,*,#18340,.F.);
#18393 = PLANE('',#18394);
#18394 = AXIS2_PLACEMENT_3D('',#18395,#18396,#18397);
#18395 = CARTESIAN_POINT('',(75.,253.,205.));
#18396 = DIRECTION('',(0.,1.,0.));
#18397 = DIRECTION('',(0.,0.,1.));
#18398 = ADVANCED_FACE('',(#18399),#18415,.T.);
#18399 = FACE_BOUND('',#18400,.T.);
#18400 = EDGE_LOOP('',(#18401,#18407,#18408,#18414));
#18401 = ORIENTED_EDGE('',*,*,#18402,.F.);
#18402 = EDGE_CURVE('',#18311,#18351,#18403,.T.);
#18403 = LINE('',#18404,#18405);
#18404 = CARTESIAN_POINT('',(75.,254.5,205.));
#18405 = VECTOR('',#18406,1.);
#18406 = DIRECTION('',(1.,0.,0.));
#18407 = ORIENTED_EDGE('',*,*,#18318,.T.);
#18408 = ORIENTED_EDGE('',*,*,#18409,.T.);
#18409 = EDGE_CURVE('',#18319,#18359,#18410,.T.);
#18410 = LINE('',#18411,#18412);
#18411 = CARTESIAN_POINT('',(75.,254.5,217.));
#18412 = VECTOR('',#18413,1.);
#18413 = DIRECTION('',(1.,0.,0.));
#18414 = ORIENTED_EDGE('',*,*,#18358,.F.);
#18415 = PLANE('',#18416);
#18416 = AXIS2_PLACEMENT_3D('',#18417,#18418,#18419);
#18417 = CARTESIAN_POINT('',(75.,254.5,205.));
#18418 = DIRECTION('',(0.,1.,0.));
#18419 = DIRECTION('',(0.,0.,1.));
#18420 = ADVANCED_FACE('',(#18421),#18427,.F.);
#18421 = FACE_BOUND('',#18422,.F.);
#18422 = EDGE_LOOP('',(#18423,#18424,#18425,#18426));
#18423 = ORIENTED_EDGE('',*,*,#18310,.F.);
#18424 = ORIENTED_EDGE('',*,*,#18380,.T.);
#18425 = ORIENTED_EDGE('',*,*,#18350,.T.);
#18426 = ORIENTED_EDGE('',*,*,#18402,.F.);
#18427 = PLANE('',#18428);
#18428 = AXIS2_PLACEMENT_3D('',#18429,#18430,#18431);
#18429 = CARTESIAN_POINT('',(75.,253.,205.));
#18430 = DIRECTION('',(0.,0.,1.));
#18431 = DIRECTION('',(1.,0.,0.));
#18432 = ADVANCED_FACE('',(#18433),#18439,.T.);
#18433 = FACE_BOUND('',#18434,.T.);
#18434 = EDGE_LOOP('',(#18435,#18436,#18437,#18438));
#18435 = ORIENTED_EDGE('',*,*,#18326,.F.);
#18436 = ORIENTED_EDGE('',*,*,#18387,.T.);
#18437 = ORIENTED_EDGE('',*,*,#18366,.T.);
#18438 = ORIENTED_EDGE('',*,*,#18409,.F.);
#18439 = PLANE('',#18440);
#18440 = AXIS2_PLACEMENT_3D('',#18441,#18442,#18443);
#18441 = CARTESIAN_POINT('',(75.,253.,217.));
#18442 = DIRECTION('',(0.,0.,1.));
#18443 = DIRECTION('',(1.,0.,0.));
#18444 = MANIFOLD_SOLID_BREP('',#18445);
#18445 = CLOSED_SHELL('',(#18446,#18486,#18526,#18548,#18570,#18582));
#18446 = ADVANCED_FACE('',(#18447),#18481,.F.);
#18447 = FACE_BOUND('',#18448,.F.);
#18448 = EDGE_LOOP('',(#18449,#18459,#18467,#18475));
#18449 = ORIENTED_EDGE('',*,*,#18450,.F.);
#18450 = EDGE_CURVE('',#18451,#18453,#18455,.T.);
#18451 = VERTEX_POINT('',#18452);
#18452 = CARTESIAN_POINT('',(75.,257.,205.));
#18453 = VERTEX_POINT('',#18454);
#18454 = CARTESIAN_POINT('',(75.,257.,217.));
#18455 = LINE('',#18456,#18457);
#18456 = CARTESIAN_POINT('',(75.,257.,205.));
#18457 = VECTOR('',#18458,1.);
#18458 = DIRECTION('',(0.,0.,1.));
#18459 = ORIENTED_EDGE('',*,*,#18460,.T.);
#18460 = EDGE_CURVE('',#18451,#18461,#18463,.T.);
#18461 = VERTEX_POINT('',#18462);
#18462 = CARTESIAN_POINT('',(75.,258.5,205.));
#18463 = LINE('',#18464,#18465);
#18464 = CARTESIAN_POINT('',(75.,257.,205.));
#18465 = VECTOR('',#18466,1.);
#18466 = DIRECTION('',(0.,1.,0.));
#18467 = ORIENTED_EDGE('',*,*,#18468,.T.);
#18468 = EDGE_CURVE('',#18461,#18469,#18471,.T.);
#18469 = VERTEX_POINT('',#18470);
#18470 = CARTESIAN_POINT('',(75.,258.5,217.));
#18471 = LINE('',#18472,#18473);
#18472 = CARTESIAN_POINT('',(75.,258.5,205.));
#18473 = VECTOR('',#18474,1.);
#18474 = DIRECTION('',(0.,0.,1.));
#18475 = ORIENTED_EDGE('',*,*,#18476,.F.);
#18476 = EDGE_CURVE('',#18453,#18469,#18477,.T.);
#18477 = LINE('',#18478,#18479);
#18478 = CARTESIAN_POINT('',(75.,257.,217.));
#18479 = VECTOR('',#18480,1.);
#18480 = DIRECTION('',(0.,1.,0.));
#18481 = PLANE('',#18482);
#18482 = AXIS2_PLACEMENT_3D('',#18483,#18484,#18485);
#18483 = CARTESIAN_POINT('',(75.,257.,205.));
#18484 = DIRECTION('',(1.,0.,0.));
#18485 = DIRECTION('',(0.,0.,1.));
#18486 = ADVANCED_FACE('',(#18487),#18521,.T.);
#18487 = FACE_BOUND('',#18488,.T.);
#18488 = EDGE_LOOP('',(#18489,#18499,#18507,#18515));
#18489 = ORIENTED_EDGE('',*,*,#18490,.F.);
#18490 = EDGE_CURVE('',#18491,#18493,#18495,.T.);
#18491 = VERTEX_POINT('',#18492);
#18492 = CARTESIAN_POINT('',(91.,257.,205.));
#18493 = VERTEX_POINT('',#18494);
#18494 = CARTESIAN_POINT('',(91.,257.,217.));
#18495 = LINE('',#18496,#18497);
#18496 = CARTESIAN_POINT('',(91.,257.,205.));
#18497 = VECTOR('',#18498,1.);
#18498 = DIRECTION('',(0.,0.,1.));
#18499 = ORIENTED_EDGE('',*,*,#18500,.T.);
#18500 = EDGE_CURVE('',#18491,#18501,#18503,.T.);
#18501 = VERTEX_POINT('',#18502);
#18502 = CARTESIAN_POINT('',(91.,258.5,205.));
#18503 = LINE('',#18504,#18505);
#18504 = CARTESIAN_POINT('',(91.,257.,205.));
#18505 = VECTOR('',#18506,1.);
#18506 = DIRECTION('',(0.,1.,0.));
#18507 = ORIENTED_EDGE('',*,*,#18508,.T.);
#18508 = EDGE_CURVE('',#18501,#18509,#18511,.T.);
#18509 = VERTEX_POINT('',#18510);
#18510 = CARTESIAN_POINT('',(91.,258.5,217.));
#18511 = LINE('',#18512,#18513);
#18512 = CARTESIAN_POINT('',(91.,258.5,205.));
#18513 = VECTOR('',#18514,1.);
#18514 = DIRECTION('',(0.,0.,1.));
#18515 = ORIENTED_EDGE('',*,*,#18516,.F.);
#18516 = EDGE_CURVE('',#18493,#18509,#18517,.T.);
#18517 = LINE('',#18518,#18519);
#18518 = CARTESIAN_POINT('',(91.,257.,217.));
#18519 = VECTOR('',#18520,1.);
#18520 = DIRECTION('',(0.,1.,0.));
#18521 = PLANE('',#18522);
#18522 = AXIS2_PLACEMENT_3D('',#18523,#18524,#18525);
#18523 = CARTESIAN_POINT('',(91.,257.,205.));
#18524 = DIRECTION('',(1.,0.,0.));
#18525 = DIRECTION('',(0.,0.,1.));
#18526 = ADVANCED_FACE('',(#18527),#18543,.F.);
#18527 = FACE_BOUND('',#18528,.F.);
#18528 = EDGE_LOOP('',(#18529,#18535,#18536,#18542));
#18529 = ORIENTED_EDGE('',*,*,#18530,.F.);
#18530 = EDGE_CURVE('',#18451,#18491,#18531,.T.);
#18531 = LINE('',#18532,#18533);
#18532 = CARTESIAN_POINT('',(75.,257.,205.));
#18533 = VECTOR('',#18534,1.);
#18534 = DIRECTION('',(1.,0.,0.));
#18535 = ORIENTED_EDGE('',*,*,#18450,.T.);
#18536 = ORIENTED_EDGE('',*,*,#18537,.T.);
#18537 = EDGE_CURVE('',#18453,#18493,#18538,.T.);
#18538 = LINE('',#18539,#18540);
#18539 = CARTESIAN_POINT('',(75.,257.,217.));
#18540 = VECTOR('',#18541,1.);
#18541 = DIRECTION('',(1.,0.,0.));
#18542 = ORIENTED_EDGE('',*,*,#18490,.F.);
#18543 = PLANE('',#18544);
#18544 = AXIS2_PLACEMENT_3D('',#18545,#18546,#18547);
#18545 = CARTESIAN_POINT('',(75.,257.,205.));
#18546 = DIRECTION('',(0.,1.,0.));
#18547 = DIRECTION('',(0.,0.,1.));
#18548 = ADVANCED_FACE('',(#18549),#18565,.T.);
#18549 = FACE_BOUND('',#18550,.T.);
#18550 = EDGE_LOOP('',(#18551,#18557,#18558,#18564));
#18551 = ORIENTED_EDGE('',*,*,#18552,.F.);
#18552 = EDGE_CURVE('',#18461,#18501,#18553,.T.);
#18553 = LINE('',#18554,#18555);
#18554 = CARTESIAN_POINT('',(75.,258.5,205.));
#18555 = VECTOR('',#18556,1.);
#18556 = DIRECTION('',(1.,0.,0.));
#18557 = ORIENTED_EDGE('',*,*,#18468,.T.);
#18558 = ORIENTED_EDGE('',*,*,#18559,.T.);
#18559 = EDGE_CURVE('',#18469,#18509,#18560,.T.);
#18560 = LINE('',#18561,#18562);
#18561 = CARTESIAN_POINT('',(75.,258.5,217.));
#18562 = VECTOR('',#18563,1.);
#18563 = DIRECTION('',(1.,0.,0.));
#18564 = ORIENTED_EDGE('',*,*,#18508,.F.);
#18565 = PLANE('',#18566);
#18566 = AXIS2_PLACEMENT_3D('',#18567,#18568,#18569);
#18567 = CARTESIAN_POINT('',(75.,258.5,205.));
#18568 = DIRECTION('',(0.,1.,0.));
#18569 = DIRECTION('',(0.,0.,1.));
#18570 = ADVANCED_FACE('',(#18571),#18577,.F.);
#18571 = FACE_BOUND('',#18572,.F.);
#18572 = EDGE_LOOP('',(#18573,#18574,#18575,#18576));
#18573 = ORIENTED_EDGE('',*,*,#18460,.F.);
#18574 = ORIENTED_EDGE('',*,*,#18530,.T.);
#18575 = ORIENTED_EDGE('',*,*,#18500,.T.);
#18576 = ORIENTED_EDGE('',*,*,#18552,.F.);
#18577 = PLANE('',#18578);
#18578 = AXIS2_PLACEMENT_3D('',#18579,#18580,#18581);
#18579 = CARTESIAN_POINT('',(75.,257.,205.));
#18580 = DIRECTION('',(0.,0.,1.));
#18581 = DIRECTION('',(1.,0.,0.));
#18582 = ADVANCED_FACE('',(#18583),#18589,.T.);
#18583 = FACE_BOUND('',#18584,.T.);
#18584 = EDGE_LOOP('',(#18585,#18586,#18587,#18588));
#18585 = ORIENTED_EDGE('',*,*,#18476,.F.);
#18586 = ORIENTED_EDGE('',*,*,#18537,.T.);
#18587 = ORIENTED_EDGE('',*,*,#18516,.T.);
#18588 = ORIENTED_EDGE('',*,*,#18559,.F.);
#18589 = PLANE('',#18590);
#18590 = AXIS2_PLACEMENT_3D('',#18591,#18592,#18593);
#18591 = CARTESIAN_POINT('',(75.,257.,217.));
#18592 = DIRECTION('',(0.,0.,1.));
#18593 = DIRECTION('',(1.,0.,0.));
#18594 = MANIFOLD_SOLID_BREP('',#18595);
#18595 = CLOSED_SHELL('',(#18596,#18636,#18676,#18698,#18720,#18732));
#18596 = ADVANCED_FACE('',(#18597),#18631,.F.);
#18597 = FACE_BOUND('',#18598,.F.);
#18598 = EDGE_LOOP('',(#18599,#18609,#18617,#18625));
#18599 = ORIENTED_EDGE('',*,*,#18600,.F.);
#18600 = EDGE_CURVE('',#18601,#18603,#18605,.T.);
#18601 = VERTEX_POINT('',#18602);
#18602 = CARTESIAN_POINT('',(75.,261.,205.));
#18603 = VERTEX_POINT('',#18604);
#18604 = CARTESIAN_POINT('',(75.,261.,217.));
#18605 = LINE('',#18606,#18607);
#18606 = CARTESIAN_POINT('',(75.,261.,205.));
#18607 = VECTOR('',#18608,1.);
#18608 = DIRECTION('',(0.,0.,1.));
#18609 = ORIENTED_EDGE('',*,*,#18610,.T.);
#18610 = EDGE_CURVE('',#18601,#18611,#18613,.T.);
#18611 = VERTEX_POINT('',#18612);
#18612 = CARTESIAN_POINT('',(75.,262.5,205.));
#18613 = LINE('',#18614,#18615);
#18614 = CARTESIAN_POINT('',(75.,261.,205.));
#18615 = VECTOR('',#18616,1.);
#18616 = DIRECTION('',(0.,1.,0.));
#18617 = ORIENTED_EDGE('',*,*,#18618,.T.);
#18618 = EDGE_CURVE('',#18611,#18619,#18621,.T.);
#18619 = VERTEX_POINT('',#18620);
#18620 = CARTESIAN_POINT('',(75.,262.5,217.));
#18621 = LINE('',#18622,#18623);
#18622 = CARTESIAN_POINT('',(75.,262.5,205.));
#18623 = VECTOR('',#18624,1.);
#18624 = DIRECTION('',(0.,0.,1.));
#18625 = ORIENTED_EDGE('',*,*,#18626,.F.);
#18626 = EDGE_CURVE('',#18603,#18619,#18627,.T.);
#18627 = LINE('',#18628,#18629);
#18628 = CARTESIAN_POINT('',(75.,261.,217.));
#18629 = VECTOR('',#18630,1.);
#18630 = DIRECTION('',(0.,1.,0.));
#18631 = PLANE('',#18632);
#18632 = AXIS2_PLACEMENT_3D('',#18633,#18634,#18635);
#18633 = CARTESIAN_POINT('',(75.,261.,205.));
#18634 = DIRECTION('',(1.,0.,0.));
#18635 = DIRECTION('',(0.,0.,1.));
#18636 = ADVANCED_FACE('',(#18637),#18671,.T.);
#18637 = FACE_BOUND('',#18638,.T.);
#18638 = EDGE_LOOP('',(#18639,#18649,#18657,#18665));
#18639 = ORIENTED_EDGE('',*,*,#18640,.F.);
#18640 = EDGE_CURVE('',#18641,#18643,#18645,.T.);
#18641 = VERTEX_POINT('',#18642);
#18642 = CARTESIAN_POINT('',(91.,261.,205.));
#18643 = VERTEX_POINT('',#18644);
#18644 = CARTESIAN_POINT('',(91.,261.,217.));
#18645 = LINE('',#18646,#18647);
#18646 = CARTESIAN_POINT('',(91.,261.,205.));
#18647 = VECTOR('',#18648,1.);
#18648 = DIRECTION('',(0.,0.,1.));
#18649 = ORIENTED_EDGE('',*,*,#18650,.T.);
#18650 = EDGE_CURVE('',#18641,#18651,#18653,.T.);
#18651 = VERTEX_POINT('',#18652);
#18652 = CARTESIAN_POINT('',(91.,262.5,205.));
#18653 = LINE('',#18654,#18655);
#18654 = CARTESIAN_POINT('',(91.,261.,205.));
#18655 = VECTOR('',#18656,1.);
#18656 = DIRECTION('',(0.,1.,0.));
#18657 = ORIENTED_EDGE('',*,*,#18658,.T.);
#18658 = EDGE_CURVE('',#18651,#18659,#18661,.T.);
#18659 = VERTEX_POINT('',#18660);
#18660 = CARTESIAN_POINT('',(91.,262.5,217.));
#18661 = LINE('',#18662,#18663);
#18662 = CARTESIAN_POINT('',(91.,262.5,205.));
#18663 = VECTOR('',#18664,1.);
#18664 = DIRECTION('',(0.,0.,1.));
#18665 = ORIENTED_EDGE('',*,*,#18666,.F.);
#18666 = EDGE_CURVE('',#18643,#18659,#18667,.T.);
#18667 = LINE('',#18668,#18669);
#18668 = CARTESIAN_POINT('',(91.,261.,217.));
#18669 = VECTOR('',#18670,1.);
#18670 = DIRECTION('',(0.,1.,0.));
#18671 = PLANE('',#18672);
#18672 = AXIS2_PLACEMENT_3D('',#18673,#18674,#18675);
#18673 = CARTESIAN_POINT('',(91.,261.,205.));
#18674 = DIRECTION('',(1.,0.,0.));
#18675 = DIRECTION('',(0.,0.,1.));
#18676 = ADVANCED_FACE('',(#18677),#18693,.F.);
#18677 = FACE_BOUND('',#18678,.F.);
#18678 = EDGE_LOOP('',(#18679,#18685,#18686,#18692));
#18679 = ORIENTED_EDGE('',*,*,#18680,.F.);
#18680 = EDGE_CURVE('',#18601,#18641,#18681,.T.);
#18681 = LINE('',#18682,#18683);
#18682 = CARTESIAN_POINT('',(75.,261.,205.));
#18683 = VECTOR('',#18684,1.);
#18684 = DIRECTION('',(1.,0.,0.));
#18685 = ORIENTED_EDGE('',*,*,#18600,.T.);
#18686 = ORIENTED_EDGE('',*,*,#18687,.T.);
#18687 = EDGE_CURVE('',#18603,#18643,#18688,.T.);
#18688 = LINE('',#18689,#18690);
#18689 = CARTESIAN_POINT('',(75.,261.,217.));
#18690 = VECTOR('',#18691,1.);
#18691 = DIRECTION('',(1.,0.,0.));
#18692 = ORIENTED_EDGE('',*,*,#18640,.F.);
#18693 = PLANE('',#18694);
#18694 = AXIS2_PLACEMENT_3D('',#18695,#18696,#18697);
#18695 = CARTESIAN_POINT('',(75.,261.,205.));
#18696 = DIRECTION('',(0.,1.,0.));
#18697 = DIRECTION('',(0.,0.,1.));
#18698 = ADVANCED_FACE('',(#18699),#18715,.T.);
#18699 = FACE_BOUND('',#18700,.T.);
#18700 = EDGE_LOOP('',(#18701,#18707,#18708,#18714));
#18701 = ORIENTED_EDGE('',*,*,#18702,.F.);
#18702 = EDGE_CURVE('',#18611,#18651,#18703,.T.);
#18703 = LINE('',#18704,#18705);
#18704 = CARTESIAN_POINT('',(75.,262.5,205.));
#18705 = VECTOR('',#18706,1.);
#18706 = DIRECTION('',(1.,0.,0.));
#18707 = ORIENTED_EDGE('',*,*,#18618,.T.);
#18708 = ORIENTED_EDGE('',*,*,#18709,.T.);
#18709 = EDGE_CURVE('',#18619,#18659,#18710,.T.);
#18710 = LINE('',#18711,#18712);
#18711 = CARTESIAN_POINT('',(75.,262.5,217.));
#18712 = VECTOR('',#18713,1.);
#18713 = DIRECTION('',(1.,0.,0.));
#18714 = ORIENTED_EDGE('',*,*,#18658,.F.);
#18715 = PLANE('',#18716);
#18716 = AXIS2_PLACEMENT_3D('',#18717,#18718,#18719);
#18717 = CARTESIAN_POINT('',(75.,262.5,205.));
#18718 = DIRECTION('',(0.,1.,0.));
#18719 = DIRECTION('',(0.,0.,1.));
#18720 = ADVANCED_FACE('',(#18721),#18727,.F.);
#18721 = FACE_BOUND('',#18722,.F.);
#18722 = EDGE_LOOP('',(#18723,#18724,#18725,#18726));
#18723 = ORIENTED_EDGE('',*,*,#18610,.F.);
#18724 = ORIENTED_EDGE('',*,*,#18680,.T.);
#18725 = ORIENTED_EDGE('',*,*,#18650,.T.);
#18726 = ORIENTED_EDGE('',*,*,#18702,.F.);
#18727 = PLANE('',#18728);
#18728 = AXIS2_PLACEMENT_3D('',#18729,#18730,#18731);
#18729 = CARTESIAN_POINT('',(75.,261.,205.));
#18730 = DIRECTION('',(0.,0.,1.));
#18731 = DIRECTION('',(1.,0.,0.));
#18732 = ADVANCED_FACE('',(#18733),#18739,.T.);
#18733 = FACE_BOUND('',#18734,.T.);
#18734 = EDGE_LOOP('',(#18735,#18736,#18737,#18738));
#18735 = ORIENTED_EDGE('',*,*,#18626,.F.);
#18736 = ORIENTED_EDGE('',*,*,#18687,.T.);
#18737 = ORIENTED_EDGE('',*,*,#18666,.T.);
#18738 = ORIENTED_EDGE('',*,*,#18709,.F.);
#18739 = PLANE('',#18740);
#18740 = AXIS2_PLACEMENT_3D('',#18741,#18742,#18743);
#18741 = CARTESIAN_POINT('',(75.,261.,217.));
#18742 = DIRECTION('',(0.,0.,1.));
#18743 = DIRECTION('',(1.,0.,0.));
#18744 = MANIFOLD_SOLID_BREP('',#18745);
#18745 = CLOSED_SHELL('',(#18746,#18786,#18826,#18848,#18870,#18882));
#18746 = ADVANCED_FACE('',(#18747),#18781,.F.);
#18747 = FACE_BOUND('',#18748,.F.);
#18748 = EDGE_LOOP('',(#18749,#18759,#18767,#18775));
#18749 = ORIENTED_EDGE('',*,*,#18750,.F.);
#18750 = EDGE_CURVE('',#18751,#18753,#18755,.T.);
#18751 = VERTEX_POINT('',#18752);
#18752 = CARTESIAN_POINT('',(75.,265.,205.));
#18753 = VERTEX_POINT('',#18754);
#18754 = CARTESIAN_POINT('',(75.,265.,217.));
#18755 = LINE('',#18756,#18757);
#18756 = CARTESIAN_POINT('',(75.,265.,205.));
#18757 = VECTOR('',#18758,1.);
#18758 = DIRECTION('',(0.,0.,1.));
#18759 = ORIENTED_EDGE('',*,*,#18760,.T.);
#18760 = EDGE_CURVE('',#18751,#18761,#18763,.T.);
#18761 = VERTEX_POINT('',#18762);
#18762 = CARTESIAN_POINT('',(75.,266.5,205.));
#18763 = LINE('',#18764,#18765);
#18764 = CARTESIAN_POINT('',(75.,265.,205.));
#18765 = VECTOR('',#18766,1.);
#18766 = DIRECTION('',(0.,1.,0.));
#18767 = ORIENTED_EDGE('',*,*,#18768,.T.);
#18768 = EDGE_CURVE('',#18761,#18769,#18771,.T.);
#18769 = VERTEX_POINT('',#18770);
#18770 = CARTESIAN_POINT('',(75.,266.5,217.));
#18771 = LINE('',#18772,#18773);
#18772 = CARTESIAN_POINT('',(75.,266.5,205.));
#18773 = VECTOR('',#18774,1.);
#18774 = DIRECTION('',(0.,0.,1.));
#18775 = ORIENTED_EDGE('',*,*,#18776,.F.);
#18776 = EDGE_CURVE('',#18753,#18769,#18777,.T.);
#18777 = LINE('',#18778,#18779);
#18778 = CARTESIAN_POINT('',(75.,265.,217.));
#18779 = VECTOR('',#18780,1.);
#18780 = DIRECTION('',(0.,1.,0.));
#18781 = PLANE('',#18782);
#18782 = AXIS2_PLACEMENT_3D('',#18783,#18784,#18785);
#18783 = CARTESIAN_POINT('',(75.,265.,205.));
#18784 = DIRECTION('',(1.,0.,0.));
#18785 = DIRECTION('',(0.,0.,1.));
#18786 = ADVANCED_FACE('',(#18787),#18821,.T.);
#18787 = FACE_BOUND('',#18788,.T.);
#18788 = EDGE_LOOP('',(#18789,#18799,#18807,#18815));
#18789 = ORIENTED_EDGE('',*,*,#18790,.F.);
#18790 = EDGE_CURVE('',#18791,#18793,#18795,.T.);
#18791 = VERTEX_POINT('',#18792);
#18792 = CARTESIAN_POINT('',(91.,265.,205.));
#18793 = VERTEX_POINT('',#18794);
#18794 = CARTESIAN_POINT('',(91.,265.,217.));
#18795 = LINE('',#18796,#18797);
#18796 = CARTESIAN_POINT('',(91.,265.,205.));
#18797 = VECTOR('',#18798,1.);
#18798 = DIRECTION('',(0.,0.,1.));
#18799 = ORIENTED_EDGE('',*,*,#18800,.T.);
#18800 = EDGE_CURVE('',#18791,#18801,#18803,.T.);
#18801 = VERTEX_POINT('',#18802);
#18802 = CARTESIAN_POINT('',(91.,266.5,205.));
#18803 = LINE('',#18804,#18805);
#18804 = CARTESIAN_POINT('',(91.,265.,205.));
#18805 = VECTOR('',#18806,1.);
#18806 = DIRECTION('',(0.,1.,0.));
#18807 = ORIENTED_EDGE('',*,*,#18808,.T.);
#18808 = EDGE_CURVE('',#18801,#18809,#18811,.T.);
#18809 = VERTEX_POINT('',#18810);
#18810 = CARTESIAN_POINT('',(91.,266.5,217.));
#18811 = LINE('',#18812,#18813);
#18812 = CARTESIAN_POINT('',(91.,266.5,205.));
#18813 = VECTOR('',#18814,1.);
#18814 = DIRECTION('',(0.,0.,1.));
#18815 = ORIENTED_EDGE('',*,*,#18816,.F.);
#18816 = EDGE_CURVE('',#18793,#18809,#18817,.T.);
#18817 = LINE('',#18818,#18819);
#18818 = CARTESIAN_POINT('',(91.,265.,217.));
#18819 = VECTOR('',#18820,1.);
#18820 = DIRECTION('',(0.,1.,0.));
#18821 = PLANE('',#18822);
#18822 = AXIS2_PLACEMENT_3D('',#18823,#18824,#18825);
#18823 = CARTESIAN_POINT('',(91.,265.,205.));
#18824 = DIRECTION('',(1.,0.,0.));
#18825 = DIRECTION('',(0.,0.,1.));
#18826 = ADVANCED_FACE('',(#18827),#18843,.F.);
#18827 = FACE_BOUND('',#18828,.F.);
#18828 = EDGE_LOOP('',(#18829,#18835,#18836,#18842));
#18829 = ORIENTED_EDGE('',*,*,#18830,.F.);
#18830 = EDGE_CURVE('',#18751,#18791,#18831,.T.);
#18831 = LINE('',#18832,#18833);
#18832 = CARTESIAN_POINT('',(75.,265.,205.));
#18833 = VECTOR('',#18834,1.);
#18834 = DIRECTION('',(1.,0.,0.));
#18835 = ORIENTED_EDGE('',*,*,#18750,.T.);
#18836 = ORIENTED_EDGE('',*,*,#18837,.T.);
#18837 = EDGE_CURVE('',#18753,#18793,#18838,.T.);
#18838 = LINE('',#18839,#18840);
#18839 = CARTESIAN_POINT('',(75.,265.,217.));
#18840 = VECTOR('',#18841,1.);
#18841 = DIRECTION('',(1.,0.,0.));
#18842 = ORIENTED_EDGE('',*,*,#18790,.F.);
#18843 = PLANE('',#18844);
#18844 = AXIS2_PLACEMENT_3D('',#18845,#18846,#18847);
#18845 = CARTESIAN_POINT('',(75.,265.,205.));
#18846 = DIRECTION('',(0.,1.,0.));
#18847 = DIRECTION('',(0.,0.,1.));
#18848 = ADVANCED_FACE('',(#18849),#18865,.T.);
#18849 = FACE_BOUND('',#18850,.T.);
#18850 = EDGE_LOOP('',(#18851,#18857,#18858,#18864));
#18851 = ORIENTED_EDGE('',*,*,#18852,.F.);
#18852 = EDGE_CURVE('',#18761,#18801,#18853,.T.);
#18853 = LINE('',#18854,#18855);
#18854 = CARTESIAN_POINT('',(75.,266.5,205.));
#18855 = VECTOR('',#18856,1.);
#18856 = DIRECTION('',(1.,0.,0.));
#18857 = ORIENTED_EDGE('',*,*,#18768,.T.);
#18858 = ORIENTED_EDGE('',*,*,#18859,.T.);
#18859 = EDGE_CURVE('',#18769,#18809,#18860,.T.);
#18860 = LINE('',#18861,#18862);
#18861 = CARTESIAN_POINT('',(75.,266.5,217.));
#18862 = VECTOR('',#18863,1.);
#18863 = DIRECTION('',(1.,0.,0.));
#18864 = ORIENTED_EDGE('',*,*,#18808,.F.);
#18865 = PLANE('',#18866);
#18866 = AXIS2_PLACEMENT_3D('',#18867,#18868,#18869);
#18867 = CARTESIAN_POINT('',(75.,266.5,205.));
#18868 = DIRECTION('',(0.,1.,0.));
#18869 = DIRECTION('',(0.,0.,1.));
#18870 = ADVANCED_FACE('',(#18871),#18877,.F.);
#18871 = FACE_BOUND('',#18872,.F.);
#18872 = EDGE_LOOP('',(#18873,#18874,#18875,#18876));
#18873 = ORIENTED_EDGE('',*,*,#18760,.F.);
#18874 = ORIENTED_EDGE('',*,*,#18830,.T.);
#18875 = ORIENTED_EDGE('',*,*,#18800,.T.);
#18876 = ORIENTED_EDGE('',*,*,#18852,.F.);
#18877 = PLANE('',#18878);
#18878 = AXIS2_PLACEMENT_3D('',#18879,#18880,#18881);
#18879 = CARTESIAN_POINT('',(75.,265.,205.));
#18880 = DIRECTION('',(0.,0.,1.));
#18881 = DIRECTION('',(1.,0.,0.));
#18882 = ADVANCED_FACE('',(#18883),#18889,.T.);
#18883 = FACE_BOUND('',#18884,.T.);
#18884 = EDGE_LOOP('',(#18885,#18886,#18887,#18888));
#18885 = ORIENTED_EDGE('',*,*,#18776,.F.);
#18886 = ORIENTED_EDGE('',*,*,#18837,.T.);
#18887 = ORIENTED_EDGE('',*,*,#18816,.T.);
#18888 = ORIENTED_EDGE('',*,*,#18859,.F.);
#18889 = PLANE('',#18890);
#18890 = AXIS2_PLACEMENT_3D('',#18891,#18892,#18893);
#18891 = CARTESIAN_POINT('',(75.,265.,217.));
#18892 = DIRECTION('',(0.,0.,1.));
#18893 = DIRECTION('',(1.,0.,0.));
#18894 = MANIFOLD_SOLID_BREP('',#18895);
#18895 = CLOSED_SHELL('',(#18896,#18936,#18976,#18998,#19020,#19032));
#18896 = ADVANCED_FACE('',(#18897),#18931,.F.);
#18897 = FACE_BOUND('',#18898,.F.);
#18898 = EDGE_LOOP('',(#18899,#18909,#18917,#18925));
#18899 = ORIENTED_EDGE('',*,*,#18900,.F.);
#18900 = EDGE_CURVE('',#18901,#18903,#18905,.T.);
#18901 = VERTEX_POINT('',#18902);
#18902 = CARTESIAN_POINT('',(45.,274.,200.));
#18903 = VERTEX_POINT('',#18904);
#18904 = CARTESIAN_POINT('',(45.,274.,210.));
#18905 = LINE('',#18906,#18907);
#18906 = CARTESIAN_POINT('',(45.,274.,200.));
#18907 = VECTOR('',#18908,1.);
#18908 = DIRECTION('',(0.,0.,1.));
#18909 = ORIENTED_EDGE('',*,*,#18910,.T.);
#18910 = EDGE_CURVE('',#18901,#18911,#18913,.T.);
#18911 = VERTEX_POINT('',#18912);
#18912 = CARTESIAN_POINT('',(45.,298.,200.));
#18913 = LINE('',#18914,#18915);
#18914 = CARTESIAN_POINT('',(45.,274.,200.));
#18915 = VECTOR('',#18916,1.);
#18916 = DIRECTION('',(0.,1.,0.));
#18917 = ORIENTED_EDGE('',*,*,#18918,.T.);
#18918 = EDGE_CURVE('',#18911,#18919,#18921,.T.);
#18919 = VERTEX_POINT('',#18920);
#18920 = CARTESIAN_POINT('',(45.,298.,210.));
#18921 = LINE('',#18922,#18923);
#18922 = CARTESIAN_POINT('',(45.,298.,200.));
#18923 = VECTOR('',#18924,1.);
#18924 = DIRECTION('',(0.,0.,1.));
#18925 = ORIENTED_EDGE('',*,*,#18926,.F.);
#18926 = EDGE_CURVE('',#18903,#18919,#18927,.T.);
#18927 = LINE('',#18928,#18929);
#18928 = CARTESIAN_POINT('',(45.,274.,210.));
#18929 = VECTOR('',#18930,1.);
#18930 = DIRECTION('',(0.,1.,0.));
#18931 = PLANE('',#18932);
#18932 = AXIS2_PLACEMENT_3D('',#18933,#18934,#18935);
#18933 = CARTESIAN_POINT('',(45.,274.,200.));
#18934 = DIRECTION('',(1.,0.,0.));
#18935 = DIRECTION('',(0.,0.,1.));
#18936 = ADVANCED_FACE('',(#18937),#18971,.T.);
#18937 = FACE_BOUND('',#18938,.T.);
#18938 = EDGE_LOOP('',(#18939,#18949,#18957,#18965));
#18939 = ORIENTED_EDGE('',*,*,#18940,.F.);
#18940 = EDGE_CURVE('',#18941,#18943,#18945,.T.);
#18941 = VERTEX_POINT('',#18942);
#18942 = CARTESIAN_POINT('',(65.,274.,200.));
#18943 = VERTEX_POINT('',#18944);
#18944 = CARTESIAN_POINT('',(65.,274.,210.));
#18945 = LINE('',#18946,#18947);
#18946 = CARTESIAN_POINT('',(65.,274.,200.));
#18947 = VECTOR('',#18948,1.);
#18948 = DIRECTION('',(0.,0.,1.));
#18949 = ORIENTED_EDGE('',*,*,#18950,.T.);
#18950 = EDGE_CURVE('',#18941,#18951,#18953,.T.);
#18951 = VERTEX_POINT('',#18952);
#18952 = CARTESIAN_POINT('',(65.,298.,200.));
#18953 = LINE('',#18954,#18955);
#18954 = CARTESIAN_POINT('',(65.,274.,200.));
#18955 = VECTOR('',#18956,1.);
#18956 = DIRECTION('',(0.,1.,0.));
#18957 = ORIENTED_EDGE('',*,*,#18958,.T.);
#18958 = EDGE_CURVE('',#18951,#18959,#18961,.T.);
#18959 = VERTEX_POINT('',#18960);
#18960 = CARTESIAN_POINT('',(65.,298.,210.));
#18961 = LINE('',#18962,#18963);
#18962 = CARTESIAN_POINT('',(65.,298.,200.));
#18963 = VECTOR('',#18964,1.);
#18964 = DIRECTION('',(0.,0.,1.));
#18965 = ORIENTED_EDGE('',*,*,#18966,.F.);
#18966 = EDGE_CURVE('',#18943,#18959,#18967,.T.);
#18967 = LINE('',#18968,#18969);
#18968 = CARTESIAN_POINT('',(65.,274.,210.));
#18969 = VECTOR('',#18970,1.);
#18970 = DIRECTION('',(0.,1.,0.));
#18971 = PLANE('',#18972);
#18972 = AXIS2_PLACEMENT_3D('',#18973,#18974,#18975);
#18973 = CARTESIAN_POINT('',(65.,274.,200.));
#18974 = DIRECTION('',(1.,0.,0.));
#18975 = DIRECTION('',(0.,0.,1.));
#18976 = ADVANCED_FACE('',(#18977),#18993,.F.);
#18977 = FACE_BOUND('',#18978,.F.);
#18978 = EDGE_LOOP('',(#18979,#18985,#18986,#18992));
#18979 = ORIENTED_EDGE('',*,*,#18980,.F.);
#18980 = EDGE_CURVE('',#18901,#18941,#18981,.T.);
#18981 = LINE('',#18982,#18983);
#18982 = CARTESIAN_POINT('',(45.,274.,200.));
#18983 = VECTOR('',#18984,1.);
#18984 = DIRECTION('',(1.,0.,0.));
#18985 = ORIENTED_EDGE('',*,*,#18900,.T.);
#18986 = ORIENTED_EDGE('',*,*,#18987,.T.);
#18987 = EDGE_CURVE('',#18903,#18943,#18988,.T.);
#18988 = LINE('',#18989,#18990);
#18989 = CARTESIAN_POINT('',(45.,274.,210.));
#18990 = VECTOR('',#18991,1.);
#18991 = DIRECTION('',(1.,0.,0.));
#18992 = ORIENTED_EDGE('',*,*,#18940,.F.);
#18993 = PLANE('',#18994);
#18994 = AXIS2_PLACEMENT_3D('',#18995,#18996,#18997);
#18995 = CARTESIAN_POINT('',(45.,274.,200.));
#18996 = DIRECTION('',(0.,1.,0.));
#18997 = DIRECTION('',(0.,0.,1.));
#18998 = ADVANCED_FACE('',(#18999),#19015,.T.);
#18999 = FACE_BOUND('',#19000,.T.);
#19000 = EDGE_LOOP('',(#19001,#19007,#19008,#19014));
#19001 = ORIENTED_EDGE('',*,*,#19002,.F.);
#19002 = EDGE_CURVE('',#18911,#18951,#19003,.T.);
#19003 = LINE('',#19004,#19005);
#19004 = CARTESIAN_POINT('',(45.,298.,200.));
#19005 = VECTOR('',#19006,1.);
#19006 = DIRECTION('',(1.,0.,0.));
#19007 = ORIENTED_EDGE('',*,*,#18918,.T.);
#19008 = ORIENTED_EDGE('',*,*,#19009,.T.);
#19009 = EDGE_CURVE('',#18919,#18959,#19010,.T.);
#19010 = LINE('',#19011,#19012);
#19011 = CARTESIAN_POINT('',(45.,298.,210.));
#19012 = VECTOR('',#19013,1.);
#19013 = DIRECTION('',(1.,0.,0.));
#19014 = ORIENTED_EDGE('',*,*,#18958,.F.);
#19015 = PLANE('',#19016);
#19016 = AXIS2_PLACEMENT_3D('',#19017,#19018,#19019);
#19017 = CARTESIAN_POINT('',(45.,298.,200.));
#19018 = DIRECTION('',(0.,1.,0.));
#19019 = DIRECTION('',(0.,0.,1.));
#19020 = ADVANCED_FACE('',(#19021),#19027,.F.);
#19021 = FACE_BOUND('',#19022,.F.);
#19022 = EDGE_LOOP('',(#19023,#19024,#19025,#19026));
#19023 = ORIENTED_EDGE('',*,*,#18910,.F.);
#19024 = ORIENTED_EDGE('',*,*,#18980,.T.);
#19025 = ORIENTED_EDGE('',*,*,#18950,.T.);
#19026 = ORIENTED_EDGE('',*,*,#19002,.F.);
#19027 = PLANE('',#19028);
#19028 = AXIS2_PLACEMENT_3D('',#19029,#19030,#19031);
#19029 = CARTESIAN_POINT('',(45.,274.,200.));
#19030 = DIRECTION('',(0.,0.,1.));
#19031 = DIRECTION('',(1.,0.,0.));
#19032 = ADVANCED_FACE('',(#19033),#19039,.T.);
#19033 = FACE_BOUND('',#19034,.T.);
#19034 = EDGE_LOOP('',(#19035,#19036,#19037,#19038));
#19035 = ORIENTED_EDGE('',*,*,#18926,.F.);
#19036 = ORIENTED_EDGE('',*,*,#18987,.T.);
#19037 = ORIENTED_EDGE('',*,*,#18966,.T.);
#19038 = ORIENTED_EDGE('',*,*,#19009,.F.);
#19039 = PLANE('',#19040);
#19040 = AXIS2_PLACEMENT_3D('',#19041,#19042,#19043);
#19041 = CARTESIAN_POINT('',(45.,274.,210.));
#19042 = DIRECTION('',(0.,0.,1.));
#19043 = DIRECTION('',(1.,0.,0.));
#19044 = MANIFOLD_SOLID_BREP('',#19045);
#19045 = CLOSED_SHELL('',(#19046,#19079,#19088));
#19046 = ADVANCED_FACE('',(#19047),#19074,.T.);
#19047 = FACE_BOUND('',#19048,.T.);
#19048 = EDGE_LOOP('',(#19049,#19058,#19066,#19073));
#19049 = ORIENTED_EDGE('',*,*,#19050,.F.);
#19050 = EDGE_CURVE('',#19051,#19051,#19053,.T.);
#19051 = VERTEX_POINT('',#19052);
#19052 = CARTESIAN_POINT('',(79.6,275.,202.));
#19053 = CIRCLE('',#19054,1.6);
#19054 = AXIS2_PLACEMENT_3D('',#19055,#19056,#19057);
#19055 = CARTESIAN_POINT('',(78.,275.,202.));
#19056 = DIRECTION('',(0.,0.,1.));
#19057 = DIRECTION('',(1.,0.,0.));
#19058 = ORIENTED_EDGE('',*,*,#19059,.F.);
#19059 = EDGE_CURVE('',#19060,#19051,#19062,.T.);
#19060 = VERTEX_POINT('',#19061);
#19061 = CARTESIAN_POINT('',(79.6,275.,198.));
#19062 = LINE('',#19063,#19064);
#19063 = CARTESIAN_POINT('',(79.6,275.,198.));
#19064 = VECTOR('',#19065,1.);
#19065 = DIRECTION('',(0.,0.,1.));
#19066 = ORIENTED_EDGE('',*,*,#19067,.T.);
#19067 = EDGE_CURVE('',#19060,#19060,#19068,.T.);
#19068 = CIRCLE('',#19069,1.6);
#19069 = AXIS2_PLACEMENT_3D('',#19070,#19071,#19072);
#19070 = CARTESIAN_POINT('',(78.,275.,198.));
#19071 = DIRECTION('',(0.,0.,1.));
#19072 = DIRECTION('',(1.,0.,0.));
#19073 = ORIENTED_EDGE('',*,*,#19059,.T.);
#19074 = CYLINDRICAL_SURFACE('',#19075,1.6);
#19075 = AXIS2_PLACEMENT_3D('',#19076,#19077,#19078);
#19076 = CARTESIAN_POINT('',(78.,275.,198.));
#19077 = DIRECTION('',(0.,0.,1.));
#19078 = DIRECTION('',(1.,0.,0.));
#19079 = ADVANCED_FACE('',(#19080),#19083,.T.);
#19080 = FACE_BOUND('',#19081,.T.);
#19081 = EDGE_LOOP('',(#19082));
#19082 = ORIENTED_EDGE('',*,*,#19050,.T.);
#19083 = PLANE('',#19084);
#19084 = AXIS2_PLACEMENT_3D('',#19085,#19086,#19087);
#19085 = CARTESIAN_POINT('',(78.,275.,202.));
#19086 = DIRECTION('',(0.,0.,1.));
#19087 = DIRECTION('',(1.,0.,0.));
#19088 = ADVANCED_FACE('',(#19089),#19092,.F.);
#19089 = FACE_BOUND('',#19090,.T.);
#19090 = EDGE_LOOP('',(#19091));
#19091 = ORIENTED_EDGE('',*,*,#19067,.F.);
#19092 = PLANE('',#19093);
#19093 = AXIS2_PLACEMENT_3D('',#19094,#19095,#19096);
#19094 = CARTESIAN_POINT('',(78.,275.,198.));
#19095 = DIRECTION('',(0.,0.,1.));
#19096 = DIRECTION('',(1.,0.,0.));
#19097 = MANIFOLD_SOLID_BREP('',#19098);
#19098 = CLOSED_SHELL('',(#19099,#19132,#19141));
#19099 = ADVANCED_FACE('',(#19100),#19127,.T.);
#19100 = FACE_BOUND('',#19101,.T.);
#19101 = EDGE_LOOP('',(#19102,#19111,#19119,#19126));
#19102 = ORIENTED_EDGE('',*,*,#19103,.F.);
#19103 = EDGE_CURVE('',#19104,#19104,#19106,.T.);
#19104 = VERTEX_POINT('',#19105);
#19105 = CARTESIAN_POINT('',(79.6,285.,202.));
#19106 = CIRCLE('',#19107,1.6);
#19107 = AXIS2_PLACEMENT_3D('',#19108,#19109,#19110);
#19108 = CARTESIAN_POINT('',(78.,285.,202.));
#19109 = DIRECTION('',(0.,0.,1.));
#19110 = DIRECTION('',(1.,0.,0.));
#19111 = ORIENTED_EDGE('',*,*,#19112,.F.);
#19112 = EDGE_CURVE('',#19113,#19104,#19115,.T.);
#19113 = VERTEX_POINT('',#19114);
#19114 = CARTESIAN_POINT('',(79.6,285.,198.));
#19115 = LINE('',#19116,#19117);
#19116 = CARTESIAN_POINT('',(79.6,285.,198.));
#19117 = VECTOR('',#19118,1.);
#19118 = DIRECTION('',(0.,0.,1.));
#19119 = ORIENTED_EDGE('',*,*,#19120,.T.);
#19120 = EDGE_CURVE('',#19113,#19113,#19121,.T.);
#19121 = CIRCLE('',#19122,1.6);
#19122 = AXIS2_PLACEMENT_3D('',#19123,#19124,#19125);
#19123 = CARTESIAN_POINT('',(78.,285.,198.));
#19124 = DIRECTION('',(0.,0.,1.));
#19125 = DIRECTION('',(1.,0.,0.));
#19126 = ORIENTED_EDGE('',*,*,#19112,.T.);
#19127 = CYLINDRICAL_SURFACE('',#19128,1.6);
#19128 = AXIS2_PLACEMENT_3D('',#19129,#19130,#19131);
#19129 = CARTESIAN_POINT('',(78.,285.,198.));
#19130 = DIRECTION('',(0.,0.,1.));
#19131 = DIRECTION('',(1.,0.,0.));
#19132 = ADVANCED_FACE('',(#19133),#19136,.T.);
#19133 = FACE_BOUND('',#19134,.T.);
#19134 = EDGE_LOOP('',(#19135));
#19135 = ORIENTED_EDGE('',*,*,#19103,.T.);
#19136 = PLANE('',#19137);
#19137 = AXIS2_PLACEMENT_3D('',#19138,#19139,#19140);
#19138 = CARTESIAN_POINT('',(78.,285.,202.));
#19139 = DIRECTION('',(0.,0.,1.));
#19140 = DIRECTION('',(1.,0.,0.));
#19141 = ADVANCED_FACE('',(#19142),#19145,.F.);
#19142 = FACE_BOUND('',#19143,.T.);
#19143 = EDGE_LOOP('',(#19144));
#19144 = ORIENTED_EDGE('',*,*,#19120,.F.);
#19145 = PLANE('',#19146);
#19146 = AXIS2_PLACEMENT_3D('',#19147,#19148,#19149);
#19147 = CARTESIAN_POINT('',(78.,285.,198.));
#19148 = DIRECTION('',(0.,0.,1.));
#19149 = DIRECTION('',(1.,0.,0.));
#19150 = MANIFOLD_SOLID_BREP('',#19151);
#19151 = CLOSED_SHELL('',(#19152,#19185,#19194));
#19152 = ADVANCED_FACE('',(#19153),#19180,.T.);
#19153 = FACE_BOUND('',#19154,.T.);
#19154 = EDGE_LOOP('',(#19155,#19164,#19172,#19179));
#19155 = ORIENTED_EDGE('',*,*,#19156,.F.);
#19156 = EDGE_CURVE('',#19157,#19157,#19159,.T.);
#19157 = VERTEX_POINT('',#19158);
#19158 = CARTESIAN_POINT('',(91.6,275.,202.));
#19159 = CIRCLE('',#19160,1.6);
#19160 = AXIS2_PLACEMENT_3D('',#19161,#19162,#19163);
#19161 = CARTESIAN_POINT('',(90.,275.,202.));
#19162 = DIRECTION('',(0.,0.,1.));
#19163 = DIRECTION('',(1.,0.,0.));
#19164 = ORIENTED_EDGE('',*,*,#19165,.F.);
#19165 = EDGE_CURVE('',#19166,#19157,#19168,.T.);
#19166 = VERTEX_POINT('',#19167);
#19167 = CARTESIAN_POINT('',(91.6,275.,198.));
#19168 = LINE('',#19169,#19170);
#19169 = CARTESIAN_POINT('',(91.6,275.,198.));
#19170 = VECTOR('',#19171,1.);
#19171 = DIRECTION('',(0.,0.,1.));
#19172 = ORIENTED_EDGE('',*,*,#19173,.T.);
#19173 = EDGE_CURVE('',#19166,#19166,#19174,.T.);
#19174 = CIRCLE('',#19175,1.6);
#19175 = AXIS2_PLACEMENT_3D('',#19176,#19177,#19178);
#19176 = CARTESIAN_POINT('',(90.,275.,198.));
#19177 = DIRECTION('',(0.,0.,1.));
#19178 = DIRECTION('',(1.,0.,0.));
#19179 = ORIENTED_EDGE('',*,*,#19165,.T.);
#19180 = CYLINDRICAL_SURFACE('',#19181,1.6);
#19181 = AXIS2_PLACEMENT_3D('',#19182,#19183,#19184);
#19182 = CARTESIAN_POINT('',(90.,275.,198.));
#19183 = DIRECTION('',(0.,0.,1.));
#19184 = DIRECTION('',(1.,0.,0.));
#19185 = ADVANCED_FACE('',(#19186),#19189,.T.);
#19186 = FACE_BOUND('',#19187,.T.);
#19187 = EDGE_LOOP('',(#19188));
#19188 = ORIENTED_EDGE('',*,*,#19156,.T.);
#19189 = PLANE('',#19190);
#19190 = AXIS2_PLACEMENT_3D('',#19191,#19192,#19193);
#19191 = CARTESIAN_POINT('',(90.,275.,202.));
#19192 = DIRECTION('',(0.,0.,1.));
#19193 = DIRECTION('',(1.,0.,0.));
#19194 = ADVANCED_FACE('',(#19195),#19198,.F.);
#19195 = FACE_BOUND('',#19196,.T.);
#19196 = EDGE_LOOP('',(#19197));
#19197 = ORIENTED_EDGE('',*,*,#19173,.F.);
#19198 = PLANE('',#19199);
#19199 = AXIS2_PLACEMENT_3D('',#19200,#19201,#19202);
#19200 = CARTESIAN_POINT('',(90.,275.,198.));
#19201 = DIRECTION('',(0.,0.,1.));
#19202 = DIRECTION('',(1.,0.,0.));
#19203 = MANIFOLD_SOLID_BREP('',#19204);
#19204 = CLOSED_SHELL('',(#19205,#19238,#19247));
#19205 = ADVANCED_FACE('',(#19206),#19233,.T.);
#19206 = FACE_BOUND('',#19207,.T.);
#19207 = EDGE_LOOP('',(#19208,#19217,#19225,#19232));
#19208 = ORIENTED_EDGE('',*,*,#19209,.F.);
#19209 = EDGE_CURVE('',#19210,#19210,#19212,.T.);
#19210 = VERTEX_POINT('',#19211);
#19211 = CARTESIAN_POINT('',(91.6,285.,202.));
#19212 = CIRCLE('',#19213,1.6);
#19213 = AXIS2_PLACEMENT_3D('',#19214,#19215,#19216);
#19214 = CARTESIAN_POINT('',(90.,285.,202.));
#19215 = DIRECTION('',(0.,0.,1.));
#19216 = DIRECTION('',(1.,0.,0.));
#19217 = ORIENTED_EDGE('',*,*,#19218,.F.);
#19218 = EDGE_CURVE('',#19219,#19210,#19221,.T.);
#19219 = VERTEX_POINT('',#19220);
#19220 = CARTESIAN_POINT('',(91.6,285.,198.));
#19221 = LINE('',#19222,#19223);
#19222 = CARTESIAN_POINT('',(91.6,285.,198.));
#19223 = VECTOR('',#19224,1.);
#19224 = DIRECTION('',(0.,0.,1.));
#19225 = ORIENTED_EDGE('',*,*,#19226,.T.);
#19226 = EDGE_CURVE('',#19219,#19219,#19227,.T.);
#19227 = CIRCLE('',#19228,1.6);
#19228 = AXIS2_PLACEMENT_3D('',#19229,#19230,#19231);
#19229 = CARTESIAN_POINT('',(90.,285.,198.));
#19230 = DIRECTION('',(0.,0.,1.));
#19231 = DIRECTION('',(1.,0.,0.));
#19232 = ORIENTED_EDGE('',*,*,#19218,.T.);
#19233 = CYLINDRICAL_SURFACE('',#19234,1.6);
#19234 = AXIS2_PLACEMENT_3D('',#19235,#19236,#19237);
#19235 = CARTESIAN_POINT('',(90.,285.,198.));
#19236 = DIRECTION('',(0.,0.,1.));
#19237 = DIRECTION('',(1.,0.,0.));
#19238 = ADVANCED_FACE('',(#19239),#19242,.T.);
#19239 = FACE_BOUND('',#19240,.T.);
#19240 = EDGE_LOOP('',(#19241));
#19241 = ORIENTED_EDGE('',*,*,#19209,.T.);
#19242 = PLANE('',#19243);
#19243 = AXIS2_PLACEMENT_3D('',#19244,#19245,#19246);
#19244 = CARTESIAN_POINT('',(90.,285.,202.));
#19245 = DIRECTION('',(0.,0.,1.));
#19246 = DIRECTION('',(1.,0.,0.));
#19247 = ADVANCED_FACE('',(#19248),#19251,.F.);
#19248 = FACE_BOUND('',#19249,.T.);
#19249 = EDGE_LOOP('',(#19250));
#19250 = ORIENTED_EDGE('',*,*,#19226,.F.);
#19251 = PLANE('',#19252);
#19252 = AXIS2_PLACEMENT_3D('',#19253,#19254,#19255);
#19253 = CARTESIAN_POINT('',(90.,285.,198.));
#19254 = DIRECTION('',(0.,0.,1.));
#19255 = DIRECTION('',(1.,0.,0.));
#19256 = MANIFOLD_SOLID_BREP('',#19257);
#19257 = CLOSED_SHELL('',(#19258,#19298,#19338,#19360,#19382,#19394));
#19258 = ADVANCED_FACE('',(#19259),#19293,.F.);
#19259 = FACE_BOUND('',#19260,.F.);
#19260 = EDGE_LOOP('',(#19261,#19271,#19279,#19287));
#19261 = ORIENTED_EDGE('',*,*,#19262,.F.);
#19262 = EDGE_CURVE('',#19263,#19265,#19267,.T.);
#19263 = VERTEX_POINT('',#19264);
#19264 = CARTESIAN_POINT('',(76.,273.,202.));
#19265 = VERTEX_POINT('',#19266);
#19266 = CARTESIAN_POINT('',(76.,273.,203.6));
#19267 = LINE('',#19268,#19269);
#19268 = CARTESIAN_POINT('',(76.,273.,202.));
#19269 = VECTOR('',#19270,1.);
#19270 = DIRECTION('',(0.,0.,1.));
#19271 = ORIENTED_EDGE('',*,*,#19272,.T.);
#19272 = EDGE_CURVE('',#19263,#19273,#19275,.T.);
#19273 = VERTEX_POINT('',#19274);
#19274 = CARTESIAN_POINT('',(76.,287.,202.));
#19275 = LINE('',#19276,#19277);
#19276 = CARTESIAN_POINT('',(76.,273.,202.));
#19277 = VECTOR('',#19278,1.);
#19278 = DIRECTION('',(0.,1.,0.));
#19279 = ORIENTED_EDGE('',*,*,#19280,.T.);
#19280 = EDGE_CURVE('',#19273,#19281,#19283,.T.);
#19281 = VERTEX_POINT('',#19282);
#19282 = CARTESIAN_POINT('',(76.,287.,203.6));
#19283 = LINE('',#19284,#19285);
#19284 = CARTESIAN_POINT('',(76.,287.,202.));
#19285 = VECTOR('',#19286,1.);
#19286 = DIRECTION('',(0.,0.,1.));
#19287 = ORIENTED_EDGE('',*,*,#19288,.F.);
#19288 = EDGE_CURVE('',#19265,#19281,#19289,.T.);
#19289 = LINE('',#19290,#19291);
#19290 = CARTESIAN_POINT('',(76.,273.,203.6));
#19291 = VECTOR('',#19292,1.);
#19292 = DIRECTION('',(0.,1.,0.));
#19293 = PLANE('',#19294);
#19294 = AXIS2_PLACEMENT_3D('',#19295,#19296,#19297);
#19295 = CARTESIAN_POINT('',(76.,273.,202.));
#19296 = DIRECTION('',(1.,0.,0.));
#19297 = DIRECTION('',(0.,0.,1.));
#19298 = ADVANCED_FACE('',(#19299),#19333,.T.);
#19299 = FACE_BOUND('',#19300,.T.);
#19300 = EDGE_LOOP('',(#19301,#19311,#19319,#19327));
#19301 = ORIENTED_EDGE('',*,*,#19302,.F.);
#19302 = EDGE_CURVE('',#19303,#19305,#19307,.T.);
#19303 = VERTEX_POINT('',#19304);
#19304 = CARTESIAN_POINT('',(92.,273.,202.));
#19305 = VERTEX_POINT('',#19306);
#19306 = CARTESIAN_POINT('',(92.,273.,203.6));
#19307 = LINE('',#19308,#19309);
#19308 = CARTESIAN_POINT('',(92.,273.,202.));
#19309 = VECTOR('',#19310,1.);
#19310 = DIRECTION('',(0.,0.,1.));
#19311 = ORIENTED_EDGE('',*,*,#19312,.T.);
#19312 = EDGE_CURVE('',#19303,#19313,#19315,.T.);
#19313 = VERTEX_POINT('',#19314);
#19314 = CARTESIAN_POINT('',(92.,287.,202.));
#19315 = LINE('',#19316,#19317);
#19316 = CARTESIAN_POINT('',(92.,273.,202.));
#19317 = VECTOR('',#19318,1.);
#19318 = DIRECTION('',(0.,1.,0.));
#19319 = ORIENTED_EDGE('',*,*,#19320,.T.);
#19320 = EDGE_CURVE('',#19313,#19321,#19323,.T.);
#19321 = VERTEX_POINT('',#19322);
#19322 = CARTESIAN_POINT('',(92.,287.,203.6));
#19323 = LINE('',#19324,#19325);
#19324 = CARTESIAN_POINT('',(92.,287.,202.));
#19325 = VECTOR('',#19326,1.);
#19326 = DIRECTION('',(0.,0.,1.));
#19327 = ORIENTED_EDGE('',*,*,#19328,.F.);
#19328 = EDGE_CURVE('',#19305,#19321,#19329,.T.);
#19329 = LINE('',#19330,#19331);
#19330 = CARTESIAN_POINT('',(92.,273.,203.6));
#19331 = VECTOR('',#19332,1.);
#19332 = DIRECTION('',(0.,1.,0.));
#19333 = PLANE('',#19334);
#19334 = AXIS2_PLACEMENT_3D('',#19335,#19336,#19337);
#19335 = CARTESIAN_POINT('',(92.,273.,202.));
#19336 = DIRECTION('',(1.,0.,0.));
#19337 = DIRECTION('',(0.,0.,1.));
#19338 = ADVANCED_FACE('',(#19339),#19355,.F.);
#19339 = FACE_BOUND('',#19340,.F.);
#19340 = EDGE_LOOP('',(#19341,#19347,#19348,#19354));
#19341 = ORIENTED_EDGE('',*,*,#19342,.F.);
#19342 = EDGE_CURVE('',#19263,#19303,#19343,.T.);
#19343 = LINE('',#19344,#19345);
#19344 = CARTESIAN_POINT('',(76.,273.,202.));
#19345 = VECTOR('',#19346,1.);
#19346 = DIRECTION('',(1.,0.,0.));
#19347 = ORIENTED_EDGE('',*,*,#19262,.T.);
#19348 = ORIENTED_EDGE('',*,*,#19349,.T.);
#19349 = EDGE_CURVE('',#19265,#19305,#19350,.T.);
#19350 = LINE('',#19351,#19352);
#19351 = CARTESIAN_POINT('',(76.,273.,203.6));
#19352 = VECTOR('',#19353,1.);
#19353 = DIRECTION('',(1.,0.,0.));
#19354 = ORIENTED_EDGE('',*,*,#19302,.F.);
#19355 = PLANE('',#19356);
#19356 = AXIS2_PLACEMENT_3D('',#19357,#19358,#19359);
#19357 = CARTESIAN_POINT('',(76.,273.,202.));
#19358 = DIRECTION('',(0.,1.,0.));
#19359 = DIRECTION('',(0.,0.,1.));
#19360 = ADVANCED_FACE('',(#19361),#19377,.T.);
#19361 = FACE_BOUND('',#19362,.T.);
#19362 = EDGE_LOOP('',(#19363,#19369,#19370,#19376));
#19363 = ORIENTED_EDGE('',*,*,#19364,.F.);
#19364 = EDGE_CURVE('',#19273,#19313,#19365,.T.);
#19365 = LINE('',#19366,#19367);
#19366 = CARTESIAN_POINT('',(76.,287.,202.));
#19367 = VECTOR('',#19368,1.);
#19368 = DIRECTION('',(1.,0.,0.));
#19369 = ORIENTED_EDGE('',*,*,#19280,.T.);
#19370 = ORIENTED_EDGE('',*,*,#19371,.T.);
#19371 = EDGE_CURVE('',#19281,#19321,#19372,.T.);
#19372 = LINE('',#19373,#19374);
#19373 = CARTESIAN_POINT('',(76.,287.,203.6));
#19374 = VECTOR('',#19375,1.);
#19375 = DIRECTION('',(1.,0.,0.));
#19376 = ORIENTED_EDGE('',*,*,#19320,.F.);
#19377 = PLANE('',#19378);
#19378 = AXIS2_PLACEMENT_3D('',#19379,#19380,#19381);
#19379 = CARTESIAN_POINT('',(76.,287.,202.));
#19380 = DIRECTION('',(0.,1.,0.));
#19381 = DIRECTION('',(0.,0.,1.));
#19382 = ADVANCED_FACE('',(#19383),#19389,.F.);
#19383 = FACE_BOUND('',#19384,.F.);
#19384 = EDGE_LOOP('',(#19385,#19386,#19387,#19388));
#19385 = ORIENTED_EDGE('',*,*,#19272,.F.);
#19386 = ORIENTED_EDGE('',*,*,#19342,.T.);
#19387 = ORIENTED_EDGE('',*,*,#19312,.T.);
#19388 = ORIENTED_EDGE('',*,*,#19364,.F.);
#19389 = PLANE('',#19390);
#19390 = AXIS2_PLACEMENT_3D('',#19391,#19392,#19393);
#19391 = CARTESIAN_POINT('',(76.,273.,202.));
#19392 = DIRECTION('',(0.,0.,1.));
#19393 = DIRECTION('',(1.,0.,0.));
#19394 = ADVANCED_FACE('',(#19395),#19401,.T.);
#19395 = FACE_BOUND('',#19396,.T.);
#19396 = EDGE_LOOP('',(#19397,#19398,#19399,#19400));
#19397 = ORIENTED_EDGE('',*,*,#19288,.F.);
#19398 = ORIENTED_EDGE('',*,*,#19349,.T.);
#19399 = ORIENTED_EDGE('',*,*,#19328,.T.);
#19400 = ORIENTED_EDGE('',*,*,#19371,.F.);
#19401 = PLANE('',#19402);
#19402 = AXIS2_PLACEMENT_3D('',#19403,#19404,#19405);
#19403 = CARTESIAN_POINT('',(76.,273.,203.6));
#19404 = DIRECTION('',(0.,0.,1.));
#19405 = DIRECTION('',(1.,0.,0.));
#19406 = MANIFOLD_SOLID_BREP('',#19407);
#19407 = CLOSED_SHELL('',(#19408,#19448,#19488,#19510,#19532,#19544));
#19408 = ADVANCED_FACE('',(#19409),#19443,.F.);
#19409 = FACE_BOUND('',#19410,.F.);
#19410 = EDGE_LOOP('',(#19411,#19421,#19429,#19437));
#19411 = ORIENTED_EDGE('',*,*,#19412,.F.);
#19412 = EDGE_CURVE('',#19413,#19415,#19417,.T.);
#19413 = VERTEX_POINT('',#19414);
#19414 = CARTESIAN_POINT('',(81.75,277.75,203.6));
#19415 = VERTEX_POINT('',#19416);
#19416 = CARTESIAN_POINT('',(81.75,277.75,205.));
#19417 = LINE('',#19418,#19419);
#19418 = CARTESIAN_POINT('',(81.75,277.75,203.6));
#19419 = VECTOR('',#19420,1.);
#19420 = DIRECTION('',(0.,0.,1.));
#19421 = ORIENTED_EDGE('',*,*,#19422,.T.);
#19422 = EDGE_CURVE('',#19413,#19423,#19425,.T.);
#19423 = VERTEX_POINT('',#19424);
#19424 = CARTESIAN_POINT('',(81.75,282.25,203.6));
#19425 = LINE('',#19426,#19427);
#19426 = CARTESIAN_POINT('',(81.75,277.75,203.6));
#19427 = VECTOR('',#19428,1.);
#19428 = DIRECTION('',(0.,1.,0.));
#19429 = ORIENTED_EDGE('',*,*,#19430,.T.);
#19430 = EDGE_CURVE('',#19423,#19431,#19433,.T.);
#19431 = VERTEX_POINT('',#19432);
#19432 = CARTESIAN_POINT('',(81.75,282.25,205.));
#19433 = LINE('',#19434,#19435);
#19434 = CARTESIAN_POINT('',(81.75,282.25,203.6));
#19435 = VECTOR('',#19436,1.);
#19436 = DIRECTION('',(0.,0.,1.));
#19437 = ORIENTED_EDGE('',*,*,#19438,.F.);
#19438 = EDGE_CURVE('',#19415,#19431,#19439,.T.);
#19439 = LINE('',#19440,#19441);
#19440 = CARTESIAN_POINT('',(81.75,277.75,205.));
#19441 = VECTOR('',#19442,1.);
#19442 = DIRECTION('',(0.,1.,0.));
#19443 = PLANE('',#19444);
#19444 = AXIS2_PLACEMENT_3D('',#19445,#19446,#19447);
#19445 = CARTESIAN_POINT('',(81.75,277.75,203.6));
#19446 = DIRECTION('',(1.,0.,0.));
#19447 = DIRECTION('',(0.,0.,1.));
#19448 = ADVANCED_FACE('',(#19449),#19483,.T.);
#19449 = FACE_BOUND('',#19450,.T.);
#19450 = EDGE_LOOP('',(#19451,#19461,#19469,#19477));
#19451 = ORIENTED_EDGE('',*,*,#19452,.F.);
#19452 = EDGE_CURVE('',#19453,#19455,#19457,.T.);
#19453 = VERTEX_POINT('',#19454);
#19454 = CARTESIAN_POINT('',(86.25,277.75,203.6));
#19455 = VERTEX_POINT('',#19456);
#19456 = CARTESIAN_POINT('',(86.25,277.75,205.));
#19457 = LINE('',#19458,#19459);
#19458 = CARTESIAN_POINT('',(86.25,277.75,203.6));
#19459 = VECTOR('',#19460,1.);
#19460 = DIRECTION('',(0.,0.,1.));
#19461 = ORIENTED_EDGE('',*,*,#19462,.T.);
#19462 = EDGE_CURVE('',#19453,#19463,#19465,.T.);
#19463 = VERTEX_POINT('',#19464);
#19464 = CARTESIAN_POINT('',(86.25,282.25,203.6));
#19465 = LINE('',#19466,#19467);
#19466 = CARTESIAN_POINT('',(86.25,277.75,203.6));
#19467 = VECTOR('',#19468,1.);
#19468 = DIRECTION('',(0.,1.,0.));
#19469 = ORIENTED_EDGE('',*,*,#19470,.T.);
#19470 = EDGE_CURVE('',#19463,#19471,#19473,.T.);
#19471 = VERTEX_POINT('',#19472);
#19472 = CARTESIAN_POINT('',(86.25,282.25,205.));
#19473 = LINE('',#19474,#19475);
#19474 = CARTESIAN_POINT('',(86.25,282.25,203.6));
#19475 = VECTOR('',#19476,1.);
#19476 = DIRECTION('',(0.,0.,1.));
#19477 = ORIENTED_EDGE('',*,*,#19478,.F.);
#19478 = EDGE_CURVE('',#19455,#19471,#19479,.T.);
#19479 = LINE('',#19480,#19481);
#19480 = CARTESIAN_POINT('',(86.25,277.75,205.));
#19481 = VECTOR('',#19482,1.);
#19482 = DIRECTION('',(0.,1.,0.));
#19483 = PLANE('',#19484);
#19484 = AXIS2_PLACEMENT_3D('',#19485,#19486,#19487);
#19485 = CARTESIAN_POINT('',(86.25,277.75,203.6));
#19486 = DIRECTION('',(1.,0.,0.));
#19487 = DIRECTION('',(0.,0.,1.));
#19488 = ADVANCED_FACE('',(#19489),#19505,.F.);
#19489 = FACE_BOUND('',#19490,.F.);
#19490 = EDGE_LOOP('',(#19491,#19497,#19498,#19504));
#19491 = ORIENTED_EDGE('',*,*,#19492,.F.);
#19492 = EDGE_CURVE('',#19413,#19453,#19493,.T.);
#19493 = LINE('',#19494,#19495);
#19494 = CARTESIAN_POINT('',(81.75,277.75,203.6));
#19495 = VECTOR('',#19496,1.);
#19496 = DIRECTION('',(1.,0.,0.));
#19497 = ORIENTED_EDGE('',*,*,#19412,.T.);
#19498 = ORIENTED_EDGE('',*,*,#19499,.T.);
#19499 = EDGE_CURVE('',#19415,#19455,#19500,.T.);
#19500 = LINE('',#19501,#19502);
#19501 = CARTESIAN_POINT('',(81.75,277.75,205.));
#19502 = VECTOR('',#19503,1.);
#19503 = DIRECTION('',(1.,0.,0.));
#19504 = ORIENTED_EDGE('',*,*,#19452,.F.);
#19505 = PLANE('',#19506);
#19506 = AXIS2_PLACEMENT_3D('',#19507,#19508,#19509);
#19507 = CARTESIAN_POINT('',(81.75,277.75,203.6));
#19508 = DIRECTION('',(0.,1.,0.));
#19509 = DIRECTION('',(0.,0.,1.));
#19510 = ADVANCED_FACE('',(#19511),#19527,.T.);
#19511 = FACE_BOUND('',#19512,.T.);
#19512 = EDGE_LOOP('',(#19513,#19519,#19520,#19526));
#19513 = ORIENTED_EDGE('',*,*,#19514,.F.);
#19514 = EDGE_CURVE('',#19423,#19463,#19515,.T.);
#19515 = LINE('',#19516,#19517);
#19516 = CARTESIAN_POINT('',(81.75,282.25,203.6));
#19517 = VECTOR('',#19518,1.);
#19518 = DIRECTION('',(1.,0.,0.));
#19519 = ORIENTED_EDGE('',*,*,#19430,.T.);
#19520 = ORIENTED_EDGE('',*,*,#19521,.T.);
#19521 = EDGE_CURVE('',#19431,#19471,#19522,.T.);
#19522 = LINE('',#19523,#19524);
#19523 = CARTESIAN_POINT('',(81.75,282.25,205.));
#19524 = VECTOR('',#19525,1.);
#19525 = DIRECTION('',(1.,0.,0.));
#19526 = ORIENTED_EDGE('',*,*,#19470,.F.);
#19527 = PLANE('',#19528);
#19528 = AXIS2_PLACEMENT_3D('',#19529,#19530,#19531);
#19529 = CARTESIAN_POINT('',(81.75,282.25,203.6));
#19530 = DIRECTION('',(0.,1.,0.));
#19531 = DIRECTION('',(0.,0.,1.));
#19532 = ADVANCED_FACE('',(#19533),#19539,.F.);
#19533 = FACE_BOUND('',#19534,.F.);
#19534 = EDGE_LOOP('',(#19535,#19536,#19537,#19538));
#19535 = ORIENTED_EDGE('',*,*,#19422,.F.);
#19536 = ORIENTED_EDGE('',*,*,#19492,.T.);
#19537 = ORIENTED_EDGE('',*,*,#19462,.T.);
#19538 = ORIENTED_EDGE('',*,*,#19514,.F.);
#19539 = PLANE('',#19540);
#19540 = AXIS2_PLACEMENT_3D('',#19541,#19542,#19543);
#19541 = CARTESIAN_POINT('',(81.75,277.75,203.6));
#19542 = DIRECTION('',(0.,0.,1.));
#19543 = DIRECTION('',(1.,0.,0.));
#19544 = ADVANCED_FACE('',(#19545),#19551,.T.);
#19545 = FACE_BOUND('',#19546,.T.);
#19546 = EDGE_LOOP('',(#19547,#19548,#19549,#19550));
#19547 = ORIENTED_EDGE('',*,*,#19438,.F.);
#19548 = ORIENTED_EDGE('',*,*,#19499,.T.);
#19549 = ORIENTED_EDGE('',*,*,#19478,.T.);
#19550 = ORIENTED_EDGE('',*,*,#19521,.F.);
#19551 = PLANE('',#19552);
#19552 = AXIS2_PLACEMENT_3D('',#19553,#19554,#19555);
#19553 = CARTESIAN_POINT('',(81.75,277.75,205.));
#19554 = DIRECTION('',(0.,0.,1.));
#19555 = DIRECTION('',(1.,0.,0.));
#19556 = MANIFOLD_SOLID_BREP('',#19557);
#19557 = CLOSED_SHELL('',(#19558,#19598,#19638,#19660,#19682,#19694));
#19558 = ADVANCED_FACE('',(#19559),#19593,.F.);
#19559 = FACE_BOUND('',#19560,.F.);
#19560 = EDGE_LOOP('',(#19561,#19571,#19579,#19587));
#19561 = ORIENTED_EDGE('',*,*,#19562,.F.);
#19562 = EDGE_CURVE('',#19563,#19565,#19567,.T.);
#19563 = VERTEX_POINT('',#19564);
#19564 = CARTESIAN_POINT('',(60.,268.,212.));
#19565 = VERTEX_POINT('',#19566);
#19566 = CARTESIAN_POINT('',(60.,268.,213.6));
#19567 = LINE('',#19568,#19569);
#19568 = CARTESIAN_POINT('',(60.,268.,212.));
#19569 = VECTOR('',#19570,1.);
#19570 = DIRECTION('',(0.,0.,1.));
#19571 = ORIENTED_EDGE('',*,*,#19572,.T.);
#19572 = EDGE_CURVE('',#19563,#19573,#19575,.T.);
#19573 = VERTEX_POINT('',#19574);
#19574 = CARTESIAN_POINT('',(60.,308.,212.));
#19575 = LINE('',#19576,#19577);
#19576 = CARTESIAN_POINT('',(60.,268.,212.));
#19577 = VECTOR('',#19578,1.);
#19578 = DIRECTION('',(0.,1.,0.));
#19579 = ORIENTED_EDGE('',*,*,#19580,.T.);
#19580 = EDGE_CURVE('',#19573,#19581,#19583,.T.);
#19581 = VERTEX_POINT('',#19582);
#19582 = CARTESIAN_POINT('',(60.,308.,213.6));
#19583 = LINE('',#19584,#19585);
#19584 = CARTESIAN_POINT('',(60.,308.,212.));
#19585 = VECTOR('',#19586,1.);
#19586 = DIRECTION('',(0.,0.,1.));
#19587 = ORIENTED_EDGE('',*,*,#19588,.F.);
#19588 = EDGE_CURVE('',#19565,#19581,#19589,.T.);
#19589 = LINE('',#19590,#19591);
#19590 = CARTESIAN_POINT('',(60.,268.,213.6));
#19591 = VECTOR('',#19592,1.);
#19592 = DIRECTION('',(0.,1.,0.));
#19593 = PLANE('',#19594);
#19594 = AXIS2_PLACEMENT_3D('',#19595,#19596,#19597);
#19595 = CARTESIAN_POINT('',(60.,268.,212.));
#19596 = DIRECTION('',(1.,0.,0.));
#19597 = DIRECTION('',(0.,0.,1.));
#19598 = ADVANCED_FACE('',(#19599),#19633,.T.);
#19599 = FACE_BOUND('',#19600,.T.);
#19600 = EDGE_LOOP('',(#19601,#19611,#19619,#19627));
#19601 = ORIENTED_EDGE('',*,*,#19602,.F.);
#19602 = EDGE_CURVE('',#19603,#19605,#19607,.T.);
#19603 = VERTEX_POINT('',#19604);
#19604 = CARTESIAN_POINT('',(84.,268.,212.));
#19605 = VERTEX_POINT('',#19606);
#19606 = CARTESIAN_POINT('',(84.,268.,213.6));
#19607 = LINE('',#19608,#19609);
#19608 = CARTESIAN_POINT('',(84.,268.,212.));
#19609 = VECTOR('',#19610,1.);
#19610 = DIRECTION('',(0.,0.,1.));
#19611 = ORIENTED_EDGE('',*,*,#19612,.T.);
#19612 = EDGE_CURVE('',#19603,#19613,#19615,.T.);
#19613 = VERTEX_POINT('',#19614);
#19614 = CARTESIAN_POINT('',(84.,308.,212.));
#19615 = LINE('',#19616,#19617);
#19616 = CARTESIAN_POINT('',(84.,268.,212.));
#19617 = VECTOR('',#19618,1.);
#19618 = DIRECTION('',(0.,1.,0.));
#19619 = ORIENTED_EDGE('',*,*,#19620,.T.);
#19620 = EDGE_CURVE('',#19613,#19621,#19623,.T.);
#19621 = VERTEX_POINT('',#19622);
#19622 = CARTESIAN_POINT('',(84.,308.,213.6));
#19623 = LINE('',#19624,#19625);
#19624 = CARTESIAN_POINT('',(84.,308.,212.));
#19625 = VECTOR('',#19626,1.);
#19626 = DIRECTION('',(0.,0.,1.));
#19627 = ORIENTED_EDGE('',*,*,#19628,.F.);
#19628 = EDGE_CURVE('',#19605,#19621,#19629,.T.);
#19629 = LINE('',#19630,#19631);
#19630 = CARTESIAN_POINT('',(84.,268.,213.6));
#19631 = VECTOR('',#19632,1.);
#19632 = DIRECTION('',(0.,1.,0.));
#19633 = PLANE('',#19634);
#19634 = AXIS2_PLACEMENT_3D('',#19635,#19636,#19637);
#19635 = CARTESIAN_POINT('',(84.,268.,212.));
#19636 = DIRECTION('',(1.,0.,0.));
#19637 = DIRECTION('',(0.,0.,1.));
#19638 = ADVANCED_FACE('',(#19639),#19655,.F.);
#19639 = FACE_BOUND('',#19640,.F.);
#19640 = EDGE_LOOP('',(#19641,#19647,#19648,#19654));
#19641 = ORIENTED_EDGE('',*,*,#19642,.F.);
#19642 = EDGE_CURVE('',#19563,#19603,#19643,.T.);
#19643 = LINE('',#19644,#19645);
#19644 = CARTESIAN_POINT('',(60.,268.,212.));
#19645 = VECTOR('',#19646,1.);
#19646 = DIRECTION('',(1.,0.,0.));
#19647 = ORIENTED_EDGE('',*,*,#19562,.T.);
#19648 = ORIENTED_EDGE('',*,*,#19649,.T.);
#19649 = EDGE_CURVE('',#19565,#19605,#19650,.T.);
#19650 = LINE('',#19651,#19652);
#19651 = CARTESIAN_POINT('',(60.,268.,213.6));
#19652 = VECTOR('',#19653,1.);
#19653 = DIRECTION('',(1.,0.,0.));
#19654 = ORIENTED_EDGE('',*,*,#19602,.F.);
#19655 = PLANE('',#19656);
#19656 = AXIS2_PLACEMENT_3D('',#19657,#19658,#19659);
#19657 = CARTESIAN_POINT('',(60.,268.,212.));
#19658 = DIRECTION('',(0.,1.,0.));
#19659 = DIRECTION('',(0.,0.,1.));
#19660 = ADVANCED_FACE('',(#19661),#19677,.T.);
#19661 = FACE_BOUND('',#19662,.T.);
#19662 = EDGE_LOOP('',(#19663,#19669,#19670,#19676));
#19663 = ORIENTED_EDGE('',*,*,#19664,.F.);
#19664 = EDGE_CURVE('',#19573,#19613,#19665,.T.);
#19665 = LINE('',#19666,#19667);
#19666 = CARTESIAN_POINT('',(60.,308.,212.));
#19667 = VECTOR('',#19668,1.);
#19668 = DIRECTION('',(1.,0.,0.));
#19669 = ORIENTED_EDGE('',*,*,#19580,.T.);
#19670 = ORIENTED_EDGE('',*,*,#19671,.T.);
#19671 = EDGE_CURVE('',#19581,#19621,#19672,.T.);
#19672 = LINE('',#19673,#19674);
#19673 = CARTESIAN_POINT('',(60.,308.,213.6));
#19674 = VECTOR('',#19675,1.);
#19675 = DIRECTION('',(1.,0.,0.));
#19676 = ORIENTED_EDGE('',*,*,#19620,.F.);
#19677 = PLANE('',#19678);
#19678 = AXIS2_PLACEMENT_3D('',#19679,#19680,#19681);
#19679 = CARTESIAN_POINT('',(60.,308.,212.));
#19680 = DIRECTION('',(0.,1.,0.));
#19681 = DIRECTION('',(0.,0.,1.));
#19682 = ADVANCED_FACE('',(#19683),#19689,.F.);
#19683 = FACE_BOUND('',#19684,.F.);
#19684 = EDGE_LOOP('',(#19685,#19686,#19687,#19688));
#19685 = ORIENTED_EDGE('',*,*,#19572,.F.);
#19686 = ORIENTED_EDGE('',*,*,#19642,.T.);
#19687 = ORIENTED_EDGE('',*,*,#19612,.T.);
#19688 = ORIENTED_EDGE('',*,*,#19664,.F.);
#19689 = PLANE('',#19690);
#19690 = AXIS2_PLACEMENT_3D('',#19691,#19692,#19693);
#19691 = CARTESIAN_POINT('',(60.,268.,212.));
#19692 = DIRECTION('',(0.,0.,1.));
#19693 = DIRECTION('',(1.,0.,0.));
#19694 = ADVANCED_FACE('',(#19695),#19701,.T.);
#19695 = FACE_BOUND('',#19696,.T.);
#19696 = EDGE_LOOP('',(#19697,#19698,#19699,#19700));
#19697 = ORIENTED_EDGE('',*,*,#19588,.F.);
#19698 = ORIENTED_EDGE('',*,*,#19649,.T.);
#19699 = ORIENTED_EDGE('',*,*,#19628,.T.);
#19700 = ORIENTED_EDGE('',*,*,#19671,.F.);
#19701 = PLANE('',#19702);
#19702 = AXIS2_PLACEMENT_3D('',#19703,#19704,#19705);
#19703 = CARTESIAN_POINT('',(60.,268.,213.6));
#19704 = DIRECTION('',(0.,0.,1.));
#19705 = DIRECTION('',(1.,0.,0.));
#19706 = MANIFOLD_SOLID_BREP('',#19707);
#19707 = CLOSED_SHELL('',(#19708,#19748,#19788,#19810,#19832,#19844));
#19708 = ADVANCED_FACE('',(#19709),#19743,.F.);
#19709 = FACE_BOUND('',#19710,.F.);
#19710 = EDGE_LOOP('',(#19711,#19721,#19729,#19737));
#19711 = ORIENTED_EDGE('',*,*,#19712,.F.);
#19712 = EDGE_CURVE('',#19713,#19715,#19717,.T.);
#19713 = VERTEX_POINT('',#19714);
#19714 = CARTESIAN_POINT('',(64.5,280.,213.6));
#19715 = VERTEX_POINT('',#19716);
#19716 = CARTESIAN_POINT('',(64.5,280.,216.4));
#19717 = LINE('',#19718,#19719);
#19718 = CARTESIAN_POINT('',(64.5,280.,213.6));
#19719 = VECTOR('',#19720,1.);
#19720 = DIRECTION('',(0.,0.,1.));
#19721 = ORIENTED_EDGE('',*,*,#19722,.T.);
#19722 = EDGE_CURVE('',#19713,#19723,#19725,.T.);
#19723 = VERTEX_POINT('',#19724);
#19724 = CARTESIAN_POINT('',(64.5,296.,213.6));
#19725 = LINE('',#19726,#19727);
#19726 = CARTESIAN_POINT('',(64.5,280.,213.6));
#19727 = VECTOR('',#19728,1.);
#19728 = DIRECTION('',(0.,1.,0.));
#19729 = ORIENTED_EDGE('',*,*,#19730,.T.);
#19730 = EDGE_CURVE('',#19723,#19731,#19733,.T.);
#19731 = VERTEX_POINT('',#19732);
#19732 = CARTESIAN_POINT('',(64.5,296.,216.4));
#19733 = LINE('',#19734,#19735);
#19734 = CARTESIAN_POINT('',(64.5,296.,213.6));
#19735 = VECTOR('',#19736,1.);
#19736 = DIRECTION('',(0.,0.,1.));
#19737 = ORIENTED_EDGE('',*,*,#19738,.F.);
#19738 = EDGE_CURVE('',#19715,#19731,#19739,.T.);
#19739 = LINE('',#19740,#19741);
#19740 = CARTESIAN_POINT('',(64.5,280.,216.4));
#19741 = VECTOR('',#19742,1.);
#19742 = DIRECTION('',(0.,1.,0.));
#19743 = PLANE('',#19744);
#19744 = AXIS2_PLACEMENT_3D('',#19745,#19746,#19747);
#19745 = CARTESIAN_POINT('',(64.5,280.,213.6));
#19746 = DIRECTION('',(1.,0.,0.));
#19747 = DIRECTION('',(0.,0.,1.));
#19748 = ADVANCED_FACE('',(#19749),#19783,.T.);
#19749 = FACE_BOUND('',#19750,.T.);
#19750 = EDGE_LOOP('',(#19751,#19761,#19769,#19777));
#19751 = ORIENTED_EDGE('',*,*,#19752,.F.);
#19752 = EDGE_CURVE('',#19753,#19755,#19757,.T.);
#19753 = VERTEX_POINT('',#19754);
#19754 = CARTESIAN_POINT('',(79.5,280.,213.6));
#19755 = VERTEX_POINT('',#19756);
#19756 = CARTESIAN_POINT('',(79.5,280.,216.4));
#19757 = LINE('',#19758,#19759);
#19758 = CARTESIAN_POINT('',(79.5,280.,213.6));
#19759 = VECTOR('',#19760,1.);
#19760 = DIRECTION('',(0.,0.,1.));
#19761 = ORIENTED_EDGE('',*,*,#19762,.T.);
#19762 = EDGE_CURVE('',#19753,#19763,#19765,.T.);
#19763 = VERTEX_POINT('',#19764);
#19764 = CARTESIAN_POINT('',(79.5,296.,213.6));
#19765 = LINE('',#19766,#19767);
#19766 = CARTESIAN_POINT('',(79.5,280.,213.6));
#19767 = VECTOR('',#19768,1.);
#19768 = DIRECTION('',(0.,1.,0.));
#19769 = ORIENTED_EDGE('',*,*,#19770,.T.);
#19770 = EDGE_CURVE('',#19763,#19771,#19773,.T.);
#19771 = VERTEX_POINT('',#19772);
#19772 = CARTESIAN_POINT('',(79.5,296.,216.4));
#19773 = LINE('',#19774,#19775);
#19774 = CARTESIAN_POINT('',(79.5,296.,213.6));
#19775 = VECTOR('',#19776,1.);
#19776 = DIRECTION('',(0.,0.,1.));
#19777 = ORIENTED_EDGE('',*,*,#19778,.F.);
#19778 = EDGE_CURVE('',#19755,#19771,#19779,.T.);
#19779 = LINE('',#19780,#19781);
#19780 = CARTESIAN_POINT('',(79.5,280.,216.4));
#19781 = VECTOR('',#19782,1.);
#19782 = DIRECTION('',(0.,1.,0.));
#19783 = PLANE('',#19784);
#19784 = AXIS2_PLACEMENT_3D('',#19785,#19786,#19787);
#19785 = CARTESIAN_POINT('',(79.5,280.,213.6));
#19786 = DIRECTION('',(1.,0.,0.));
#19787 = DIRECTION('',(0.,0.,1.));
#19788 = ADVANCED_FACE('',(#19789),#19805,.F.);
#19789 = FACE_BOUND('',#19790,.F.);
#19790 = EDGE_LOOP('',(#19791,#19797,#19798,#19804));
#19791 = ORIENTED_EDGE('',*,*,#19792,.F.);
#19792 = EDGE_CURVE('',#19713,#19753,#19793,.T.);
#19793 = LINE('',#19794,#19795);
#19794 = CARTESIAN_POINT('',(64.5,280.,213.6));
#19795 = VECTOR('',#19796,1.);
#19796 = DIRECTION('',(1.,0.,0.));
#19797 = ORIENTED_EDGE('',*,*,#19712,.T.);
#19798 = ORIENTED_EDGE('',*,*,#19799,.T.);
#19799 = EDGE_CURVE('',#19715,#19755,#19800,.T.);
#19800 = LINE('',#19801,#19802);
#19801 = CARTESIAN_POINT('',(64.5,280.,216.4));
#19802 = VECTOR('',#19803,1.);
#19803 = DIRECTION('',(1.,0.,0.));
#19804 = ORIENTED_EDGE('',*,*,#19752,.F.);
#19805 = PLANE('',#19806);
#19806 = AXIS2_PLACEMENT_3D('',#19807,#19808,#19809);
#19807 = CARTESIAN_POINT('',(64.5,280.,213.6));
#19808 = DIRECTION('',(0.,1.,0.));
#19809 = DIRECTION('',(0.,0.,1.));
#19810 = ADVANCED_FACE('',(#19811),#19827,.T.);
#19811 = FACE_BOUND('',#19812,.T.);
#19812 = EDGE_LOOP('',(#19813,#19819,#19820,#19826));
#19813 = ORIENTED_EDGE('',*,*,#19814,.F.);
#19814 = EDGE_CURVE('',#19723,#19763,#19815,.T.);
#19815 = LINE('',#19816,#19817);
#19816 = CARTESIAN_POINT('',(64.5,296.,213.6));
#19817 = VECTOR('',#19818,1.);
#19818 = DIRECTION('',(1.,0.,0.));
#19819 = ORIENTED_EDGE('',*,*,#19730,.T.);
#19820 = ORIENTED_EDGE('',*,*,#19821,.T.);
#19821 = EDGE_CURVE('',#19731,#19771,#19822,.T.);
#19822 = LINE('',#19823,#19824);
#19823 = CARTESIAN_POINT('',(64.5,296.,216.4));
#19824 = VECTOR('',#19825,1.);
#19825 = DIRECTION('',(1.,0.,0.));
#19826 = ORIENTED_EDGE('',*,*,#19770,.F.);
#19827 = PLANE('',#19828);
#19828 = AXIS2_PLACEMENT_3D('',#19829,#19830,#19831);
#19829 = CARTESIAN_POINT('',(64.5,296.,213.6));
#19830 = DIRECTION('',(0.,1.,0.));
#19831 = DIRECTION('',(0.,0.,1.));
#19832 = ADVANCED_FACE('',(#19833),#19839,.F.);
#19833 = FACE_BOUND('',#19834,.F.);
#19834 = EDGE_LOOP('',(#19835,#19836,#19837,#19838));
#19835 = ORIENTED_EDGE('',*,*,#19722,.F.);
#19836 = ORIENTED_EDGE('',*,*,#19792,.T.);
#19837 = ORIENTED_EDGE('',*,*,#19762,.T.);
#19838 = ORIENTED_EDGE('',*,*,#19814,.F.);
#19839 = PLANE('',#19840);
#19840 = AXIS2_PLACEMENT_3D('',#19841,#19842,#19843);
#19841 = CARTESIAN_POINT('',(64.5,280.,213.6));
#19842 = DIRECTION('',(0.,0.,1.));
#19843 = DIRECTION('',(1.,0.,0.));
#19844 = ADVANCED_FACE('',(#19845),#19851,.T.);
#19845 = FACE_BOUND('',#19846,.T.);
#19846 = EDGE_LOOP('',(#19847,#19848,#19849,#19850));
#19847 = ORIENTED_EDGE('',*,*,#19738,.F.);
#19848 = ORIENTED_EDGE('',*,*,#19799,.T.);
#19849 = ORIENTED_EDGE('',*,*,#19778,.T.);
#19850 = ORIENTED_EDGE('',*,*,#19821,.F.);
#19851 = PLANE('',#19852);
#19852 = AXIS2_PLACEMENT_3D('',#19853,#19854,#19855);
#19853 = CARTESIAN_POINT('',(64.5,280.,216.4));
#19854 = DIRECTION('',(0.,0.,1.));
#19855 = DIRECTION('',(1.,0.,0.));
#19856 = MANIFOLD_SOLID_BREP('',#19857);
#19857 = CLOSED_SHELL('',(#19858,#19891,#19900));
#19858 = ADVANCED_FACE('',(#19859),#19886,.T.);
#19859 = FACE_BOUND('',#19860,.T.);
#19860 = EDGE_LOOP('',(#19861,#19870,#19878,#19885));
#19861 = ORIENTED_EDGE('',*,*,#19862,.F.);
#19862 = EDGE_CURVE('',#19863,#19863,#19865,.T.);
#19863 = VERTEX_POINT('',#19864);
#19864 = CARTESIAN_POINT('',(91.,320.,224.));
#19865 = CIRCLE('',#19866,6.);
#19866 = AXIS2_PLACEMENT_3D('',#19867,#19868,#19869);
#19867 = CARTESIAN_POINT('',(85.,320.,224.));
#19868 = DIRECTION('',(0.,0.,1.));
#19869 = DIRECTION('',(1.,0.,0.));
#19870 = ORIENTED_EDGE('',*,*,#19871,.F.);
#19871 = EDGE_CURVE('',#19872,#19863,#19874,.T.);
#19872 = VERTEX_POINT('',#19873);
#19873 = CARTESIAN_POINT('',(91.,320.,216.));
#19874 = LINE('',#19875,#19876);
#19875 = CARTESIAN_POINT('',(91.,320.,216.));
#19876 = VECTOR('',#19877,1.);
#19877 = DIRECTION('',(0.,0.,1.));
#19878 = ORIENTED_EDGE('',*,*,#19879,.T.);
#19879 = EDGE_CURVE('',#19872,#19872,#19880,.T.);
#19880 = CIRCLE('',#19881,6.);
#19881 = AXIS2_PLACEMENT_3D('',#19882,#19883,#19884);
#19882 = CARTESIAN_POINT('',(85.,320.,216.));
#19883 = DIRECTION('',(0.,0.,1.));
#19884 = DIRECTION('',(1.,0.,0.));
#19885 = ORIENTED_EDGE('',*,*,#19871,.T.);
#19886 = CYLINDRICAL_SURFACE('',#19887,6.);
#19887 = AXIS2_PLACEMENT_3D('',#19888,#19889,#19890);
#19888 = CARTESIAN_POINT('',(85.,320.,216.));
#19889 = DIRECTION('',(0.,0.,1.));
#19890 = DIRECTION('',(1.,0.,0.));
#19891 = ADVANCED_FACE('',(#19892),#19895,.T.);
#19892 = FACE_BOUND('',#19893,.T.);
#19893 = EDGE_LOOP('',(#19894));
#19894 = ORIENTED_EDGE('',*,*,#19862,.T.);
#19895 = PLANE('',#19896);
#19896 = AXIS2_PLACEMENT_3D('',#19897,#19898,#19899);
#19897 = CARTESIAN_POINT('',(85.,320.,224.));
#19898 = DIRECTION('',(0.,0.,1.));
#19899 = DIRECTION('',(1.,0.,0.));
#19900 = ADVANCED_FACE('',(#19901),#19904,.F.);
#19901 = FACE_BOUND('',#19902,.T.);
#19902 = EDGE_LOOP('',(#19903));
#19903 = ORIENTED_EDGE('',*,*,#19879,.F.);
#19904 = PLANE('',#19905);
#19905 = AXIS2_PLACEMENT_3D('',#19906,#19907,#19908);
#19906 = CARTESIAN_POINT('',(85.,320.,216.));
#19907 = DIRECTION('',(0.,0.,1.));
#19908 = DIRECTION('',(1.,0.,0.));
#19909 = MANIFOLD_SOLID_BREP('',#19910);
#19910 = CLOSED_SHELL('',(#19911,#19944,#19953));
#19911 = ADVANCED_FACE('',(#19912),#19939,.T.);
#19912 = FACE_BOUND('',#19913,.T.);
#19913 = EDGE_LOOP('',(#19914,#19923,#19931,#19938));
#19914 = ORIENTED_EDGE('',*,*,#19915,.F.);
#19915 = EDGE_CURVE('',#19916,#19916,#19918,.T.);
#19916 = VERTEX_POINT('',#19917);
#19917 = CARTESIAN_POINT('',(95.,320.,232.));
#19918 = CIRCLE('',#19919,10.);
#19919 = AXIS2_PLACEMENT_3D('',#19920,#19921,#19922);
#19920 = CARTESIAN_POINT('',(85.,320.,232.));
#19921 = DIRECTION('',(0.,0.,1.));
#19922 = DIRECTION('',(1.,0.,0.));
#19923 = ORIENTED_EDGE('',*,*,#19924,.F.);
#19924 = EDGE_CURVE('',#19925,#19916,#19927,.T.);
#19925 = VERTEX_POINT('',#19926);
#19926 = CARTESIAN_POINT('',(95.,320.,224.));
#19927 = LINE('',#19928,#19929);
#19928 = CARTESIAN_POINT('',(95.,320.,224.));
#19929 = VECTOR('',#19930,1.);
#19930 = DIRECTION('',(0.,0.,1.));
#19931 = ORIENTED_EDGE('',*,*,#19932,.T.);
#19932 = EDGE_CURVE('',#19925,#19925,#19933,.T.);
#19933 = CIRCLE('',#19934,10.);
#19934 = AXIS2_PLACEMENT_3D('',#19935,#19936,#19937);
#19935 = CARTESIAN_POINT('',(85.,320.,224.));
#19936 = DIRECTION('',(0.,0.,1.));
#19937 = DIRECTION('',(1.,0.,0.));
#19938 = ORIENTED_EDGE('',*,*,#19924,.T.);
#19939 = CYLINDRICAL_SURFACE('',#19940,10.);
#19940 = AXIS2_PLACEMENT_3D('',#19941,#19942,#19943);
#19941 = CARTESIAN_POINT('',(85.,320.,224.));
#19942 = DIRECTION('',(0.,0.,1.));
#19943 = DIRECTION('',(1.,0.,0.));
#19944 = ADVANCED_FACE('',(#19945),#19948,.T.);
#19945 = FACE_BOUND('',#19946,.T.);
#19946 = EDGE_LOOP('',(#19947));
#19947 = ORIENTED_EDGE('',*,*,#19915,.T.);
#19948 = PLANE('',#19949);
#19949 = AXIS2_PLACEMENT_3D('',#19950,#19951,#19952);
#19950 = CARTESIAN_POINT('',(85.,320.,232.));
#19951 = DIRECTION('',(0.,0.,1.));
#19952 = DIRECTION('',(1.,0.,0.));
#19953 = ADVANCED_FACE('',(#19954),#19957,.F.);
#19954 = FACE_BOUND('',#19955,.T.);
#19955 = EDGE_LOOP('',(#19956));
#19956 = ORIENTED_EDGE('',*,*,#19932,.F.);
#19957 = PLANE('',#19958);
#19958 = AXIS2_PLACEMENT_3D('',#19959,#19960,#19961);
#19959 = CARTESIAN_POINT('',(85.,320.,224.));
#19960 = DIRECTION('',(0.,0.,1.));
#19961 = DIRECTION('',(1.,0.,0.));
#19962 = MANIFOLD_SOLID_BREP('',#19963);
#19963 = CLOSED_SHELL('',(#19964,#19997,#20006));
#19964 = ADVANCED_FACE('',(#19965),#19992,.T.);
#19965 = FACE_BOUND('',#19966,.T.);
#19966 = EDGE_LOOP('',(#19967,#19976,#19984,#19991));
#19967 = ORIENTED_EDGE('',*,*,#19968,.F.);
#19968 = EDGE_CURVE('',#19969,#19969,#19971,.T.);
#19969 = VERTEX_POINT('',#19970);
#19970 = CARTESIAN_POINT('',(60.,320.,226.));
#19971 = CIRCLE('',#19972,5.);
#19972 = AXIS2_PLACEMENT_3D('',#19973,#19974,#19975);
#19973 = CARTESIAN_POINT('',(55.,320.,226.));
#19974 = DIRECTION('',(0.,0.,1.));
#19975 = DIRECTION('',(1.,0.,0.));
#19976 = ORIENTED_EDGE('',*,*,#19977,.F.);
#19977 = EDGE_CURVE('',#19978,#19969,#19980,.T.);
#19978 = VERTEX_POINT('',#19979);
#19979 = CARTESIAN_POINT('',(60.,320.,216.));
#19980 = LINE('',#19981,#19982);
#19981 = CARTESIAN_POINT('',(60.,320.,216.));
#19982 = VECTOR('',#19983,1.);
#19983 = DIRECTION('',(0.,0.,1.));
#19984 = ORIENTED_EDGE('',*,*,#19985,.T.);
#19985 = EDGE_CURVE('',#19978,#19978,#19986,.T.);
#19986 = CIRCLE('',#19987,5.);
#19987 = AXIS2_PLACEMENT_3D('',#19988,#19989,#19990);
#19988 = CARTESIAN_POINT('',(55.,320.,216.));
#19989 = DIRECTION('',(0.,0.,1.));
#19990 = DIRECTION('',(1.,0.,0.));
#19991 = ORIENTED_EDGE('',*,*,#19977,.T.);
#19992 = CYLINDRICAL_SURFACE('',#19993,5.);
#19993 = AXIS2_PLACEMENT_3D('',#19994,#19995,#19996);
#19994 = CARTESIAN_POINT('',(55.,320.,216.));
#19995 = DIRECTION('',(0.,0.,1.));
#19996 = DIRECTION('',(1.,0.,0.));
#19997 = ADVANCED_FACE('',(#19998),#20001,.T.);
#19998 = FACE_BOUND('',#19999,.T.);
#19999 = EDGE_LOOP('',(#20000));
#20000 = ORIENTED_EDGE('',*,*,#19968,.T.);
#20001 = PLANE('',#20002);
#20002 = AXIS2_PLACEMENT_3D('',#20003,#20004,#20005);
#20003 = CARTESIAN_POINT('',(55.,320.,226.));
#20004 = DIRECTION('',(0.,0.,1.));
#20005 = DIRECTION('',(1.,0.,0.));
#20006 = ADVANCED_FACE('',(#20007),#20010,.F.);
#20007 = FACE_BOUND('',#20008,.T.);
#20008 = EDGE_LOOP('',(#20009));
#20009 = ORIENTED_EDGE('',*,*,#19985,.F.);
#20010 = PLANE('',#20011);
#20011 = AXIS2_PLACEMENT_3D('',#20012,#20013,#20014);
#20012 = CARTESIAN_POINT('',(55.,320.,216.));
#20013 = DIRECTION('',(0.,0.,1.));
#20014 = DIRECTION('',(1.,0.,0.));
#20015 = MANIFOLD_SOLID_BREP('',#20016);
#20016 = CLOSED_SHELL('',(#20017,#20057,#20097,#20119,#20141,#20153));
#20017 = ADVANCED_FACE('',(#20018),#20052,.F.);
#20018 = FACE_BOUND('',#20019,.F.);
#20019 = EDGE_LOOP('',(#20020,#20030,#20038,#20046));
#20020 = ORIENTED_EDGE('',*,*,#20021,.F.);
#20021 = EDGE_CURVE('',#20022,#20024,#20026,.T.);
#20022 = VERTEX_POINT('',#20023);
#20023 = CARTESIAN_POINT('',(39.,204.,194.));
#20024 = VERTEX_POINT('',#20025);
#20025 = CARTESIAN_POINT('',(39.,204.,264.));
#20026 = LINE('',#20027,#20028);
#20027 = CARTESIAN_POINT('',(39.,204.,194.));
#20028 = VECTOR('',#20029,1.);
#20029 = DIRECTION('',(0.,0.,1.));
#20030 = ORIENTED_EDGE('',*,*,#20031,.T.);
#20031 = EDGE_CURVE('',#20022,#20032,#20034,.T.);
#20032 = VERTEX_POINT('',#20033);
#20033 = CARTESIAN_POINT('',(39.,336.,194.));
#20034 = LINE('',#20035,#20036);
#20035 = CARTESIAN_POINT('',(39.,204.,194.));
#20036 = VECTOR('',#20037,1.);
#20037 = DIRECTION('',(0.,1.,0.));
#20038 = ORIENTED_EDGE('',*,*,#20039,.T.);
#20039 = EDGE_CURVE('',#20032,#20040,#20042,.T.);
#20040 = VERTEX_POINT('',#20041);
#20041 = CARTESIAN_POINT('',(39.,336.,264.));
#20042 = LINE('',#20043,#20044);
#20043 = CARTESIAN_POINT('',(39.,336.,194.));
#20044 = VECTOR('',#20045,1.);
#20045 = DIRECTION('',(0.,0.,1.));
#20046 = ORIENTED_EDGE('',*,*,#20047,.F.);
#20047 = EDGE_CURVE('',#20024,#20040,#20048,.T.);
#20048 = LINE('',#20049,#20050);
#20049 = CARTESIAN_POINT('',(39.,204.,264.));
#20050 = VECTOR('',#20051,1.);
#20051 = DIRECTION('',(0.,1.,0.));
#20052 = PLANE('',#20053);
#20053 = AXIS2_PLACEMENT_3D('',#20054,#20055,#20056);
#20054 = CARTESIAN_POINT('',(39.,204.,194.));
#20055 = DIRECTION('',(1.,0.,0.));
#20056 = DIRECTION('',(0.,0.,1.));
#20057 = ADVANCED_FACE('',(#20058),#20092,.T.);
#20058 = FACE_BOUND('',#20059,.T.);
#20059 = EDGE_LOOP('',(#20060,#20070,#20078,#20086));
#20060 = ORIENTED_EDGE('',*,*,#20061,.F.);
#20061 = EDGE_CURVE('',#20062,#20064,#20066,.T.);
#20062 = VERTEX_POINT('',#20063);
#20063 = CARTESIAN_POINT('',(101.,204.,194.));
#20064 = VERTEX_POINT('',#20065);
#20065 = CARTESIAN_POINT('',(101.,204.,264.));
#20066 = LINE('',#20067,#20068);
#20067 = CARTESIAN_POINT('',(101.,204.,194.));
#20068 = VECTOR('',#20069,1.);
#20069 = DIRECTION('',(0.,0.,1.));
#20070 = ORIENTED_EDGE('',*,*,#20071,.T.);
#20071 = EDGE_CURVE('',#20062,#20072,#20074,.T.);
#20072 = VERTEX_POINT('',#20073);
#20073 = CARTESIAN_POINT('',(101.,336.,194.));
#20074 = LINE('',#20075,#20076);
#20075 = CARTESIAN_POINT('',(101.,204.,194.));
#20076 = VECTOR('',#20077,1.);
#20077 = DIRECTION('',(0.,1.,0.));
#20078 = ORIENTED_EDGE('',*,*,#20079,.T.);
#20079 = EDGE_CURVE('',#20072,#20080,#20082,.T.);
#20080 = VERTEX_POINT('',#20081);
#20081 = CARTESIAN_POINT('',(101.,336.,264.));
#20082 = LINE('',#20083,#20084);
#20083 = CARTESIAN_POINT('',(101.,336.,194.));
#20084 = VECTOR('',#20085,1.);
#20085 = DIRECTION('',(0.,0.,1.));
#20086 = ORIENTED_EDGE('',*,*,#20087,.F.);
#20087 = EDGE_CURVE('',#20064,#20080,#20088,.T.);
#20088 = LINE('',#20089,#20090);
#20089 = CARTESIAN_POINT('',(101.,204.,264.));
#20090 = VECTOR('',#20091,1.);
#20091 = DIRECTION('',(0.,1.,0.));
#20092 = PLANE('',#20093);
#20093 = AXIS2_PLACEMENT_3D('',#20094,#20095,#20096);
#20094 = CARTESIAN_POINT('',(101.,204.,194.));
#20095 = DIRECTION('',(1.,0.,0.));
#20096 = DIRECTION('',(0.,0.,1.));
#20097 = ADVANCED_FACE('',(#20098),#20114,.F.);
#20098 = FACE_BOUND('',#20099,.F.);
#20099 = EDGE_LOOP('',(#20100,#20106,#20107,#20113));
#20100 = ORIENTED_EDGE('',*,*,#20101,.F.);
#20101 = EDGE_CURVE('',#20022,#20062,#20102,.T.);
#20102 = LINE('',#20103,#20104);
#20103 = CARTESIAN_POINT('',(39.,204.,194.));
#20104 = VECTOR('',#20105,1.);
#20105 = DIRECTION('',(1.,0.,0.));
#20106 = ORIENTED_EDGE('',*,*,#20021,.T.);
#20107 = ORIENTED_EDGE('',*,*,#20108,.T.);
#20108 = EDGE_CURVE('',#20024,#20064,#20109,.T.);
#20109 = LINE('',#20110,#20111);
#20110 = CARTESIAN_POINT('',(39.,204.,264.));
#20111 = VECTOR('',#20112,1.);
#20112 = DIRECTION('',(1.,0.,0.));
#20113 = ORIENTED_EDGE('',*,*,#20061,.F.);
#20114 = PLANE('',#20115);
#20115 = AXIS2_PLACEMENT_3D('',#20116,#20117,#20118);
#20116 = CARTESIAN_POINT('',(39.,204.,194.));
#20117 = DIRECTION('',(0.,1.,0.));
#20118 = DIRECTION('',(0.,0.,1.));
#20119 = ADVANCED_FACE('',(#20120),#20136,.T.);
#20120 = FACE_BOUND('',#20121,.T.);
#20121 = EDGE_LOOP('',(#20122,#20128,#20129,#20135));
#20122 = ORIENTED_EDGE('',*,*,#20123,.F.);
#20123 = EDGE_CURVE('',#20032,#20072,#20124,.T.);
#20124 = LINE('',#20125,#20126);
#20125 = CARTESIAN_POINT('',(39.,336.,194.));
#20126 = VECTOR('',#20127,1.);
#20127 = DIRECTION('',(1.,0.,0.));
#20128 = ORIENTED_EDGE('',*,*,#20039,.T.);
#20129 = ORIENTED_EDGE('',*,*,#20130,.T.);
#20130 = EDGE_CURVE('',#20040,#20080,#20131,.T.);
#20131 = LINE('',#20132,#20133);
#20132 = CARTESIAN_POINT('',(39.,336.,264.));
#20133 = VECTOR('',#20134,1.);
#20134 = DIRECTION('',(1.,0.,0.));
#20135 = ORIENTED_EDGE('',*,*,#20079,.F.);
#20136 = PLANE('',#20137);
#20137 = AXIS2_PLACEMENT_3D('',#20138,#20139,#20140);
#20138 = CARTESIAN_POINT('',(39.,336.,194.));
#20139 = DIRECTION('',(0.,1.,0.));
#20140 = DIRECTION('',(0.,0.,1.));
#20141 = ADVANCED_FACE('',(#20142),#20148,.F.);
#20142 = FACE_BOUND('',#20143,.F.);
#20143 = EDGE_LOOP('',(#20144,#20145,#20146,#20147));
#20144 = ORIENTED_EDGE('',*,*,#20031,.F.);
#20145 = ORIENTED_EDGE('',*,*,#20101,.T.);
#20146 = ORIENTED_EDGE('',*,*,#20071,.T.);
#20147 = ORIENTED_EDGE('',*,*,#20123,.F.);
#20148 = PLANE('',#20149);
#20149 = AXIS2_PLACEMENT_3D('',#20150,#20151,#20152);
#20150 = CARTESIAN_POINT('',(39.,204.,194.));
#20151 = DIRECTION('',(0.,0.,1.));
#20152 = DIRECTION('',(1.,0.,0.));
#20153 = ADVANCED_FACE('',(#20154),#20160,.T.);
#20154 = FACE_BOUND('',#20155,.T.);
#20155 = EDGE_LOOP('',(#20156,#20157,#20158,#20159));
#20156 = ORIENTED_EDGE('',*,*,#20047,.F.);
#20157 = ORIENTED_EDGE('',*,*,#20108,.T.);
#20158 = ORIENTED_EDGE('',*,*,#20087,.T.);
#20159 = ORIENTED_EDGE('',*,*,#20130,.F.);
#20160 = PLANE('',#20161);
#20161 = AXIS2_PLACEMENT_3D('',#20162,#20163,#20164);
#20162 = CARTESIAN_POINT('',(39.,204.,264.));
#20163 = DIRECTION('',(0.,0.,1.));
#20164 = DIRECTION('',(1.,0.,0.));
#20165 = MANIFOLD_SOLID_BREP('',#20166);
#20166 = CLOSED_SHELL('',(#20167,#20207,#20247,#20269,#20291,#20303));
#20167 = ADVANCED_FACE('',(#20168),#20202,.F.);
#20168 = FACE_BOUND('',#20169,.F.);
#20169 = EDGE_LOOP('',(#20170,#20180,#20188,#20196));
#20170 = ORIENTED_EDGE('',*,*,#20171,.F.);
#20171 = EDGE_CURVE('',#20172,#20174,#20176,.T.);
#20172 = VERTEX_POINT('',#20173);
#20173 = CARTESIAN_POINT('',(47.5,62.5,480.));
#20174 = VERTEX_POINT('',#20175);
#20175 = CARTESIAN_POINT('',(47.5,62.5,502.));
#20176 = LINE('',#20177,#20178);
#20177 = CARTESIAN_POINT('',(47.5,62.5,480.));
#20178 = VECTOR('',#20179,1.);
#20179 = DIRECTION('',(0.,0.,1.));
#20180 = ORIENTED_EDGE('',*,*,#20181,.T.);
#20181 = EDGE_CURVE('',#20172,#20182,#20184,.T.);
#20182 = VERTEX_POINT('',#20183);
#20183 = CARTESIAN_POINT('',(47.5,137.5,480.));
#20184 = LINE('',#20185,#20186);
#20185 = CARTESIAN_POINT('',(47.5,62.5,480.));
#20186 = VECTOR('',#20187,1.);
#20187 = DIRECTION('',(0.,1.,0.));
#20188 = ORIENTED_EDGE('',*,*,#20189,.T.);
#20189 = EDGE_CURVE('',#20182,#20190,#20192,.T.);
#20190 = VERTEX_POINT('',#20191);
#20191 = CARTESIAN_POINT('',(47.5,137.5,502.));
#20192 = LINE('',#20193,#20194);
#20193 = CARTESIAN_POINT('',(47.5,137.5,480.));
#20194 = VECTOR('',#20195,1.);
#20195 = DIRECTION('',(0.,0.,1.));
#20196 = ORIENTED_EDGE('',*,*,#20197,.F.);
#20197 = EDGE_CURVE('',#20174,#20190,#20198,.T.);
#20198 = LINE('',#20199,#20200);
#20199 = CARTESIAN_POINT('',(47.5,62.5,502.));
#20200 = VECTOR('',#20201,1.);
#20201 = DIRECTION('',(0.,1.,0.));
#20202 = PLANE('',#20203);
#20203 = AXIS2_PLACEMENT_3D('',#20204,#20205,#20206);
#20204 = CARTESIAN_POINT('',(47.5,62.5,480.));
#20205 = DIRECTION('',(1.,0.,0.));
#20206 = DIRECTION('',(0.,0.,1.));
#20207 = ADVANCED_FACE('',(#20208),#20242,.T.);
#20208 = FACE_BOUND('',#20209,.T.);
#20209 = EDGE_LOOP('',(#20210,#20220,#20228,#20236));
#20210 = ORIENTED_EDGE('',*,*,#20211,.F.);
#20211 = EDGE_CURVE('',#20212,#20214,#20216,.T.);
#20212 = VERTEX_POINT('',#20213);
#20213 = CARTESIAN_POINT('',(92.5,62.5,480.));
#20214 = VERTEX_POINT('',#20215);
#20215 = CARTESIAN_POINT('',(92.5,62.5,502.));
#20216 = LINE('',#20217,#20218);
#20217 = CARTESIAN_POINT('',(92.5,62.5,480.));
#20218 = VECTOR('',#20219,1.);
#20219 = DIRECTION('',(0.,0.,1.));
#20220 = ORIENTED_EDGE('',*,*,#20221,.T.);
#20221 = EDGE_CURVE('',#20212,#20222,#20224,.T.);
#20222 = VERTEX_POINT('',#20223);
#20223 = CARTESIAN_POINT('',(92.5,137.5,480.));
#20224 = LINE('',#20225,#20226);
#20225 = CARTESIAN_POINT('',(92.5,62.5,480.));
#20226 = VECTOR('',#20227,1.);
#20227 = DIRECTION('',(0.,1.,0.));
#20228 = ORIENTED_EDGE('',*,*,#20229,.T.);
#20229 = EDGE_CURVE('',#20222,#20230,#20232,.T.);
#20230 = VERTEX_POINT('',#20231);
#20231 = CARTESIAN_POINT('',(92.5,137.5,502.));
#20232 = LINE('',#20233,#20234);
#20233 = CARTESIAN_POINT('',(92.5,137.5,480.));
#20234 = VECTOR('',#20235,1.);
#20235 = DIRECTION('',(0.,0.,1.));
#20236 = ORIENTED_EDGE('',*,*,#20237,.F.);
#20237 = EDGE_CURVE('',#20214,#20230,#20238,.T.);
#20238 = LINE('',#20239,#20240);
#20239 = CARTESIAN_POINT('',(92.5,62.5,502.));
#20240 = VECTOR('',#20241,1.);
#20241 = DIRECTION('',(0.,1.,0.));
#20242 = PLANE('',#20243);
#20243 = AXIS2_PLACEMENT_3D('',#20244,#20245,#20246);
#20244 = CARTESIAN_POINT('',(92.5,62.5,480.));
#20245 = DIRECTION('',(1.,0.,0.));
#20246 = DIRECTION('',(0.,0.,1.));
#20247 = ADVANCED_FACE('',(#20248),#20264,.F.);
#20248 = FACE_BOUND('',#20249,.F.);
#20249 = EDGE_LOOP('',(#20250,#20256,#20257,#20263));
#20250 = ORIENTED_EDGE('',*,*,#20251,.F.);
#20251 = EDGE_CURVE('',#20172,#20212,#20252,.T.);
#20252 = LINE('',#20253,#20254);
#20253 = CARTESIAN_POINT('',(47.5,62.5,480.));
#20254 = VECTOR('',#20255,1.);
#20255 = DIRECTION('',(1.,0.,0.));
#20256 = ORIENTED_EDGE('',*,*,#20171,.T.);
#20257 = ORIENTED_EDGE('',*,*,#20258,.T.);
#20258 = EDGE_CURVE('',#20174,#20214,#20259,.T.);
#20259 = LINE('',#20260,#20261);
#20260 = CARTESIAN_POINT('',(47.5,62.5,502.));
#20261 = VECTOR('',#20262,1.);
#20262 = DIRECTION('',(1.,0.,0.));
#20263 = ORIENTED_EDGE('',*,*,#20211,.F.);
#20264 = PLANE('',#20265);
#20265 = AXIS2_PLACEMENT_3D('',#20266,#20267,#20268);
#20266 = CARTESIAN_POINT('',(47.5,62.5,480.));
#20267 = DIRECTION('',(0.,1.,0.));
#20268 = DIRECTION('',(0.,0.,1.));
#20269 = ADVANCED_FACE('',(#20270),#20286,.T.);
#20270 = FACE_BOUND('',#20271,.T.);
#20271 = EDGE_LOOP('',(#20272,#20278,#20279,#20285));
#20272 = ORIENTED_EDGE('',*,*,#20273,.F.);
#20273 = EDGE_CURVE('',#20182,#20222,#20274,.T.);
#20274 = LINE('',#20275,#20276);
#20275 = CARTESIAN_POINT('',(47.5,137.5,480.));
#20276 = VECTOR('',#20277,1.);
#20277 = DIRECTION('',(1.,0.,0.));
#20278 = ORIENTED_EDGE('',*,*,#20189,.T.);
#20279 = ORIENTED_EDGE('',*,*,#20280,.T.);
#20280 = EDGE_CURVE('',#20190,#20230,#20281,.T.);
#20281 = LINE('',#20282,#20283);
#20282 = CARTESIAN_POINT('',(47.5,137.5,502.));
#20283 = VECTOR('',#20284,1.);
#20284 = DIRECTION('',(1.,0.,0.));
#20285 = ORIENTED_EDGE('',*,*,#20229,.F.);
#20286 = PLANE('',#20287);
#20287 = AXIS2_PLACEMENT_3D('',#20288,#20289,#20290);
#20288 = CARTESIAN_POINT('',(47.5,137.5,480.));
#20289 = DIRECTION('',(0.,1.,0.));
#20290 = DIRECTION('',(0.,0.,1.));
#20291 = ADVANCED_FACE('',(#20292),#20298,.F.);
#20292 = FACE_BOUND('',#20293,.F.);
#20293 = EDGE_LOOP('',(#20294,#20295,#20296,#20297));
#20294 = ORIENTED_EDGE('',*,*,#20181,.F.);
#20295 = ORIENTED_EDGE('',*,*,#20251,.T.);
#20296 = ORIENTED_EDGE('',*,*,#20221,.T.);
#20297 = ORIENTED_EDGE('',*,*,#20273,.F.);
#20298 = PLANE('',#20299);
#20299 = AXIS2_PLACEMENT_3D('',#20300,#20301,#20302);
#20300 = CARTESIAN_POINT('',(47.5,62.5,480.));
#20301 = DIRECTION('',(0.,0.,1.));
#20302 = DIRECTION('',(1.,0.,0.));
#20303 = ADVANCED_FACE('',(#20304),#20310,.T.);
#20304 = FACE_BOUND('',#20305,.T.);
#20305 = EDGE_LOOP('',(#20306,#20307,#20308,#20309));
#20306 = ORIENTED_EDGE('',*,*,#20197,.F.);
#20307 = ORIENTED_EDGE('',*,*,#20258,.T.);
#20308 = ORIENTED_EDGE('',*,*,#20237,.T.);
#20309 = ORIENTED_EDGE('',*,*,#20280,.F.);
#20310 = PLANE('',#20311);
#20311 = AXIS2_PLACEMENT_3D('',#20312,#20313,#20314);
#20312 = CARTESIAN_POINT('',(47.5,62.5,502.));
#20313 = DIRECTION('',(0.,0.,1.));
#20314 = DIRECTION('',(1.,0.,0.));
#20315 = MANIFOLD_SOLID_BREP('',#20316);
#20316 = CLOSED_SHELL('',(#20317,#20350,#20359));
#20317 = ADVANCED_FACE('',(#20318),#20345,.T.);
#20318 = FACE_BOUND('',#20319,.T.);
#20319 = EDGE_LOOP('',(#20320,#20329,#20337,#20344));
#20320 = ORIENTED_EDGE('',*,*,#20321,.F.);
#20321 = EDGE_CURVE('',#20322,#20322,#20324,.T.);
#20322 = VERTEX_POINT('',#20323);
#20323 = CARTESIAN_POINT('',(70.,115.,486.));
#20324 = CIRCLE('',#20325,16.);
#20325 = AXIS2_PLACEMENT_3D('',#20326,#20327,#20328);
#20326 = CARTESIAN_POINT('',(70.,115.,470.));
#20327 = DIRECTION('',(0.,1.,0.));
#20328 = DIRECTION('',(0.,0.,1.));
#20329 = ORIENTED_EDGE('',*,*,#20330,.F.);
#20330 = EDGE_CURVE('',#20331,#20322,#20333,.T.);
#20331 = VERTEX_POINT('',#20332);
#20332 = CARTESIAN_POINT('',(70.,85.,486.));
#20333 = LINE('',#20334,#20335);
#20334 = CARTESIAN_POINT('',(70.,85.,486.));
#20335 = VECTOR('',#20336,1.);
#20336 = DIRECTION('',(0.,1.,0.));
#20337 = ORIENTED_EDGE('',*,*,#20338,.T.);
#20338 = EDGE_CURVE('',#20331,#20331,#20339,.T.);
#20339 = CIRCLE('',#20340,16.);
#20340 = AXIS2_PLACEMENT_3D('',#20341,#20342,#20343);
#20341 = CARTESIAN_POINT('',(70.,85.,470.));
#20342 = DIRECTION('',(0.,1.,0.));
#20343 = DIRECTION('',(0.,0.,1.));
#20344 = ORIENTED_EDGE('',*,*,#20330,.T.);
#20345 = CYLINDRICAL_SURFACE('',#20346,16.);
#20346 = AXIS2_PLACEMENT_3D('',#20347,#20348,#20349);
#20347 = CARTESIAN_POINT('',(70.,85.,470.));
#20348 = DIRECTION('',(0.,1.,0.));
#20349 = DIRECTION('',(0.,0.,1.));
#20350 = ADVANCED_FACE('',(#20351),#20354,.T.);
#20351 = FACE_BOUND('',#20352,.T.);
#20352 = EDGE_LOOP('',(#20353));
#20353 = ORIENTED_EDGE('',*,*,#20321,.T.);
#20354 = PLANE('',#20355);
#20355 = AXIS2_PLACEMENT_3D('',#20356,#20357,#20358);
#20356 = CARTESIAN_POINT('',(70.,115.,470.));
#20357 = DIRECTION('',(0.,1.,0.));
#20358 = DIRECTION('',(0.,0.,1.));
#20359 = ADVANCED_FACE('',(#20360),#20363,.F.);
#20360 = FACE_BOUND('',#20361,.T.);
#20361 = EDGE_LOOP('',(#20362));
#20362 = ORIENTED_EDGE('',*,*,#20338,.F.);
#20363 = PLANE('',#20364);
#20364 = AXIS2_PLACEMENT_3D('',#20365,#20366,#20367);
#20365 = CARTESIAN_POINT('',(70.,85.,470.));
#20366 = DIRECTION('',(0.,1.,0.));
#20367 = DIRECTION('',(0.,0.,1.));
#20368 = MANIFOLD_SOLID_BREP('',#20369);
#20369 = CLOSED_SHELL('',(#20370,#20410,#20450,#20472,#20494,#20506));
#20370 = ADVANCED_FACE('',(#20371),#20405,.F.);
#20371 = FACE_BOUND('',#20372,.F.);
#20372 = EDGE_LOOP('',(#20373,#20383,#20391,#20399));
#20373 = ORIENTED_EDGE('',*,*,#20374,.F.);
#20374 = EDGE_CURVE('',#20375,#20377,#20379,.T.);
#20375 = VERTEX_POINT('',#20376);
#20376 = CARTESIAN_POINT('',(57.3,76.,492.));
#20377 = VERTEX_POINT('',#20378);
#20378 = CARTESIAN_POINT('',(57.3,76.,494.));
#20379 = LINE('',#20380,#20381);
#20380 = CARTESIAN_POINT('',(57.3,76.,492.));
#20381 = VECTOR('',#20382,1.);
#20382 = DIRECTION('',(0.,0.,1.));
#20383 = ORIENTED_EDGE('',*,*,#20384,.T.);
#20384 = EDGE_CURVE('',#20375,#20385,#20387,.T.);
#20385 = VERTEX_POINT('',#20386);
#20386 = CARTESIAN_POINT('',(57.3,124.,492.));
#20387 = LINE('',#20388,#20389);
#20388 = CARTESIAN_POINT('',(57.3,76.,492.));
#20389 = VECTOR('',#20390,1.);
#20390 = DIRECTION('',(0.,1.,0.));
#20391 = ORIENTED_EDGE('',*,*,#20392,.T.);
#20392 = EDGE_CURVE('',#20385,#20393,#20395,.T.);
#20393 = VERTEX_POINT('',#20394);
#20394 = CARTESIAN_POINT('',(57.3,124.,494.));
#20395 = LINE('',#20396,#20397);
#20396 = CARTESIAN_POINT('',(57.3,124.,492.));
#20397 = VECTOR('',#20398,1.);
#20398 = DIRECTION('',(0.,0.,1.));
#20399 = ORIENTED_EDGE('',*,*,#20400,.F.);
#20400 = EDGE_CURVE('',#20377,#20393,#20401,.T.);
#20401 = LINE('',#20402,#20403);
#20402 = CARTESIAN_POINT('',(57.3,76.,494.));
#20403 = VECTOR('',#20404,1.);
#20404 = DIRECTION('',(0.,1.,0.));
#20405 = PLANE('',#20406);
#20406 = AXIS2_PLACEMENT_3D('',#20407,#20408,#20409);
#20407 = CARTESIAN_POINT('',(57.3,76.,492.));
#20408 = DIRECTION('',(1.,0.,0.));
#20409 = DIRECTION('',(0.,0.,1.));
#20410 = ADVANCED_FACE('',(#20411),#20445,.T.);
#20411 = FACE_BOUND('',#20412,.T.);
#20412 = EDGE_LOOP('',(#20413,#20423,#20431,#20439));
#20413 = ORIENTED_EDGE('',*,*,#20414,.F.);
#20414 = EDGE_CURVE('',#20415,#20417,#20419,.T.);
#20415 = VERTEX_POINT('',#20416);
#20416 = CARTESIAN_POINT('',(82.7,76.,492.));
#20417 = VERTEX_POINT('',#20418);
#20418 = CARTESIAN_POINT('',(82.7,76.,494.));
#20419 = LINE('',#20420,#20421);
#20420 = CARTESIAN_POINT('',(82.7,76.,492.));
#20421 = VECTOR('',#20422,1.);
#20422 = DIRECTION('',(0.,0.,1.));
#20423 = ORIENTED_EDGE('',*,*,#20424,.T.);
#20424 = EDGE_CURVE('',#20415,#20425,#20427,.T.);
#20425 = VERTEX_POINT('',#20426);
#20426 = CARTESIAN_POINT('',(82.7,124.,492.));
#20427 = LINE('',#20428,#20429);
#20428 = CARTESIAN_POINT('',(82.7,76.,492.));
#20429 = VECTOR('',#20430,1.);
#20430 = DIRECTION('',(0.,1.,0.));
#20431 = ORIENTED_EDGE('',*,*,#20432,.T.);
#20432 = EDGE_CURVE('',#20425,#20433,#20435,.T.);
#20433 = VERTEX_POINT('',#20434);
#20434 = CARTESIAN_POINT('',(82.7,124.,494.));
#20435 = LINE('',#20436,#20437);
#20436 = CARTESIAN_POINT('',(82.7,124.,492.));
#20437 = VECTOR('',#20438,1.);
#20438 = DIRECTION('',(0.,0.,1.));
#20439 = ORIENTED_EDGE('',*,*,#20440,.F.);
#20440 = EDGE_CURVE('',#20417,#20433,#20441,.T.);
#20441 = LINE('',#20442,#20443);
#20442 = CARTESIAN_POINT('',(82.7,76.,494.));
#20443 = VECTOR('',#20444,1.);
#20444 = DIRECTION('',(0.,1.,0.));
#20445 = PLANE('',#20446);
#20446 = AXIS2_PLACEMENT_3D('',#20447,#20448,#20449);
#20447 = CARTESIAN_POINT('',(82.7,76.,492.));
#20448 = DIRECTION('',(1.,0.,0.));
#20449 = DIRECTION('',(0.,0.,1.));
#20450 = ADVANCED_FACE('',(#20451),#20467,.F.);
#20451 = FACE_BOUND('',#20452,.F.);
#20452 = EDGE_LOOP('',(#20453,#20459,#20460,#20466));
#20453 = ORIENTED_EDGE('',*,*,#20454,.F.);
#20454 = EDGE_CURVE('',#20375,#20415,#20455,.T.);
#20455 = LINE('',#20456,#20457);
#20456 = CARTESIAN_POINT('',(57.3,76.,492.));
#20457 = VECTOR('',#20458,1.);
#20458 = DIRECTION('',(1.,0.,0.));
#20459 = ORIENTED_EDGE('',*,*,#20374,.T.);
#20460 = ORIENTED_EDGE('',*,*,#20461,.T.);
#20461 = EDGE_CURVE('',#20377,#20417,#20462,.T.);
#20462 = LINE('',#20463,#20464);
#20463 = CARTESIAN_POINT('',(57.3,76.,494.));
#20464 = VECTOR('',#20465,1.);
#20465 = DIRECTION('',(1.,0.,0.));
#20466 = ORIENTED_EDGE('',*,*,#20414,.F.);
#20467 = PLANE('',#20468);
#20468 = AXIS2_PLACEMENT_3D('',#20469,#20470,#20471);
#20469 = CARTESIAN_POINT('',(57.3,76.,492.));
#20470 = DIRECTION('',(0.,1.,0.));
#20471 = DIRECTION('',(0.,0.,1.));
#20472 = ADVANCED_FACE('',(#20473),#20489,.T.);
#20473 = FACE_BOUND('',#20474,.T.);
#20474 = EDGE_LOOP('',(#20475,#20481,#20482,#20488));
#20475 = ORIENTED_EDGE('',*,*,#20476,.F.);
#20476 = EDGE_CURVE('',#20385,#20425,#20477,.T.);
#20477 = LINE('',#20478,#20479);
#20478 = CARTESIAN_POINT('',(57.3,124.,492.));
#20479 = VECTOR('',#20480,1.);
#20480 = DIRECTION('',(1.,0.,0.));
#20481 = ORIENTED_EDGE('',*,*,#20392,.T.);
#20482 = ORIENTED_EDGE('',*,*,#20483,.T.);
#20483 = EDGE_CURVE('',#20393,#20433,#20484,.T.);
#20484 = LINE('',#20485,#20486);
#20485 = CARTESIAN_POINT('',(57.3,124.,494.));
#20486 = VECTOR('',#20487,1.);
#20487 = DIRECTION('',(1.,0.,0.));
#20488 = ORIENTED_EDGE('',*,*,#20432,.F.);
#20489 = PLANE('',#20490);
#20490 = AXIS2_PLACEMENT_3D('',#20491,#20492,#20493);
#20491 = CARTESIAN_POINT('',(57.3,124.,492.));
#20492 = DIRECTION('',(0.,1.,0.));
#20493 = DIRECTION('',(0.,0.,1.));
#20494 = ADVANCED_FACE('',(#20495),#20501,.F.);
#20495 = FACE_BOUND('',#20496,.F.);
#20496 = EDGE_LOOP('',(#20497,#20498,#20499,#20500));
#20497 = ORIENTED_EDGE('',*,*,#20384,.F.);
#20498 = ORIENTED_EDGE('',*,*,#20454,.T.);
#20499 = ORIENTED_EDGE('',*,*,#20424,.T.);
#20500 = ORIENTED_EDGE('',*,*,#20476,.F.);
#20501 = PLANE('',#20502);
#20502 = AXIS2_PLACEMENT_3D('',#20503,#20504,#20505);
#20503 = CARTESIAN_POINT('',(57.3,76.,492.));
#20504 = DIRECTION('',(0.,0.,1.));
#20505 = DIRECTION('',(1.,0.,0.));
#20506 = ADVANCED_FACE('',(#20507),#20513,.T.);
#20507 = FACE_BOUND('',#20508,.T.);
#20508 = EDGE_LOOP('',(#20509,#20510,#20511,#20512));
#20509 = ORIENTED_EDGE('',*,*,#20400,.F.);
#20510 = ORIENTED_EDGE('',*,*,#20461,.T.);
#20511 = ORIENTED_EDGE('',*,*,#20440,.T.);
#20512 = ORIENTED_EDGE('',*,*,#20483,.F.);
#20513 = PLANE('',#20514);
#20514 = AXIS2_PLACEMENT_3D('',#20515,#20516,#20517);
#20515 = CARTESIAN_POINT('',(57.3,76.,494.));
#20516 = DIRECTION('',(0.,0.,1.));
#20517 = DIRECTION('',(1.,0.,0.));
#20518 = MANIFOLD_SOLID_BREP('',#20519);
#20519 = CLOSED_SHELL('',(#20520,#20560,#20600,#20622,#20644,#20656));
#20520 = ADVANCED_FACE('',(#20521),#20555,.F.);
#20521 = FACE_BOUND('',#20522,.F.);
#20522 = EDGE_LOOP('',(#20523,#20533,#20541,#20549));
#20523 = ORIENTED_EDGE('',*,*,#20524,.F.);
#20524 = EDGE_CURVE('',#20525,#20527,#20529,.T.);
#20525 = VERTEX_POINT('',#20526);
#20526 = CARTESIAN_POINT('',(62.,90.,494.));
#20527 = VERTEX_POINT('',#20528);
#20528 = CARTESIAN_POINT('',(62.,90.,497.5));
#20529 = LINE('',#20530,#20531);
#20530 = CARTESIAN_POINT('',(62.,90.,494.));
#20531 = VECTOR('',#20532,1.);
#20532 = DIRECTION('',(0.,0.,1.));
#20533 = ORIENTED_EDGE('',*,*,#20534,.T.);
#20534 = EDGE_CURVE('',#20525,#20535,#20537,.T.);
#20535 = VERTEX_POINT('',#20536);
#20536 = CARTESIAN_POINT('',(62.,108.,494.));
#20537 = LINE('',#20538,#20539);
#20538 = CARTESIAN_POINT('',(62.,90.,494.));
#20539 = VECTOR('',#20540,1.);
#20540 = DIRECTION('',(0.,1.,0.));
#20541 = ORIENTED_EDGE('',*,*,#20542,.T.);
#20542 = EDGE_CURVE('',#20535,#20543,#20545,.T.);
#20543 = VERTEX_POINT('',#20544);
#20544 = CARTESIAN_POINT('',(62.,108.,497.5));
#20545 = LINE('',#20546,#20547);
#20546 = CARTESIAN_POINT('',(62.,108.,494.));
#20547 = VECTOR('',#20548,1.);
#20548 = DIRECTION('',(0.,0.,1.));
#20549 = ORIENTED_EDGE('',*,*,#20550,.F.);
#20550 = EDGE_CURVE('',#20527,#20543,#20551,.T.);
#20551 = LINE('',#20552,#20553);
#20552 = CARTESIAN_POINT('',(62.,90.,497.5));
#20553 = VECTOR('',#20554,1.);
#20554 = DIRECTION('',(0.,1.,0.));
#20555 = PLANE('',#20556);
#20556 = AXIS2_PLACEMENT_3D('',#20557,#20558,#20559);
#20557 = CARTESIAN_POINT('',(62.,90.,494.));
#20558 = DIRECTION('',(1.,0.,0.));
#20559 = DIRECTION('',(0.,0.,1.));
#20560 = ADVANCED_FACE('',(#20561),#20595,.T.);
#20561 = FACE_BOUND('',#20562,.T.);
#20562 = EDGE_LOOP('',(#20563,#20573,#20581,#20589));
#20563 = ORIENTED_EDGE('',*,*,#20564,.F.);
#20564 = EDGE_CURVE('',#20565,#20567,#20569,.T.);
#20565 = VERTEX_POINT('',#20566);
#20566 = CARTESIAN_POINT('',(78.,90.,494.));
#20567 = VERTEX_POINT('',#20568);
#20568 = CARTESIAN_POINT('',(78.,90.,497.5));
#20569 = LINE('',#20570,#20571);
#20570 = CARTESIAN_POINT('',(78.,90.,494.));
#20571 = VECTOR('',#20572,1.);
#20572 = DIRECTION('',(0.,0.,1.));
#20573 = ORIENTED_EDGE('',*,*,#20574,.T.);
#20574 = EDGE_CURVE('',#20565,#20575,#20577,.T.);
#20575 = VERTEX_POINT('',#20576);
#20576 = CARTESIAN_POINT('',(78.,108.,494.));
#20577 = LINE('',#20578,#20579);
#20578 = CARTESIAN_POINT('',(78.,90.,494.));
#20579 = VECTOR('',#20580,1.);
#20580 = DIRECTION('',(0.,1.,0.));
#20581 = ORIENTED_EDGE('',*,*,#20582,.T.);
#20582 = EDGE_CURVE('',#20575,#20583,#20585,.T.);
#20583 = VERTEX_POINT('',#20584);
#20584 = CARTESIAN_POINT('',(78.,108.,497.5));
#20585 = LINE('',#20586,#20587);
#20586 = CARTESIAN_POINT('',(78.,108.,494.));
#20587 = VECTOR('',#20588,1.);
#20588 = DIRECTION('',(0.,0.,1.));
#20589 = ORIENTED_EDGE('',*,*,#20590,.F.);
#20590 = EDGE_CURVE('',#20567,#20583,#20591,.T.);
#20591 = LINE('',#20592,#20593);
#20592 = CARTESIAN_POINT('',(78.,90.,497.5));
#20593 = VECTOR('',#20594,1.);
#20594 = DIRECTION('',(0.,1.,0.));
#20595 = PLANE('',#20596);
#20596 = AXIS2_PLACEMENT_3D('',#20597,#20598,#20599);
#20597 = CARTESIAN_POINT('',(78.,90.,494.));
#20598 = DIRECTION('',(1.,0.,0.));
#20599 = DIRECTION('',(0.,0.,1.));
#20600 = ADVANCED_FACE('',(#20601),#20617,.F.);
#20601 = FACE_BOUND('',#20602,.F.);
#20602 = EDGE_LOOP('',(#20603,#20609,#20610,#20616));
#20603 = ORIENTED_EDGE('',*,*,#20604,.F.);
#20604 = EDGE_CURVE('',#20525,#20565,#20605,.T.);
#20605 = LINE('',#20606,#20607);
#20606 = CARTESIAN_POINT('',(62.,90.,494.));
#20607 = VECTOR('',#20608,1.);
#20608 = DIRECTION('',(1.,0.,0.));
#20609 = ORIENTED_EDGE('',*,*,#20524,.T.);
#20610 = ORIENTED_EDGE('',*,*,#20611,.T.);
#20611 = EDGE_CURVE('',#20527,#20567,#20612,.T.);
#20612 = LINE('',#20613,#20614);
#20613 = CARTESIAN_POINT('',(62.,90.,497.5));
#20614 = VECTOR('',#20615,1.);
#20615 = DIRECTION('',(1.,0.,0.));
#20616 = ORIENTED_EDGE('',*,*,#20564,.F.);
#20617 = PLANE('',#20618);
#20618 = AXIS2_PLACEMENT_3D('',#20619,#20620,#20621);
#20619 = CARTESIAN_POINT('',(62.,90.,494.));
#20620 = DIRECTION('',(0.,1.,0.));
#20621 = DIRECTION('',(0.,0.,1.));
#20622 = ADVANCED_FACE('',(#20623),#20639,.T.);
#20623 = FACE_BOUND('',#20624,.T.);
#20624 = EDGE_LOOP('',(#20625,#20631,#20632,#20638));
#20625 = ORIENTED_EDGE('',*,*,#20626,.F.);
#20626 = EDGE_CURVE('',#20535,#20575,#20627,.T.);
#20627 = LINE('',#20628,#20629);
#20628 = CARTESIAN_POINT('',(62.,108.,494.));
#20629 = VECTOR('',#20630,1.);
#20630 = DIRECTION('',(1.,0.,0.));
#20631 = ORIENTED_EDGE('',*,*,#20542,.T.);
#20632 = ORIENTED_EDGE('',*,*,#20633,.T.);
#20633 = EDGE_CURVE('',#20543,#20583,#20634,.T.);
#20634 = LINE('',#20635,#20636);
#20635 = CARTESIAN_POINT('',(62.,108.,497.5));
#20636 = VECTOR('',#20637,1.);
#20637 = DIRECTION('',(1.,0.,0.));
#20638 = ORIENTED_EDGE('',*,*,#20582,.F.);
#20639 = PLANE('',#20640);
#20640 = AXIS2_PLACEMENT_3D('',#20641,#20642,#20643);
#20641 = CARTESIAN_POINT('',(62.,108.,494.));
#20642 = DIRECTION('',(0.,1.,0.));
#20643 = DIRECTION('',(0.,0.,1.));
#20644 = ADVANCED_FACE('',(#20645),#20651,.F.);
#20645 = FACE_BOUND('',#20646,.F.);
#20646 = EDGE_LOOP('',(#20647,#20648,#20649,#20650));
#20647 = ORIENTED_EDGE('',*,*,#20534,.F.);
#20648 = ORIENTED_EDGE('',*,*,#20604,.T.);
#20649 = ORIENTED_EDGE('',*,*,#20574,.T.);
#20650 = ORIENTED_EDGE('',*,*,#20626,.F.);
#20651 = PLANE('',#20652);
#20652 = AXIS2_PLACEMENT_3D('',#20653,#20654,#20655);
#20653 = CARTESIAN_POINT('',(62.,90.,494.));
#20654 = DIRECTION('',(0.,0.,1.));
#20655 = DIRECTION('',(1.,0.,0.));
#20656 = ADVANCED_FACE('',(#20657),#20663,.T.);
#20657 = FACE_BOUND('',#20658,.T.);
#20658 = EDGE_LOOP('',(#20659,#20660,#20661,#20662));
#20659 = ORIENTED_EDGE('',*,*,#20550,.F.);
#20660 = ORIENTED_EDGE('',*,*,#20611,.T.);
#20661 = ORIENTED_EDGE('',*,*,#20590,.T.);
#20662 = ORIENTED_EDGE('',*,*,#20633,.F.);
#20663 = PLANE('',#20664);
#20664 = AXIS2_PLACEMENT_3D('',#20665,#20666,#20667);
#20665 = CARTESIAN_POINT('',(62.,90.,497.5));
#20666 = DIRECTION('',(0.,0.,1.));
#20667 = DIRECTION('',(1.,0.,0.));
#20668 = MANIFOLD_SOLID_BREP('',#20669);
#20669 = CLOSED_SHELL('',(#20670,#20703,#20712));
#20670 = ADVANCED_FACE('',(#20671),#20698,.T.);
#20671 = FACE_BOUND('',#20672,.T.);
#20672 = EDGE_LOOP('',(#20673,#20682,#20690,#20697));
#20673 = ORIENTED_EDGE('',*,*,#20674,.F.);
#20674 = EDGE_CURVE('',#20675,#20675,#20677,.T.);
#20675 = VERTEX_POINT('',#20676);
#20676 = CARTESIAN_POINT('',(-62.,380.,580.));
#20677 = CIRCLE('',#20678,8.);
#20678 = AXIS2_PLACEMENT_3D('',#20679,#20680,#20681);
#20679 = CARTESIAN_POINT('',(-70.,380.,580.));
#20680 = DIRECTION('',(0.,0.,1.));
#20681 = DIRECTION('',(1.,0.,0.));
#20682 = ORIENTED_EDGE('',*,*,#20683,.F.);
#20683 = EDGE_CURVE('',#20684,#20675,#20686,.T.);
#20684 = VERTEX_POINT('',#20685);
#20685 = CARTESIAN_POINT('',(-62.,380.,450.));
#20686 = LINE('',#20687,#20688);
#20687 = CARTESIAN_POINT('',(-62.,380.,450.));
#20688 = VECTOR('',#20689,1.);
#20689 = DIRECTION('',(0.,0.,1.));
#20690 = ORIENTED_EDGE('',*,*,#20691,.T.);
#20691 = EDGE_CURVE('',#20684,#20684,#20692,.T.);
#20692 = CIRCLE('',#20693,8.);
#20693 = AXIS2_PLACEMENT_3D('',#20694,#20695,#20696);
#20694 = CARTESIAN_POINT('',(-70.,380.,450.));
#20695 = DIRECTION('',(0.,0.,1.));
#20696 = DIRECTION('',(1.,0.,0.));
#20697 = ORIENTED_EDGE('',*,*,#20683,.T.);
#20698 = CYLINDRICAL_SURFACE('',#20699,8.);
#20699 = AXIS2_PLACEMENT_3D('',#20700,#20701,#20702);
#20700 = CARTESIAN_POINT('',(-70.,380.,450.));
#20701 = DIRECTION('',(0.,0.,1.));
#20702 = DIRECTION('',(1.,0.,0.));
#20703 = ADVANCED_FACE('',(#20704),#20707,.T.);
#20704 = FACE_BOUND('',#20705,.T.);
#20705 = EDGE_LOOP('',(#20706));
#20706 = ORIENTED_EDGE('',*,*,#20674,.T.);
#20707 = PLANE('',#20708);
#20708 = AXIS2_PLACEMENT_3D('',#20709,#20710,#20711);
#20709 = CARTESIAN_POINT('',(-70.,380.,580.));
#20710 = DIRECTION('',(0.,0.,1.));
#20711 = DIRECTION('',(1.,0.,0.));
#20712 = ADVANCED_FACE('',(#20713),#20716,.F.);
#20713 = FACE_BOUND('',#20714,.T.);
#20714 = EDGE_LOOP('',(#20715));
#20715 = ORIENTED_EDGE('',*,*,#20691,.F.);
#20716 = PLANE('',#20717);
#20717 = AXIS2_PLACEMENT_3D('',#20718,#20719,#20720);
#20718 = CARTESIAN_POINT('',(-70.,380.,450.));
#20719 = DIRECTION('',(0.,0.,1.));
#20720 = DIRECTION('',(1.,0.,0.));
#20721 = MANIFOLD_SOLID_BREP('',#20722);
#20722 = CLOSED_SHELL('',(#20723,#20756,#20765));
#20723 = ADVANCED_FACE('',(#20724),#20751,.T.);
#20724 = FACE_BOUND('',#20725,.T.);
#20725 = EDGE_LOOP('',(#20726,#20735,#20743,#20750));
#20726 = ORIENTED_EDGE('',*,*,#20727,.F.);
#20727 = EDGE_CURVE('',#20728,#20728,#20730,.T.);
#20728 = VERTEX_POINT('',#20729);
#20729 = CARTESIAN_POINT('',(-56.,380.,470.));
#20730 = CIRCLE('',#20731,14.);
#20731 = AXIS2_PLACEMENT_3D('',#20732,#20733,#20734);
#20732 = CARTESIAN_POINT('',(-70.,380.,470.));
#20733 = DIRECTION('',(0.,0.,1.));
#20734 = DIRECTION('',(1.,0.,0.));
#20735 = ORIENTED_EDGE('',*,*,#20736,.F.);
#20736 = EDGE_CURVE('',#20737,#20728,#20739,.T.);
#20737 = VERTEX_POINT('',#20738);
#20738 = CARTESIAN_POINT('',(-56.,380.,440.));
#20739 = LINE('',#20740,#20741);
#20740 = CARTESIAN_POINT('',(-56.,380.,440.));
#20741 = VECTOR('',#20742,1.);
#20742 = DIRECTION('',(0.,0.,1.));
#20743 = ORIENTED_EDGE('',*,*,#20744,.T.);
#20744 = EDGE_CURVE('',#20737,#20737,#20745,.T.);
#20745 = CIRCLE('',#20746,14.);
#20746 = AXIS2_PLACEMENT_3D('',#20747,#20748,#20749);
#20747 = CARTESIAN_POINT('',(-70.,380.,440.));
#20748 = DIRECTION('',(0.,0.,1.));
#20749 = DIRECTION('',(1.,0.,0.));
#20750 = ORIENTED_EDGE('',*,*,#20736,.T.);
#20751 = CYLINDRICAL_SURFACE('',#20752,14.);
#20752 = AXIS2_PLACEMENT_3D('',#20753,#20754,#20755);
#20753 = CARTESIAN_POINT('',(-70.,380.,440.));
#20754 = DIRECTION('',(0.,0.,1.));
#20755 = DIRECTION('',(1.,0.,0.));
#20756 = ADVANCED_FACE('',(#20757),#20760,.T.);
#20757 = FACE_BOUND('',#20758,.T.);
#20758 = EDGE_LOOP('',(#20759));
#20759 = ORIENTED_EDGE('',*,*,#20727,.T.);
#20760 = PLANE('',#20761);
#20761 = AXIS2_PLACEMENT_3D('',#20762,#20763,#20764);
#20762 = CARTESIAN_POINT('',(-70.,380.,470.));
#20763 = DIRECTION('',(0.,0.,1.));
#20764 = DIRECTION('',(1.,0.,0.));
#20765 = ADVANCED_FACE('',(#20766),#20769,.F.);
#20766 = FACE_BOUND('',#20767,.T.);
#20767 = EDGE_LOOP('',(#20768));
#20768 = ORIENTED_EDGE('',*,*,#20744,.F.);
#20769 = PLANE('',#20770);
#20770 = AXIS2_PLACEMENT_3D('',#20771,#20772,#20773);
#20771 = CARTESIAN_POINT('',(-70.,380.,440.));
#20772 = DIRECTION('',(0.,0.,1.));
#20773 = DIRECTION('',(1.,0.,0.));
#20774 = MANIFOLD_SOLID_BREP('',#20775);
#20775 = CLOSED_SHELL('',(#20776,#20816,#20856,#20878,#20900,#20912));
#20776 = ADVANCED_FACE('',(#20777),#20811,.F.);
#20777 = FACE_BOUND('',#20778,.F.);
#20778 = EDGE_LOOP('',(#20779,#20789,#20797,#20805));
#20779 = ORIENTED_EDGE('',*,*,#20780,.F.);
#20780 = EDGE_CURVE('',#20781,#20783,#20785,.T.);
#20781 = VERTEX_POINT('',#20782);
#20782 = CARTESIAN_POINT('',(-92.5,357.5,580.));
#20783 = VERTEX_POINT('',#20784);
#20784 = CARTESIAN_POINT('',(-92.5,357.5,583.));
#20785 = LINE('',#20786,#20787);
#20786 = CARTESIAN_POINT('',(-92.5,357.5,580.));
#20787 = VECTOR('',#20788,1.);
#20788 = DIRECTION('',(0.,0.,1.));
#20789 = ORIENTED_EDGE('',*,*,#20790,.T.);
#20790 = EDGE_CURVE('',#20781,#20791,#20793,.T.);
#20791 = VERTEX_POINT('',#20792);
#20792 = CARTESIAN_POINT('',(-92.5,402.5,580.));
#20793 = LINE('',#20794,#20795);
#20794 = CARTESIAN_POINT('',(-92.5,357.5,580.));
#20795 = VECTOR('',#20796,1.);
#20796 = DIRECTION('',(0.,1.,0.));
#20797 = ORIENTED_EDGE('',*,*,#20798,.T.);
#20798 = EDGE_CURVE('',#20791,#20799,#20801,.T.);
#20799 = VERTEX_POINT('',#20800);
#20800 = CARTESIAN_POINT('',(-92.5,402.5,583.));
#20801 = LINE('',#20802,#20803);
#20802 = CARTESIAN_POINT('',(-92.5,402.5,580.));
#20803 = VECTOR('',#20804,1.);
#20804 = DIRECTION('',(0.,0.,1.));
#20805 = ORIENTED_EDGE('',*,*,#20806,.F.);
#20806 = EDGE_CURVE('',#20783,#20799,#20807,.T.);
#20807 = LINE('',#20808,#20809);
#20808 = CARTESIAN_POINT('',(-92.5,357.5,583.));
#20809 = VECTOR('',#20810,1.);
#20810 = DIRECTION('',(0.,1.,0.));
#20811 = PLANE('',#20812);
#20812 = AXIS2_PLACEMENT_3D('',#20813,#20814,#20815);
#20813 = CARTESIAN_POINT('',(-92.5,357.5,580.));
#20814 = DIRECTION('',(1.,0.,0.));
#20815 = DIRECTION('',(0.,0.,1.));
#20816 = ADVANCED_FACE('',(#20817),#20851,.T.);
#20817 = FACE_BOUND('',#20818,.T.);
#20818 = EDGE_LOOP('',(#20819,#20829,#20837,#20845));
#20819 = ORIENTED_EDGE('',*,*,#20820,.F.);
#20820 = EDGE_CURVE('',#20821,#20823,#20825,.T.);
#20821 = VERTEX_POINT('',#20822);
#20822 = CARTESIAN_POINT('',(-47.5,357.5,580.));
#20823 = VERTEX_POINT('',#20824);
#20824 = CARTESIAN_POINT('',(-47.5,357.5,583.));
#20825 = LINE('',#20826,#20827);
#20826 = CARTESIAN_POINT('',(-47.5,357.5,580.));
#20827 = VECTOR('',#20828,1.);
#20828 = DIRECTION('',(0.,0.,1.));
#20829 = ORIENTED_EDGE('',*,*,#20830,.T.);
#20830 = EDGE_CURVE('',#20821,#20831,#20833,.T.);
#20831 = VERTEX_POINT('',#20832);
#20832 = CARTESIAN_POINT('',(-47.5,402.5,580.));
#20833 = LINE('',#20834,#20835);
#20834 = CARTESIAN_POINT('',(-47.5,357.5,580.));
#20835 = VECTOR('',#20836,1.);
#20836 = DIRECTION('',(0.,1.,0.));
#20837 = ORIENTED_EDGE('',*,*,#20838,.T.);
#20838 = EDGE_CURVE('',#20831,#20839,#20841,.T.);
#20839 = VERTEX_POINT('',#20840);
#20840 = CARTESIAN_POINT('',(-47.5,402.5,583.));
#20841 = LINE('',#20842,#20843);
#20842 = CARTESIAN_POINT('',(-47.5,402.5,580.));
#20843 = VECTOR('',#20844,1.);
#20844 = DIRECTION('',(0.,0.,1.));
#20845 = ORIENTED_EDGE('',*,*,#20846,.F.);
#20846 = EDGE_CURVE('',#20823,#20839,#20847,.T.);
#20847 = LINE('',#20848,#20849);
#20848 = CARTESIAN_POINT('',(-47.5,357.5,583.));
#20849 = VECTOR('',#20850,1.);
#20850 = DIRECTION('',(0.,1.,0.));
#20851 = PLANE('',#20852);
#20852 = AXIS2_PLACEMENT_3D('',#20853,#20854,#20855);
#20853 = CARTESIAN_POINT('',(-47.5,357.5,580.));
#20854 = DIRECTION('',(1.,0.,0.));
#20855 = DIRECTION('',(0.,0.,1.));
#20856 = ADVANCED_FACE('',(#20857),#20873,.F.);
#20857 = FACE_BOUND('',#20858,.F.);
#20858 = EDGE_LOOP('',(#20859,#20865,#20866,#20872));
#20859 = ORIENTED_EDGE('',*,*,#20860,.F.);
#20860 = EDGE_CURVE('',#20781,#20821,#20861,.T.);
#20861 = LINE('',#20862,#20863);
#20862 = CARTESIAN_POINT('',(-92.5,357.5,580.));
#20863 = VECTOR('',#20864,1.);
#20864 = DIRECTION('',(1.,0.,0.));
#20865 = ORIENTED_EDGE('',*,*,#20780,.T.);
#20866 = ORIENTED_EDGE('',*,*,#20867,.T.);
#20867 = EDGE_CURVE('',#20783,#20823,#20868,.T.);
#20868 = LINE('',#20869,#20870);
#20869 = CARTESIAN_POINT('',(-92.5,357.5,583.));
#20870 = VECTOR('',#20871,1.);
#20871 = DIRECTION('',(1.,0.,0.));
#20872 = ORIENTED_EDGE('',*,*,#20820,.F.);
#20873 = PLANE('',#20874);
#20874 = AXIS2_PLACEMENT_3D('',#20875,#20876,#20877);
#20875 = CARTESIAN_POINT('',(-92.5,357.5,580.));
#20876 = DIRECTION('',(0.,1.,0.));
#20877 = DIRECTION('',(0.,0.,1.));
#20878 = ADVANCED_FACE('',(#20879),#20895,.T.);
#20879 = FACE_BOUND('',#20880,.T.);
#20880 = EDGE_LOOP('',(#20881,#20887,#20888,#20894));
#20881 = ORIENTED_EDGE('',*,*,#20882,.F.);
#20882 = EDGE_CURVE('',#20791,#20831,#20883,.T.);
#20883 = LINE('',#20884,#20885);
#20884 = CARTESIAN_POINT('',(-92.5,402.5,580.));
#20885 = VECTOR('',#20886,1.);
#20886 = DIRECTION('',(1.,0.,0.));
#20887 = ORIENTED_EDGE('',*,*,#20798,.T.);
#20888 = ORIENTED_EDGE('',*,*,#20889,.T.);
#20889 = EDGE_CURVE('',#20799,#20839,#20890,.T.);
#20890 = LINE('',#20891,#20892);
#20891 = CARTESIAN_POINT('',(-92.5,402.5,583.));
#20892 = VECTOR('',#20893,1.);
#20893 = DIRECTION('',(1.,0.,0.));
#20894 = ORIENTED_EDGE('',*,*,#20838,.F.);
#20895 = PLANE('',#20896);
#20896 = AXIS2_PLACEMENT_3D('',#20897,#20898,#20899);
#20897 = CARTESIAN_POINT('',(-92.5,402.5,580.));
#20898 = DIRECTION('',(0.,1.,0.));
#20899 = DIRECTION('',(0.,0.,1.));
#20900 = ADVANCED_FACE('',(#20901),#20907,.F.);
#20901 = FACE_BOUND('',#20902,.F.);
#20902 = EDGE_LOOP('',(#20903,#20904,#20905,#20906));
#20903 = ORIENTED_EDGE('',*,*,#20790,.F.);
#20904 = ORIENTED_EDGE('',*,*,#20860,.T.);
#20905 = ORIENTED_EDGE('',*,*,#20830,.T.);
#20906 = ORIENTED_EDGE('',*,*,#20882,.F.);
#20907 = PLANE('',#20908);
#20908 = AXIS2_PLACEMENT_3D('',#20909,#20910,#20911);
#20909 = CARTESIAN_POINT('',(-92.5,357.5,580.));
#20910 = DIRECTION('',(0.,0.,1.));
#20911 = DIRECTION('',(1.,0.,0.));
#20912 = ADVANCED_FACE('',(#20913),#20919,.T.);
#20913 = FACE_BOUND('',#20914,.T.);
#20914 = EDGE_LOOP('',(#20915,#20916,#20917,#20918));
#20915 = ORIENTED_EDGE('',*,*,#20806,.F.);
#20916 = ORIENTED_EDGE('',*,*,#20867,.T.);
#20917 = ORIENTED_EDGE('',*,*,#20846,.T.);
#20918 = ORIENTED_EDGE('',*,*,#20889,.F.);
#20919 = PLANE('',#20920);
#20920 = AXIS2_PLACEMENT_3D('',#20921,#20922,#20923);
#20921 = CARTESIAN_POINT('',(-92.5,357.5,583.));
#20922 = DIRECTION('',(0.,0.,1.));
#20923 = DIRECTION('',(1.,0.,0.));
#20924 = MANIFOLD_SOLID_BREP('',#20925);
#20925 = CLOSED_SHELL('',(#20926,#20966,#21006,#21028,#21050,#21062));
#20926 = ADVANCED_FACE('',(#20927),#20961,.F.);
#20927 = FACE_BOUND('',#20928,.F.);
#20928 = EDGE_LOOP('',(#20929,#20939,#20947,#20955));
#20929 = ORIENTED_EDGE('',*,*,#20930,.F.);
#20930 = EDGE_CURVE('',#20931,#20933,#20935,.T.);
#20931 = VERTEX_POINT('',#20932);
#20932 = CARTESIAN_POINT('',(-89.3,360.7,583.));
#20933 = VERTEX_POINT('',#20934);
#20934 = CARTESIAN_POINT('',(-89.3,360.7,616.5));
#20935 = LINE('',#20936,#20937);
#20936 = CARTESIAN_POINT('',(-89.3,360.7,583.));
#20937 = VECTOR('',#20938,1.);
#20938 = DIRECTION('',(0.,0.,1.));
#20939 = ORIENTED_EDGE('',*,*,#20940,.T.);
#20940 = EDGE_CURVE('',#20931,#20941,#20943,.T.);
#20941 = VERTEX_POINT('',#20942);
#20942 = CARTESIAN_POINT('',(-89.3,399.3,583.));
#20943 = LINE('',#20944,#20945);
#20944 = CARTESIAN_POINT('',(-89.3,360.7,583.));
#20945 = VECTOR('',#20946,1.);
#20946 = DIRECTION('',(0.,1.,0.));
#20947 = ORIENTED_EDGE('',*,*,#20948,.T.);
#20948 = EDGE_CURVE('',#20941,#20949,#20951,.T.);
#20949 = VERTEX_POINT('',#20950);
#20950 = CARTESIAN_POINT('',(-89.3,399.3,616.5));
#20951 = LINE('',#20952,#20953);
#20952 = CARTESIAN_POINT('',(-89.3,399.3,583.));
#20953 = VECTOR('',#20954,1.);
#20954 = DIRECTION('',(0.,0.,1.));
#20955 = ORIENTED_EDGE('',*,*,#20956,.F.);
#20956 = EDGE_CURVE('',#20933,#20949,#20957,.T.);
#20957 = LINE('',#20958,#20959);
#20958 = CARTESIAN_POINT('',(-89.3,360.7,616.5));
#20959 = VECTOR('',#20960,1.);
#20960 = DIRECTION('',(0.,1.,0.));
#20961 = PLANE('',#20962);
#20962 = AXIS2_PLACEMENT_3D('',#20963,#20964,#20965);
#20963 = CARTESIAN_POINT('',(-89.3,360.7,583.));
#20964 = DIRECTION('',(1.,0.,0.));
#20965 = DIRECTION('',(0.,0.,1.));
#20966 = ADVANCED_FACE('',(#20967),#21001,.T.);
#20967 = FACE_BOUND('',#20968,.T.);
#20968 = EDGE_LOOP('',(#20969,#20979,#20987,#20995));
#20969 = ORIENTED_EDGE('',*,*,#20970,.F.);
#20970 = EDGE_CURVE('',#20971,#20973,#20975,.T.);
#20971 = VERTEX_POINT('',#20972);
#20972 = CARTESIAN_POINT('',(-50.7,360.7,583.));
#20973 = VERTEX_POINT('',#20974);
#20974 = CARTESIAN_POINT('',(-50.7,360.7,616.5));
#20975 = LINE('',#20976,#20977);
#20976 = CARTESIAN_POINT('',(-50.7,360.7,583.));
#20977 = VECTOR('',#20978,1.);
#20978 = DIRECTION('',(0.,0.,1.));
#20979 = ORIENTED_EDGE('',*,*,#20980,.T.);
#20980 = EDGE_CURVE('',#20971,#20981,#20983,.T.);
#20981 = VERTEX_POINT('',#20982);
#20982 = CARTESIAN_POINT('',(-50.7,399.3,583.));
#20983 = LINE('',#20984,#20985);
#20984 = CARTESIAN_POINT('',(-50.7,360.7,583.));
#20985 = VECTOR('',#20986,1.);
#20986 = DIRECTION('',(0.,1.,0.));
#20987 = ORIENTED_EDGE('',*,*,#20988,.T.);
#20988 = EDGE_CURVE('',#20981,#20989,#20991,.T.);
#20989 = VERTEX_POINT('',#20990);
#20990 = CARTESIAN_POINT('',(-50.7,399.3,616.5));
#20991 = LINE('',#20992,#20993);
#20992 = CARTESIAN_POINT('',(-50.7,399.3,583.));
#20993 = VECTOR('',#20994,1.);
#20994 = DIRECTION('',(0.,0.,1.));
#20995 = ORIENTED_EDGE('',*,*,#20996,.F.);
#20996 = EDGE_CURVE('',#20973,#20989,#20997,.T.);
#20997 = LINE('',#20998,#20999);
#20998 = CARTESIAN_POINT('',(-50.7,360.7,616.5));
#20999 = VECTOR('',#21000,1.);
#21000 = DIRECTION('',(0.,1.,0.));
#21001 = PLANE('',#21002);
#21002 = AXIS2_PLACEMENT_3D('',#21003,#21004,#21005);
#21003 = CARTESIAN_POINT('',(-50.7,360.7,583.));
#21004 = DIRECTION('',(1.,0.,0.));
#21005 = DIRECTION('',(0.,0.,1.));
#21006 = ADVANCED_FACE('',(#21007),#21023,.F.);
#21007 = FACE_BOUND('',#21008,.F.);
#21008 = EDGE_LOOP('',(#21009,#21015,#21016,#21022));
#21009 = ORIENTED_EDGE('',*,*,#21010,.F.);
#21010 = EDGE_CURVE('',#20931,#20971,#21011,.T.);
#21011 = LINE('',#21012,#21013);
#21012 = CARTESIAN_POINT('',(-89.3,360.7,583.));
#21013 = VECTOR('',#21014,1.);
#21014 = DIRECTION('',(1.,0.,0.));
#21015 = ORIENTED_EDGE('',*,*,#20930,.T.);
#21016 = ORIENTED_EDGE('',*,*,#21017,.T.);
#21017 = EDGE_CURVE('',#20933,#20973,#21018,.T.);
#21018 = LINE('',#21019,#21020);
#21019 = CARTESIAN_POINT('',(-89.3,360.7,616.5));
#21020 = VECTOR('',#21021,1.);
#21021 = DIRECTION('',(1.,0.,0.));
#21022 = ORIENTED_EDGE('',*,*,#20970,.F.);
#21023 = PLANE('',#21024);
#21024 = AXIS2_PLACEMENT_3D('',#21025,#21026,#21027);
#21025 = CARTESIAN_POINT('',(-89.3,360.7,583.));
#21026 = DIRECTION('',(0.,1.,0.));
#21027 = DIRECTION('',(0.,0.,1.));
#21028 = ADVANCED_FACE('',(#21029),#21045,.T.);
#21029 = FACE_BOUND('',#21030,.T.);
#21030 = EDGE_LOOP('',(#21031,#21037,#21038,#21044));
#21031 = ORIENTED_EDGE('',*,*,#21032,.F.);
#21032 = EDGE_CURVE('',#20941,#20981,#21033,.T.);
#21033 = LINE('',#21034,#21035);
#21034 = CARTESIAN_POINT('',(-89.3,399.3,583.));
#21035 = VECTOR('',#21036,1.);
#21036 = DIRECTION('',(1.,0.,0.));
#21037 = ORIENTED_EDGE('',*,*,#20948,.T.);
#21038 = ORIENTED_EDGE('',*,*,#21039,.T.);
#21039 = EDGE_CURVE('',#20949,#20989,#21040,.T.);
#21040 = LINE('',#21041,#21042);
#21041 = CARTESIAN_POINT('',(-89.3,399.3,616.5));
#21042 = VECTOR('',#21043,1.);
#21043 = DIRECTION('',(1.,0.,0.));
#21044 = ORIENTED_EDGE('',*,*,#20988,.F.);
#21045 = PLANE('',#21046);
#21046 = AXIS2_PLACEMENT_3D('',#21047,#21048,#21049);
#21047 = CARTESIAN_POINT('',(-89.3,399.3,583.));
#21048 = DIRECTION('',(0.,1.,0.));
#21049 = DIRECTION('',(0.,0.,1.));
#21050 = ADVANCED_FACE('',(#21051),#21057,.F.);
#21051 = FACE_BOUND('',#21052,.F.);
#21052 = EDGE_LOOP('',(#21053,#21054,#21055,#21056));
#21053 = ORIENTED_EDGE('',*,*,#20940,.F.);
#21054 = ORIENTED_EDGE('',*,*,#21010,.T.);
#21055 = ORIENTED_EDGE('',*,*,#20980,.T.);
#21056 = ORIENTED_EDGE('',*,*,#21032,.F.);
#21057 = PLANE('',#21058);
#21058 = AXIS2_PLACEMENT_3D('',#21059,#21060,#21061);
#21059 = CARTESIAN_POINT('',(-89.3,360.7,583.));
#21060 = DIRECTION('',(0.,0.,1.));
#21061 = DIRECTION('',(1.,0.,0.));
#21062 = ADVANCED_FACE('',(#21063),#21069,.T.);
#21063 = FACE_BOUND('',#21064,.T.);
#21064 = EDGE_LOOP('',(#21065,#21066,#21067,#21068));
#21065 = ORIENTED_EDGE('',*,*,#20956,.F.);
#21066 = ORIENTED_EDGE('',*,*,#21017,.T.);
#21067 = ORIENTED_EDGE('',*,*,#20996,.T.);
#21068 = ORIENTED_EDGE('',*,*,#21039,.F.);
#21069 = PLANE('',#21070);
#21070 = AXIS2_PLACEMENT_3D('',#21071,#21072,#21073);
#21071 = CARTESIAN_POINT('',(-89.3,360.7,616.5));
#21072 = DIRECTION('',(0.,0.,1.));
#21073 = DIRECTION('',(1.,0.,0.));
#21074 = MANIFOLD_SOLID_BREP('',#21075);
#21075 = CLOSED_SHELL('',(#21076,#21109,#21118));
#21076 = ADVANCED_FACE('',(#21077),#21104,.T.);
#21077 = FACE_BOUND('',#21078,.T.);
#21078 = EDGE_LOOP('',(#21079,#21088,#21096,#21103));
#21079 = ORIENTED_EDGE('',*,*,#21080,.F.);
#21080 = EDGE_CURVE('',#21081,#21081,#21083,.T.);
#21081 = VERTEX_POINT('',#21082);
#21082 = CARTESIAN_POINT('',(-57.,380.,630.5));
#21083 = CIRCLE('',#21084,13.);
#21084 = AXIS2_PLACEMENT_3D('',#21085,#21086,#21087);
#21085 = CARTESIAN_POINT('',(-70.,380.,630.5));
#21086 = DIRECTION('',(0.,0.,1.));
#21087 = DIRECTION('',(1.,0.,0.));
#21088 = ORIENTED_EDGE('',*,*,#21089,.F.);
#21089 = EDGE_CURVE('',#21090,#21081,#21092,.T.);
#21090 = VERTEX_POINT('',#21091);
#21091 = CARTESIAN_POINT('',(-57.,380.,616.5));
#21092 = LINE('',#21093,#21094);
#21093 = CARTESIAN_POINT('',(-57.,380.,616.5));
#21094 = VECTOR('',#21095,1.);
#21095 = DIRECTION('',(0.,0.,1.));
#21096 = ORIENTED_EDGE('',*,*,#21097,.T.);
#21097 = EDGE_CURVE('',#21090,#21090,#21098,.T.);
#21098 = CIRCLE('',#21099,13.);
#21099 = AXIS2_PLACEMENT_3D('',#21100,#21101,#21102);
#21100 = CARTESIAN_POINT('',(-70.,380.,616.5));
#21101 = DIRECTION('',(0.,0.,1.));
#21102 = DIRECTION('',(1.,0.,0.));
#21103 = ORIENTED_EDGE('',*,*,#21089,.T.);
#21104 = CYLINDRICAL_SURFACE('',#21105,13.);
#21105 = AXIS2_PLACEMENT_3D('',#21106,#21107,#21108);
#21106 = CARTESIAN_POINT('',(-70.,380.,616.5));
#21107 = DIRECTION('',(0.,0.,1.));
#21108 = DIRECTION('',(1.,0.,0.));
#21109 = ADVANCED_FACE('',(#21110),#21113,.T.);
#21110 = FACE_BOUND('',#21111,.T.);
#21111 = EDGE_LOOP('',(#21112));
#21112 = ORIENTED_EDGE('',*,*,#21080,.T.);
#21113 = PLANE('',#21114);
#21114 = AXIS2_PLACEMENT_3D('',#21115,#21116,#21117);
#21115 = CARTESIAN_POINT('',(-70.,380.,630.5));
#21116 = DIRECTION('',(0.,0.,1.));
#21117 = DIRECTION('',(1.,0.,0.));
#21118 = ADVANCED_FACE('',(#21119),#21122,.F.);
#21119 = FACE_BOUND('',#21120,.T.);
#21120 = EDGE_LOOP('',(#21121));
#21121 = ORIENTED_EDGE('',*,*,#21097,.F.);
#21122 = PLANE('',#21123);
#21123 = AXIS2_PLACEMENT_3D('',#21124,#21125,#21126);
#21124 = CARTESIAN_POINT('',(-70.,380.,616.5));
#21125 = DIRECTION('',(0.,0.,1.));
#21126 = DIRECTION('',(1.,0.,0.));
#21127 = MANIFOLD_SOLID_BREP('',#21128);
#21128 = CLOSED_SHELL('',(#21129,#21162,#21171));
#21129 = ADVANCED_FACE('',(#21130),#21157,.T.);
#21130 = FACE_BOUND('',#21131,.T.);
#21131 = EDGE_LOOP('',(#21132,#21141,#21149,#21156));
#21132 = ORIENTED_EDGE('',*,*,#21133,.F.);
#21133 = EDGE_CURVE('',#21134,#21134,#21136,.T.);
#21134 = VERTEX_POINT('',#21135);
#21135 = CARTESIAN_POINT('',(-7.5,73.,183.));
#21136 = CIRCLE('',#21137,2.5);
#21137 = AXIS2_PLACEMENT_3D('',#21138,#21139,#21140);
#21138 = CARTESIAN_POINT('',(-10.,73.,183.));
#21139 = DIRECTION('',(0.,0.,1.));
#21140 = DIRECTION('',(1.,0.,0.));
#21141 = ORIENTED_EDGE('',*,*,#21142,.F.);
#21142 = EDGE_CURVE('',#21143,#21134,#21145,.T.);
#21143 = VERTEX_POINT('',#21144);
#21144 = CARTESIAN_POINT('',(-7.5,73.,177.));
#21145 = LINE('',#21146,#21147);
#21146 = CARTESIAN_POINT('',(-7.5,73.,177.));
#21147 = VECTOR('',#21148,1.);
#21148 = DIRECTION('',(0.,0.,1.));
#21149 = ORIENTED_EDGE('',*,*,#21150,.T.);
#21150 = EDGE_CURVE('',#21143,#21143,#21151,.T.);
#21151 = CIRCLE('',#21152,2.5);
#21152 = AXIS2_PLACEMENT_3D('',#21153,#21154,#21155);
#21153 = CARTESIAN_POINT('',(-10.,73.,177.));
#21154 = DIRECTION('',(0.,0.,1.));
#21155 = DIRECTION('',(1.,0.,0.));
#21156 = ORIENTED_EDGE('',*,*,#21142,.T.);
#21157 = CYLINDRICAL_SURFACE('',#21158,2.5);
#21158 = AXIS2_PLACEMENT_3D('',#21159,#21160,#21161);
#21159 = CARTESIAN_POINT('',(-10.,73.,177.));
#21160 = DIRECTION('',(0.,0.,1.));
#21161 = DIRECTION('',(1.,0.,0.));
#21162 = ADVANCED_FACE('',(#21163),#21166,.T.);
#21163 = FACE_BOUND('',#21164,.T.);
#21164 = EDGE_LOOP('',(#21165));
#21165 = ORIENTED_EDGE('',*,*,#21133,.T.);
#21166 = PLANE('',#21167);
#21167 = AXIS2_PLACEMENT_3D('',#21168,#21169,#21170);
#21168 = CARTESIAN_POINT('',(-10.,73.,183.));
#21169 = DIRECTION('',(0.,0.,1.));
#21170 = DIRECTION('',(1.,0.,0.));
#21171 = ADVANCED_FACE('',(#21172),#21175,.F.);
#21172 = FACE_BOUND('',#21173,.T.);
#21173 = EDGE_LOOP('',(#21174));
#21174 = ORIENTED_EDGE('',*,*,#21150,.F.);
#21175 = PLANE('',#21176);
#21176 = AXIS2_PLACEMENT_3D('',#21177,#21178,#21179);
#21177 = CARTESIAN_POINT('',(-10.,73.,177.));
#21178 = DIRECTION('',(0.,0.,1.));
#21179 = DIRECTION('',(1.,0.,0.));
#21180 = MANIFOLD_SOLID_BREP('',#21181);
#21181 = CLOSED_SHELL('',(#21182,#21215,#21224));
#21182 = ADVANCED_FACE('',(#21183),#21210,.T.);
#21183 = FACE_BOUND('',#21184,.T.);
#21184 = EDGE_LOOP('',(#21185,#21194,#21202,#21209));
#21185 = ORIENTED_EDGE('',*,*,#21186,.F.);
#21186 = EDGE_CURVE('',#21187,#21187,#21189,.T.);
#21187 = VERTEX_POINT('',#21188);
#21188 = CARTESIAN_POINT('',(-7.5,87.,183.));
#21189 = CIRCLE('',#21190,2.5);
#21190 = AXIS2_PLACEMENT_3D('',#21191,#21192,#21193);
#21191 = CARTESIAN_POINT('',(-10.,87.,183.));
#21192 = DIRECTION('',(0.,0.,1.));
#21193 = DIRECTION('',(1.,0.,0.));
#21194 = ORIENTED_EDGE('',*,*,#21195,.F.);
#21195 = EDGE_CURVE('',#21196,#21187,#21198,.T.);
#21196 = VERTEX_POINT('',#21197);
#21197 = CARTESIAN_POINT('',(-7.5,87.,177.));
#21198 = LINE('',#21199,#21200);
#21199 = CARTESIAN_POINT('',(-7.5,87.,177.));
#21200 = VECTOR('',#21201,1.);
#21201 = DIRECTION('',(0.,0.,1.));
#21202 = ORIENTED_EDGE('',*,*,#21203,.T.);
#21203 = EDGE_CURVE('',#21196,#21196,#21204,.T.);
#21204 = CIRCLE('',#21205,2.5);
#21205 = AXIS2_PLACEMENT_3D('',#21206,#21207,#21208);
#21206 = CARTESIAN_POINT('',(-10.,87.,177.));
#21207 = DIRECTION('',(0.,0.,1.));
#21208 = DIRECTION('',(1.,0.,0.));
#21209 = ORIENTED_EDGE('',*,*,#21195,.T.);
#21210 = CYLINDRICAL_SURFACE('',#21211,2.5);
#21211 = AXIS2_PLACEMENT_3D('',#21212,#21213,#21214);
#21212 = CARTESIAN_POINT('',(-10.,87.,177.));
#21213 = DIRECTION('',(0.,0.,1.));
#21214 = DIRECTION('',(1.,0.,0.));
#21215 = ADVANCED_FACE('',(#21216),#21219,.T.);
#21216 = FACE_BOUND('',#21217,.T.);
#21217 = EDGE_LOOP('',(#21218));
#21218 = ORIENTED_EDGE('',*,*,#21186,.T.);
#21219 = PLANE('',#21220);
#21220 = AXIS2_PLACEMENT_3D('',#21221,#21222,#21223);
#21221 = CARTESIAN_POINT('',(-10.,87.,183.));
#21222 = DIRECTION('',(0.,0.,1.));
#21223 = DIRECTION('',(1.,0.,0.));
#21224 = ADVANCED_FACE('',(#21225),#21228,.F.);
#21225 = FACE_BOUND('',#21226,.T.);
#21226 = EDGE_LOOP('',(#21227));
#21227 = ORIENTED_EDGE('',*,*,#21203,.F.);
#21228 = PLANE('',#21229);
#21229 = AXIS2_PLACEMENT_3D('',#21230,#21231,#21232);
#21230 = CARTESIAN_POINT('',(-10.,87.,177.));
#21231 = DIRECTION('',(0.,0.,1.));
#21232 = DIRECTION('',(1.,0.,0.));
#21233 = MANIFOLD_SOLID_BREP('',#21234);
#21234 = CLOSED_SHELL('',(#21235,#21268,#21277));
#21235 = ADVANCED_FACE('',(#21236),#21263,.T.);
#21236 = FACE_BOUND('',#21237,.T.);
#21237 = EDGE_LOOP('',(#21238,#21247,#21255,#21262));
#21238 = ORIENTED_EDGE('',*,*,#21239,.F.);
#21239 = EDGE_CURVE('',#21240,#21240,#21242,.T.);
#21240 = VERTEX_POINT('',#21241);
#21241 = CARTESIAN_POINT('',(12.5,73.,183.));
#21242 = CIRCLE('',#21243,2.5);
#21243 = AXIS2_PLACEMENT_3D('',#21244,#21245,#21246);
#21244 = CARTESIAN_POINT('',(10.,73.,183.));
#21245 = DIRECTION('',(0.,0.,1.));
#21246 = DIRECTION('',(1.,0.,0.));
#21247 = ORIENTED_EDGE('',*,*,#21248,.F.);
#21248 = EDGE_CURVE('',#21249,#21240,#21251,.T.);
#21249 = VERTEX_POINT('',#21250);
#21250 = CARTESIAN_POINT('',(12.5,73.,177.));
#21251 = LINE('',#21252,#21253);
#21252 = CARTESIAN_POINT('',(12.5,73.,177.));
#21253 = VECTOR('',#21254,1.);
#21254 = DIRECTION('',(0.,0.,1.));
#21255 = ORIENTED_EDGE('',*,*,#21256,.T.);
#21256 = EDGE_CURVE('',#21249,#21249,#21257,.T.);
#21257 = CIRCLE('',#21258,2.5);
#21258 = AXIS2_PLACEMENT_3D('',#21259,#21260,#21261);
#21259 = CARTESIAN_POINT('',(10.,73.,177.));
#21260 = DIRECTION('',(0.,0.,1.));
#21261 = DIRECTION('',(1.,0.,0.));
#21262 = ORIENTED_EDGE('',*,*,#21248,.T.);
#21263 = CYLINDRICAL_SURFACE('',#21264,2.5);
#21264 = AXIS2_PLACEMENT_3D('',#21265,#21266,#21267);
#21265 = CARTESIAN_POINT('',(10.,73.,177.));
#21266 = DIRECTION('',(0.,0.,1.));
#21267 = DIRECTION('',(1.,0.,0.));
#21268 = ADVANCED_FACE('',(#21269),#21272,.T.);
#21269 = FACE_BOUND('',#21270,.T.);
#21270 = EDGE_LOOP('',(#21271));
#21271 = ORIENTED_EDGE('',*,*,#21239,.T.);
#21272 = PLANE('',#21273);
#21273 = AXIS2_PLACEMENT_3D('',#21274,#21275,#21276);
#21274 = CARTESIAN_POINT('',(10.,73.,183.));
#21275 = DIRECTION('',(0.,0.,1.));
#21276 = DIRECTION('',(1.,0.,0.));
#21277 = ADVANCED_FACE('',(#21278),#21281,.F.);
#21278 = FACE_BOUND('',#21279,.T.);
#21279 = EDGE_LOOP('',(#21280));
#21280 = ORIENTED_EDGE('',*,*,#21256,.F.);
#21281 = PLANE('',#21282);
#21282 = AXIS2_PLACEMENT_3D('',#21283,#21284,#21285);
#21283 = CARTESIAN_POINT('',(10.,73.,177.));
#21284 = DIRECTION('',(0.,0.,1.));
#21285 = DIRECTION('',(1.,0.,0.));
#21286 = MANIFOLD_SOLID_BREP('',#21287);
#21287 = CLOSED_SHELL('',(#21288,#21321,#21330));
#21288 = ADVANCED_FACE('',(#21289),#21316,.T.);
#21289 = FACE_BOUND('',#21290,.T.);
#21290 = EDGE_LOOP('',(#21291,#21300,#21308,#21315));
#21291 = ORIENTED_EDGE('',*,*,#21292,.F.);
#21292 = EDGE_CURVE('',#21293,#21293,#21295,.T.);
#21293 = VERTEX_POINT('',#21294);
#21294 = CARTESIAN_POINT('',(12.5,87.,183.));
#21295 = CIRCLE('',#21296,2.5);
#21296 = AXIS2_PLACEMENT_3D('',#21297,#21298,#21299);
#21297 = CARTESIAN_POINT('',(10.,87.,183.));
#21298 = DIRECTION('',(0.,0.,1.));
#21299 = DIRECTION('',(1.,0.,0.));
#21300 = ORIENTED_EDGE('',*,*,#21301,.F.);
#21301 = EDGE_CURVE('',#21302,#21293,#21304,.T.);
#21302 = VERTEX_POINT('',#21303);
#21303 = CARTESIAN_POINT('',(12.5,87.,177.));
#21304 = LINE('',#21305,#21306);
#21305 = CARTESIAN_POINT('',(12.5,87.,177.));
#21306 = VECTOR('',#21307,1.);
#21307 = DIRECTION('',(0.,0.,1.));
#21308 = ORIENTED_EDGE('',*,*,#21309,.T.);
#21309 = EDGE_CURVE('',#21302,#21302,#21310,.T.);
#21310 = CIRCLE('',#21311,2.5);
#21311 = AXIS2_PLACEMENT_3D('',#21312,#21313,#21314);
#21312 = CARTESIAN_POINT('',(10.,87.,177.));
#21313 = DIRECTION('',(0.,0.,1.));
#21314 = DIRECTION('',(1.,0.,0.));
#21315 = ORIENTED_EDGE('',*,*,#21301,.T.);
#21316 = CYLINDRICAL_SURFACE('',#21317,2.5);
#21317 = AXIS2_PLACEMENT_3D('',#21318,#21319,#21320);
#21318 = CARTESIAN_POINT('',(10.,87.,177.));
#21319 = DIRECTION('',(0.,0.,1.));
#21320 = DIRECTION('',(1.,0.,0.));
#21321 = ADVANCED_FACE('',(#21322),#21325,.T.);
#21322 = FACE_BOUND('',#21323,.T.);
#21323 = EDGE_LOOP('',(#21324));
#21324 = ORIENTED_EDGE('',*,*,#21292,.T.);
#21325 = PLANE('',#21326);
#21326 = AXIS2_PLACEMENT_3D('',#21327,#21328,#21329);
#21327 = CARTESIAN_POINT('',(10.,87.,183.));
#21328 = DIRECTION('',(0.,0.,1.));
#21329 = DIRECTION('',(1.,0.,0.));
#21330 = ADVANCED_FACE('',(#21331),#21334,.F.);
#21331 = FACE_BOUND('',#21332,.T.);
#21332 = EDGE_LOOP('',(#21333));
#21333 = ORIENTED_EDGE('',*,*,#21309,.F.);
#21334 = PLANE('',#21335);
#21335 = AXIS2_PLACEMENT_3D('',#21336,#21337,#21338);
#21336 = CARTESIAN_POINT('',(10.,87.,177.));
#21337 = DIRECTION('',(0.,0.,1.));
#21338 = DIRECTION('',(1.,0.,0.));
#21339 = MANIFOLD_SOLID_BREP('',#21340);
#21340 = CLOSED_SHELL('',(#21341,#21381,#21421,#21443,#21465,#21477));
#21341 = ADVANCED_FACE('',(#21342),#21376,.F.);
#21342 = FACE_BOUND('',#21343,.F.);
#21343 = EDGE_LOOP('',(#21344,#21354,#21362,#21370));
#21344 = ORIENTED_EDGE('',*,*,#21345,.F.);
#21345 = EDGE_CURVE('',#21346,#21348,#21350,.T.);
#21346 = VERTEX_POINT('',#21347);
#21347 = CARTESIAN_POINT('',(-10.5,72.,183.));
#21348 = VERTEX_POINT('',#21349);
#21349 = CARTESIAN_POINT('',(-10.5,72.,184.6));
#21350 = LINE('',#21351,#21352);
#21351 = CARTESIAN_POINT('',(-10.5,72.,183.));
#21352 = VECTOR('',#21353,1.);
#21353 = DIRECTION('',(0.,0.,1.));
#21354 = ORIENTED_EDGE('',*,*,#21355,.T.);
#21355 = EDGE_CURVE('',#21346,#21356,#21358,.T.);
#21356 = VERTEX_POINT('',#21357);
#21357 = CARTESIAN_POINT('',(-10.5,88.,183.));
#21358 = LINE('',#21359,#21360);
#21359 = CARTESIAN_POINT('',(-10.5,72.,183.));
#21360 = VECTOR('',#21361,1.);
#21361 = DIRECTION('',(0.,1.,0.));
#21362 = ORIENTED_EDGE('',*,*,#21363,.T.);
#21363 = EDGE_CURVE('',#21356,#21364,#21366,.T.);
#21364 = VERTEX_POINT('',#21365);
#21365 = CARTESIAN_POINT('',(-10.5,88.,184.6));
#21366 = LINE('',#21367,#21368);
#21367 = CARTESIAN_POINT('',(-10.5,88.,183.));
#21368 = VECTOR('',#21369,1.);
#21369 = DIRECTION('',(0.,0.,1.));
#21370 = ORIENTED_EDGE('',*,*,#21371,.F.);
#21371 = EDGE_CURVE('',#21348,#21364,#21372,.T.);
#21372 = LINE('',#21373,#21374);
#21373 = CARTESIAN_POINT('',(-10.5,72.,184.6));
#21374 = VECTOR('',#21375,1.);
#21375 = DIRECTION('',(0.,1.,0.));
#21376 = PLANE('',#21377);
#21377 = AXIS2_PLACEMENT_3D('',#21378,#21379,#21380);
#21378 = CARTESIAN_POINT('',(-10.5,72.,183.));
#21379 = DIRECTION('',(1.,0.,0.));
#21380 = DIRECTION('',(0.,0.,1.));
#21381 = ADVANCED_FACE('',(#21382),#21416,.T.);
#21382 = FACE_BOUND('',#21383,.T.);
#21383 = EDGE_LOOP('',(#21384,#21394,#21402,#21410));
#21384 = ORIENTED_EDGE('',*,*,#21385,.F.);
#21385 = EDGE_CURVE('',#21386,#21388,#21390,.T.);
#21386 = VERTEX_POINT('',#21387);
#21387 = CARTESIAN_POINT('',(10.5,72.,183.));
#21388 = VERTEX_POINT('',#21389);
#21389 = CARTESIAN_POINT('',(10.5,72.,184.6));
#21390 = LINE('',#21391,#21392);
#21391 = CARTESIAN_POINT('',(10.5,72.,183.));
#21392 = VECTOR('',#21393,1.);
#21393 = DIRECTION('',(0.,0.,1.));
#21394 = ORIENTED_EDGE('',*,*,#21395,.T.);
#21395 = EDGE_CURVE('',#21386,#21396,#21398,.T.);
#21396 = VERTEX_POINT('',#21397);
#21397 = CARTESIAN_POINT('',(10.5,88.,183.));
#21398 = LINE('',#21399,#21400);
#21399 = CARTESIAN_POINT('',(10.5,72.,183.));
#21400 = VECTOR('',#21401,1.);
#21401 = DIRECTION('',(0.,1.,0.));
#21402 = ORIENTED_EDGE('',*,*,#21403,.T.);
#21403 = EDGE_CURVE('',#21396,#21404,#21406,.T.);
#21404 = VERTEX_POINT('',#21405);
#21405 = CARTESIAN_POINT('',(10.5,88.,184.6));
#21406 = LINE('',#21407,#21408);
#21407 = CARTESIAN_POINT('',(10.5,88.,183.));
#21408 = VECTOR('',#21409,1.);
#21409 = DIRECTION('',(0.,0.,1.));
#21410 = ORIENTED_EDGE('',*,*,#21411,.F.);
#21411 = EDGE_CURVE('',#21388,#21404,#21412,.T.);
#21412 = LINE('',#21413,#21414);
#21413 = CARTESIAN_POINT('',(10.5,72.,184.6));
#21414 = VECTOR('',#21415,1.);
#21415 = DIRECTION('',(0.,1.,0.));
#21416 = PLANE('',#21417);
#21417 = AXIS2_PLACEMENT_3D('',#21418,#21419,#21420);
#21418 = CARTESIAN_POINT('',(10.5,72.,183.));
#21419 = DIRECTION('',(1.,0.,0.));
#21420 = DIRECTION('',(0.,0.,1.));
#21421 = ADVANCED_FACE('',(#21422),#21438,.F.);
#21422 = FACE_BOUND('',#21423,.F.);
#21423 = EDGE_LOOP('',(#21424,#21430,#21431,#21437));
#21424 = ORIENTED_EDGE('',*,*,#21425,.F.);
#21425 = EDGE_CURVE('',#21346,#21386,#21426,.T.);
#21426 = LINE('',#21427,#21428);
#21427 = CARTESIAN_POINT('',(-10.5,72.,183.));
#21428 = VECTOR('',#21429,1.);
#21429 = DIRECTION('',(1.,0.,0.));
#21430 = ORIENTED_EDGE('',*,*,#21345,.T.);
#21431 = ORIENTED_EDGE('',*,*,#21432,.T.);
#21432 = EDGE_CURVE('',#21348,#21388,#21433,.T.);
#21433 = LINE('',#21434,#21435);
#21434 = CARTESIAN_POINT('',(-10.5,72.,184.6));
#21435 = VECTOR('',#21436,1.);
#21436 = DIRECTION('',(1.,0.,0.));
#21437 = ORIENTED_EDGE('',*,*,#21385,.F.);
#21438 = PLANE('',#21439);
#21439 = AXIS2_PLACEMENT_3D('',#21440,#21441,#21442);
#21440 = CARTESIAN_POINT('',(-10.5,72.,183.));
#21441 = DIRECTION('',(0.,1.,0.));
#21442 = DIRECTION('',(0.,0.,1.));
#21443 = ADVANCED_FACE('',(#21444),#21460,.T.);
#21444 = FACE_BOUND('',#21445,.T.);
#21445 = EDGE_LOOP('',(#21446,#21452,#21453,#21459));
#21446 = ORIENTED_EDGE('',*,*,#21447,.F.);
#21447 = EDGE_CURVE('',#21356,#21396,#21448,.T.);
#21448 = LINE('',#21449,#21450);
#21449 = CARTESIAN_POINT('',(-10.5,88.,183.));
#21450 = VECTOR('',#21451,1.);
#21451 = DIRECTION('',(1.,0.,0.));
#21452 = ORIENTED_EDGE('',*,*,#21363,.T.);
#21453 = ORIENTED_EDGE('',*,*,#21454,.T.);
#21454 = EDGE_CURVE('',#21364,#21404,#21455,.T.);
#21455 = LINE('',#21456,#21457);
#21456 = CARTESIAN_POINT('',(-10.5,88.,184.6));
#21457 = VECTOR('',#21458,1.);
#21458 = DIRECTION('',(1.,0.,0.));
#21459 = ORIENTED_EDGE('',*,*,#21403,.F.);
#21460 = PLANE('',#21461);
#21461 = AXIS2_PLACEMENT_3D('',#21462,#21463,#21464);
#21462 = CARTESIAN_POINT('',(-10.5,88.,183.));
#21463 = DIRECTION('',(0.,1.,0.));
#21464 = DIRECTION('',(0.,0.,1.));
#21465 = ADVANCED_FACE('',(#21466),#21472,.F.);
#21466 = FACE_BOUND('',#21467,.F.);
#21467 = EDGE_LOOP('',(#21468,#21469,#21470,#21471));
#21468 = ORIENTED_EDGE('',*,*,#21355,.F.);
#21469 = ORIENTED_EDGE('',*,*,#21425,.T.);
#21470 = ORIENTED_EDGE('',*,*,#21395,.T.);
#21471 = ORIENTED_EDGE('',*,*,#21447,.F.);
#21472 = PLANE('',#21473);
#21473 = AXIS2_PLACEMENT_3D('',#21474,#21475,#21476);
#21474 = CARTESIAN_POINT('',(-10.5,72.,183.));
#21475 = DIRECTION('',(0.,0.,1.));
#21476 = DIRECTION('',(1.,0.,0.));
#21477 = ADVANCED_FACE('',(#21478),#21484,.T.);
#21478 = FACE_BOUND('',#21479,.T.);
#21479 = EDGE_LOOP('',(#21480,#21481,#21482,#21483));
#21480 = ORIENTED_EDGE('',*,*,#21371,.F.);
#21481 = ORIENTED_EDGE('',*,*,#21432,.T.);
#21482 = ORIENTED_EDGE('',*,*,#21411,.T.);
#21483 = ORIENTED_EDGE('',*,*,#21454,.F.);
#21484 = PLANE('',#21485);
#21485 = AXIS2_PLACEMENT_3D('',#21486,#21487,#21488);
#21486 = CARTESIAN_POINT('',(-10.5,72.,184.6));
#21487 = DIRECTION('',(0.,0.,1.));
#21488 = DIRECTION('',(1.,0.,0.));
#21489 = MANIFOLD_SOLID_BREP('',#21490);
#21490 = CLOSED_SHELL('',(#21491,#21531,#21571,#21593,#21615,#21627));
#21491 = ADVANCED_FACE('',(#21492),#21526,.F.);
#21492 = FACE_BOUND('',#21493,.F.);
#21493 = EDGE_LOOP('',(#21494,#21504,#21512,#21520));
#21494 = ORIENTED_EDGE('',*,*,#21495,.F.);
#21495 = EDGE_CURVE('',#21496,#21498,#21500,.T.);
#21496 = VERTEX_POINT('',#21497);
#21497 = CARTESIAN_POINT('',(-2.25,77.75,184.6));
#21498 = VERTEX_POINT('',#21499);
#21499 = CARTESIAN_POINT('',(-2.25,77.75,186.));
#21500 = LINE('',#21501,#21502);
#21501 = CARTESIAN_POINT('',(-2.25,77.75,184.6));
#21502 = VECTOR('',#21503,1.);
#21503 = DIRECTION('',(0.,0.,1.));
#21504 = ORIENTED_EDGE('',*,*,#21505,.T.);
#21505 = EDGE_CURVE('',#21496,#21506,#21508,.T.);
#21506 = VERTEX_POINT('',#21507);
#21507 = CARTESIAN_POINT('',(-2.25,82.25,184.6));
#21508 = LINE('',#21509,#21510);
#21509 = CARTESIAN_POINT('',(-2.25,77.75,184.6));
#21510 = VECTOR('',#21511,1.);
#21511 = DIRECTION('',(0.,1.,0.));
#21512 = ORIENTED_EDGE('',*,*,#21513,.T.);
#21513 = EDGE_CURVE('',#21506,#21514,#21516,.T.);
#21514 = VERTEX_POINT('',#21515);
#21515 = CARTESIAN_POINT('',(-2.25,82.25,186.));
#21516 = LINE('',#21517,#21518);
#21517 = CARTESIAN_POINT('',(-2.25,82.25,184.6));
#21518 = VECTOR('',#21519,1.);
#21519 = DIRECTION('',(0.,0.,1.));
#21520 = ORIENTED_EDGE('',*,*,#21521,.F.);
#21521 = EDGE_CURVE('',#21498,#21514,#21522,.T.);
#21522 = LINE('',#21523,#21524);
#21523 = CARTESIAN_POINT('',(-2.25,77.75,186.));
#21524 = VECTOR('',#21525,1.);
#21525 = DIRECTION('',(0.,1.,0.));
#21526 = PLANE('',#21527);
#21527 = AXIS2_PLACEMENT_3D('',#21528,#21529,#21530);
#21528 = CARTESIAN_POINT('',(-2.25,77.75,184.6));
#21529 = DIRECTION('',(1.,0.,0.));
#21530 = DIRECTION('',(0.,0.,1.));
#21531 = ADVANCED_FACE('',(#21532),#21566,.T.);
#21532 = FACE_BOUND('',#21533,.T.);
#21533 = EDGE_LOOP('',(#21534,#21544,#21552,#21560));
#21534 = ORIENTED_EDGE('',*,*,#21535,.F.);
#21535 = EDGE_CURVE('',#21536,#21538,#21540,.T.);
#21536 = VERTEX_POINT('',#21537);
#21537 = CARTESIAN_POINT('',(2.25,77.75,184.6));
#21538 = VERTEX_POINT('',#21539);
#21539 = CARTESIAN_POINT('',(2.25,77.75,186.));
#21540 = LINE('',#21541,#21542);
#21541 = CARTESIAN_POINT('',(2.25,77.75,184.6));
#21542 = VECTOR('',#21543,1.);
#21543 = DIRECTION('',(0.,0.,1.));
#21544 = ORIENTED_EDGE('',*,*,#21545,.T.);
#21545 = EDGE_CURVE('',#21536,#21546,#21548,.T.);
#21546 = VERTEX_POINT('',#21547);
#21547 = CARTESIAN_POINT('',(2.25,82.25,184.6));
#21548 = LINE('',#21549,#21550);
#21549 = CARTESIAN_POINT('',(2.25,77.75,184.6));
#21550 = VECTOR('',#21551,1.);
#21551 = DIRECTION('',(0.,1.,0.));
#21552 = ORIENTED_EDGE('',*,*,#21553,.T.);
#21553 = EDGE_CURVE('',#21546,#21554,#21556,.T.);
#21554 = VERTEX_POINT('',#21555);
#21555 = CARTESIAN_POINT('',(2.25,82.25,186.));
#21556 = LINE('',#21557,#21558);
#21557 = CARTESIAN_POINT('',(2.25,82.25,184.6));
#21558 = VECTOR('',#21559,1.);
#21559 = DIRECTION('',(0.,0.,1.));
#21560 = ORIENTED_EDGE('',*,*,#21561,.F.);
#21561 = EDGE_CURVE('',#21538,#21554,#21562,.T.);
#21562 = LINE('',#21563,#21564);
#21563 = CARTESIAN_POINT('',(2.25,77.75,186.));
#21564 = VECTOR('',#21565,1.);
#21565 = DIRECTION('',(0.,1.,0.));
#21566 = PLANE('',#21567);
#21567 = AXIS2_PLACEMENT_3D('',#21568,#21569,#21570);
#21568 = CARTESIAN_POINT('',(2.25,77.75,184.6));
#21569 = DIRECTION('',(1.,0.,0.));
#21570 = DIRECTION('',(0.,0.,1.));
#21571 = ADVANCED_FACE('',(#21572),#21588,.F.);
#21572 = FACE_BOUND('',#21573,.F.);
#21573 = EDGE_LOOP('',(#21574,#21580,#21581,#21587));
#21574 = ORIENTED_EDGE('',*,*,#21575,.F.);
#21575 = EDGE_CURVE('',#21496,#21536,#21576,.T.);
#21576 = LINE('',#21577,#21578);
#21577 = CARTESIAN_POINT('',(-2.25,77.75,184.6));
#21578 = VECTOR('',#21579,1.);
#21579 = DIRECTION('',(1.,0.,0.));
#21580 = ORIENTED_EDGE('',*,*,#21495,.T.);
#21581 = ORIENTED_EDGE('',*,*,#21582,.T.);
#21582 = EDGE_CURVE('',#21498,#21538,#21583,.T.);
#21583 = LINE('',#21584,#21585);
#21584 = CARTESIAN_POINT('',(-2.25,77.75,186.));
#21585 = VECTOR('',#21586,1.);
#21586 = DIRECTION('',(1.,0.,0.));
#21587 = ORIENTED_EDGE('',*,*,#21535,.F.);
#21588 = PLANE('',#21589);
#21589 = AXIS2_PLACEMENT_3D('',#21590,#21591,#21592);
#21590 = CARTESIAN_POINT('',(-2.25,77.75,184.6));
#21591 = DIRECTION('',(0.,1.,0.));
#21592 = DIRECTION('',(0.,0.,1.));
#21593 = ADVANCED_FACE('',(#21594),#21610,.T.);
#21594 = FACE_BOUND('',#21595,.T.);
#21595 = EDGE_LOOP('',(#21596,#21602,#21603,#21609));
#21596 = ORIENTED_EDGE('',*,*,#21597,.F.);
#21597 = EDGE_CURVE('',#21506,#21546,#21598,.T.);
#21598 = LINE('',#21599,#21600);
#21599 = CARTESIAN_POINT('',(-2.25,82.25,184.6));
#21600 = VECTOR('',#21601,1.);
#21601 = DIRECTION('',(1.,0.,0.));
#21602 = ORIENTED_EDGE('',*,*,#21513,.T.);
#21603 = ORIENTED_EDGE('',*,*,#21604,.T.);
#21604 = EDGE_CURVE('',#21514,#21554,#21605,.T.);
#21605 = LINE('',#21606,#21607);
#21606 = CARTESIAN_POINT('',(-2.25,82.25,186.));
#21607 = VECTOR('',#21608,1.);
#21608 = DIRECTION('',(1.,0.,0.));
#21609 = ORIENTED_EDGE('',*,*,#21553,.F.);
#21610 = PLANE('',#21611);
#21611 = AXIS2_PLACEMENT_3D('',#21612,#21613,#21614);
#21612 = CARTESIAN_POINT('',(-2.25,82.25,184.6));
#21613 = DIRECTION('',(0.,1.,0.));
#21614 = DIRECTION('',(0.,0.,1.));
#21615 = ADVANCED_FACE('',(#21616),#21622,.F.);
#21616 = FACE_BOUND('',#21617,.F.);
#21617 = EDGE_LOOP('',(#21618,#21619,#21620,#21621));
#21618 = ORIENTED_EDGE('',*,*,#21505,.F.);
#21619 = ORIENTED_EDGE('',*,*,#21575,.T.);
#21620 = ORIENTED_EDGE('',*,*,#21545,.T.);
#21621 = ORIENTED_EDGE('',*,*,#21597,.F.);
#21622 = PLANE('',#21623);
#21623 = AXIS2_PLACEMENT_3D('',#21624,#21625,#21626);
#21624 = CARTESIAN_POINT('',(-2.25,77.75,184.6));
#21625 = DIRECTION('',(0.,0.,1.));
#21626 = DIRECTION('',(1.,0.,0.));
#21627 = ADVANCED_FACE('',(#21628),#21634,.T.);
#21628 = FACE_BOUND('',#21629,.T.);
#21629 = EDGE_LOOP('',(#21630,#21631,#21632,#21633));
#21630 = ORIENTED_EDGE('',*,*,#21521,.F.);
#21631 = ORIENTED_EDGE('',*,*,#21582,.T.);
#21632 = ORIENTED_EDGE('',*,*,#21561,.T.);
#21633 = ORIENTED_EDGE('',*,*,#21604,.F.);
#21634 = PLANE('',#21635);
#21635 = AXIS2_PLACEMENT_3D('',#21636,#21637,#21638);
#21636 = CARTESIAN_POINT('',(-2.25,77.75,186.));
#21637 = DIRECTION('',(0.,0.,1.));
#21638 = DIRECTION('',(1.,0.,0.));
#21639 = MANIFOLD_SOLID_BREP('',#21640);
#21640 = CLOSED_SHELL('',(#21641,#21681,#21721,#21743,#21765,#21777));
#21641 = ADVANCED_FACE('',(#21642),#21676,.F.);
#21642 = FACE_BOUND('',#21643,.F.);
#21643 = EDGE_LOOP('',(#21644,#21654,#21662,#21670));
#21644 = ORIENTED_EDGE('',*,*,#21645,.F.);
#21645 = EDGE_CURVE('',#21646,#21648,#21650,.T.);
#21646 = VERTEX_POINT('',#21647);
#21647 = CARTESIAN_POINT('',(-10.,73.,184.6));
#21648 = VERTEX_POINT('',#21649);
#21649 = CARTESIAN_POINT('',(-10.,73.,189.6));
#21650 = LINE('',#21651,#21652);
#21651 = CARTESIAN_POINT('',(-10.,73.,184.6));
#21652 = VECTOR('',#21653,1.);
#21653 = DIRECTION('',(0.,0.,1.));
#21654 = ORIENTED_EDGE('',*,*,#21655,.T.);
#21655 = EDGE_CURVE('',#21646,#21656,#21658,.T.);
#21656 = VERTEX_POINT('',#21657);
#21657 = CARTESIAN_POINT('',(-10.,75.5,184.6));
#21658 = LINE('',#21659,#21660);
#21659 = CARTESIAN_POINT('',(-10.,73.,184.6));
#21660 = VECTOR('',#21661,1.);
#21661 = DIRECTION('',(0.,1.,0.));
#21662 = ORIENTED_EDGE('',*,*,#21663,.T.);
#21663 = EDGE_CURVE('',#21656,#21664,#21666,.T.);
#21664 = VERTEX_POINT('',#21665);
#21665 = CARTESIAN_POINT('',(-10.,75.5,189.6));
#21666 = LINE('',#21667,#21668);
#21667 = CARTESIAN_POINT('',(-10.,75.5,184.6));
#21668 = VECTOR('',#21669,1.);
#21669 = DIRECTION('',(0.,0.,1.));
#21670 = ORIENTED_EDGE('',*,*,#21671,.F.);
#21671 = EDGE_CURVE('',#21648,#21664,#21672,.T.);
#21672 = LINE('',#21673,#21674);
#21673 = CARTESIAN_POINT('',(-10.,73.,189.6));
#21674 = VECTOR('',#21675,1.);
#21675 = DIRECTION('',(0.,1.,0.));
#21676 = PLANE('',#21677);
#21677 = AXIS2_PLACEMENT_3D('',#21678,#21679,#21680);
#21678 = CARTESIAN_POINT('',(-10.,73.,184.6));
#21679 = DIRECTION('',(1.,0.,0.));
#21680 = DIRECTION('',(0.,0.,1.));
#21681 = ADVANCED_FACE('',(#21682),#21716,.T.);
#21682 = FACE_BOUND('',#21683,.T.);
#21683 = EDGE_LOOP('',(#21684,#21694,#21702,#21710));
#21684 = ORIENTED_EDGE('',*,*,#21685,.F.);
#21685 = EDGE_CURVE('',#21686,#21688,#21690,.T.);
#21686 = VERTEX_POINT('',#21687);
#21687 = CARTESIAN_POINT('',(10.,73.,184.6));
#21688 = VERTEX_POINT('',#21689);
#21689 = CARTESIAN_POINT('',(10.,73.,189.6));
#21690 = LINE('',#21691,#21692);
#21691 = CARTESIAN_POINT('',(10.,73.,184.6));
#21692 = VECTOR('',#21693,1.);
#21693 = DIRECTION('',(0.,0.,1.));
#21694 = ORIENTED_EDGE('',*,*,#21695,.T.);
#21695 = EDGE_CURVE('',#21686,#21696,#21698,.T.);
#21696 = VERTEX_POINT('',#21697);
#21697 = CARTESIAN_POINT('',(10.,75.5,184.6));
#21698 = LINE('',#21699,#21700);
#21699 = CARTESIAN_POINT('',(10.,73.,184.6));
#21700 = VECTOR('',#21701,1.);
#21701 = DIRECTION('',(0.,1.,0.));
#21702 = ORIENTED_EDGE('',*,*,#21703,.T.);
#21703 = EDGE_CURVE('',#21696,#21704,#21706,.T.);
#21704 = VERTEX_POINT('',#21705);
#21705 = CARTESIAN_POINT('',(10.,75.5,189.6));
#21706 = LINE('',#21707,#21708);
#21707 = CARTESIAN_POINT('',(10.,75.5,184.6));
#21708 = VECTOR('',#21709,1.);
#21709 = DIRECTION('',(0.,0.,1.));
#21710 = ORIENTED_EDGE('',*,*,#21711,.F.);
#21711 = EDGE_CURVE('',#21688,#21704,#21712,.T.);
#21712 = LINE('',#21713,#21714);
#21713 = CARTESIAN_POINT('',(10.,73.,189.6));
#21714 = VECTOR('',#21715,1.);
#21715 = DIRECTION('',(0.,1.,0.));
#21716 = PLANE('',#21717);
#21717 = AXIS2_PLACEMENT_3D('',#21718,#21719,#21720);
#21718 = CARTESIAN_POINT('',(10.,73.,184.6));
#21719 = DIRECTION('',(1.,0.,0.));
#21720 = DIRECTION('',(0.,0.,1.));
#21721 = ADVANCED_FACE('',(#21722),#21738,.F.);
#21722 = FACE_BOUND('',#21723,.F.);
#21723 = EDGE_LOOP('',(#21724,#21730,#21731,#21737));
#21724 = ORIENTED_EDGE('',*,*,#21725,.F.);
#21725 = EDGE_CURVE('',#21646,#21686,#21726,.T.);
#21726 = LINE('',#21727,#21728);
#21727 = CARTESIAN_POINT('',(-10.,73.,184.6));
#21728 = VECTOR('',#21729,1.);
#21729 = DIRECTION('',(1.,0.,0.));
#21730 = ORIENTED_EDGE('',*,*,#21645,.T.);
#21731 = ORIENTED_EDGE('',*,*,#21732,.T.);
#21732 = EDGE_CURVE('',#21648,#21688,#21733,.T.);
#21733 = LINE('',#21734,#21735);
#21734 = CARTESIAN_POINT('',(-10.,73.,189.6));
#21735 = VECTOR('',#21736,1.);
#21736 = DIRECTION('',(1.,0.,0.));
#21737 = ORIENTED_EDGE('',*,*,#21685,.F.);
#21738 = PLANE('',#21739);
#21739 = AXIS2_PLACEMENT_3D('',#21740,#21741,#21742);
#21740 = CARTESIAN_POINT('',(-10.,73.,184.6));
#21741 = DIRECTION('',(0.,1.,0.));
#21742 = DIRECTION('',(0.,0.,1.));
#21743 = ADVANCED_FACE('',(#21744),#21760,.T.);
#21744 = FACE_BOUND('',#21745,.T.);
#21745 = EDGE_LOOP('',(#21746,#21752,#21753,#21759));
#21746 = ORIENTED_EDGE('',*,*,#21747,.F.);
#21747 = EDGE_CURVE('',#21656,#21696,#21748,.T.);
#21748 = LINE('',#21749,#21750);
#21749 = CARTESIAN_POINT('',(-10.,75.5,184.6));
#21750 = VECTOR('',#21751,1.);
#21751 = DIRECTION('',(1.,0.,0.));
#21752 = ORIENTED_EDGE('',*,*,#21663,.T.);
#21753 = ORIENTED_EDGE('',*,*,#21754,.T.);
#21754 = EDGE_CURVE('',#21664,#21704,#21755,.T.);
#21755 = LINE('',#21756,#21757);
#21756 = CARTESIAN_POINT('',(-10.,75.5,189.6));
#21757 = VECTOR('',#21758,1.);
#21758 = DIRECTION('',(1.,0.,0.));
#21759 = ORIENTED_EDGE('',*,*,#21703,.F.);
#21760 = PLANE('',#21761);
#21761 = AXIS2_PLACEMENT_3D('',#21762,#21763,#21764);
#21762 = CARTESIAN_POINT('',(-10.,75.5,184.6));
#21763 = DIRECTION('',(0.,1.,0.));
#21764 = DIRECTION('',(0.,0.,1.));
#21765 = ADVANCED_FACE('',(#21766),#21772,.F.);
#21766 = FACE_BOUND('',#21767,.F.);
#21767 = EDGE_LOOP('',(#21768,#21769,#21770,#21771));
#21768 = ORIENTED_EDGE('',*,*,#21655,.F.);
#21769 = ORIENTED_EDGE('',*,*,#21725,.T.);
#21770 = ORIENTED_EDGE('',*,*,#21695,.T.);
#21771 = ORIENTED_EDGE('',*,*,#21747,.F.);
#21772 = PLANE('',#21773);
#21773 = AXIS2_PLACEMENT_3D('',#21774,#21775,#21776);
#21774 = CARTESIAN_POINT('',(-10.,73.,184.6));
#21775 = DIRECTION('',(0.,0.,1.));
#21776 = DIRECTION('',(1.,0.,0.));
#21777 = ADVANCED_FACE('',(#21778),#21784,.T.);
#21778 = FACE_BOUND('',#21779,.T.);
#21779 = EDGE_LOOP('',(#21780,#21781,#21782,#21783));
#21780 = ORIENTED_EDGE('',*,*,#21671,.F.);
#21781 = ORIENTED_EDGE('',*,*,#21732,.T.);
#21782 = ORIENTED_EDGE('',*,*,#21711,.T.);
#21783 = ORIENTED_EDGE('',*,*,#21754,.F.);
#21784 = PLANE('',#21785);
#21785 = AXIS2_PLACEMENT_3D('',#21786,#21787,#21788);
#21786 = CARTESIAN_POINT('',(-10.,73.,189.6));
#21787 = DIRECTION('',(0.,0.,1.));
#21788 = DIRECTION('',(1.,0.,0.));
#21789 = ( GEOMETRIC_REPRESENTATION_CONTEXT(3) 
GLOBAL_UNCERTAINTY_ASSIGNED_CONTEXT((#21793)) 
GLOBAL_UNIT_ASSIGNED_CONTEXT((#21790,#21791,#21792)) 
REPRESENTATION_CONTEXT('Context #1',
  '3D Context with UNIT and UNCERTAINTY') );
#21790 = ( LENGTH_UNIT() NAMED_UNIT(*) SI_UNIT(.MILLI.,.METRE.) );
#21791 = ( NAMED_UNIT(*) PLANE_ANGLE_UNIT() SI_UNIT($,.RADIAN.) );
#21792 = ( NAMED_UNIT(*) SI_UNIT($,.STERADIAN.) SOLID_ANGLE_UNIT() );
#21793 = UNCERTAINTY_MEASURE_WITH_UNIT(LENGTH_MEASURE(1.E-07),#21790,
  'distance_accuracy_value','confusion accuracy');
#21794 = PRODUCT_RELATED_PRODUCT_CATEGORY('part',$,(#7));
ENDSEC;
END-ISO-10303-21;
