ISO-10303-21;
HEADER;
FILE_DESCRIPTION(('FreeCAD Model'),'2;1');
FILE_NAME('Open CASCADE Shape Model','2026-10-02T00:30:14',('FreeCAD'),(
    'FreeCAD'),'Open CASCADE STEP processor 7.8','FreeCAD','Unknown');
FILE_SCHEMA(('AUTOMOTIVE_DESIGN { 1 0 10303 214 1 1 1 1 }'));
ENDSEC;
DATA;
#1 = APPLICATION_PROTOCOL_DEFINITION('international standard',
  'automotive_design',2000,#2);
#2 = APPLICATION_CONTEXT(
  'core data for automotive mechanical design processes');
#3 = SHAPE_DEFINITION_REPRESENTATION(#4,#10);
#4 = PRODUCT_DEFINITION_SHAPE('','',#5);
#5 = PRODUCT_DEFINITION('design','',#6,#9);
#6 = PRODUCT_DEFINITION_FORMATION('','',#7);
#7 = PRODUCT('Open CASCADE STEP translator 7.8 3',
  'Open CASCADE STEP translator 7.8 3','',(#8));
#8 = PRODUCT_CONTEXT('',#2,'mechanical');
#9 = PRODUCT_DEFINITION_CONTEXT('part definition',#2,'design');
#10 = SHAPE_REPRESENTATION('',(#11,#15,#107,#160,#213,#305,#487,#540,
    #593,#646,#699,#752,#805,#897,#950,#1003,#1056,#1109,#1162,#1215),
  #2461);
#11 = AXIS2_PLACEMENT_3D('',#12,#13,#14);
#12 = CARTESIAN_POINT('',(0.,0.,0.));
#13 = DIRECTION('',(0.,0.,1.));
#14 = DIRECTION('',(1.,0.,-0.));
#15 = MANIFOLD_SOLID_BREP('',#16);
#16 = CLOSED_SHELL('',(#17,#50,#70,#90));
#17 = ADVANCED_FACE('',(#18),#45,.T.);
#18 = FACE_BOUND('',#19,.T.);
#19 = EDGE_LOOP('',(#20,#29,#37,#44));
#20 = ORIENTED_EDGE('',*,*,#21,.F.);
#21 = EDGE_CURVE('',#22,#22,#24,.T.);
#22 = VERTEX_POINT('',#23);
#23 = CARTESIAN_POINT('',(-262.5,7.347880794884E-15,335.));
#24 = CIRCLE('',#25,30.);
#25 = AXIS2_PLACEMENT_3D('',#26,#27,#28);
#26 = CARTESIAN_POINT('',(-262.5,0.,305.));
#27 = DIRECTION('',(1.,0.,-0.));
#28 = DIRECTION('',(0.,0.,1.));
#29 = ORIENTED_EDGE('',*,*,#30,.F.);
#30 = EDGE_CURVE('',#31,#22,#33,.T.);
#31 = VERTEX_POINT('',#32);
#32 = CARTESIAN_POINT('',(-317.5,7.347880794884E-15,335.));
#33 = LINE('',#34,#35);
#34 = CARTESIAN_POINT('',(-317.5,7.347880794884E-15,335.));
#35 = VECTOR('',#36,1.);
#36 = DIRECTION('',(1.,0.,0.));
#37 = ORIENTED_EDGE('',*,*,#38,.T.);
#38 = EDGE_CURVE('',#31,#31,#39,.T.);
#39 = CIRCLE('',#40,30.);
#40 = AXIS2_PLACEMENT_3D('',#41,#42,#43);
#41 = CARTESIAN_POINT('',(-317.5,0.,305.));
#42 = DIRECTION('',(1.,0.,-0.));
#43 = DIRECTION('',(0.,0.,1.));
#44 = ORIENTED_EDGE('',*,*,#30,.T.);
#45 = CYLINDRICAL_SURFACE('',#46,30.);
#46 = AXIS2_PLACEMENT_3D('',#47,#48,#49);
#47 = CARTESIAN_POINT('',(-317.5,0.,305.));
#48 = DIRECTION('',(1.,0.,0.));
#49 = DIRECTION('',(0.,0.,1.));
#50 = ADVANCED_FACE('',(#51,#54),#65,.T.);
#51 = FACE_BOUND('',#52,.T.);
#52 = EDGE_LOOP('',(#53));
#53 = ORIENTED_EDGE('',*,*,#21,.T.);
#54 = FACE_BOUND('',#55,.T.);
#55 = EDGE_LOOP('',(#56));
#56 = ORIENTED_EDGE('',*,*,#57,.F.);
#57 = EDGE_CURVE('',#58,#58,#60,.T.);
#58 = VERTEX_POINT('',#59);
#59 = CARTESIAN_POINT('',(-262.5,1.555301434917E-15,311.35));
#60 = CIRCLE('',#61,6.35);
#61 = AXIS2_PLACEMENT_3D('',#62,#63,#64);
#62 = CARTESIAN_POINT('',(-262.5,0.,305.));
#63 = DIRECTION('',(1.,0.,-0.));
#64 = DIRECTION('',(0.,0.,1.));
#65 = PLANE('',#66);
#66 = AXIS2_PLACEMENT_3D('',#67,#68,#69);
#67 = CARTESIAN_POINT('',(-262.5,0.,305.));
#68 = DIRECTION('',(1.,0.,0.));
#69 = DIRECTION('',(0.,0.,1.));
#70 = ADVANCED_FACE('',(#71,#74),#85,.F.);
#71 = FACE_BOUND('',#72,.F.);
#72 = EDGE_LOOP('',(#73));
#73 = ORIENTED_EDGE('',*,*,#38,.T.);
#74 = FACE_BOUND('',#75,.F.);
#75 = EDGE_LOOP('',(#76));
#76 = ORIENTED_EDGE('',*,*,#77,.F.);
#77 = EDGE_CURVE('',#78,#78,#80,.T.);
#78 = VERTEX_POINT('',#79);
#79 = CARTESIAN_POINT('',(-317.5,1.555301434917E-15,311.35));
#80 = CIRCLE('',#81,6.35);
#81 = AXIS2_PLACEMENT_3D('',#82,#83,#84);
#82 = CARTESIAN_POINT('',(-317.5,0.,305.));
#83 = DIRECTION('',(1.,0.,-0.));
#84 = DIRECTION('',(0.,0.,1.));
#85 = PLANE('',#86);
#86 = AXIS2_PLACEMENT_3D('',#87,#88,#89);
#87 = CARTESIAN_POINT('',(-317.5,0.,305.));
#88 = DIRECTION('',(1.,0.,0.));
#89 = DIRECTION('',(0.,0.,1.));
#90 = ADVANCED_FACE('',(#91),#102,.F.);
#91 = FACE_BOUND('',#92,.F.);
#92 = EDGE_LOOP('',(#93,#94,#100,#101));
#93 = ORIENTED_EDGE('',*,*,#57,.F.);
#94 = ORIENTED_EDGE('',*,*,#95,.F.);
#95 = EDGE_CURVE('',#78,#58,#96,.T.);
#96 = LINE('',#97,#98);
#97 = CARTESIAN_POINT('',(-322.5,1.555301434917E-15,311.35));
#98 = VECTOR('',#99,1.);
#99 = DIRECTION('',(1.,0.,0.));
#100 = ORIENTED_EDGE('',*,*,#77,.T.);
#101 = ORIENTED_EDGE('',*,*,#95,.T.);
#102 = CYLINDRICAL_SURFACE('',#103,6.35);
#103 = AXIS2_PLACEMENT_3D('',#104,#105,#106);
#104 = CARTESIAN_POINT('',(-322.5,0.,305.));
#105 = DIRECTION('',(1.,0.,0.));
#106 = DIRECTION('',(0.,0.,1.));
#107 = MANIFOLD_SOLID_BREP('',#108);
#108 = CLOSED_SHELL('',(#109,#142,#151));
#109 = ADVANCED_FACE('',(#110),#137,.T.);
#110 = FACE_BOUND('',#111,.T.);
#111 = EDGE_LOOP('',(#112,#121,#129,#136));
#112 = ORIENTED_EDGE('',*,*,#113,.F.);
#113 = EDGE_CURVE('',#114,#114,#116,.T.);
#114 = VERTEX_POINT('',#115);
#115 = CARTESIAN_POINT('',(-312.5,8.327598234202E-15,339.));
#116 = CIRCLE('',#117,34.);
#117 = AXIS2_PLACEMENT_3D('',#118,#119,#120);
#118 = CARTESIAN_POINT('',(-312.5,0.,305.));
#119 = DIRECTION('',(1.,0.,-0.));
#120 = DIRECTION('',(0.,0.,1.));
#121 = ORIENTED_EDGE('',*,*,#122,.F.);
#122 = EDGE_CURVE('',#123,#114,#125,.T.);
#123 = VERTEX_POINT('',#124);
#124 = CARTESIAN_POINT('',(-317.5,8.327598234202E-15,339.));
#125 = LINE('',#126,#127);
#126 = CARTESIAN_POINT('',(-317.5,8.327598234202E-15,339.));
#127 = VECTOR('',#128,1.);
#128 = DIRECTION('',(1.,0.,0.));
#129 = ORIENTED_EDGE('',*,*,#130,.T.);
#130 = EDGE_CURVE('',#123,#123,#131,.T.);
#131 = CIRCLE('',#132,34.);
#132 = AXIS2_PLACEMENT_3D('',#133,#134,#135);
#133 = CARTESIAN_POINT('',(-317.5,0.,305.));
#134 = DIRECTION('',(1.,0.,-0.));
#135 = DIRECTION('',(0.,0.,1.));
#136 = ORIENTED_EDGE('',*,*,#122,.T.);
#137 = CYLINDRICAL_SURFACE('',#138,34.);
#138 = AXIS2_PLACEMENT_3D('',#139,#140,#141);
#139 = CARTESIAN_POINT('',(-317.5,0.,305.));
#140 = DIRECTION('',(1.,0.,0.));
#141 = DIRECTION('',(0.,0.,1.));
#142 = ADVANCED_FACE('',(#143),#146,.T.);
#143 = FACE_BOUND('',#144,.T.);
#144 = EDGE_LOOP('',(#145));
#145 = ORIENTED_EDGE('',*,*,#113,.T.);
#146 = PLANE('',#147);
#147 = AXIS2_PLACEMENT_3D('',#148,#149,#150);
#148 = CARTESIAN_POINT('',(-312.5,0.,305.));
#149 = DIRECTION('',(1.,0.,0.));
#150 = DIRECTION('',(0.,0.,1.));
#151 = ADVANCED_FACE('',(#152),#155,.F.);
#152 = FACE_BOUND('',#153,.T.);
#153 = EDGE_LOOP('',(#154));
#154 = ORIENTED_EDGE('',*,*,#130,.F.);
#155 = PLANE('',#156);
#156 = AXIS2_PLACEMENT_3D('',#157,#158,#159);
#157 = CARTESIAN_POINT('',(-317.5,0.,305.));
#158 = DIRECTION('',(1.,0.,0.));
#159 = DIRECTION('',(0.,0.,1.));
#160 = MANIFOLD_SOLID_BREP('',#161);
#161 = CLOSED_SHELL('',(#162,#195,#204));
#162 = ADVANCED_FACE('',(#163),#190,.T.);
#163 = FACE_BOUND('',#164,.T.);
#164 = EDGE_LOOP('',(#165,#174,#182,#189));
#165 = ORIENTED_EDGE('',*,*,#166,.F.);
#166 = EDGE_CURVE('',#167,#167,#169,.T.);
#167 = VERTEX_POINT('',#168);
#168 = CARTESIAN_POINT('',(-262.5,8.327598234202E-15,339.));
#169 = CIRCLE('',#170,34.);
#170 = AXIS2_PLACEMENT_3D('',#171,#172,#173);
#171 = CARTESIAN_POINT('',(-262.5,0.,305.));
#172 = DIRECTION('',(1.,0.,-0.));
#173 = DIRECTION('',(0.,0.,1.));
#174 = ORIENTED_EDGE('',*,*,#175,.F.);
#175 = EDGE_CURVE('',#176,#167,#178,.T.);
#176 = VERTEX_POINT('',#177);
#177 = CARTESIAN_POINT('',(-267.5,8.327598234202E-15,339.));
#178 = LINE('',#179,#180);
#179 = CARTESIAN_POINT('',(-267.5,8.327598234202E-15,339.));
#180 = VECTOR('',#181,1.);
#181 = DIRECTION('',(1.,0.,0.));
#182 = ORIENTED_EDGE('',*,*,#183,.T.);
#183 = EDGE_CURVE('',#176,#176,#184,.T.);
#184 = CIRCLE('',#185,34.);
#185 = AXIS2_PLACEMENT_3D('',#186,#187,#188);
#186 = CARTESIAN_POINT('',(-267.5,0.,305.));
#187 = DIRECTION('',(1.,0.,-0.));
#188 = DIRECTION('',(0.,0.,1.));
#189 = ORIENTED_EDGE('',*,*,#175,.T.);
#190 = CYLINDRICAL_SURFACE('',#191,34.);
#191 = AXIS2_PLACEMENT_3D('',#192,#193,#194);
#192 = CARTESIAN_POINT('',(-267.5,0.,305.));
#193 = DIRECTION('',(1.,0.,0.));
#194 = DIRECTION('',(0.,0.,1.));
#195 = ADVANCED_FACE('',(#196),#199,.T.);
#196 = FACE_BOUND('',#197,.T.);
#197 = EDGE_LOOP('',(#198));
#198 = ORIENTED_EDGE('',*,*,#166,.T.);
#199 = PLANE('',#200);
#200 = AXIS2_PLACEMENT_3D('',#201,#202,#203);
#201 = CARTESIAN_POINT('',(-262.5,0.,305.));
#202 = DIRECTION('',(1.,0.,0.));
#203 = DIRECTION('',(0.,0.,1.));
#204 = ADVANCED_FACE('',(#205),#208,.F.);
#205 = FACE_BOUND('',#206,.T.);
#206 = EDGE_LOOP('',(#207));
#207 = ORIENTED_EDGE('',*,*,#183,.F.);
#208 = PLANE('',#209);
#209 = AXIS2_PLACEMENT_3D('',#210,#211,#212);
#210 = CARTESIAN_POINT('',(-267.5,0.,305.));
#211 = DIRECTION('',(1.,0.,0.));
#212 = DIRECTION('',(0.,0.,1.));
#213 = MANIFOLD_SOLID_BREP('',#214);
#214 = CLOSED_SHELL('',(#215,#248,#268,#288));
#215 = ADVANCED_FACE('',(#216),#243,.T.);
#216 = FACE_BOUND('',#217,.T.);
#217 = EDGE_LOOP('',(#218,#227,#235,#242));
#218 = ORIENTED_EDGE('',*,*,#219,.F.);
#219 = EDGE_CURVE('',#220,#220,#222,.T.);
#220 = VERTEX_POINT('',#221);
#221 = CARTESIAN_POINT('',(-278.,6.613092715396E-14,575.));
#222 = CIRCLE('',#223,270.);
#223 = AXIS2_PLACEMENT_3D('',#224,#225,#226);
#224 = CARTESIAN_POINT('',(-278.,0.,305.));
#225 = DIRECTION('',(1.,0.,-0.));
#226 = DIRECTION('',(0.,0.,1.));
#227 = ORIENTED_EDGE('',*,*,#228,.F.);
#228 = EDGE_CURVE('',#229,#220,#231,.T.);
#229 = VERTEX_POINT('',#230);
#230 = CARTESIAN_POINT('',(-302.,6.613092715396E-14,575.));
#231 = LINE('',#232,#233);
#232 = CARTESIAN_POINT('',(-302.,6.613092715396E-14,575.));
#233 = VECTOR('',#234,1.);
#234 = DIRECTION('',(1.,0.,0.));
#235 = ORIENTED_EDGE('',*,*,#236,.T.);
#236 = EDGE_CURVE('',#229,#229,#237,.T.);
#237 = CIRCLE('',#238,270.);
#238 = AXIS2_PLACEMENT_3D('',#239,#240,#241);
#239 = CARTESIAN_POINT('',(-302.,0.,305.));
#240 = DIRECTION('',(1.,0.,-0.));
#241 = DIRECTION('',(0.,0.,1.));
#242 = ORIENTED_EDGE('',*,*,#228,.T.);
#243 = CYLINDRICAL_SURFACE('',#244,270.);
#244 = AXIS2_PLACEMENT_3D('',#245,#246,#247);
#245 = CARTESIAN_POINT('',(-302.,0.,305.));
#246 = DIRECTION('',(1.,0.,0.));
#247 = DIRECTION('',(0.,0.,1.));
#248 = ADVANCED_FACE('',(#249,#252),#263,.T.);
#249 = FACE_BOUND('',#250,.T.);
#250 = EDGE_LOOP('',(#251));
#251 = ORIENTED_EDGE('',*,*,#219,.T.);
#252 = FACE_BOUND('',#253,.T.);
#253 = EDGE_LOOP('',(#254));
#254 = ORIENTED_EDGE('',*,*,#255,.F.);
#255 = EDGE_CURVE('',#256,#256,#258,.T.);
#256 = VERTEX_POINT('',#257);
#257 = CARTESIAN_POINT('',(-278.,6.172219867703E-14,557.));
#258 = CIRCLE('',#259,252.);
#259 = AXIS2_PLACEMENT_3D('',#260,#261,#262);
#260 = CARTESIAN_POINT('',(-278.,0.,305.));
#261 = DIRECTION('',(1.,0.,-0.));
#262 = DIRECTION('',(0.,0.,1.));
#263 = PLANE('',#264);
#264 = AXIS2_PLACEMENT_3D('',#265,#266,#267);
#265 = CARTESIAN_POINT('',(-278.,0.,305.));
#266 = DIRECTION('',(1.,0.,0.));
#267 = DIRECTION('',(0.,0.,1.));
#268 = ADVANCED_FACE('',(#269,#272),#283,.F.);
#269 = FACE_BOUND('',#270,.F.);
#270 = EDGE_LOOP('',(#271));
#271 = ORIENTED_EDGE('',*,*,#236,.T.);
#272 = FACE_BOUND('',#273,.F.);
#273 = EDGE_LOOP('',(#274));
#274 = ORIENTED_EDGE('',*,*,#275,.F.);
#275 = EDGE_CURVE('',#276,#276,#278,.T.);
#276 = VERTEX_POINT('',#277);
#277 = CARTESIAN_POINT('',(-302.,6.172219867703E-14,557.));
#278 = CIRCLE('',#279,252.);
#279 = AXIS2_PLACEMENT_3D('',#280,#281,#282);
#280 = CARTESIAN_POINT('',(-302.,0.,305.));
#281 = DIRECTION('',(1.,0.,-0.));
#282 = DIRECTION('',(0.,0.,1.));
#283 = PLANE('',#284);
#284 = AXIS2_PLACEMENT_3D('',#285,#286,#287);
#285 = CARTESIAN_POINT('',(-302.,0.,305.));
#286 = DIRECTION('',(1.,0.,0.));
#287 = DIRECTION('',(0.,0.,1.));
#288 = ADVANCED_FACE('',(#289),#300,.F.);
#289 = FACE_BOUND('',#290,.F.);
#290 = EDGE_LOOP('',(#291,#292,#298,#299));
#291 = ORIENTED_EDGE('',*,*,#255,.F.);
#292 = ORIENTED_EDGE('',*,*,#293,.F.);
#293 = EDGE_CURVE('',#276,#256,#294,.T.);
#294 = LINE('',#295,#296);
#295 = CARTESIAN_POINT('',(-304.,6.172219867703E-14,557.));
#296 = VECTOR('',#297,1.);
#297 = DIRECTION('',(1.,0.,0.));
#298 = ORIENTED_EDGE('',*,*,#275,.T.);
#299 = ORIENTED_EDGE('',*,*,#293,.T.);
#300 = CYLINDRICAL_SURFACE('',#301,252.);
#301 = AXIS2_PLACEMENT_3D('',#302,#303,#304);
#302 = CARTESIAN_POINT('',(-304.,0.,305.));
#303 = DIRECTION('',(1.,0.,0.));
#304 = DIRECTION('',(0.,0.,1.));
#305 = MANIFOLD_SOLID_BREP('',#306);
#306 = CLOSED_SHELL('',(#307,#340,#360,#380,#405,#430,#450,#470));
#307 = ADVANCED_FACE('',(#308),#335,.T.);
#308 = FACE_BOUND('',#309,.T.);
#309 = EDGE_LOOP('',(#310,#320,#327,#328));
#310 = ORIENTED_EDGE('',*,*,#311,.T.);
#311 = EDGE_CURVE('',#312,#314,#316,.T.);
#312 = VERTEX_POINT('',#313);
#313 = CARTESIAN_POINT('',(-288.,7.470345474799E-14,610.));
#314 = VERTEX_POINT('',#315);
#315 = CARTESIAN_POINT('',(-274.,7.470345474799E-14,610.));
#316 = LINE('',#317,#318);
#317 = CARTESIAN_POINT('',(-306.,7.470345474799E-14,610.));
#318 = VECTOR('',#319,1.);
#319 = DIRECTION('',(1.,0.,0.));
#320 = ORIENTED_EDGE('',*,*,#321,.F.);
#321 = EDGE_CURVE('',#314,#314,#322,.T.);
#322 = CIRCLE('',#323,305.);
#323 = AXIS2_PLACEMENT_3D('',#324,#325,#326);
#324 = CARTESIAN_POINT('',(-274.,0.,305.));
#325 = DIRECTION('',(1.,0.,-0.));
#326 = DIRECTION('',(0.,0.,1.));
#327 = ORIENTED_EDGE('',*,*,#311,.F.);
#328 = ORIENTED_EDGE('',*,*,#329,.T.);
#329 = EDGE_CURVE('',#312,#312,#330,.T.);
#330 = CIRCLE('',#331,305.);
#331 = AXIS2_PLACEMENT_3D('',#332,#333,#334);
#332 = CARTESIAN_POINT('',(-288.,0.,305.));
#333 = DIRECTION('',(1.,0.,-0.));
#334 = DIRECTION('',(0.,0.,1.));
#335 = CYLINDRICAL_SURFACE('',#336,305.);
#336 = AXIS2_PLACEMENT_3D('',#337,#338,#339);
#337 = CARTESIAN_POINT('',(-306.,0.,305.));
#338 = DIRECTION('',(1.,0.,0.));
#339 = DIRECTION('',(0.,0.,1.));
#340 = ADVANCED_FACE('',(#341,#344),#355,.F.);
#341 = FACE_BOUND('',#342,.F.);
#342 = EDGE_LOOP('',(#343));
#343 = ORIENTED_EDGE('',*,*,#329,.T.);
#344 = FACE_BOUND('',#345,.F.);
#345 = EDGE_LOOP('',(#346));
#346 = ORIENTED_EDGE('',*,*,#347,.F.);
#347 = EDGE_CURVE('',#348,#348,#350,.T.);
#348 = VERTEX_POINT('',#349);
#349 = CARTESIAN_POINT('',(-288.,7.39686666685E-14,607.));
#350 = CIRCLE('',#351,302.);
#351 = AXIS2_PLACEMENT_3D('',#352,#353,#354);
#352 = CARTESIAN_POINT('',(-288.,0.,305.));
#353 = DIRECTION('',(1.,0.,-0.));
#354 = DIRECTION('',(0.,0.,1.));
#355 = PLANE('',#356);
#356 = AXIS2_PLACEMENT_3D('',#357,#358,#359);
#357 = CARTESIAN_POINT('',(-288.,0.,305.));
#358 = DIRECTION('',(1.,0.,0.));
#359 = DIRECTION('',(0.,0.,1.));
#360 = ADVANCED_FACE('',(#361,#364),#375,.T.);
#361 = FACE_BOUND('',#362,.T.);
#362 = EDGE_LOOP('',(#363));
#363 = ORIENTED_EDGE('',*,*,#321,.T.);
#364 = FACE_BOUND('',#365,.T.);
#365 = EDGE_LOOP('',(#366));
#366 = ORIENTED_EDGE('',*,*,#367,.F.);
#367 = EDGE_CURVE('',#368,#368,#370,.T.);
#368 = VERTEX_POINT('',#369);
#369 = CARTESIAN_POINT('',(-274.,6.56410684343E-14,573.));
#370 = CIRCLE('',#371,268.);
#371 = AXIS2_PLACEMENT_3D('',#372,#373,#374);
#372 = CARTESIAN_POINT('',(-274.,0.,305.));
#373 = DIRECTION('',(1.,0.,-0.));
#374 = DIRECTION('',(0.,0.,1.));
#375 = PLANE('',#376);
#376 = AXIS2_PLACEMENT_3D('',#377,#378,#379);
#377 = CARTESIAN_POINT('',(-274.,0.,305.));
#378 = DIRECTION('',(1.,0.,0.));
#379 = DIRECTION('',(0.,0.,1.));
#380 = ADVANCED_FACE('',(#381),#400,.T.);
#381 = FACE_BOUND('',#382,.T.);
#382 = EDGE_LOOP('',(#383,#384,#392,#399));
#383 = ORIENTED_EDGE('',*,*,#347,.F.);
#384 = ORIENTED_EDGE('',*,*,#385,.F.);
#385 = EDGE_CURVE('',#386,#348,#388,.T.);
#386 = VERTEX_POINT('',#387);
#387 = CARTESIAN_POINT('',(-292.,7.39686666685E-14,607.));
#388 = LINE('',#389,#390);
#389 = CARTESIAN_POINT('',(-293.,7.39686666685E-14,607.));
#390 = VECTOR('',#391,1.);
#391 = DIRECTION('',(1.,0.,0.));
#392 = ORIENTED_EDGE('',*,*,#393,.T.);
#393 = EDGE_CURVE('',#386,#386,#394,.T.);
#394 = CIRCLE('',#395,302.);
#395 = AXIS2_PLACEMENT_3D('',#396,#397,#398);
#396 = CARTESIAN_POINT('',(-292.,0.,305.));
#397 = DIRECTION('',(1.,0.,-0.));
#398 = DIRECTION('',(0.,0.,1.));
#399 = ORIENTED_EDGE('',*,*,#385,.T.);
#400 = CYLINDRICAL_SURFACE('',#401,302.);
#401 = AXIS2_PLACEMENT_3D('',#402,#403,#404);
#402 = CARTESIAN_POINT('',(-293.,0.,305.));
#403 = DIRECTION('',(1.,0.,0.));
#404 = DIRECTION('',(0.,0.,1.));
#405 = ADVANCED_FACE('',(#406),#425,.F.);
#406 = FACE_BOUND('',#407,.F.);
#407 = EDGE_LOOP('',(#408,#409,#417,#424));
#408 = ORIENTED_EDGE('',*,*,#367,.F.);
#409 = ORIENTED_EDGE('',*,*,#410,.F.);
#410 = EDGE_CURVE('',#411,#368,#413,.T.);
#411 = VERTEX_POINT('',#412);
#412 = CARTESIAN_POINT('',(-306.,6.56410684343E-14,573.));
#413 = LINE('',#414,#415);
#414 = CARTESIAN_POINT('',(-308.,6.56410684343E-14,573.));
#415 = VECTOR('',#416,1.);
#416 = DIRECTION('',(1.,0.,0.));
#417 = ORIENTED_EDGE('',*,*,#418,.T.);
#418 = EDGE_CURVE('',#411,#411,#419,.T.);
#419 = CIRCLE('',#420,268.);
#420 = AXIS2_PLACEMENT_3D('',#421,#422,#423);
#421 = CARTESIAN_POINT('',(-306.,0.,305.));
#422 = DIRECTION('',(1.,0.,-0.));
#423 = DIRECTION('',(0.,0.,1.));
#424 = ORIENTED_EDGE('',*,*,#410,.T.);
#425 = CYLINDRICAL_SURFACE('',#426,268.);
#426 = AXIS2_PLACEMENT_3D('',#427,#428,#429);
#427 = CARTESIAN_POINT('',(-308.,0.,305.));
#428 = DIRECTION('',(1.,0.,0.));
#429 = DIRECTION('',(0.,0.,1.));
#430 = ADVANCED_FACE('',(#431,#442),#445,.T.);
#431 = FACE_BOUND('',#432,.T.);
#432 = EDGE_LOOP('',(#433));
#433 = ORIENTED_EDGE('',*,*,#434,.T.);
#434 = EDGE_CURVE('',#435,#435,#437,.T.);
#435 = VERTEX_POINT('',#436);
#436 = CARTESIAN_POINT('',(-292.,7.470345474799E-14,610.));
#437 = CIRCLE('',#438,305.);
#438 = AXIS2_PLACEMENT_3D('',#439,#440,#441);
#439 = CARTESIAN_POINT('',(-292.,0.,305.));
#440 = DIRECTION('',(1.,0.,-0.));
#441 = DIRECTION('',(0.,0.,1.));
#442 = FACE_BOUND('',#443,.T.);
#443 = EDGE_LOOP('',(#444));
#444 = ORIENTED_EDGE('',*,*,#393,.F.);
#445 = PLANE('',#446);
#446 = AXIS2_PLACEMENT_3D('',#447,#448,#449);
#447 = CARTESIAN_POINT('',(-292.,0.,305.));
#448 = DIRECTION('',(1.,0.,0.));
#449 = DIRECTION('',(0.,0.,1.));
#450 = ADVANCED_FACE('',(#451,#462),#465,.F.);
#451 = FACE_BOUND('',#452,.F.);
#452 = EDGE_LOOP('',(#453));
#453 = ORIENTED_EDGE('',*,*,#454,.T.);
#454 = EDGE_CURVE('',#455,#455,#457,.T.);
#455 = VERTEX_POINT('',#456);
#456 = CARTESIAN_POINT('',(-306.,7.470345474799E-14,610.));
#457 = CIRCLE('',#458,305.);
#458 = AXIS2_PLACEMENT_3D('',#459,#460,#461);
#459 = CARTESIAN_POINT('',(-306.,0.,305.));
#460 = DIRECTION('',(1.,0.,-0.));
#461 = DIRECTION('',(0.,0.,1.));
#462 = FACE_BOUND('',#463,.F.);
#463 = EDGE_LOOP('',(#464));
#464 = ORIENTED_EDGE('',*,*,#418,.F.);
#465 = PLANE('',#466);
#466 = AXIS2_PLACEMENT_3D('',#467,#468,#469);
#467 = CARTESIAN_POINT('',(-306.,0.,305.));
#468 = DIRECTION('',(1.,0.,0.));
#469 = DIRECTION('',(0.,0.,1.));
#470 = ADVANCED_FACE('',(#471),#482,.T.);
#471 = FACE_BOUND('',#472,.T.);
#472 = EDGE_LOOP('',(#473,#474,#480,#481));
#473 = ORIENTED_EDGE('',*,*,#434,.F.);
#474 = ORIENTED_EDGE('',*,*,#475,.F.);
#475 = EDGE_CURVE('',#455,#435,#476,.T.);
#476 = LINE('',#477,#478);
#477 = CARTESIAN_POINT('',(-306.,7.470345474799E-14,610.));
#478 = VECTOR('',#479,1.);
#479 = DIRECTION('',(1.,0.,0.));
#480 = ORIENTED_EDGE('',*,*,#454,.T.);
#481 = ORIENTED_EDGE('',*,*,#475,.T.);
#482 = CYLINDRICAL_SURFACE('',#483,305.);
#483 = AXIS2_PLACEMENT_3D('',#484,#485,#486);
#484 = CARTESIAN_POINT('',(-306.,0.,305.));
#485 = DIRECTION('',(1.,0.,0.));
#486 = DIRECTION('',(0.,0.,1.));
#487 = MANIFOLD_SOLID_BREP('',#488);
#488 = CLOSED_SHELL('',(#489,#522,#531));
#489 = ADVANCED_FACE('',(#490),#517,.T.);
#490 = FACE_BOUND('',#491,.T.);
#491 = EDGE_LOOP('',(#492,#501,#509,#516));
#492 = ORIENTED_EDGE('',*,*,#493,.F.);
#493 = EDGE_CURVE('',#494,#494,#496,.T.);
#494 = VERTEX_POINT('',#495);
#495 = CARTESIAN_POINT('',(-283.,252.,305.));
#496 = CIRCLE('',#497,7.);
#497 = AXIS2_PLACEMENT_3D('',#498,#499,#500);
#498 = CARTESIAN_POINT('',(-290.,252.,305.));
#499 = DIRECTION('',(-0.,1.,1.110223024625E-16));
#500 = DIRECTION('',(1.,0.,0.));
#501 = ORIENTED_EDGE('',*,*,#502,.F.);
#502 = EDGE_CURVE('',#503,#494,#505,.T.);
#503 = VERTEX_POINT('',#504);
#504 = CARTESIAN_POINT('',(-283.,30.,305.));
#505 = LINE('',#506,#507);
#506 = CARTESIAN_POINT('',(-283.,30.,305.));
#507 = VECTOR('',#508,1.);
#508 = DIRECTION('',(0.,1.,1.110223024625E-16));
#509 = ORIENTED_EDGE('',*,*,#510,.T.);
#510 = EDGE_CURVE('',#503,#503,#511,.T.);
#511 = CIRCLE('',#512,7.);
#512 = AXIS2_PLACEMENT_3D('',#513,#514,#515);
#513 = CARTESIAN_POINT('',(-290.,30.,305.));
#514 = DIRECTION('',(-0.,1.,1.110223024625E-16));
#515 = DIRECTION('',(1.,0.,0.));
#516 = ORIENTED_EDGE('',*,*,#502,.T.);
#517 = CYLINDRICAL_SURFACE('',#518,7.);
#518 = AXIS2_PLACEMENT_3D('',#519,#520,#521);
#519 = CARTESIAN_POINT('',(-290.,30.,305.));
#520 = DIRECTION('',(0.,1.,1.110223024625E-16));
#521 = DIRECTION('',(1.,0.,0.));
#522 = ADVANCED_FACE('',(#523),#526,.T.);
#523 = FACE_BOUND('',#524,.T.);
#524 = EDGE_LOOP('',(#525));
#525 = ORIENTED_EDGE('',*,*,#493,.T.);
#526 = PLANE('',#527);
#527 = AXIS2_PLACEMENT_3D('',#528,#529,#530);
#528 = CARTESIAN_POINT('',(-290.,252.,305.));
#529 = DIRECTION('',(0.,1.,1.110223024625E-16));
#530 = DIRECTION('',(1.,0.,0.));
#531 = ADVANCED_FACE('',(#532),#535,.F.);
#532 = FACE_BOUND('',#533,.T.);
#533 = EDGE_LOOP('',(#534));
#534 = ORIENTED_EDGE('',*,*,#510,.F.);
#535 = PLANE('',#536);
#536 = AXIS2_PLACEMENT_3D('',#537,#538,#539);
#537 = CARTESIAN_POINT('',(-290.,30.,305.));
#538 = DIRECTION('',(0.,1.,1.110223024625E-16));
#539 = DIRECTION('',(1.,0.,0.));
#540 = MANIFOLD_SOLID_BREP('',#541);
#541 = CLOSED_SHELL('',(#542,#575,#584));
#542 = ADVANCED_FACE('',(#543),#570,.T.);
#543 = FACE_BOUND('',#544,.T.);
#544 = EDGE_LOOP('',(#545,#554,#562,#569));
#545 = ORIENTED_EDGE('',*,*,#546,.F.);
#546 = EDGE_CURVE('',#547,#547,#549,.T.);
#547 = VERTEX_POINT('',#548);
#548 = CARTESIAN_POINT('',(-283.,126.,523.23840175367));
#549 = CIRCLE('',#550,7.);
#550 = AXIS2_PLACEMENT_3D('',#551,#552,#553);
#551 = CARTESIAN_POINT('',(-290.,126.,523.23840175367));
#552 = DIRECTION('',(-0.,0.5,0.866025403784));
#553 = DIRECTION('',(1.,0.,0.));
#554 = ORIENTED_EDGE('',*,*,#555,.F.);
#555 = EDGE_CURVE('',#556,#547,#558,.T.);
#556 = VERTEX_POINT('',#557);
#557 = CARTESIAN_POINT('',(-283.,15.,330.98076211353));
#558 = LINE('',#559,#560);
#559 = CARTESIAN_POINT('',(-283.,15.,330.98076211353));
#560 = VECTOR('',#561,1.);
#561 = DIRECTION('',(0.,0.5,0.866025403784));
#562 = ORIENTED_EDGE('',*,*,#563,.T.);
#563 = EDGE_CURVE('',#556,#556,#564,.T.);
#564 = CIRCLE('',#565,7.);
#565 = AXIS2_PLACEMENT_3D('',#566,#567,#568);
#566 = CARTESIAN_POINT('',(-290.,15.,330.98076211353));
#567 = DIRECTION('',(-0.,0.5,0.866025403784));
#568 = DIRECTION('',(1.,0.,0.));
#569 = ORIENTED_EDGE('',*,*,#555,.T.);
#570 = CYLINDRICAL_SURFACE('',#571,7.);
#571 = AXIS2_PLACEMENT_3D('',#572,#573,#574);
#572 = CARTESIAN_POINT('',(-290.,15.,330.98076211353));
#573 = DIRECTION('',(0.,0.5,0.866025403784));
#574 = DIRECTION('',(1.,0.,0.));
#575 = ADVANCED_FACE('',(#576),#579,.T.);
#576 = FACE_BOUND('',#577,.T.);
#577 = EDGE_LOOP('',(#578));
#578 = ORIENTED_EDGE('',*,*,#546,.T.);
#579 = PLANE('',#580);
#580 = AXIS2_PLACEMENT_3D('',#581,#582,#583);
#581 = CARTESIAN_POINT('',(-290.,126.,523.23840175367));
#582 = DIRECTION('',(0.,0.5,0.866025403784));
#583 = DIRECTION('',(1.,0.,0.));
#584 = ADVANCED_FACE('',(#585),#588,.F.);
#585 = FACE_BOUND('',#586,.T.);
#586 = EDGE_LOOP('',(#587));
#587 = ORIENTED_EDGE('',*,*,#563,.F.);
#588 = PLANE('',#589);
#589 = AXIS2_PLACEMENT_3D('',#590,#591,#592);
#590 = CARTESIAN_POINT('',(-290.,15.,330.98076211353));
#591 = DIRECTION('',(0.,0.5,0.866025403784));
#592 = DIRECTION('',(1.,0.,0.));
#593 = MANIFOLD_SOLID_BREP('',#594);
#594 = CLOSED_SHELL('',(#595,#628,#637));
#595 = ADVANCED_FACE('',(#596),#623,.T.);
#596 = FACE_BOUND('',#597,.T.);
#597 = EDGE_LOOP('',(#598,#607,#615,#622));
#598 = ORIENTED_EDGE('',*,*,#599,.F.);
#599 = EDGE_CURVE('',#600,#600,#602,.T.);
#600 = VERTEX_POINT('',#601);
#601 = CARTESIAN_POINT('',(-283.,-126.,523.23840175367));
#602 = CIRCLE('',#603,7.);
#603 = AXIS2_PLACEMENT_3D('',#604,#605,#606);
#604 = CARTESIAN_POINT('',(-290.,-126.,523.23840175367));
#605 = DIRECTION('',(0.,-0.5,0.866025403784));
#606 = DIRECTION('',(1.,0.,0.));
#607 = ORIENTED_EDGE('',*,*,#608,.F.);
#608 = EDGE_CURVE('',#609,#600,#611,.T.);
#609 = VERTEX_POINT('',#610);
#610 = CARTESIAN_POINT('',(-283.,-15.,330.98076211353));
#611 = LINE('',#612,#613);
#612 = CARTESIAN_POINT('',(-283.,-15.,330.98076211353));
#613 = VECTOR('',#614,1.);
#614 = DIRECTION('',(0.,-0.5,0.866025403784));
#615 = ORIENTED_EDGE('',*,*,#616,.T.);
#616 = EDGE_CURVE('',#609,#609,#617,.T.);
#617 = CIRCLE('',#618,7.);
#618 = AXIS2_PLACEMENT_3D('',#619,#620,#621);
#619 = CARTESIAN_POINT('',(-290.,-15.,330.98076211353));
#620 = DIRECTION('',(0.,-0.5,0.866025403784));
#621 = DIRECTION('',(1.,0.,0.));
#622 = ORIENTED_EDGE('',*,*,#608,.T.);
#623 = CYLINDRICAL_SURFACE('',#624,7.);
#624 = AXIS2_PLACEMENT_3D('',#625,#626,#627);
#625 = CARTESIAN_POINT('',(-290.,-15.,330.98076211353));
#626 = DIRECTION('',(0.,-0.5,0.866025403784));
#627 = DIRECTION('',(1.,0.,0.));
#628 = ADVANCED_FACE('',(#629),#632,.T.);
#629 = FACE_BOUND('',#630,.T.);
#630 = EDGE_LOOP('',(#631));
#631 = ORIENTED_EDGE('',*,*,#599,.T.);
#632 = PLANE('',#633);
#633 = AXIS2_PLACEMENT_3D('',#634,#635,#636);
#634 = CARTESIAN_POINT('',(-290.,-126.,523.23840175367));
#635 = DIRECTION('',(0.,-0.5,0.866025403784));
#636 = DIRECTION('',(1.,0.,0.));
#637 = ADVANCED_FACE('',(#638),#641,.F.);
#638 = FACE_BOUND('',#639,.T.);
#639 = EDGE_LOOP('',(#640));
#640 = ORIENTED_EDGE('',*,*,#616,.F.);
#641 = PLANE('',#642);
#642 = AXIS2_PLACEMENT_3D('',#643,#644,#645);
#643 = CARTESIAN_POINT('',(-290.,-15.,330.98076211353));
#644 = DIRECTION('',(0.,-0.5,0.866025403784));
#645 = DIRECTION('',(1.,0.,0.));
#646 = MANIFOLD_SOLID_BREP('',#647);
#647 = CLOSED_SHELL('',(#648,#681,#690));
#648 = ADVANCED_FACE('',(#649),#676,.T.);
#649 = FACE_BOUND('',#650,.T.);
#650 = EDGE_LOOP('',(#651,#660,#668,#675));
#651 = ORIENTED_EDGE('',*,*,#652,.F.);
#652 = EDGE_CURVE('',#653,#653,#655,.T.);
#653 = VERTEX_POINT('',#654);
#654 = CARTESIAN_POINT('',(-283.,-252.,305.));
#655 = CIRCLE('',#656,7.);
#656 = AXIS2_PLACEMENT_3D('',#657,#658,#659);
#657 = CARTESIAN_POINT('',(-290.,-252.,305.));
#658 = DIRECTION('',(0.,-1.,3.330669073875E-16));
#659 = DIRECTION('',(1.,0.,0.));
#660 = ORIENTED_EDGE('',*,*,#661,.F.);
#661 = EDGE_CURVE('',#662,#653,#664,.T.);
#662 = VERTEX_POINT('',#663);
#663 = CARTESIAN_POINT('',(-283.,-30.,305.));
#664 = LINE('',#665,#666);
#665 = CARTESIAN_POINT('',(-283.,-30.,305.));
#666 = VECTOR('',#667,1.);
#667 = DIRECTION('',(0.,-1.,3.330669073875E-16));
#668 = ORIENTED_EDGE('',*,*,#669,.T.);
#669 = EDGE_CURVE('',#662,#662,#670,.T.);
#670 = CIRCLE('',#671,7.);
#671 = AXIS2_PLACEMENT_3D('',#672,#673,#674);
#672 = CARTESIAN_POINT('',(-290.,-30.,305.));
#673 = DIRECTION('',(0.,-1.,3.330669073875E-16));
#674 = DIRECTION('',(1.,0.,0.));
#675 = ORIENTED_EDGE('',*,*,#661,.T.);
#676 = CYLINDRICAL_SURFACE('',#677,7.);
#677 = AXIS2_PLACEMENT_3D('',#678,#679,#680);
#678 = CARTESIAN_POINT('',(-290.,-30.,305.));
#679 = DIRECTION('',(0.,-1.,3.330669073875E-16));
#680 = DIRECTION('',(1.,0.,0.));
#681 = ADVANCED_FACE('',(#682),#685,.T.);
#682 = FACE_BOUND('',#683,.T.);
#683 = EDGE_LOOP('',(#684));
#684 = ORIENTED_EDGE('',*,*,#652,.T.);
#685 = PLANE('',#686);
#686 = AXIS2_PLACEMENT_3D('',#687,#688,#689);
#687 = CARTESIAN_POINT('',(-290.,-252.,305.));
#688 = DIRECTION('',(0.,-1.,3.330669073875E-16));
#689 = DIRECTION('',(1.,0.,0.));
#690 = ADVANCED_FACE('',(#691),#694,.F.);
#691 = FACE_BOUND('',#692,.T.);
#692 = EDGE_LOOP('',(#693));
#693 = ORIENTED_EDGE('',*,*,#669,.F.);
#694 = PLANE('',#695);
#695 = AXIS2_PLACEMENT_3D('',#696,#697,#698);
#696 = CARTESIAN_POINT('',(-290.,-30.,305.));
#697 = DIRECTION('',(0.,-1.,3.330669073875E-16));
#698 = DIRECTION('',(1.,0.,0.));
#699 = MANIFOLD_SOLID_BREP('',#700);
#700 = CLOSED_SHELL('',(#701,#734,#743));
#701 = ADVANCED_FACE('',(#702),#729,.T.);
#702 = FACE_BOUND('',#703,.T.);
#703 = EDGE_LOOP('',(#704,#713,#721,#728));
#704 = ORIENTED_EDGE('',*,*,#705,.F.);
#705 = EDGE_CURVE('',#706,#706,#708,.T.);
#706 = VERTEX_POINT('',#707);
#707 = CARTESIAN_POINT('',(-283.,-126.,86.761598246322));
#708 = CIRCLE('',#709,7.);
#709 = AXIS2_PLACEMENT_3D('',#710,#711,#712);
#710 = CARTESIAN_POINT('',(-290.,-126.,86.761598246322));
#711 = DIRECTION('',(0.,-0.5,-0.866025403784));
#712 = DIRECTION('',(1.,0.,0.));
#713 = ORIENTED_EDGE('',*,*,#714,.F.);
#714 = EDGE_CURVE('',#715,#706,#717,.T.);
#715 = VERTEX_POINT('',#716);
#716 = CARTESIAN_POINT('',(-283.,-15.,279.01923788646));
#717 = LINE('',#718,#719);
#718 = CARTESIAN_POINT('',(-283.,-15.,279.01923788646));
#719 = VECTOR('',#720,1.);
#720 = DIRECTION('',(0.,-0.5,-0.866025403784));
#721 = ORIENTED_EDGE('',*,*,#722,.T.);
#722 = EDGE_CURVE('',#715,#715,#723,.T.);
#723 = CIRCLE('',#724,7.);
#724 = AXIS2_PLACEMENT_3D('',#725,#726,#727);
#725 = CARTESIAN_POINT('',(-290.,-15.,279.01923788646));
#726 = DIRECTION('',(0.,-0.5,-0.866025403784));
#727 = DIRECTION('',(1.,0.,0.));
#728 = ORIENTED_EDGE('',*,*,#714,.T.);
#729 = CYLINDRICAL_SURFACE('',#730,7.);
#730 = AXIS2_PLACEMENT_3D('',#731,#732,#733);
#731 = CARTESIAN_POINT('',(-290.,-15.,279.01923788646));
#732 = DIRECTION('',(0.,-0.5,-0.866025403784));
#733 = DIRECTION('',(1.,0.,0.));
#734 = ADVANCED_FACE('',(#735),#738,.T.);
#735 = FACE_BOUND('',#736,.T.);
#736 = EDGE_LOOP('',(#737));
#737 = ORIENTED_EDGE('',*,*,#705,.T.);
#738 = PLANE('',#739);
#739 = AXIS2_PLACEMENT_3D('',#740,#741,#742);
#740 = CARTESIAN_POINT('',(-290.,-126.,86.761598246322));
#741 = DIRECTION('',(0.,-0.5,-0.866025403784));
#742 = DIRECTION('',(1.,0.,0.));
#743 = ADVANCED_FACE('',(#744),#747,.F.);
#744 = FACE_BOUND('',#745,.T.);
#745 = EDGE_LOOP('',(#746));
#746 = ORIENTED_EDGE('',*,*,#722,.F.);
#747 = PLANE('',#748);
#748 = AXIS2_PLACEMENT_3D('',#749,#750,#751);
#749 = CARTESIAN_POINT('',(-290.,-15.,279.01923788646));
#750 = DIRECTION('',(0.,-0.5,-0.866025403784));
#751 = DIRECTION('',(1.,0.,0.));
#752 = MANIFOLD_SOLID_BREP('',#753);
#753 = CLOSED_SHELL('',(#754,#787,#796));
#754 = ADVANCED_FACE('',(#755),#782,.T.);
#755 = FACE_BOUND('',#756,.T.);
#756 = EDGE_LOOP('',(#757,#766,#774,#781));
#757 = ORIENTED_EDGE('',*,*,#758,.F.);
#758 = EDGE_CURVE('',#759,#759,#761,.T.);
#759 = VERTEX_POINT('',#760);
#760 = CARTESIAN_POINT('',(-283.,126.,86.761598246321));
#761 = CIRCLE('',#762,7.);
#762 = AXIS2_PLACEMENT_3D('',#763,#764,#765);
#763 = CARTESIAN_POINT('',(-290.,126.,86.761598246321));
#764 = DIRECTION('',(0.,0.5,-0.866025403784));
#765 = DIRECTION('',(1.,0.,0.));
#766 = ORIENTED_EDGE('',*,*,#767,.F.);
#767 = EDGE_CURVE('',#768,#759,#770,.T.);
#768 = VERTEX_POINT('',#769);
#769 = CARTESIAN_POINT('',(-283.,15.,279.01923788646));
#770 = LINE('',#771,#772);
#771 = CARTESIAN_POINT('',(-283.,15.,279.01923788646));
#772 = VECTOR('',#773,1.);
#773 = DIRECTION('',(0.,0.5,-0.866025403784));
#774 = ORIENTED_EDGE('',*,*,#775,.T.);
#775 = EDGE_CURVE('',#768,#768,#776,.T.);
#776 = CIRCLE('',#777,7.);
#777 = AXIS2_PLACEMENT_3D('',#778,#779,#780);
#778 = CARTESIAN_POINT('',(-290.,15.,279.01923788646));
#779 = DIRECTION('',(0.,0.5,-0.866025403784));
#780 = DIRECTION('',(1.,0.,0.));
#781 = ORIENTED_EDGE('',*,*,#767,.T.);
#782 = CYLINDRICAL_SURFACE('',#783,7.);
#783 = AXIS2_PLACEMENT_3D('',#784,#785,#786);
#784 = CARTESIAN_POINT('',(-290.,15.,279.01923788646));
#785 = DIRECTION('',(0.,0.5,-0.866025403784));
#786 = DIRECTION('',(1.,0.,0.));
#787 = ADVANCED_FACE('',(#788),#791,.T.);
#788 = FACE_BOUND('',#789,.T.);
#789 = EDGE_LOOP('',(#790));
#790 = ORIENTED_EDGE('',*,*,#758,.T.);
#791 = PLANE('',#792);
#792 = AXIS2_PLACEMENT_3D('',#793,#794,#795);
#793 = CARTESIAN_POINT('',(-290.,126.,86.761598246321));
#794 = DIRECTION('',(0.,0.5,-0.866025403784));
#795 = DIRECTION('',(1.,0.,0.));
#796 = ADVANCED_FACE('',(#797),#800,.F.);
#797 = FACE_BOUND('',#798,.T.);
#798 = EDGE_LOOP('',(#799));
#799 = ORIENTED_EDGE('',*,*,#775,.F.);
#800 = PLANE('',#801);
#801 = AXIS2_PLACEMENT_3D('',#802,#803,#804);
#802 = CARTESIAN_POINT('',(-290.,15.,279.01923788646));
#803 = DIRECTION('',(0.,0.5,-0.866025403784));
#804 = DIRECTION('',(1.,0.,0.));
#805 = MANIFOLD_SOLID_BREP('',#806);
#806 = CLOSED_SHELL('',(#807,#840,#860,#880));
#807 = ADVANCED_FACE('',(#808),#835,.T.);
#808 = FACE_BOUND('',#809,.T.);
#809 = EDGE_LOOP('',(#810,#819,#827,#834));
#810 = ORIENTED_EDGE('',*,*,#811,.F.);
#811 = EDGE_CURVE('',#812,#812,#814,.T.);
#812 = VERTEX_POINT('',#813);
#813 = CARTESIAN_POINT('',(-329.,6.490628035481E-14,570.));
#814 = CIRCLE('',#815,265.);
#815 = AXIS2_PLACEMENT_3D('',#816,#817,#818);
#816 = CARTESIAN_POINT('',(-329.,0.,305.));
#817 = DIRECTION('',(1.,0.,-0.));
#818 = DIRECTION('',(0.,0.,1.));
#819 = ORIENTED_EDGE('',*,*,#820,.F.);
#820 = EDGE_CURVE('',#821,#812,#823,.T.);
#821 = VERTEX_POINT('',#822);
#822 = CARTESIAN_POINT('',(-347.,6.490628035481E-14,570.));
#823 = LINE('',#824,#825);
#824 = CARTESIAN_POINT('',(-347.,6.490628035481E-14,570.));
#825 = VECTOR('',#826,1.);
#826 = DIRECTION('',(1.,0.,0.));
#827 = ORIENTED_EDGE('',*,*,#828,.T.);
#828 = EDGE_CURVE('',#821,#821,#829,.T.);
#829 = CIRCLE('',#830,265.);
#830 = AXIS2_PLACEMENT_3D('',#831,#832,#833);
#831 = CARTESIAN_POINT('',(-347.,0.,305.));
#832 = DIRECTION('',(1.,0.,-0.));
#833 = DIRECTION('',(0.,0.,1.));
#834 = ORIENTED_EDGE('',*,*,#820,.T.);
#835 = CYLINDRICAL_SURFACE('',#836,265.);
#836 = AXIS2_PLACEMENT_3D('',#837,#838,#839);
#837 = CARTESIAN_POINT('',(-347.,0.,305.));
#838 = DIRECTION('',(1.,0.,0.));
#839 = DIRECTION('',(0.,0.,1.));
#840 = ADVANCED_FACE('',(#841,#844),#855,.T.);
#841 = FACE_BOUND('',#842,.T.);
#842 = EDGE_LOOP('',(#843));
#843 = ORIENTED_EDGE('',*,*,#811,.T.);
#844 = FACE_BOUND('',#845,.T.);
#845 = EDGE_LOOP('',(#846));
#846 = ORIENTED_EDGE('',*,*,#847,.F.);
#847 = EDGE_CURVE('',#848,#848,#850,.T.);
#848 = VERTEX_POINT('',#849);
#849 = CARTESIAN_POINT('',(-329.,6.049755187788E-14,552.));
#850 = CIRCLE('',#851,247.);
#851 = AXIS2_PLACEMENT_3D('',#852,#853,#854);
#852 = CARTESIAN_POINT('',(-329.,0.,305.));
#853 = DIRECTION('',(1.,0.,-0.));
#854 = DIRECTION('',(0.,0.,1.));
#855 = PLANE('',#856);
#856 = AXIS2_PLACEMENT_3D('',#857,#858,#859);
#857 = CARTESIAN_POINT('',(-329.,0.,305.));
#858 = DIRECTION('',(1.,0.,0.));
#859 = DIRECTION('',(0.,0.,1.));
#860 = ADVANCED_FACE('',(#861,#864),#875,.F.);
#861 = FACE_BOUND('',#862,.F.);
#862 = EDGE_LOOP('',(#863));
#863 = ORIENTED_EDGE('',*,*,#828,.T.);
#864 = FACE_BOUND('',#865,.F.);
#865 = EDGE_LOOP('',(#866));
#866 = ORIENTED_EDGE('',*,*,#867,.F.);
#867 = EDGE_CURVE('',#868,#868,#870,.T.);
#868 = VERTEX_POINT('',#869);
#869 = CARTESIAN_POINT('',(-347.,6.049755187788E-14,552.));
#870 = CIRCLE('',#871,247.);
#871 = AXIS2_PLACEMENT_3D('',#872,#873,#874);
#872 = CARTESIAN_POINT('',(-347.,0.,305.));
#873 = DIRECTION('',(1.,0.,-0.));
#874 = DIRECTION('',(0.,0.,1.));
#875 = PLANE('',#876);
#876 = AXIS2_PLACEMENT_3D('',#877,#878,#879);
#877 = CARTESIAN_POINT('',(-347.,0.,305.));
#878 = DIRECTION('',(1.,0.,0.));
#879 = DIRECTION('',(0.,0.,1.));
#880 = ADVANCED_FACE('',(#881),#892,.F.);
#881 = FACE_BOUND('',#882,.F.);
#882 = EDGE_LOOP('',(#883,#884,#890,#891));
#883 = ORIENTED_EDGE('',*,*,#847,.F.);
#884 = ORIENTED_EDGE('',*,*,#885,.F.);
#885 = EDGE_CURVE('',#868,#848,#886,.T.);
#886 = LINE('',#887,#888);
#887 = CARTESIAN_POINT('',(-349.,6.049755187788E-14,552.));
#888 = VECTOR('',#889,1.);
#889 = DIRECTION('',(1.,0.,0.));
#890 = ORIENTED_EDGE('',*,*,#867,.T.);
#891 = ORIENTED_EDGE('',*,*,#885,.T.);
#892 = CYLINDRICAL_SURFACE('',#893,247.);
#893 = AXIS2_PLACEMENT_3D('',#894,#895,#896);
#894 = CARTESIAN_POINT('',(-349.,0.,305.));
#895 = DIRECTION('',(1.,0.,0.));
#896 = DIRECTION('',(0.,0.,1.));
#897 = MANIFOLD_SOLID_BREP('',#898);
#898 = CLOSED_SHELL('',(#899,#932,#941));
#899 = ADVANCED_FACE('',(#900),#927,.T.);
#900 = FACE_BOUND('',#901,.T.);
#901 = EDGE_LOOP('',(#902,#911,#919,#926));
#902 = ORIENTED_EDGE('',*,*,#903,.F.);
#903 = EDGE_CURVE('',#904,#904,#906,.T.);
#904 = VERTEX_POINT('',#905);
#905 = CARTESIAN_POINT('',(-338.,216.50635094611,435.));
#906 = CIRCLE('',#907,5.);
#907 = AXIS2_PLACEMENT_3D('',#908,#909,#910);
#908 = CARTESIAN_POINT('',(-338.,216.50635094611,430.));
#909 = DIRECTION('',(-1.,0.,1.110223024625E-16));
#910 = DIRECTION('',(1.110223024625E-16,0.,1.));
#911 = ORIENTED_EDGE('',*,*,#912,.F.);
#912 = EDGE_CURVE('',#913,#904,#915,.T.);
#913 = VERTEX_POINT('',#914);
#914 = CARTESIAN_POINT('',(-290.,216.50635094611,435.));
#915 = LINE('',#916,#917);
#916 = CARTESIAN_POINT('',(-290.,216.50635094611,435.));
#917 = VECTOR('',#918,1.);
#918 = DIRECTION('',(-1.,0.,1.110223024625E-16));
#919 = ORIENTED_EDGE('',*,*,#920,.T.);
#920 = EDGE_CURVE('',#913,#913,#921,.T.);
#921 = CIRCLE('',#922,5.);
#922 = AXIS2_PLACEMENT_3D('',#923,#924,#925);
#923 = CARTESIAN_POINT('',(-290.,216.50635094611,430.));
#924 = DIRECTION('',(-1.,0.,1.110223024625E-16));
#925 = DIRECTION('',(1.110223024625E-16,0.,1.));
#926 = ORIENTED_EDGE('',*,*,#912,.T.);
#927 = CYLINDRICAL_SURFACE('',#928,5.);
#928 = AXIS2_PLACEMENT_3D('',#929,#930,#931);
#929 = CARTESIAN_POINT('',(-290.,216.50635094611,430.));
#930 = DIRECTION('',(-1.,0.,1.110223024625E-16));
#931 = DIRECTION('',(1.110223024625E-16,0.,1.));
#932 = ADVANCED_FACE('',(#933),#936,.T.);
#933 = FACE_BOUND('',#934,.T.);
#934 = EDGE_LOOP('',(#935));
#935 = ORIENTED_EDGE('',*,*,#903,.T.);
#936 = PLANE('',#937);
#937 = AXIS2_PLACEMENT_3D('',#938,#939,#940);
#938 = CARTESIAN_POINT('',(-338.,216.50635094611,430.));
#939 = DIRECTION('',(-1.,0.,1.110223024625E-16));
#940 = DIRECTION('',(1.110223024625E-16,0.,1.));
#941 = ADVANCED_FACE('',(#942),#945,.F.);
#942 = FACE_BOUND('',#943,.T.);
#943 = EDGE_LOOP('',(#944));
#944 = ORIENTED_EDGE('',*,*,#920,.F.);
#945 = PLANE('',#946);
#946 = AXIS2_PLACEMENT_3D('',#947,#948,#949);
#947 = CARTESIAN_POINT('',(-290.,216.50635094611,430.));
#948 = DIRECTION('',(-1.,0.,1.110223024625E-16));
#949 = DIRECTION('',(1.110223024625E-16,0.,1.));
#950 = MANIFOLD_SOLID_BREP('',#951);
#951 = CLOSED_SHELL('',(#952,#985,#994));
#952 = ADVANCED_FACE('',(#953),#980,.T.);
#953 = FACE_BOUND('',#954,.T.);
#954 = EDGE_LOOP('',(#955,#964,#972,#979));
#955 = ORIENTED_EDGE('',*,*,#956,.F.);
#956 = EDGE_CURVE('',#957,#957,#959,.T.);
#957 = VERTEX_POINT('',#958);
#958 = CARTESIAN_POINT('',(-338.,1.408343819019E-14,560.));
#959 = CIRCLE('',#960,5.);
#960 = AXIS2_PLACEMENT_3D('',#961,#962,#963);
#961 = CARTESIAN_POINT('',(-338.,1.530808498934E-14,555.));
#962 = DIRECTION('',(-1.,0.,1.110223024625E-16));
#963 = DIRECTION('',(1.110223024625E-16,0.,1.));
#964 = ORIENTED_EDGE('',*,*,#965,.F.);
#965 = EDGE_CURVE('',#966,#957,#968,.T.);
#966 = VERTEX_POINT('',#967);
#967 = CARTESIAN_POINT('',(-290.,1.408343819019E-14,560.));
#968 = LINE('',#969,#970);
#969 = CARTESIAN_POINT('',(-290.,1.408343819019E-14,560.));
#970 = VECTOR('',#971,1.);
#971 = DIRECTION('',(-1.,0.,1.110223024625E-16));
#972 = ORIENTED_EDGE('',*,*,#973,.T.);
#973 = EDGE_CURVE('',#966,#966,#974,.T.);
#974 = CIRCLE('',#975,5.);
#975 = AXIS2_PLACEMENT_3D('',#976,#977,#978);
#976 = CARTESIAN_POINT('',(-290.,1.530808498934E-14,555.));
#977 = DIRECTION('',(-1.,0.,1.110223024625E-16));
#978 = DIRECTION('',(1.110223024625E-16,0.,1.));
#979 = ORIENTED_EDGE('',*,*,#965,.T.);
#980 = CYLINDRICAL_SURFACE('',#981,5.);
#981 = AXIS2_PLACEMENT_3D('',#982,#983,#984);
#982 = CARTESIAN_POINT('',(-290.,1.530808498934E-14,555.));
#983 = DIRECTION('',(-1.,0.,1.110223024625E-16));
#984 = DIRECTION('',(1.110223024625E-16,0.,1.));
#985 = ADVANCED_FACE('',(#986),#989,.T.);
#986 = FACE_BOUND('',#987,.T.);
#987 = EDGE_LOOP('',(#988));
#988 = ORIENTED_EDGE('',*,*,#956,.T.);
#989 = PLANE('',#990);
#990 = AXIS2_PLACEMENT_3D('',#991,#992,#993);
#991 = CARTESIAN_POINT('',(-338.,1.530808498934E-14,555.));
#992 = DIRECTION('',(-1.,0.,1.110223024625E-16));
#993 = DIRECTION('',(1.110223024625E-16,0.,1.));
#994 = ADVANCED_FACE('',(#995),#998,.F.);
#995 = FACE_BOUND('',#996,.T.);
#996 = EDGE_LOOP('',(#997));
#997 = ORIENTED_EDGE('',*,*,#973,.F.);
#998 = PLANE('',#999);
#999 = AXIS2_PLACEMENT_3D('',#1000,#1001,#1002);
#1000 = CARTESIAN_POINT('',(-290.,1.530808498934E-14,555.));
#1001 = DIRECTION('',(-1.,0.,1.110223024625E-16));
#1002 = DIRECTION('',(1.110223024625E-16,0.,1.));
#1003 = MANIFOLD_SOLID_BREP('',#1004);
#1004 = CLOSED_SHELL('',(#1005,#1038,#1047));
#1005 = ADVANCED_FACE('',(#1006),#1033,.T.);
#1006 = FACE_BOUND('',#1007,.T.);
#1007 = EDGE_LOOP('',(#1008,#1017,#1025,#1032));
#1008 = ORIENTED_EDGE('',*,*,#1009,.F.);
#1009 = EDGE_CURVE('',#1010,#1010,#1012,.T.);
#1010 = VERTEX_POINT('',#1011);
#1011 = CARTESIAN_POINT('',(-338.,-216.5063509461,435.));
#1012 = CIRCLE('',#1013,5.);
#1013 = AXIS2_PLACEMENT_3D('',#1014,#1015,#1016);
#1014 = CARTESIAN_POINT('',(-338.,-216.5063509461,430.));
#1015 = DIRECTION('',(-1.,0.,1.110223024625E-16));
#1016 = DIRECTION('',(1.110223024625E-16,0.,1.));
#1017 = ORIENTED_EDGE('',*,*,#1018,.F.);
#1018 = EDGE_CURVE('',#1019,#1010,#1021,.T.);
#1019 = VERTEX_POINT('',#1020);
#1020 = CARTESIAN_POINT('',(-290.,-216.5063509461,435.));
#1021 = LINE('',#1022,#1023);
#1022 = CARTESIAN_POINT('',(-290.,-216.5063509461,435.));
#1023 = VECTOR('',#1024,1.);
#1024 = DIRECTION('',(-1.,0.,1.110223024625E-16));
#1025 = ORIENTED_EDGE('',*,*,#1026,.T.);
#1026 = EDGE_CURVE('',#1019,#1019,#1027,.T.);
#1027 = CIRCLE('',#1028,5.);
#1028 = AXIS2_PLACEMENT_3D('',#1029,#1030,#1031);
#1029 = CARTESIAN_POINT('',(-290.,-216.5063509461,430.));
#1030 = DIRECTION('',(-1.,0.,1.110223024625E-16));
#1031 = DIRECTION('',(1.110223024625E-16,0.,1.));
#1032 = ORIENTED_EDGE('',*,*,#1018,.T.);
#1033 = CYLINDRICAL_SURFACE('',#1034,5.);
#1034 = AXIS2_PLACEMENT_3D('',#1035,#1036,#1037);
#1035 = CARTESIAN_POINT('',(-290.,-216.5063509461,430.));
#1036 = DIRECTION('',(-1.,0.,1.110223024625E-16));
#1037 = DIRECTION('',(1.110223024625E-16,0.,1.));
#1038 = ADVANCED_FACE('',(#1039),#1042,.T.);
#1039 = FACE_BOUND('',#1040,.T.);
#1040 = EDGE_LOOP('',(#1041));
#1041 = ORIENTED_EDGE('',*,*,#1009,.T.);
#1042 = PLANE('',#1043);
#1043 = AXIS2_PLACEMENT_3D('',#1044,#1045,#1046);
#1044 = CARTESIAN_POINT('',(-338.,-216.5063509461,430.));
#1045 = DIRECTION('',(-1.,0.,1.110223024625E-16));
#1046 = DIRECTION('',(1.110223024625E-16,0.,1.));
#1047 = ADVANCED_FACE('',(#1048),#1051,.F.);
#1048 = FACE_BOUND('',#1049,.T.);
#1049 = EDGE_LOOP('',(#1050));
#1050 = ORIENTED_EDGE('',*,*,#1026,.F.);
#1051 = PLANE('',#1052);
#1052 = AXIS2_PLACEMENT_3D('',#1053,#1054,#1055);
#1053 = CARTESIAN_POINT('',(-290.,-216.5063509461,430.));
#1054 = DIRECTION('',(-1.,0.,1.110223024625E-16));
#1055 = DIRECTION('',(1.110223024625E-16,0.,1.));
#1056 = MANIFOLD_SOLID_BREP('',#1057);
#1057 = CLOSED_SHELL('',(#1058,#1091,#1100));
#1058 = ADVANCED_FACE('',(#1059),#1086,.T.);
#1059 = FACE_BOUND('',#1060,.T.);
#1060 = EDGE_LOOP('',(#1061,#1070,#1078,#1085));
#1061 = ORIENTED_EDGE('',*,*,#1062,.F.);
#1062 = EDGE_CURVE('',#1063,#1063,#1065,.T.);
#1063 = VERTEX_POINT('',#1064);
#1064 = CARTESIAN_POINT('',(-338.,-216.5063509461,185.));
#1065 = CIRCLE('',#1066,5.);
#1066 = AXIS2_PLACEMENT_3D('',#1067,#1068,#1069);
#1067 = CARTESIAN_POINT('',(-338.,-216.5063509461,180.));
#1068 = DIRECTION('',(-1.,0.,1.110223024625E-16));
#1069 = DIRECTION('',(1.110223024625E-16,0.,1.));
#1070 = ORIENTED_EDGE('',*,*,#1071,.F.);
#1071 = EDGE_CURVE('',#1072,#1063,#1074,.T.);
#1072 = VERTEX_POINT('',#1073);
#1073 = CARTESIAN_POINT('',(-290.,-216.5063509461,185.));
#1074 = LINE('',#1075,#1076);
#1075 = CARTESIAN_POINT('',(-290.,-216.5063509461,185.));
#1076 = VECTOR('',#1077,1.);
#1077 = DIRECTION('',(-1.,0.,1.110223024625E-16));
#1078 = ORIENTED_EDGE('',*,*,#1079,.T.);
#1079 = EDGE_CURVE('',#1072,#1072,#1080,.T.);
#1080 = CIRCLE('',#1081,5.);
#1081 = AXIS2_PLACEMENT_3D('',#1082,#1083,#1084);
#1082 = CARTESIAN_POINT('',(-290.,-216.5063509461,180.));
#1083 = DIRECTION('',(-1.,0.,1.110223024625E-16));
#1084 = DIRECTION('',(1.110223024625E-16,0.,1.));
#1085 = ORIENTED_EDGE('',*,*,#1071,.T.);
#1086 = CYLINDRICAL_SURFACE('',#1087,5.);
#1087 = AXIS2_PLACEMENT_3D('',#1088,#1089,#1090);
#1088 = CARTESIAN_POINT('',(-290.,-216.5063509461,180.));
#1089 = DIRECTION('',(-1.,0.,1.110223024625E-16));
#1090 = DIRECTION('',(1.110223024625E-16,0.,1.));
#1091 = ADVANCED_FACE('',(#1092),#1095,.T.);
#1092 = FACE_BOUND('',#1093,.T.);
#1093 = EDGE_LOOP('',(#1094));
#1094 = ORIENTED_EDGE('',*,*,#1062,.T.);
#1095 = PLANE('',#1096);
#1096 = AXIS2_PLACEMENT_3D('',#1097,#1098,#1099);
#1097 = CARTESIAN_POINT('',(-338.,-216.5063509461,180.));
#1098 = DIRECTION('',(-1.,0.,1.110223024625E-16));
#1099 = DIRECTION('',(1.110223024625E-16,0.,1.));
#1100 = ADVANCED_FACE('',(#1101),#1104,.F.);
#1101 = FACE_BOUND('',#1102,.T.);
#1102 = EDGE_LOOP('',(#1103));
#1103 = ORIENTED_EDGE('',*,*,#1079,.F.);
#1104 = PLANE('',#1105);
#1105 = AXIS2_PLACEMENT_3D('',#1106,#1107,#1108);
#1106 = CARTESIAN_POINT('',(-290.,-216.5063509461,180.));
#1107 = DIRECTION('',(-1.,0.,1.110223024625E-16));
#1108 = DIRECTION('',(1.110223024625E-16,0.,1.));
#1109 = MANIFOLD_SOLID_BREP('',#1110);
#1110 = CLOSED_SHELL('',(#1111,#1144,#1153));
#1111 = ADVANCED_FACE('',(#1112),#1139,.T.);
#1112 = FACE_BOUND('',#1113,.T.);
#1113 = EDGE_LOOP('',(#1114,#1123,#1131,#1138));
#1114 = ORIENTED_EDGE('',*,*,#1115,.F.);
#1115 = EDGE_CURVE('',#1116,#1116,#1118,.T.);
#1116 = VERTEX_POINT('',#1117);
#1117 = CARTESIAN_POINT('',(-338.,-4.714890176717E-14,60.));
#1118 = CIRCLE('',#1119,5.);
#1119 = AXIS2_PLACEMENT_3D('',#1120,#1121,#1122);
#1120 = CARTESIAN_POINT('',(-338.,-4.592425496803E-14,55.));
#1121 = DIRECTION('',(-1.,0.,1.110223024625E-16));
#1122 = DIRECTION('',(1.110223024625E-16,0.,1.));
#1123 = ORIENTED_EDGE('',*,*,#1124,.F.);
#1124 = EDGE_CURVE('',#1125,#1116,#1127,.T.);
#1125 = VERTEX_POINT('',#1126);
#1126 = CARTESIAN_POINT('',(-290.,-4.714890176717E-14,60.));
#1127 = LINE('',#1128,#1129);
#1128 = CARTESIAN_POINT('',(-290.,-4.714890176717E-14,60.));
#1129 = VECTOR('',#1130,1.);
#1130 = DIRECTION('',(-1.,0.,1.110223024625E-16));
#1131 = ORIENTED_EDGE('',*,*,#1132,.T.);
#1132 = EDGE_CURVE('',#1125,#1125,#1133,.T.);
#1133 = CIRCLE('',#1134,5.);
#1134 = AXIS2_PLACEMENT_3D('',#1135,#1136,#1137);
#1135 = CARTESIAN_POINT('',(-290.,-4.592425496803E-14,55.));
#1136 = DIRECTION('',(-1.,0.,1.110223024625E-16));
#1137 = DIRECTION('',(1.110223024625E-16,0.,1.));
#1138 = ORIENTED_EDGE('',*,*,#1124,.T.);
#1139 = CYLINDRICAL_SURFACE('',#1140,5.);
#1140 = AXIS2_PLACEMENT_3D('',#1141,#1142,#1143);
#1141 = CARTESIAN_POINT('',(-290.,-4.592425496803E-14,55.));
#1142 = DIRECTION('',(-1.,0.,1.110223024625E-16));
#1143 = DIRECTION('',(1.110223024625E-16,0.,1.));
#1144 = ADVANCED_FACE('',(#1145),#1148,.T.);
#1145 = FACE_BOUND('',#1146,.T.);
#1146 = EDGE_LOOP('',(#1147));
#1147 = ORIENTED_EDGE('',*,*,#1115,.T.);
#1148 = PLANE('',#1149);
#1149 = AXIS2_PLACEMENT_3D('',#1150,#1151,#1152);
#1150 = CARTESIAN_POINT('',(-338.,-4.592425496803E-14,55.));
#1151 = DIRECTION('',(-1.,0.,1.110223024625E-16));
#1152 = DIRECTION('',(1.110223024625E-16,0.,1.));
#1153 = ADVANCED_FACE('',(#1154),#1157,.F.);
#1154 = FACE_BOUND('',#1155,.T.);
#1155 = EDGE_LOOP('',(#1156));
#1156 = ORIENTED_EDGE('',*,*,#1132,.F.);
#1157 = PLANE('',#1158);
#1158 = AXIS2_PLACEMENT_3D('',#1159,#1160,#1161);
#1159 = CARTESIAN_POINT('',(-290.,-4.592425496803E-14,55.));
#1160 = DIRECTION('',(-1.,0.,1.110223024625E-16));
#1161 = DIRECTION('',(1.110223024625E-16,0.,1.));
#1162 = MANIFOLD_SOLID_BREP('',#1163);
#1163 = CLOSED_SHELL('',(#1164,#1197,#1206));
#1164 = ADVANCED_FACE('',(#1165),#1192,.T.);
#1165 = FACE_BOUND('',#1166,.T.);
#1166 = EDGE_LOOP('',(#1167,#1176,#1184,#1191));
#1167 = ORIENTED_EDGE('',*,*,#1168,.F.);
#1168 = EDGE_CURVE('',#1169,#1169,#1171,.T.);
#1169 = VERTEX_POINT('',#1170);
#1170 = CARTESIAN_POINT('',(-338.,216.50635094611,185.));
#1171 = CIRCLE('',#1172,5.);
#1172 = AXIS2_PLACEMENT_3D('',#1173,#1174,#1175);
#1173 = CARTESIAN_POINT('',(-338.,216.50635094611,180.));
#1174 = DIRECTION('',(-1.,0.,1.110223024625E-16));
#1175 = DIRECTION('',(1.110223024625E-16,0.,1.));
#1176 = ORIENTED_EDGE('',*,*,#1177,.F.);
#1177 = EDGE_CURVE('',#1178,#1169,#1180,.T.);
#1178 = VERTEX_POINT('',#1179);
#1179 = CARTESIAN_POINT('',(-290.,216.50635094611,185.));
#1180 = LINE('',#1181,#1182);
#1181 = CARTESIAN_POINT('',(-290.,216.50635094611,185.));
#1182 = VECTOR('',#1183,1.);
#1183 = DIRECTION('',(-1.,0.,1.110223024625E-16));
#1184 = ORIENTED_EDGE('',*,*,#1185,.T.);
#1185 = EDGE_CURVE('',#1178,#1178,#1186,.T.);
#1186 = CIRCLE('',#1187,5.);
#1187 = AXIS2_PLACEMENT_3D('',#1188,#1189,#1190);
#1188 = CARTESIAN_POINT('',(-290.,216.50635094611,180.));
#1189 = DIRECTION('',(-1.,0.,1.110223024625E-16));
#1190 = DIRECTION('',(1.110223024625E-16,0.,1.));
#1191 = ORIENTED_EDGE('',*,*,#1177,.T.);
#1192 = CYLINDRICAL_SURFACE('',#1193,5.);
#1193 = AXIS2_PLACEMENT_3D('',#1194,#1195,#1196);
#1194 = CARTESIAN_POINT('',(-290.,216.50635094611,180.));
#1195 = DIRECTION('',(-1.,0.,1.110223024625E-16));
#1196 = DIRECTION('',(1.110223024625E-16,0.,1.));
#1197 = ADVANCED_FACE('',(#1198),#1201,.T.);
#1198 = FACE_BOUND('',#1199,.T.);
#1199 = EDGE_LOOP('',(#1200));
#1200 = ORIENTED_EDGE('',*,*,#1168,.T.);
#1201 = PLANE('',#1202);
#1202 = AXIS2_PLACEMENT_3D('',#1203,#1204,#1205);
#1203 = CARTESIAN_POINT('',(-338.,216.50635094611,180.));
#1204 = DIRECTION('',(-1.,0.,1.110223024625E-16));
#1205 = DIRECTION('',(1.110223024625E-16,0.,1.));
#1206 = ADVANCED_FACE('',(#1207),#1210,.F.);
#1207 = FACE_BOUND('',#1208,.T.);
#1208 = EDGE_LOOP('',(#1209));
#1209 = ORIENTED_EDGE('',*,*,#1185,.F.);
#1210 = PLANE('',#1211);
#1211 = AXIS2_PLACEMENT_3D('',#1212,#1213,#1214);
#1212 = CARTESIAN_POINT('',(-290.,216.50635094611,180.));
#1213 = DIRECTION('',(-1.,0.,1.110223024625E-16));
#1214 = DIRECTION('',(1.110223024625E-16,0.,1.));
#1215 = MANIFOLD_SOLID_BREP('',#1216);
#1216 = CLOSED_SHELL('',(#1217,#1250,#1592,#1934,#1951,#1968,#1985,#2002
    ,#2019,#2036,#2053,#2070,#2087,#2104,#2121,#2138,#2160,#2177,#2189,
    #2211,#2228,#2240,#2257,#2274,#2291,#2308,#2325,#2342,#2359,#2376,
    #2393,#2410,#2427,#2444));
#1217 = ADVANCED_FACE('',(#1218),#1245,.T.);
#1218 = FACE_BOUND('',#1219,.T.);
#1219 = EDGE_LOOP('',(#1220,#1229,#1237,#1244));
#1220 = ORIENTED_EDGE('',*,*,#1221,.F.);
#1221 = EDGE_CURVE('',#1222,#1222,#1224,.T.);
#1222 = VERTEX_POINT('',#1223);
#1223 = CARTESIAN_POINT('',(-257.5,-8.327598234202E-15,271.));
#1224 = CIRCLE('',#1225,34.);
#1225 = AXIS2_PLACEMENT_3D('',#1226,#1227,#1228);
#1226 = CARTESIAN_POINT('',(-257.5,0.,305.));
#1227 = DIRECTION('',(1.,-0.,1.110223024625E-16));
#1228 = DIRECTION('',(1.110223024625E-16,0.,-1.));
#1229 = ORIENTED_EDGE('',*,*,#1230,.F.);
#1230 = EDGE_CURVE('',#1231,#1222,#1233,.T.);
#1231 = VERTEX_POINT('',#1232);
#1232 = CARTESIAN_POINT('',(-262.,-8.327598234202E-15,271.));
#1233 = LINE('',#1234,#1235);
#1234 = CARTESIAN_POINT('',(-262.,-8.327598234202E-15,271.));
#1235 = VECTOR('',#1236,1.);
#1236 = DIRECTION('',(1.,0.,1.110223024625E-16));
#1237 = ORIENTED_EDGE('',*,*,#1238,.T.);
#1238 = EDGE_CURVE('',#1231,#1231,#1239,.T.);
#1239 = CIRCLE('',#1240,34.);
#1240 = AXIS2_PLACEMENT_3D('',#1241,#1242,#1243);
#1241 = CARTESIAN_POINT('',(-262.,0.,305.));
#1242 = DIRECTION('',(1.,-0.,1.110223024625E-16));
#1243 = DIRECTION('',(1.110223024625E-16,0.,-1.));
#1244 = ORIENTED_EDGE('',*,*,#1230,.T.);
#1245 = CYLINDRICAL_SURFACE('',#1246,34.);
#1246 = AXIS2_PLACEMENT_3D('',#1247,#1248,#1249);
#1247 = CARTESIAN_POINT('',(-262.,0.,305.));
#1248 = DIRECTION('',(1.,0.,1.110223024625E-16));
#1249 = DIRECTION('',(1.110223024625E-16,0.,-1.));
#1250 = ADVANCED_FACE('',(#1251,#1254,#1265,#1276,#1287,#1298,#1309,
    #1320,#1331,#1342,#1353,#1364,#1375,#1386,#1415,#1444,#1455,#1466,
    #1477,#1488,#1499,#1510,#1521,#1532,#1543,#1554,#1565,#1576),#1587,
  .T.);
#1251 = FACE_BOUND('',#1252,.T.);
#1252 = EDGE_LOOP('',(#1253));
#1253 = ORIENTED_EDGE('',*,*,#1221,.T.);
#1254 = FACE_BOUND('',#1255,.T.);
#1255 = EDGE_LOOP('',(#1256));
#1256 = ORIENTED_EDGE('',*,*,#1257,.F.);
#1257 = EDGE_CURVE('',#1258,#1258,#1260,.T.);
#1258 = VERTEX_POINT('',#1259);
#1259 = CARTESIAN_POINT('',(-257.5,-21.21320343559,323.61320343559));
#1260 = CIRCLE('',#1261,2.6);
#1261 = AXIS2_PLACEMENT_3D('',#1262,#1263,#1264);
#1262 = CARTESIAN_POINT('',(-257.5,-21.21320343559,326.21320343559));
#1263 = DIRECTION('',(1.,-0.,1.110223024625E-16));
#1264 = DIRECTION('',(1.110223024625E-16,0.,-1.));
#1265 = FACE_BOUND('',#1266,.T.);
#1266 = EDGE_LOOP('',(#1267));
#1267 = ORIENTED_EDGE('',*,*,#1268,.F.);
#1268 = EDGE_CURVE('',#1269,#1269,#1271,.T.);
#1269 = VERTEX_POINT('',#1270);
#1270 = CARTESIAN_POINT('',(-257.5,-27.71638597533,313.88050297095));
#1271 = CIRCLE('',#1272,2.6);
#1272 = AXIS2_PLACEMENT_3D('',#1273,#1274,#1275);
#1273 = CARTESIAN_POINT('',(-257.5,-27.71638597533,316.48050297095));
#1274 = DIRECTION('',(1.,-0.,1.110223024625E-16));
#1275 = DIRECTION('',(1.110223024625E-16,0.,-1.));
#1276 = FACE_BOUND('',#1277,.T.);
#1277 = EDGE_LOOP('',(#1278));
#1278 = ORIENTED_EDGE('',*,*,#1279,.F.);
#1279 = EDGE_CURVE('',#1280,#1280,#1282,.T.);
#1280 = VERTEX_POINT('',#1281);
#1281 = CARTESIAN_POINT('',(-257.5,-30.,302.4));
#1282 = CIRCLE('',#1283,2.6);
#1283 = AXIS2_PLACEMENT_3D('',#1284,#1285,#1286);
#1284 = CARTESIAN_POINT('',(-257.5,-30.,305.));
#1285 = DIRECTION('',(1.,-0.,1.110223024625E-16));
#1286 = DIRECTION('',(1.110223024625E-16,0.,-1.));
#1287 = FACE_BOUND('',#1288,.T.);
#1288 = EDGE_LOOP('',(#1289));
#1289 = ORIENTED_EDGE('',*,*,#1290,.F.);
#1290 = EDGE_CURVE('',#1291,#1291,#1293,.T.);
#1291 = VERTEX_POINT('',#1292);
#1292 = CARTESIAN_POINT('',(-257.5,-21.21762239271,313.75));
#1293 = CIRCLE('',#1294,3.5);
#1294 = AXIS2_PLACEMENT_3D('',#1295,#1296,#1297);
#1295 = CARTESIAN_POINT('',(-257.5,-21.21762239271,317.25));
#1296 = DIRECTION('',(1.,-0.,1.110223024625E-16));
#1297 = DIRECTION('',(1.110223024625E-16,0.,-1.));
#1298 = FACE_BOUND('',#1299,.T.);
#1299 = EDGE_LOOP('',(#1300));
#1300 = ORIENTED_EDGE('',*,*,#1301,.F.);
#1301 = EDGE_CURVE('',#1302,#1302,#1304,.T.);
#1302 = VERTEX_POINT('',#1303);
#1303 = CARTESIAN_POINT('',(-257.5,-20.,302.4));
#1304 = CIRCLE('',#1305,2.6);
#1305 = AXIS2_PLACEMENT_3D('',#1306,#1307,#1308);
#1306 = CARTESIAN_POINT('',(-257.5,-20.,305.));
#1307 = DIRECTION('',(1.,-0.,1.110223024625E-16));
#1308 = DIRECTION('',(1.110223024625E-16,0.,-1.));
#1309 = FACE_BOUND('',#1310,.T.);
#1310 = EDGE_LOOP('',(#1311));
#1311 = ORIENTED_EDGE('',*,*,#1312,.F.);
#1312 = EDGE_CURVE('',#1313,#1313,#1315,.T.);
#1313 = VERTEX_POINT('',#1314);
#1314 = CARTESIAN_POINT('',(-257.5,-11.48050297095,330.11638597533));
#1315 = CIRCLE('',#1316,2.6);
#1316 = AXIS2_PLACEMENT_3D('',#1317,#1318,#1319);
#1317 = CARTESIAN_POINT('',(-257.5,-11.48050297095,332.71638597533));
#1318 = DIRECTION('',(1.,-0.,1.110223024625E-16));
#1319 = DIRECTION('',(1.110223024625E-16,0.,-1.));
#1320 = FACE_BOUND('',#1321,.T.);
#1321 = EDGE_LOOP('',(#1322));
#1322 = ORIENTED_EDGE('',*,*,#1323,.F.);
#1323 = EDGE_CURVE('',#1324,#1324,#1326,.T.);
#1324 = VERTEX_POINT('',#1325);
#1325 = CARTESIAN_POINT('',(-257.5,-10.,319.72050807568));
#1326 = CIRCLE('',#1327,2.6);
#1327 = AXIS2_PLACEMENT_3D('',#1328,#1329,#1330);
#1328 = CARTESIAN_POINT('',(-257.5,-10.,322.32050807568));
#1329 = DIRECTION('',(1.,-0.,1.110223024625E-16));
#1330 = DIRECTION('',(1.110223024625E-16,0.,-1.));
#1331 = FACE_BOUND('',#1332,.T.);
#1332 = EDGE_LOOP('',(#1333));
#1333 = ORIENTED_EDGE('',*,*,#1334,.F.);
#1334 = EDGE_CURVE('',#1335,#1335,#1337,.T.);
#1335 = VERTEX_POINT('',#1336);
#1336 = CARTESIAN_POINT('',(-257.5,-27.71638597533,290.91949702904));
#1337 = CIRCLE('',#1338,2.6);
#1338 = AXIS2_PLACEMENT_3D('',#1339,#1340,#1341);
#1339 = CARTESIAN_POINT('',(-257.5,-27.71638597533,293.51949702904));
#1340 = DIRECTION('',(1.,-0.,1.110223024625E-16));
#1341 = DIRECTION('',(1.110223024625E-16,0.,-1.));
#1342 = FACE_BOUND('',#1343,.T.);
#1343 = EDGE_LOOP('',(#1344));
#1344 = ORIENTED_EDGE('',*,*,#1345,.F.);
#1345 = EDGE_CURVE('',#1346,#1346,#1348,.T.);
#1346 = VERTEX_POINT('',#1347);
#1347 = CARTESIAN_POINT('',(-257.5,-21.21762239271,289.25));
#1348 = CIRCLE('',#1349,3.5);
#1349 = AXIS2_PLACEMENT_3D('',#1350,#1351,#1352);
#1350 = CARTESIAN_POINT('',(-257.5,-21.21762239271,292.75));
#1351 = DIRECTION('',(1.,-0.,1.110223024625E-16));
#1352 = DIRECTION('',(1.110223024625E-16,0.,-1.));
#1353 = FACE_BOUND('',#1354,.T.);
#1354 = EDGE_LOOP('',(#1355));
#1355 = ORIENTED_EDGE('',*,*,#1356,.F.);
#1356 = EDGE_CURVE('',#1357,#1357,#1359,.T.);
#1357 = VERTEX_POINT('',#1358);
#1358 = CARTESIAN_POINT('',(-257.5,-21.21320343559,281.1867965644));
#1359 = CIRCLE('',#1360,2.6);
#1360 = AXIS2_PLACEMENT_3D('',#1361,#1362,#1363);
#1361 = CARTESIAN_POINT('',(-257.5,-21.21320343559,283.7867965644));
#1362 = DIRECTION('',(1.,-0.,1.110223024625E-16));
#1363 = DIRECTION('',(1.110223024625E-16,0.,-1.));
#1364 = FACE_BOUND('',#1365,.T.);
#1365 = EDGE_LOOP('',(#1366));
#1366 = ORIENTED_EDGE('',*,*,#1367,.F.);
#1367 = EDGE_CURVE('',#1368,#1368,#1370,.T.);
#1368 = VERTEX_POINT('',#1369);
#1369 = CARTESIAN_POINT('',(-257.5,-10.,285.07949192431));
#1370 = CIRCLE('',#1371,2.6);
#1371 = AXIS2_PLACEMENT_3D('',#1372,#1373,#1374);
#1372 = CARTESIAN_POINT('',(-257.5,-10.,287.67949192431));
#1373 = DIRECTION('',(1.,-0.,1.110223024625E-16));
#1374 = DIRECTION('',(1.110223024625E-16,0.,-1.));
#1375 = FACE_BOUND('',#1376,.T.);
#1376 = EDGE_LOOP('',(#1377));
#1377 = ORIENTED_EDGE('',*,*,#1378,.F.);
#1378 = EDGE_CURVE('',#1379,#1379,#1381,.T.);
#1379 = VERTEX_POINT('',#1380);
#1380 = CARTESIAN_POINT('',(-257.5,-11.48050297095,274.68361402466));
#1381 = CIRCLE('',#1382,2.6);
#1382 = AXIS2_PLACEMENT_3D('',#1383,#1384,#1385);
#1383 = CARTESIAN_POINT('',(-257.5,-11.48050297095,277.28361402466));
#1384 = DIRECTION('',(1.,-0.,1.110223024625E-16));
#1385 = DIRECTION('',(1.110223024625E-16,0.,-1.));
#1386 = FACE_BOUND('',#1387,.T.);
#1387 = EDGE_LOOP('',(#1388,#1399,#1408));
#1388 = ORIENTED_EDGE('',*,*,#1389,.F.);
#1389 = EDGE_CURVE('',#1390,#1392,#1394,.T.);
#1390 = VERTEX_POINT('',#1391);
#1391 = CARTESIAN_POINT('',(-257.5,-6.368163355566E-16,272.4));
#1392 = VERTEX_POINT('',#1393);
#1393 = CARTESIAN_POINT('',(-257.5,1.301310210696,277.2509090909));
#1394 = CIRCLE('',#1395,2.6);
#1395 = AXIS2_PLACEMENT_3D('',#1396,#1397,#1398);
#1396 = CARTESIAN_POINT('',(-257.5,0.,275.));
#1397 = DIRECTION('',(1.,-0.,1.110223024625E-16));
#1398 = DIRECTION('',(1.110223024625E-16,0.,-1.));
#1399 = ORIENTED_EDGE('',*,*,#1400,.F.);
#1400 = EDGE_CURVE('',#1401,#1390,#1403,.T.);
#1401 = VERTEX_POINT('',#1402);
#1402 = CARTESIAN_POINT('',(-257.5,-1.301310210696,277.2509090909));
#1403 = CIRCLE('',#1404,2.6);
#1404 = AXIS2_PLACEMENT_3D('',#1405,#1406,#1407);
#1405 = CARTESIAN_POINT('',(-257.5,0.,275.));
#1406 = DIRECTION('',(1.,-0.,1.110223024625E-16));
#1407 = DIRECTION('',(1.110223024625E-16,0.,-1.));
#1408 = ORIENTED_EDGE('',*,*,#1409,.F.);
#1409 = EDGE_CURVE('',#1392,#1401,#1410,.T.);
#1410 = CIRCLE('',#1411,3.5);
#1411 = AXIS2_PLACEMENT_3D('',#1412,#1413,#1414);
#1412 = CARTESIAN_POINT('',(-257.5,-6.000769315822E-15,280.5));
#1413 = DIRECTION('',(1.,-0.,1.110223024625E-16));
#1414 = DIRECTION('',(1.110223024625E-16,0.,-1.));
#1415 = FACE_BOUND('',#1416,.T.);
#1416 = EDGE_LOOP('',(#1417,#1428,#1437));
#1417 = ORIENTED_EDGE('',*,*,#1418,.F.);
#1418 = EDGE_CURVE('',#1419,#1421,#1423,.T.);
#1419 = VERTEX_POINT('',#1420);
#1420 = CARTESIAN_POINT('',(-257.5,1.301310210696,332.74909090909));
#1421 = VERTEX_POINT('',#1422);
#1422 = CARTESIAN_POINT('',(-257.5,-1.301310210696,332.74909090909));
#1423 = CIRCLE('',#1424,2.6);
#1424 = AXIS2_PLACEMENT_3D('',#1425,#1426,#1427);
#1425 = CARTESIAN_POINT('',(-257.5,3.673940397442E-15,335.));
#1426 = DIRECTION('',(1.,-0.,1.110223024625E-16));
#1427 = DIRECTION('',(1.110223024625E-16,0.,-1.));
#1428 = ORIENTED_EDGE('',*,*,#1429,.F.);
#1429 = EDGE_CURVE('',#1430,#1419,#1432,.T.);
#1430 = VERTEX_POINT('',#1431);
#1431 = CARTESIAN_POINT('',(-257.5,2.143131898508E-15,326.));
#1432 = CIRCLE('',#1433,3.5);
#1433 = AXIS2_PLACEMENT_3D('',#1434,#1435,#1436);
#1434 = CARTESIAN_POINT('',(-257.5,3.000384657911E-15,329.5));
#1435 = DIRECTION('',(1.,-0.,1.110223024625E-16));
#1436 = DIRECTION('',(1.110223024625E-16,0.,-1.));
#1437 = ORIENTED_EDGE('',*,*,#1438,.F.);
#1438 = EDGE_CURVE('',#1421,#1430,#1439,.T.);
#1439 = CIRCLE('',#1440,3.5);
#1440 = AXIS2_PLACEMENT_3D('',#1441,#1442,#1443);
#1441 = CARTESIAN_POINT('',(-257.5,3.000384657911E-15,329.5));
#1442 = DIRECTION('',(1.,-0.,1.110223024625E-16));
#1443 = DIRECTION('',(1.110223024625E-16,0.,-1.));
#1444 = FACE_BOUND('',#1445,.T.);
#1445 = EDGE_LOOP('',(#1446));
#1446 = ORIENTED_EDGE('',*,*,#1447,.F.);
#1447 = EDGE_CURVE('',#1448,#1448,#1450,.T.);
#1448 = VERTEX_POINT('',#1449);
#1449 = CARTESIAN_POINT('',(-257.5,11.480502970953,330.11638597533));
#1450 = CIRCLE('',#1451,2.6);
#1451 = AXIS2_PLACEMENT_3D('',#1452,#1453,#1454);
#1452 = CARTESIAN_POINT('',(-257.5,11.480502970953,332.71638597533));
#1453 = DIRECTION('',(1.,-0.,1.110223024625E-16));
#1454 = DIRECTION('',(1.110223024625E-16,0.,-1.));
#1455 = FACE_BOUND('',#1456,.T.);
#1456 = EDGE_LOOP('',(#1457));
#1457 = ORIENTED_EDGE('',*,*,#1458,.F.);
#1458 = EDGE_CURVE('',#1459,#1459,#1461,.T.);
#1459 = VERTEX_POINT('',#1460);
#1460 = CARTESIAN_POINT('',(-257.5,10.,319.72050807568));
#1461 = CIRCLE('',#1462,2.6);
#1462 = AXIS2_PLACEMENT_3D('',#1463,#1464,#1465);
#1463 = CARTESIAN_POINT('',(-257.5,10.,322.32050807568));
#1464 = DIRECTION('',(1.,-0.,1.110223024625E-16));
#1465 = DIRECTION('',(1.110223024625E-16,0.,-1.));
#1466 = FACE_BOUND('',#1467,.T.);
#1467 = EDGE_LOOP('',(#1468));
#1468 = ORIENTED_EDGE('',*,*,#1469,.F.);
#1469 = EDGE_CURVE('',#1470,#1470,#1472,.T.);
#1470 = VERTEX_POINT('',#1471);
#1471 = CARTESIAN_POINT('',(-257.5,21.213203435596,323.61320343559));
#1472 = CIRCLE('',#1473,2.6);
#1473 = AXIS2_PLACEMENT_3D('',#1474,#1475,#1476);
#1474 = CARTESIAN_POINT('',(-257.5,21.213203435596,326.21320343559));
#1475 = DIRECTION('',(1.,-0.,1.110223024625E-16));
#1476 = DIRECTION('',(1.110223024625E-16,0.,-1.));
#1477 = FACE_BOUND('',#1478,.T.);
#1478 = EDGE_LOOP('',(#1479));
#1479 = ORIENTED_EDGE('',*,*,#1480,.F.);
#1480 = EDGE_CURVE('',#1481,#1481,#1483,.T.);
#1481 = VERTEX_POINT('',#1482);
#1482 = CARTESIAN_POINT('',(-257.5,21.217622392719,313.75));
#1483 = CIRCLE('',#1484,3.5);
#1484 = AXIS2_PLACEMENT_3D('',#1485,#1486,#1487);
#1485 = CARTESIAN_POINT('',(-257.5,21.217622392719,317.25));
#1486 = DIRECTION('',(1.,-0.,1.110223024625E-16));
#1487 = DIRECTION('',(1.110223024625E-16,0.,-1.));
#1488 = FACE_BOUND('',#1489,.T.);
#1489 = EDGE_LOOP('',(#1490));
#1490 = ORIENTED_EDGE('',*,*,#1491,.F.);
#1491 = EDGE_CURVE('',#1492,#1492,#1494,.T.);
#1492 = VERTEX_POINT('',#1493);
#1493 = CARTESIAN_POINT('',(-257.5,27.716385975339,313.88050297095));
#1494 = CIRCLE('',#1495,2.6);
#1495 = AXIS2_PLACEMENT_3D('',#1496,#1497,#1498);
#1496 = CARTESIAN_POINT('',(-257.5,27.716385975339,316.48050297095));
#1497 = DIRECTION('',(1.,-0.,1.110223024625E-16));
#1498 = DIRECTION('',(1.110223024625E-16,0.,-1.));
#1499 = FACE_BOUND('',#1500,.T.);
#1500 = EDGE_LOOP('',(#1501));
#1501 = ORIENTED_EDGE('',*,*,#1502,.F.);
#1502 = EDGE_CURVE('',#1503,#1503,#1505,.T.);
#1503 = VERTEX_POINT('',#1504);
#1504 = CARTESIAN_POINT('',(-257.5,-1.959434878636E-15,297.));
#1505 = CIRCLE('',#1506,8.);
#1506 = AXIS2_PLACEMENT_3D('',#1507,#1508,#1509);
#1507 = CARTESIAN_POINT('',(-257.5,0.,305.));
#1508 = DIRECTION('',(1.,-0.,1.110223024625E-16));
#1509 = DIRECTION('',(1.110223024625E-16,0.,-1.));
#1510 = FACE_BOUND('',#1511,.T.);
#1511 = EDGE_LOOP('',(#1512));
#1512 = ORIENTED_EDGE('',*,*,#1513,.F.);
#1513 = EDGE_CURVE('',#1514,#1514,#1516,.T.);
#1514 = VERTEX_POINT('',#1515);
#1515 = CARTESIAN_POINT('',(-257.5,10.,285.07949192431));
#1516 = CIRCLE('',#1517,2.6);
#1517 = AXIS2_PLACEMENT_3D('',#1518,#1519,#1520);
#1518 = CARTESIAN_POINT('',(-257.5,10.,287.67949192431));
#1519 = DIRECTION('',(1.,-0.,1.110223024625E-16));
#1520 = DIRECTION('',(1.110223024625E-16,0.,-1.));
#1521 = FACE_BOUND('',#1522,.T.);
#1522 = EDGE_LOOP('',(#1523));
#1523 = ORIENTED_EDGE('',*,*,#1524,.F.);
#1524 = EDGE_CURVE('',#1525,#1525,#1527,.T.);
#1525 = VERTEX_POINT('',#1526);
#1526 = CARTESIAN_POINT('',(-257.5,11.480502970953,274.68361402466));
#1527 = CIRCLE('',#1528,2.6);
#1528 = AXIS2_PLACEMENT_3D('',#1529,#1530,#1531);
#1529 = CARTESIAN_POINT('',(-257.5,11.480502970953,277.28361402466));
#1530 = DIRECTION('',(1.,-0.,1.110223024625E-16));
#1531 = DIRECTION('',(1.110223024625E-16,0.,-1.));
#1532 = FACE_BOUND('',#1533,.T.);
#1533 = EDGE_LOOP('',(#1534));
#1534 = ORIENTED_EDGE('',*,*,#1535,.F.);
#1535 = EDGE_CURVE('',#1536,#1536,#1538,.T.);
#1536 = VERTEX_POINT('',#1537);
#1537 = CARTESIAN_POINT('',(-257.5,20.,302.4));
#1538 = CIRCLE('',#1539,2.6);
#1539 = AXIS2_PLACEMENT_3D('',#1540,#1541,#1542);
#1540 = CARTESIAN_POINT('',(-257.5,20.,305.));
#1541 = DIRECTION('',(1.,-0.,1.110223024625E-16));
#1542 = DIRECTION('',(1.110223024625E-16,0.,-1.));
#1543 = FACE_BOUND('',#1544,.T.);
#1544 = EDGE_LOOP('',(#1545));
#1545 = ORIENTED_EDGE('',*,*,#1546,.F.);
#1546 = EDGE_CURVE('',#1547,#1547,#1549,.T.);
#1547 = VERTEX_POINT('',#1548);
#1548 = CARTESIAN_POINT('',(-257.5,21.217622392719,289.25));
#1549 = CIRCLE('',#1550,3.5);
#1550 = AXIS2_PLACEMENT_3D('',#1551,#1552,#1553);
#1551 = CARTESIAN_POINT('',(-257.5,21.217622392719,292.75));
#1552 = DIRECTION('',(1.,-0.,1.110223024625E-16));
#1553 = DIRECTION('',(1.110223024625E-16,0.,-1.));
#1554 = FACE_BOUND('',#1555,.T.);
#1555 = EDGE_LOOP('',(#1556));
#1556 = ORIENTED_EDGE('',*,*,#1557,.F.);
#1557 = EDGE_CURVE('',#1558,#1558,#1560,.T.);
#1558 = VERTEX_POINT('',#1559);
#1559 = CARTESIAN_POINT('',(-257.5,30.,302.4));
#1560 = CIRCLE('',#1561,2.6);
#1561 = AXIS2_PLACEMENT_3D('',#1562,#1563,#1564);
#1562 = CARTESIAN_POINT('',(-257.5,30.,305.));
#1563 = DIRECTION('',(1.,-0.,1.110223024625E-16));
#1564 = DIRECTION('',(1.110223024625E-16,0.,-1.));
#1565 = FACE_BOUND('',#1566,.T.);
#1566 = EDGE_LOOP('',(#1567));
#1567 = ORIENTED_EDGE('',*,*,#1568,.F.);
#1568 = EDGE_CURVE('',#1569,#1569,#1571,.T.);
#1569 = VERTEX_POINT('',#1570);
#1570 = CARTESIAN_POINT('',(-257.5,27.716385975339,290.91949702904));
#1571 = CIRCLE('',#1572,2.6);
#1572 = AXIS2_PLACEMENT_3D('',#1573,#1574,#1575);
#1573 = CARTESIAN_POINT('',(-257.5,27.716385975339,293.51949702904));
#1574 = DIRECTION('',(1.,-0.,1.110223024625E-16));
#1575 = DIRECTION('',(1.110223024625E-16,0.,-1.));
#1576 = FACE_BOUND('',#1577,.T.);
#1577 = EDGE_LOOP('',(#1578));
#1578 = ORIENTED_EDGE('',*,*,#1579,.F.);
#1579 = EDGE_CURVE('',#1580,#1580,#1582,.T.);
#1580 = VERTEX_POINT('',#1581);
#1581 = CARTESIAN_POINT('',(-257.5,21.213203435596,281.1867965644));
#1582 = CIRCLE('',#1583,2.6);
#1583 = AXIS2_PLACEMENT_3D('',#1584,#1585,#1586);
#1584 = CARTESIAN_POINT('',(-257.5,21.213203435596,283.7867965644));
#1585 = DIRECTION('',(1.,-0.,1.110223024625E-16));
#1586 = DIRECTION('',(1.110223024625E-16,0.,-1.));
#1587 = PLANE('',#1588);
#1588 = AXIS2_PLACEMENT_3D('',#1589,#1590,#1591);
#1589 = CARTESIAN_POINT('',(-257.5,0.,305.));
#1590 = DIRECTION('',(1.,0.,1.110223024625E-16));
#1591 = DIRECTION('',(1.110223024625E-16,0.,-1.));
#1592 = ADVANCED_FACE('',(#1593,#1596,#1607,#1618,#1629,#1640,#1651,
    #1662,#1673,#1684,#1695,#1706,#1717,#1728,#1757,#1786,#1797,#1808,
    #1819,#1830,#1841,#1852,#1863,#1874,#1885,#1896,#1907,#1918),#1929,
  .F.);
#1593 = FACE_BOUND('',#1594,.F.);
#1594 = EDGE_LOOP('',(#1595));
#1595 = ORIENTED_EDGE('',*,*,#1238,.T.);
#1596 = FACE_BOUND('',#1597,.F.);
#1597 = EDGE_LOOP('',(#1598));
#1598 = ORIENTED_EDGE('',*,*,#1599,.F.);
#1599 = EDGE_CURVE('',#1600,#1600,#1602,.T.);
#1600 = VERTEX_POINT('',#1601);
#1601 = CARTESIAN_POINT('',(-262.,-21.21320343559,323.61320343559));
#1602 = CIRCLE('',#1603,2.6);
#1603 = AXIS2_PLACEMENT_3D('',#1604,#1605,#1606);
#1604 = CARTESIAN_POINT('',(-262.,-21.21320343559,326.21320343559));
#1605 = DIRECTION('',(1.,-0.,1.110223024625E-16));
#1606 = DIRECTION('',(1.110223024625E-16,0.,-1.));
#1607 = FACE_BOUND('',#1608,.F.);
#1608 = EDGE_LOOP('',(#1609));
#1609 = ORIENTED_EDGE('',*,*,#1610,.F.);
#1610 = EDGE_CURVE('',#1611,#1611,#1613,.T.);
#1611 = VERTEX_POINT('',#1612);
#1612 = CARTESIAN_POINT('',(-262.,-27.71638597533,313.88050297095));
#1613 = CIRCLE('',#1614,2.6);
#1614 = AXIS2_PLACEMENT_3D('',#1615,#1616,#1617);
#1615 = CARTESIAN_POINT('',(-262.,-27.71638597533,316.48050297095));
#1616 = DIRECTION('',(1.,-0.,1.110223024625E-16));
#1617 = DIRECTION('',(1.110223024625E-16,0.,-1.));
#1618 = FACE_BOUND('',#1619,.F.);
#1619 = EDGE_LOOP('',(#1620));
#1620 = ORIENTED_EDGE('',*,*,#1621,.F.);
#1621 = EDGE_CURVE('',#1622,#1622,#1624,.T.);
#1622 = VERTEX_POINT('',#1623);
#1623 = CARTESIAN_POINT('',(-262.,-30.,302.4));
#1624 = CIRCLE('',#1625,2.6);
#1625 = AXIS2_PLACEMENT_3D('',#1626,#1627,#1628);
#1626 = CARTESIAN_POINT('',(-262.,-30.,305.));
#1627 = DIRECTION('',(1.,-0.,1.110223024625E-16));
#1628 = DIRECTION('',(1.110223024625E-16,0.,-1.));
#1629 = FACE_BOUND('',#1630,.F.);
#1630 = EDGE_LOOP('',(#1631));
#1631 = ORIENTED_EDGE('',*,*,#1632,.F.);
#1632 = EDGE_CURVE('',#1633,#1633,#1635,.T.);
#1633 = VERTEX_POINT('',#1634);
#1634 = CARTESIAN_POINT('',(-262.,-21.21762239271,313.75));
#1635 = CIRCLE('',#1636,3.5);
#1636 = AXIS2_PLACEMENT_3D('',#1637,#1638,#1639);
#1637 = CARTESIAN_POINT('',(-262.,-21.21762239271,317.25));
#1638 = DIRECTION('',(1.,-0.,1.110223024625E-16));
#1639 = DIRECTION('',(1.110223024625E-16,0.,-1.));
#1640 = FACE_BOUND('',#1641,.F.);
#1641 = EDGE_LOOP('',(#1642));
#1642 = ORIENTED_EDGE('',*,*,#1643,.F.);
#1643 = EDGE_CURVE('',#1644,#1644,#1646,.T.);
#1644 = VERTEX_POINT('',#1645);
#1645 = CARTESIAN_POINT('',(-262.,-20.,302.4));
#1646 = CIRCLE('',#1647,2.6);
#1647 = AXIS2_PLACEMENT_3D('',#1648,#1649,#1650);
#1648 = CARTESIAN_POINT('',(-262.,-20.,305.));
#1649 = DIRECTION('',(1.,-0.,1.110223024625E-16));
#1650 = DIRECTION('',(1.110223024625E-16,0.,-1.));
#1651 = FACE_BOUND('',#1652,.F.);
#1652 = EDGE_LOOP('',(#1653));
#1653 = ORIENTED_EDGE('',*,*,#1654,.F.);
#1654 = EDGE_CURVE('',#1655,#1655,#1657,.T.);
#1655 = VERTEX_POINT('',#1656);
#1656 = CARTESIAN_POINT('',(-262.,-11.48050297095,330.11638597533));
#1657 = CIRCLE('',#1658,2.6);
#1658 = AXIS2_PLACEMENT_3D('',#1659,#1660,#1661);
#1659 = CARTESIAN_POINT('',(-262.,-11.48050297095,332.71638597533));
#1660 = DIRECTION('',(1.,-0.,1.110223024625E-16));
#1661 = DIRECTION('',(1.110223024625E-16,0.,-1.));
#1662 = FACE_BOUND('',#1663,.F.);
#1663 = EDGE_LOOP('',(#1664));
#1664 = ORIENTED_EDGE('',*,*,#1665,.F.);
#1665 = EDGE_CURVE('',#1666,#1666,#1668,.T.);
#1666 = VERTEX_POINT('',#1667);
#1667 = CARTESIAN_POINT('',(-262.,-10.,319.72050807568));
#1668 = CIRCLE('',#1669,2.6);
#1669 = AXIS2_PLACEMENT_3D('',#1670,#1671,#1672);
#1670 = CARTESIAN_POINT('',(-262.,-10.,322.32050807568));
#1671 = DIRECTION('',(1.,-0.,1.110223024625E-16));
#1672 = DIRECTION('',(1.110223024625E-16,0.,-1.));
#1673 = FACE_BOUND('',#1674,.F.);
#1674 = EDGE_LOOP('',(#1675));
#1675 = ORIENTED_EDGE('',*,*,#1676,.F.);
#1676 = EDGE_CURVE('',#1677,#1677,#1679,.T.);
#1677 = VERTEX_POINT('',#1678);
#1678 = CARTESIAN_POINT('',(-262.,-27.71638597533,290.91949702904));
#1679 = CIRCLE('',#1680,2.6);
#1680 = AXIS2_PLACEMENT_3D('',#1681,#1682,#1683);
#1681 = CARTESIAN_POINT('',(-262.,-27.71638597533,293.51949702904));
#1682 = DIRECTION('',(1.,-0.,1.110223024625E-16));
#1683 = DIRECTION('',(1.110223024625E-16,0.,-1.));
#1684 = FACE_BOUND('',#1685,.F.);
#1685 = EDGE_LOOP('',(#1686));
#1686 = ORIENTED_EDGE('',*,*,#1687,.F.);
#1687 = EDGE_CURVE('',#1688,#1688,#1690,.T.);
#1688 = VERTEX_POINT('',#1689);
#1689 = CARTESIAN_POINT('',(-262.,-21.21762239271,289.25));
#1690 = CIRCLE('',#1691,3.5);
#1691 = AXIS2_PLACEMENT_3D('',#1692,#1693,#1694);
#1692 = CARTESIAN_POINT('',(-262.,-21.21762239271,292.75));
#1693 = DIRECTION('',(1.,-0.,1.110223024625E-16));
#1694 = DIRECTION('',(1.110223024625E-16,0.,-1.));
#1695 = FACE_BOUND('',#1696,.F.);
#1696 = EDGE_LOOP('',(#1697));
#1697 = ORIENTED_EDGE('',*,*,#1698,.F.);
#1698 = EDGE_CURVE('',#1699,#1699,#1701,.T.);
#1699 = VERTEX_POINT('',#1700);
#1700 = CARTESIAN_POINT('',(-262.,-21.21320343559,281.1867965644));
#1701 = CIRCLE('',#1702,2.6);
#1702 = AXIS2_PLACEMENT_3D('',#1703,#1704,#1705);
#1703 = CARTESIAN_POINT('',(-262.,-21.21320343559,283.7867965644));
#1704 = DIRECTION('',(1.,-0.,1.110223024625E-16));
#1705 = DIRECTION('',(1.110223024625E-16,0.,-1.));
#1706 = FACE_BOUND('',#1707,.F.);
#1707 = EDGE_LOOP('',(#1708));
#1708 = ORIENTED_EDGE('',*,*,#1709,.F.);
#1709 = EDGE_CURVE('',#1710,#1710,#1712,.T.);
#1710 = VERTEX_POINT('',#1711);
#1711 = CARTESIAN_POINT('',(-262.,-10.,285.07949192431));
#1712 = CIRCLE('',#1713,2.6);
#1713 = AXIS2_PLACEMENT_3D('',#1714,#1715,#1716);
#1714 = CARTESIAN_POINT('',(-262.,-10.,287.67949192431));
#1715 = DIRECTION('',(1.,-0.,1.110223024625E-16));
#1716 = DIRECTION('',(1.110223024625E-16,0.,-1.));
#1717 = FACE_BOUND('',#1718,.F.);
#1718 = EDGE_LOOP('',(#1719));
#1719 = ORIENTED_EDGE('',*,*,#1720,.F.);
#1720 = EDGE_CURVE('',#1721,#1721,#1723,.T.);
#1721 = VERTEX_POINT('',#1722);
#1722 = CARTESIAN_POINT('',(-262.,-11.48050297095,274.68361402466));
#1723 = CIRCLE('',#1724,2.6);
#1724 = AXIS2_PLACEMENT_3D('',#1725,#1726,#1727);
#1725 = CARTESIAN_POINT('',(-262.,-11.48050297095,277.28361402466));
#1726 = DIRECTION('',(1.,-0.,1.110223024625E-16));
#1727 = DIRECTION('',(1.110223024625E-16,0.,-1.));
#1728 = FACE_BOUND('',#1729,.F.);
#1729 = EDGE_LOOP('',(#1730,#1741,#1750));
#1730 = ORIENTED_EDGE('',*,*,#1731,.F.);
#1731 = EDGE_CURVE('',#1732,#1734,#1736,.T.);
#1732 = VERTEX_POINT('',#1733);
#1733 = CARTESIAN_POINT('',(-262.,-6.368163355566E-16,272.4));
#1734 = VERTEX_POINT('',#1735);
#1735 = CARTESIAN_POINT('',(-262.,1.301310210696,277.2509090909));
#1736 = CIRCLE('',#1737,2.6);
#1737 = AXIS2_PLACEMENT_3D('',#1738,#1739,#1740);
#1738 = CARTESIAN_POINT('',(-262.,0.,275.));
#1739 = DIRECTION('',(1.,-0.,1.110223024625E-16));
#1740 = DIRECTION('',(1.110223024625E-16,0.,-1.));
#1741 = ORIENTED_EDGE('',*,*,#1742,.F.);
#1742 = EDGE_CURVE('',#1743,#1732,#1745,.T.);
#1743 = VERTEX_POINT('',#1744);
#1744 = CARTESIAN_POINT('',(-262.,-1.301310210696,277.2509090909));
#1745 = CIRCLE('',#1746,2.6);
#1746 = AXIS2_PLACEMENT_3D('',#1747,#1748,#1749);
#1747 = CARTESIAN_POINT('',(-262.,0.,275.));
#1748 = DIRECTION('',(1.,-0.,1.110223024625E-16));
#1749 = DIRECTION('',(1.110223024625E-16,0.,-1.));
#1750 = ORIENTED_EDGE('',*,*,#1751,.F.);
#1751 = EDGE_CURVE('',#1734,#1743,#1752,.T.);
#1752 = CIRCLE('',#1753,3.5);
#1753 = AXIS2_PLACEMENT_3D('',#1754,#1755,#1756);
#1754 = CARTESIAN_POINT('',(-262.,-6.000769315822E-15,280.5));
#1755 = DIRECTION('',(1.,-0.,1.110223024625E-16));
#1756 = DIRECTION('',(1.110223024625E-16,0.,-1.));
#1757 = FACE_BOUND('',#1758,.F.);
#1758 = EDGE_LOOP('',(#1759,#1770,#1779));
#1759 = ORIENTED_EDGE('',*,*,#1760,.F.);
#1760 = EDGE_CURVE('',#1761,#1763,#1765,.T.);
#1761 = VERTEX_POINT('',#1762);
#1762 = CARTESIAN_POINT('',(-262.,1.301310210696,332.74909090909));
#1763 = VERTEX_POINT('',#1764);
#1764 = CARTESIAN_POINT('',(-262.,-1.301310210696,332.74909090909));
#1765 = CIRCLE('',#1766,2.6);
#1766 = AXIS2_PLACEMENT_3D('',#1767,#1768,#1769);
#1767 = CARTESIAN_POINT('',(-262.,3.673940397442E-15,335.));
#1768 = DIRECTION('',(1.,-0.,1.110223024625E-16));
#1769 = DIRECTION('',(1.110223024625E-16,0.,-1.));
#1770 = ORIENTED_EDGE('',*,*,#1771,.F.);
#1771 = EDGE_CURVE('',#1772,#1761,#1774,.T.);
#1772 = VERTEX_POINT('',#1773);
#1773 = CARTESIAN_POINT('',(-262.,2.143131898508E-15,326.));
#1774 = CIRCLE('',#1775,3.5);
#1775 = AXIS2_PLACEMENT_3D('',#1776,#1777,#1778);
#1776 = CARTESIAN_POINT('',(-262.,3.000384657911E-15,329.5));
#1777 = DIRECTION('',(1.,-0.,1.110223024625E-16));
#1778 = DIRECTION('',(1.110223024625E-16,0.,-1.));
#1779 = ORIENTED_EDGE('',*,*,#1780,.F.);
#1780 = EDGE_CURVE('',#1763,#1772,#1781,.T.);
#1781 = CIRCLE('',#1782,3.5);
#1782 = AXIS2_PLACEMENT_3D('',#1783,#1784,#1785);
#1783 = CARTESIAN_POINT('',(-262.,3.000384657911E-15,329.5));
#1784 = DIRECTION('',(1.,-0.,1.110223024625E-16));
#1785 = DIRECTION('',(1.110223024625E-16,0.,-1.));
#1786 = FACE_BOUND('',#1787,.F.);
#1787 = EDGE_LOOP('',(#1788));
#1788 = ORIENTED_EDGE('',*,*,#1789,.F.);
#1789 = EDGE_CURVE('',#1790,#1790,#1792,.T.);
#1790 = VERTEX_POINT('',#1791);
#1791 = CARTESIAN_POINT('',(-262.,11.480502970953,330.11638597533));
#1792 = CIRCLE('',#1793,2.6);
#1793 = AXIS2_PLACEMENT_3D('',#1794,#1795,#1796);
#1794 = CARTESIAN_POINT('',(-262.,11.480502970953,332.71638597533));
#1795 = DIRECTION('',(1.,-0.,1.110223024625E-16));
#1796 = DIRECTION('',(1.110223024625E-16,0.,-1.));
#1797 = FACE_BOUND('',#1798,.F.);
#1798 = EDGE_LOOP('',(#1799));
#1799 = ORIENTED_EDGE('',*,*,#1800,.F.);
#1800 = EDGE_CURVE('',#1801,#1801,#1803,.T.);
#1801 = VERTEX_POINT('',#1802);
#1802 = CARTESIAN_POINT('',(-262.,10.,319.72050807568));
#1803 = CIRCLE('',#1804,2.6);
#1804 = AXIS2_PLACEMENT_3D('',#1805,#1806,#1807);
#1805 = CARTESIAN_POINT('',(-262.,10.,322.32050807568));
#1806 = DIRECTION('',(1.,-0.,1.110223024625E-16));
#1807 = DIRECTION('',(1.110223024625E-16,0.,-1.));
#1808 = FACE_BOUND('',#1809,.F.);
#1809 = EDGE_LOOP('',(#1810));
#1810 = ORIENTED_EDGE('',*,*,#1811,.F.);
#1811 = EDGE_CURVE('',#1812,#1812,#1814,.T.);
#1812 = VERTEX_POINT('',#1813);
#1813 = CARTESIAN_POINT('',(-262.,21.213203435596,323.61320343559));
#1814 = CIRCLE('',#1815,2.6);
#1815 = AXIS2_PLACEMENT_3D('',#1816,#1817,#1818);
#1816 = CARTESIAN_POINT('',(-262.,21.213203435596,326.21320343559));
#1817 = DIRECTION('',(1.,-0.,1.110223024625E-16));
#1818 = DIRECTION('',(1.110223024625E-16,0.,-1.));
#1819 = FACE_BOUND('',#1820,.F.);
#1820 = EDGE_LOOP('',(#1821));
#1821 = ORIENTED_EDGE('',*,*,#1822,.F.);
#1822 = EDGE_CURVE('',#1823,#1823,#1825,.T.);
#1823 = VERTEX_POINT('',#1824);
#1824 = CARTESIAN_POINT('',(-262.,21.217622392719,313.75));
#1825 = CIRCLE('',#1826,3.5);
#1826 = AXIS2_PLACEMENT_3D('',#1827,#1828,#1829);
#1827 = CARTESIAN_POINT('',(-262.,21.217622392719,317.25));
#1828 = DIRECTION('',(1.,-0.,1.110223024625E-16));
#1829 = DIRECTION('',(1.110223024625E-16,0.,-1.));
#1830 = FACE_BOUND('',#1831,.F.);
#1831 = EDGE_LOOP('',(#1832));
#1832 = ORIENTED_EDGE('',*,*,#1833,.F.);
#1833 = EDGE_CURVE('',#1834,#1834,#1836,.T.);
#1834 = VERTEX_POINT('',#1835);
#1835 = CARTESIAN_POINT('',(-262.,27.716385975339,313.88050297095));
#1836 = CIRCLE('',#1837,2.6);
#1837 = AXIS2_PLACEMENT_3D('',#1838,#1839,#1840);
#1838 = CARTESIAN_POINT('',(-262.,27.716385975339,316.48050297095));
#1839 = DIRECTION('',(1.,-0.,1.110223024625E-16));
#1840 = DIRECTION('',(1.110223024625E-16,0.,-1.));
#1841 = FACE_BOUND('',#1842,.F.);
#1842 = EDGE_LOOP('',(#1843));
#1843 = ORIENTED_EDGE('',*,*,#1844,.F.);
#1844 = EDGE_CURVE('',#1845,#1845,#1847,.T.);
#1845 = VERTEX_POINT('',#1846);
#1846 = CARTESIAN_POINT('',(-262.,-1.959434878636E-15,297.));
#1847 = CIRCLE('',#1848,8.);
#1848 = AXIS2_PLACEMENT_3D('',#1849,#1850,#1851);
#1849 = CARTESIAN_POINT('',(-262.,0.,305.));
#1850 = DIRECTION('',(1.,-0.,1.110223024625E-16));
#1851 = DIRECTION('',(1.110223024625E-16,0.,-1.));
#1852 = FACE_BOUND('',#1853,.F.);
#1853 = EDGE_LOOP('',(#1854));
#1854 = ORIENTED_EDGE('',*,*,#1855,.F.);
#1855 = EDGE_CURVE('',#1856,#1856,#1858,.T.);
#1856 = VERTEX_POINT('',#1857);
#1857 = CARTESIAN_POINT('',(-262.,10.,285.07949192431));
#1858 = CIRCLE('',#1859,2.6);
#1859 = AXIS2_PLACEMENT_3D('',#1860,#1861,#1862);
#1860 = CARTESIAN_POINT('',(-262.,10.,287.67949192431));
#1861 = DIRECTION('',(1.,-0.,1.110223024625E-16));
#1862 = DIRECTION('',(1.110223024625E-16,0.,-1.));
#1863 = FACE_BOUND('',#1864,.F.);
#1864 = EDGE_LOOP('',(#1865));
#1865 = ORIENTED_EDGE('',*,*,#1866,.F.);
#1866 = EDGE_CURVE('',#1867,#1867,#1869,.T.);
#1867 = VERTEX_POINT('',#1868);
#1868 = CARTESIAN_POINT('',(-262.,11.480502970953,274.68361402466));
#1869 = CIRCLE('',#1870,2.6);
#1870 = AXIS2_PLACEMENT_3D('',#1871,#1872,#1873);
#1871 = CARTESIAN_POINT('',(-262.,11.480502970953,277.28361402466));
#1872 = DIRECTION('',(1.,-0.,1.110223024625E-16));
#1873 = DIRECTION('',(1.110223024625E-16,0.,-1.));
#1874 = FACE_BOUND('',#1875,.F.);
#1875 = EDGE_LOOP('',(#1876));
#1876 = ORIENTED_EDGE('',*,*,#1877,.F.);
#1877 = EDGE_CURVE('',#1878,#1878,#1880,.T.);
#1878 = VERTEX_POINT('',#1879);
#1879 = CARTESIAN_POINT('',(-262.,20.,302.4));
#1880 = CIRCLE('',#1881,2.6);
#1881 = AXIS2_PLACEMENT_3D('',#1882,#1883,#1884);
#1882 = CARTESIAN_POINT('',(-262.,20.,305.));
#1883 = DIRECTION('',(1.,-0.,1.110223024625E-16));
#1884 = DIRECTION('',(1.110223024625E-16,0.,-1.));
#1885 = FACE_BOUND('',#1886,.F.);
#1886 = EDGE_LOOP('',(#1887));
#1887 = ORIENTED_EDGE('',*,*,#1888,.F.);
#1888 = EDGE_CURVE('',#1889,#1889,#1891,.T.);
#1889 = VERTEX_POINT('',#1890);
#1890 = CARTESIAN_POINT('',(-262.,21.217622392719,289.25));
#1891 = CIRCLE('',#1892,3.5);
#1892 = AXIS2_PLACEMENT_3D('',#1893,#1894,#1895);
#1893 = CARTESIAN_POINT('',(-262.,21.217622392719,292.75));
#1894 = DIRECTION('',(1.,-0.,1.110223024625E-16));
#1895 = DIRECTION('',(1.110223024625E-16,0.,-1.));
#1896 = FACE_BOUND('',#1897,.F.);
#1897 = EDGE_LOOP('',(#1898));
#1898 = ORIENTED_EDGE('',*,*,#1899,.F.);
#1899 = EDGE_CURVE('',#1900,#1900,#1902,.T.);
#1900 = VERTEX_POINT('',#1901);
#1901 = CARTESIAN_POINT('',(-262.,30.,302.4));
#1902 = CIRCLE('',#1903,2.6);
#1903 = AXIS2_PLACEMENT_3D('',#1904,#1905,#1906);
#1904 = CARTESIAN_POINT('',(-262.,30.,305.));
#1905 = DIRECTION('',(1.,-0.,1.110223024625E-16));
#1906 = DIRECTION('',(1.110223024625E-16,0.,-1.));
#1907 = FACE_BOUND('',#1908,.F.);
#1908 = EDGE_LOOP('',(#1909));
#1909 = ORIENTED_EDGE('',*,*,#1910,.F.);
#1910 = EDGE_CURVE('',#1911,#1911,#1913,.T.);
#1911 = VERTEX_POINT('',#1912);
#1912 = CARTESIAN_POINT('',(-262.,27.716385975339,290.91949702904));
#1913 = CIRCLE('',#1914,2.6);
#1914 = AXIS2_PLACEMENT_3D('',#1915,#1916,#1917);
#1915 = CARTESIAN_POINT('',(-262.,27.716385975339,293.51949702904));
#1916 = DIRECTION('',(1.,-0.,1.110223024625E-16));
#1917 = DIRECTION('',(1.110223024625E-16,0.,-1.));
#1918 = FACE_BOUND('',#1919,.F.);
#1919 = EDGE_LOOP('',(#1920));
#1920 = ORIENTED_EDGE('',*,*,#1921,.F.);
#1921 = EDGE_CURVE('',#1922,#1922,#1924,.T.);
#1922 = VERTEX_POINT('',#1923);
#1923 = CARTESIAN_POINT('',(-262.,21.213203435596,281.1867965644));
#1924 = CIRCLE('',#1925,2.6);
#1925 = AXIS2_PLACEMENT_3D('',#1926,#1927,#1928);
#1926 = CARTESIAN_POINT('',(-262.,21.213203435596,283.7867965644));
#1927 = DIRECTION('',(1.,-0.,1.110223024625E-16));
#1928 = DIRECTION('',(1.110223024625E-16,0.,-1.));
#1929 = PLANE('',#1930);
#1930 = AXIS2_PLACEMENT_3D('',#1931,#1932,#1933);
#1931 = CARTESIAN_POINT('',(-262.,0.,305.));
#1932 = DIRECTION('',(1.,0.,1.110223024625E-16));
#1933 = DIRECTION('',(1.110223024625E-16,0.,-1.));
#1934 = ADVANCED_FACE('',(#1935),#1946,.F.);
#1935 = FACE_BOUND('',#1936,.F.);
#1936 = EDGE_LOOP('',(#1937,#1938,#1944,#1945));
#1937 = ORIENTED_EDGE('',*,*,#1257,.F.);
#1938 = ORIENTED_EDGE('',*,*,#1939,.F.);
#1939 = EDGE_CURVE('',#1600,#1258,#1940,.T.);
#1940 = LINE('',#1941,#1942);
#1941 = CARTESIAN_POINT('',(-264.,-21.21320343559,323.61320343559));
#1942 = VECTOR('',#1943,1.);
#1943 = DIRECTION('',(1.,0.,1.110223024625E-16));
#1944 = ORIENTED_EDGE('',*,*,#1599,.T.);
#1945 = ORIENTED_EDGE('',*,*,#1939,.T.);
#1946 = CYLINDRICAL_SURFACE('',#1947,2.6);
#1947 = AXIS2_PLACEMENT_3D('',#1948,#1949,#1950);
#1948 = CARTESIAN_POINT('',(-264.,-21.21320343559,326.21320343559));
#1949 = DIRECTION('',(1.,0.,1.110223024625E-16));
#1950 = DIRECTION('',(1.110223024625E-16,0.,-1.));
#1951 = ADVANCED_FACE('',(#1952),#1963,.F.);
#1952 = FACE_BOUND('',#1953,.F.);
#1953 = EDGE_LOOP('',(#1954,#1955,#1961,#1962));
#1954 = ORIENTED_EDGE('',*,*,#1268,.F.);
#1955 = ORIENTED_EDGE('',*,*,#1956,.F.);
#1956 = EDGE_CURVE('',#1611,#1269,#1957,.T.);
#1957 = LINE('',#1958,#1959);
#1958 = CARTESIAN_POINT('',(-264.,-27.71638597533,313.88050297095));
#1959 = VECTOR('',#1960,1.);
#1960 = DIRECTION('',(1.,0.,1.110223024625E-16));
#1961 = ORIENTED_EDGE('',*,*,#1610,.T.);
#1962 = ORIENTED_EDGE('',*,*,#1956,.T.);
#1963 = CYLINDRICAL_SURFACE('',#1964,2.6);
#1964 = AXIS2_PLACEMENT_3D('',#1965,#1966,#1967);
#1965 = CARTESIAN_POINT('',(-264.,-27.71638597533,316.48050297095));
#1966 = DIRECTION('',(1.,0.,1.110223024625E-16));
#1967 = DIRECTION('',(1.110223024625E-16,0.,-1.));
#1968 = ADVANCED_FACE('',(#1969),#1980,.F.);
#1969 = FACE_BOUND('',#1970,.F.);
#1970 = EDGE_LOOP('',(#1971,#1972,#1978,#1979));
#1971 = ORIENTED_EDGE('',*,*,#1279,.F.);
#1972 = ORIENTED_EDGE('',*,*,#1973,.F.);
#1973 = EDGE_CURVE('',#1622,#1280,#1974,.T.);
#1974 = LINE('',#1975,#1976);
#1975 = CARTESIAN_POINT('',(-264.,-30.,302.4));
#1976 = VECTOR('',#1977,1.);
#1977 = DIRECTION('',(1.,0.,1.110223024625E-16));
#1978 = ORIENTED_EDGE('',*,*,#1621,.T.);
#1979 = ORIENTED_EDGE('',*,*,#1973,.T.);
#1980 = CYLINDRICAL_SURFACE('',#1981,2.6);
#1981 = AXIS2_PLACEMENT_3D('',#1982,#1983,#1984);
#1982 = CARTESIAN_POINT('',(-264.,-30.,305.));
#1983 = DIRECTION('',(1.,0.,1.110223024625E-16));
#1984 = DIRECTION('',(1.110223024625E-16,0.,-1.));
#1985 = ADVANCED_FACE('',(#1986),#1997,.F.);
#1986 = FACE_BOUND('',#1987,.F.);
#1987 = EDGE_LOOP('',(#1988,#1989,#1995,#1996));
#1988 = ORIENTED_EDGE('',*,*,#1290,.F.);
#1989 = ORIENTED_EDGE('',*,*,#1990,.F.);
#1990 = EDGE_CURVE('',#1633,#1291,#1991,.T.);
#1991 = LINE('',#1992,#1993);
#1992 = CARTESIAN_POINT('',(-264.,-21.21762239271,313.75));
#1993 = VECTOR('',#1994,1.);
#1994 = DIRECTION('',(1.,0.,1.110223024625E-16));
#1995 = ORIENTED_EDGE('',*,*,#1632,.T.);
#1996 = ORIENTED_EDGE('',*,*,#1990,.T.);
#1997 = CYLINDRICAL_SURFACE('',#1998,3.5);
#1998 = AXIS2_PLACEMENT_3D('',#1999,#2000,#2001);
#1999 = CARTESIAN_POINT('',(-264.,-21.21762239271,317.25));
#2000 = DIRECTION('',(1.,0.,1.110223024625E-16));
#2001 = DIRECTION('',(1.110223024625E-16,0.,-1.));
#2002 = ADVANCED_FACE('',(#2003),#2014,.F.);
#2003 = FACE_BOUND('',#2004,.F.);
#2004 = EDGE_LOOP('',(#2005,#2006,#2012,#2013));
#2005 = ORIENTED_EDGE('',*,*,#1301,.F.);
#2006 = ORIENTED_EDGE('',*,*,#2007,.F.);
#2007 = EDGE_CURVE('',#1644,#1302,#2008,.T.);
#2008 = LINE('',#2009,#2010);
#2009 = CARTESIAN_POINT('',(-264.,-20.,302.4));
#2010 = VECTOR('',#2011,1.);
#2011 = DIRECTION('',(1.,0.,1.110223024625E-16));
#2012 = ORIENTED_EDGE('',*,*,#1643,.T.);
#2013 = ORIENTED_EDGE('',*,*,#2007,.T.);
#2014 = CYLINDRICAL_SURFACE('',#2015,2.6);
#2015 = AXIS2_PLACEMENT_3D('',#2016,#2017,#2018);
#2016 = CARTESIAN_POINT('',(-264.,-20.,305.));
#2017 = DIRECTION('',(1.,0.,1.110223024625E-16));
#2018 = DIRECTION('',(1.110223024625E-16,0.,-1.));
#2019 = ADVANCED_FACE('',(#2020),#2031,.F.);
#2020 = FACE_BOUND('',#2021,.F.);
#2021 = EDGE_LOOP('',(#2022,#2023,#2029,#2030));
#2022 = ORIENTED_EDGE('',*,*,#1312,.F.);
#2023 = ORIENTED_EDGE('',*,*,#2024,.F.);
#2024 = EDGE_CURVE('',#1655,#1313,#2025,.T.);
#2025 = LINE('',#2026,#2027);
#2026 = CARTESIAN_POINT('',(-264.,-11.48050297095,330.11638597533));
#2027 = VECTOR('',#2028,1.);
#2028 = DIRECTION('',(1.,0.,1.110223024625E-16));
#2029 = ORIENTED_EDGE('',*,*,#1654,.T.);
#2030 = ORIENTED_EDGE('',*,*,#2024,.T.);
#2031 = CYLINDRICAL_SURFACE('',#2032,2.6);
#2032 = AXIS2_PLACEMENT_3D('',#2033,#2034,#2035);
#2033 = CARTESIAN_POINT('',(-264.,-11.48050297095,332.71638597533));
#2034 = DIRECTION('',(1.,0.,1.110223024625E-16));
#2035 = DIRECTION('',(1.110223024625E-16,0.,-1.));
#2036 = ADVANCED_FACE('',(#2037),#2048,.F.);
#2037 = FACE_BOUND('',#2038,.F.);
#2038 = EDGE_LOOP('',(#2039,#2040,#2046,#2047));
#2039 = ORIENTED_EDGE('',*,*,#1323,.F.);
#2040 = ORIENTED_EDGE('',*,*,#2041,.F.);
#2041 = EDGE_CURVE('',#1666,#1324,#2042,.T.);
#2042 = LINE('',#2043,#2044);
#2043 = CARTESIAN_POINT('',(-264.,-10.,319.72050807568));
#2044 = VECTOR('',#2045,1.);
#2045 = DIRECTION('',(1.,0.,1.110223024625E-16));
#2046 = ORIENTED_EDGE('',*,*,#1665,.T.);
#2047 = ORIENTED_EDGE('',*,*,#2041,.T.);
#2048 = CYLINDRICAL_SURFACE('',#2049,2.6);
#2049 = AXIS2_PLACEMENT_3D('',#2050,#2051,#2052);
#2050 = CARTESIAN_POINT('',(-264.,-10.,322.32050807568));
#2051 = DIRECTION('',(1.,0.,1.110223024625E-16));
#2052 = DIRECTION('',(1.110223024625E-16,0.,-1.));
#2053 = ADVANCED_FACE('',(#2054),#2065,.F.);
#2054 = FACE_BOUND('',#2055,.F.);
#2055 = EDGE_LOOP('',(#2056,#2057,#2063,#2064));
#2056 = ORIENTED_EDGE('',*,*,#1334,.F.);
#2057 = ORIENTED_EDGE('',*,*,#2058,.F.);
#2058 = EDGE_CURVE('',#1677,#1335,#2059,.T.);
#2059 = LINE('',#2060,#2061);
#2060 = CARTESIAN_POINT('',(-264.,-27.71638597533,290.91949702904));
#2061 = VECTOR('',#2062,1.);
#2062 = DIRECTION('',(1.,0.,1.110223024625E-16));
#2063 = ORIENTED_EDGE('',*,*,#1676,.T.);
#2064 = ORIENTED_EDGE('',*,*,#2058,.T.);
#2065 = CYLINDRICAL_SURFACE('',#2066,2.6);
#2066 = AXIS2_PLACEMENT_3D('',#2067,#2068,#2069);
#2067 = CARTESIAN_POINT('',(-264.,-27.71638597533,293.51949702904));
#2068 = DIRECTION('',(1.,0.,1.110223024625E-16));
#2069 = DIRECTION('',(1.110223024625E-16,0.,-1.));
#2070 = ADVANCED_FACE('',(#2071),#2082,.F.);
#2071 = FACE_BOUND('',#2072,.F.);
#2072 = EDGE_LOOP('',(#2073,#2074,#2080,#2081));
#2073 = ORIENTED_EDGE('',*,*,#1345,.F.);
#2074 = ORIENTED_EDGE('',*,*,#2075,.F.);
#2075 = EDGE_CURVE('',#1688,#1346,#2076,.T.);
#2076 = LINE('',#2077,#2078);
#2077 = CARTESIAN_POINT('',(-264.,-21.21762239271,289.25));
#2078 = VECTOR('',#2079,1.);
#2079 = DIRECTION('',(1.,0.,1.110223024625E-16));
#2080 = ORIENTED_EDGE('',*,*,#1687,.T.);
#2081 = ORIENTED_EDGE('',*,*,#2075,.T.);
#2082 = CYLINDRICAL_SURFACE('',#2083,3.5);
#2083 = AXIS2_PLACEMENT_3D('',#2084,#2085,#2086);
#2084 = CARTESIAN_POINT('',(-264.,-21.21762239271,292.75));
#2085 = DIRECTION('',(1.,0.,1.110223024625E-16));
#2086 = DIRECTION('',(1.110223024625E-16,0.,-1.));
#2087 = ADVANCED_FACE('',(#2088),#2099,.F.);
#2088 = FACE_BOUND('',#2089,.F.);
#2089 = EDGE_LOOP('',(#2090,#2091,#2097,#2098));
#2090 = ORIENTED_EDGE('',*,*,#1356,.F.);
#2091 = ORIENTED_EDGE('',*,*,#2092,.F.);
#2092 = EDGE_CURVE('',#1699,#1357,#2093,.T.);
#2093 = LINE('',#2094,#2095);
#2094 = CARTESIAN_POINT('',(-264.,-21.21320343559,281.1867965644));
#2095 = VECTOR('',#2096,1.);
#2096 = DIRECTION('',(1.,0.,1.110223024625E-16));
#2097 = ORIENTED_EDGE('',*,*,#1698,.T.);
#2098 = ORIENTED_EDGE('',*,*,#2092,.T.);
#2099 = CYLINDRICAL_SURFACE('',#2100,2.6);
#2100 = AXIS2_PLACEMENT_3D('',#2101,#2102,#2103);
#2101 = CARTESIAN_POINT('',(-264.,-21.21320343559,283.7867965644));
#2102 = DIRECTION('',(1.,0.,1.110223024625E-16));
#2103 = DIRECTION('',(1.110223024625E-16,0.,-1.));
#2104 = ADVANCED_FACE('',(#2105),#2116,.F.);
#2105 = FACE_BOUND('',#2106,.F.);
#2106 = EDGE_LOOP('',(#2107,#2108,#2114,#2115));
#2107 = ORIENTED_EDGE('',*,*,#1367,.F.);
#2108 = ORIENTED_EDGE('',*,*,#2109,.F.);
#2109 = EDGE_CURVE('',#1710,#1368,#2110,.T.);
#2110 = LINE('',#2111,#2112);
#2111 = CARTESIAN_POINT('',(-264.,-10.,285.07949192431));
#2112 = VECTOR('',#2113,1.);
#2113 = DIRECTION('',(1.,0.,1.110223024625E-16));
#2114 = ORIENTED_EDGE('',*,*,#1709,.T.);
#2115 = ORIENTED_EDGE('',*,*,#2109,.T.);
#2116 = CYLINDRICAL_SURFACE('',#2117,2.6);
#2117 = AXIS2_PLACEMENT_3D('',#2118,#2119,#2120);
#2118 = CARTESIAN_POINT('',(-264.,-10.,287.67949192431));
#2119 = DIRECTION('',(1.,0.,1.110223024625E-16));
#2120 = DIRECTION('',(1.110223024625E-16,0.,-1.));
#2121 = ADVANCED_FACE('',(#2122),#2133,.F.);
#2122 = FACE_BOUND('',#2123,.F.);
#2123 = EDGE_LOOP('',(#2124,#2125,#2131,#2132));
#2124 = ORIENTED_EDGE('',*,*,#1378,.F.);
#2125 = ORIENTED_EDGE('',*,*,#2126,.F.);
#2126 = EDGE_CURVE('',#1721,#1379,#2127,.T.);
#2127 = LINE('',#2128,#2129);
#2128 = CARTESIAN_POINT('',(-264.,-11.48050297095,274.68361402466));
#2129 = VECTOR('',#2130,1.);
#2130 = DIRECTION('',(1.,0.,1.110223024625E-16));
#2131 = ORIENTED_EDGE('',*,*,#1720,.T.);
#2132 = ORIENTED_EDGE('',*,*,#2126,.T.);
#2133 = CYLINDRICAL_SURFACE('',#2134,2.6);
#2134 = AXIS2_PLACEMENT_3D('',#2135,#2136,#2137);
#2135 = CARTESIAN_POINT('',(-264.,-11.48050297095,277.28361402466));
#2136 = DIRECTION('',(1.,0.,1.110223024625E-16));
#2137 = DIRECTION('',(1.110223024625E-16,0.,-1.));
#2138 = ADVANCED_FACE('',(#2139),#2155,.F.);
#2139 = FACE_BOUND('',#2140,.F.);
#2140 = EDGE_LOOP('',(#2141,#2142,#2148,#2149));
#2141 = ORIENTED_EDGE('',*,*,#1389,.F.);
#2142 = ORIENTED_EDGE('',*,*,#2143,.F.);
#2143 = EDGE_CURVE('',#1732,#1390,#2144,.T.);
#2144 = LINE('',#2145,#2146);
#2145 = CARTESIAN_POINT('',(-264.,-6.368163355566E-16,272.4));
#2146 = VECTOR('',#2147,1.);
#2147 = DIRECTION('',(1.,0.,1.110223024625E-16));
#2148 = ORIENTED_EDGE('',*,*,#1731,.T.);
#2149 = ORIENTED_EDGE('',*,*,#2150,.T.);
#2150 = EDGE_CURVE('',#1734,#1392,#2151,.T.);
#2151 = LINE('',#2152,#2153);
#2152 = CARTESIAN_POINT('',(-264.,1.301310210696,277.2509090909));
#2153 = VECTOR('',#2154,1.);
#2154 = DIRECTION('',(1.,0.,1.110223024625E-16));
#2155 = CYLINDRICAL_SURFACE('',#2156,2.6);
#2156 = AXIS2_PLACEMENT_3D('',#2157,#2158,#2159);
#2157 = CARTESIAN_POINT('',(-264.,0.,275.));
#2158 = DIRECTION('',(1.,0.,1.110223024625E-16));
#2159 = DIRECTION('',(1.110223024625E-16,0.,-1.));
#2160 = ADVANCED_FACE('',(#2161),#2172,.F.);
#2161 = FACE_BOUND('',#2162,.F.);
#2162 = EDGE_LOOP('',(#2163,#2164,#2165,#2166));
#2163 = ORIENTED_EDGE('',*,*,#1409,.F.);
#2164 = ORIENTED_EDGE('',*,*,#2150,.F.);
#2165 = ORIENTED_EDGE('',*,*,#1751,.T.);
#2166 = ORIENTED_EDGE('',*,*,#2167,.T.);
#2167 = EDGE_CURVE('',#1743,#1401,#2168,.T.);
#2168 = LINE('',#2169,#2170);
#2169 = CARTESIAN_POINT('',(-264.,-1.301310210696,277.2509090909));
#2170 = VECTOR('',#2171,1.);
#2171 = DIRECTION('',(1.,0.,1.110223024625E-16));
#2172 = CYLINDRICAL_SURFACE('',#2173,3.5);
#2173 = AXIS2_PLACEMENT_3D('',#2174,#2175,#2176);
#2174 = CARTESIAN_POINT('',(-264.,-6.000769315822E-15,280.5));
#2175 = DIRECTION('',(1.,0.,1.110223024625E-16));
#2176 = DIRECTION('',(1.110223024625E-16,0.,-1.));
#2177 = ADVANCED_FACE('',(#2178),#2184,.F.);
#2178 = FACE_BOUND('',#2179,.F.);
#2179 = EDGE_LOOP('',(#2180,#2181,#2182,#2183));
#2180 = ORIENTED_EDGE('',*,*,#2143,.T.);
#2181 = ORIENTED_EDGE('',*,*,#1400,.F.);
#2182 = ORIENTED_EDGE('',*,*,#2167,.F.);
#2183 = ORIENTED_EDGE('',*,*,#1742,.T.);
#2184 = CYLINDRICAL_SURFACE('',#2185,2.6);
#2185 = AXIS2_PLACEMENT_3D('',#2186,#2187,#2188);
#2186 = CARTESIAN_POINT('',(-264.,0.,275.));
#2187 = DIRECTION('',(1.,0.,1.110223024625E-16));
#2188 = DIRECTION('',(1.110223024625E-16,0.,-1.));
#2189 = ADVANCED_FACE('',(#2190),#2206,.F.);
#2190 = FACE_BOUND('',#2191,.F.);
#2191 = EDGE_LOOP('',(#2192,#2193,#2199,#2200));
#2192 = ORIENTED_EDGE('',*,*,#1418,.F.);
#2193 = ORIENTED_EDGE('',*,*,#2194,.F.);
#2194 = EDGE_CURVE('',#1761,#1419,#2195,.T.);
#2195 = LINE('',#2196,#2197);
#2196 = CARTESIAN_POINT('',(-264.,1.301310210696,332.74909090909));
#2197 = VECTOR('',#2198,1.);
#2198 = DIRECTION('',(1.,0.,1.110223024625E-16));
#2199 = ORIENTED_EDGE('',*,*,#1760,.T.);
#2200 = ORIENTED_EDGE('',*,*,#2201,.T.);
#2201 = EDGE_CURVE('',#1763,#1421,#2202,.T.);
#2202 = LINE('',#2203,#2204);
#2203 = CARTESIAN_POINT('',(-264.,-1.301310210696,332.74909090909));
#2204 = VECTOR('',#2205,1.);
#2205 = DIRECTION('',(1.,0.,1.110223024625E-16));
#2206 = CYLINDRICAL_SURFACE('',#2207,2.6);
#2207 = AXIS2_PLACEMENT_3D('',#2208,#2209,#2210);
#2208 = CARTESIAN_POINT('',(-264.,3.673940397442E-15,335.));
#2209 = DIRECTION('',(1.,0.,1.110223024625E-16));
#2210 = DIRECTION('',(1.110223024625E-16,0.,-1.));
#2211 = ADVANCED_FACE('',(#2212),#2223,.F.);
#2212 = FACE_BOUND('',#2213,.F.);
#2213 = EDGE_LOOP('',(#2214,#2220,#2221,#2222));
#2214 = ORIENTED_EDGE('',*,*,#2215,.T.);
#2215 = EDGE_CURVE('',#1772,#1430,#2216,.T.);
#2216 = LINE('',#2217,#2218);
#2217 = CARTESIAN_POINT('',(-264.,2.143131898508E-15,326.));
#2218 = VECTOR('',#2219,1.);
#2219 = DIRECTION('',(1.,0.,1.110223024625E-16));
#2220 = ORIENTED_EDGE('',*,*,#1438,.F.);
#2221 = ORIENTED_EDGE('',*,*,#2201,.F.);
#2222 = ORIENTED_EDGE('',*,*,#1780,.T.);
#2223 = CYLINDRICAL_SURFACE('',#2224,3.5);
#2224 = AXIS2_PLACEMENT_3D('',#2225,#2226,#2227);
#2225 = CARTESIAN_POINT('',(-264.,3.000384657911E-15,329.5));
#2226 = DIRECTION('',(1.,0.,1.110223024625E-16));
#2227 = DIRECTION('',(1.110223024625E-16,0.,-1.));
#2228 = ADVANCED_FACE('',(#2229),#2235,.F.);
#2229 = FACE_BOUND('',#2230,.F.);
#2230 = EDGE_LOOP('',(#2231,#2232,#2233,#2234));
#2231 = ORIENTED_EDGE('',*,*,#1429,.F.);
#2232 = ORIENTED_EDGE('',*,*,#2215,.F.);
#2233 = ORIENTED_EDGE('',*,*,#1771,.T.);
#2234 = ORIENTED_EDGE('',*,*,#2194,.T.);
#2235 = CYLINDRICAL_SURFACE('',#2236,3.5);
#2236 = AXIS2_PLACEMENT_3D('',#2237,#2238,#2239);
#2237 = CARTESIAN_POINT('',(-264.,3.000384657911E-15,329.5));
#2238 = DIRECTION('',(1.,0.,1.110223024625E-16));
#2239 = DIRECTION('',(1.110223024625E-16,0.,-1.));
#2240 = ADVANCED_FACE('',(#2241),#2252,.F.);
#2241 = FACE_BOUND('',#2242,.F.);
#2242 = EDGE_LOOP('',(#2243,#2244,#2250,#2251));
#2243 = ORIENTED_EDGE('',*,*,#1447,.F.);
#2244 = ORIENTED_EDGE('',*,*,#2245,.F.);
#2245 = EDGE_CURVE('',#1790,#1448,#2246,.T.);
#2246 = LINE('',#2247,#2248);
#2247 = CARTESIAN_POINT('',(-264.,11.480502970953,330.11638597533));
#2248 = VECTOR('',#2249,1.);
#2249 = DIRECTION('',(1.,0.,1.110223024625E-16));
#2250 = ORIENTED_EDGE('',*,*,#1789,.T.);
#2251 = ORIENTED_EDGE('',*,*,#2245,.T.);
#2252 = CYLINDRICAL_SURFACE('',#2253,2.6);
#2253 = AXIS2_PLACEMENT_3D('',#2254,#2255,#2256);
#2254 = CARTESIAN_POINT('',(-264.,11.480502970953,332.71638597533));
#2255 = DIRECTION('',(1.,0.,1.110223024625E-16));
#2256 = DIRECTION('',(1.110223024625E-16,0.,-1.));
#2257 = ADVANCED_FACE('',(#2258),#2269,.F.);
#2258 = FACE_BOUND('',#2259,.F.);
#2259 = EDGE_LOOP('',(#2260,#2261,#2267,#2268));
#2260 = ORIENTED_EDGE('',*,*,#1458,.F.);
#2261 = ORIENTED_EDGE('',*,*,#2262,.F.);
#2262 = EDGE_CURVE('',#1801,#1459,#2263,.T.);
#2263 = LINE('',#2264,#2265);
#2264 = CARTESIAN_POINT('',(-264.,10.,319.72050807568));
#2265 = VECTOR('',#2266,1.);
#2266 = DIRECTION('',(1.,0.,1.110223024625E-16));
#2267 = ORIENTED_EDGE('',*,*,#1800,.T.);
#2268 = ORIENTED_EDGE('',*,*,#2262,.T.);
#2269 = CYLINDRICAL_SURFACE('',#2270,2.6);
#2270 = AXIS2_PLACEMENT_3D('',#2271,#2272,#2273);
#2271 = CARTESIAN_POINT('',(-264.,10.,322.32050807568));
#2272 = DIRECTION('',(1.,0.,1.110223024625E-16));
#2273 = DIRECTION('',(1.110223024625E-16,0.,-1.));
#2274 = ADVANCED_FACE('',(#2275),#2286,.F.);
#2275 = FACE_BOUND('',#2276,.F.);
#2276 = EDGE_LOOP('',(#2277,#2278,#2284,#2285));
#2277 = ORIENTED_EDGE('',*,*,#1469,.F.);
#2278 = ORIENTED_EDGE('',*,*,#2279,.F.);
#2279 = EDGE_CURVE('',#1812,#1470,#2280,.T.);
#2280 = LINE('',#2281,#2282);
#2281 = CARTESIAN_POINT('',(-264.,21.213203435596,323.61320343559));
#2282 = VECTOR('',#2283,1.);
#2283 = DIRECTION('',(1.,0.,1.110223024625E-16));
#2284 = ORIENTED_EDGE('',*,*,#1811,.T.);
#2285 = ORIENTED_EDGE('',*,*,#2279,.T.);
#2286 = CYLINDRICAL_SURFACE('',#2287,2.6);
#2287 = AXIS2_PLACEMENT_3D('',#2288,#2289,#2290);
#2288 = CARTESIAN_POINT('',(-264.,21.213203435596,326.21320343559));
#2289 = DIRECTION('',(1.,0.,1.110223024625E-16));
#2290 = DIRECTION('',(1.110223024625E-16,0.,-1.));
#2291 = ADVANCED_FACE('',(#2292),#2303,.F.);
#2292 = FACE_BOUND('',#2293,.F.);
#2293 = EDGE_LOOP('',(#2294,#2295,#2301,#2302));
#2294 = ORIENTED_EDGE('',*,*,#1480,.F.);
#2295 = ORIENTED_EDGE('',*,*,#2296,.F.);
#2296 = EDGE_CURVE('',#1823,#1481,#2297,.T.);
#2297 = LINE('',#2298,#2299);
#2298 = CARTESIAN_POINT('',(-264.,21.217622392719,313.75));
#2299 = VECTOR('',#2300,1.);
#2300 = DIRECTION('',(1.,0.,1.110223024625E-16));
#2301 = ORIENTED_EDGE('',*,*,#1822,.T.);
#2302 = ORIENTED_EDGE('',*,*,#2296,.T.);
#2303 = CYLINDRICAL_SURFACE('',#2304,3.5);
#2304 = AXIS2_PLACEMENT_3D('',#2305,#2306,#2307);
#2305 = CARTESIAN_POINT('',(-264.,21.217622392719,317.25));
#2306 = DIRECTION('',(1.,0.,1.110223024625E-16));
#2307 = DIRECTION('',(1.110223024625E-16,0.,-1.));
#2308 = ADVANCED_FACE('',(#2309),#2320,.F.);
#2309 = FACE_BOUND('',#2310,.F.);
#2310 = EDGE_LOOP('',(#2311,#2312,#2318,#2319));
#2311 = ORIENTED_EDGE('',*,*,#1491,.F.);
#2312 = ORIENTED_EDGE('',*,*,#2313,.F.);
#2313 = EDGE_CURVE('',#1834,#1492,#2314,.T.);
#2314 = LINE('',#2315,#2316);
#2315 = CARTESIAN_POINT('',(-264.,27.716385975339,313.88050297095));
#2316 = VECTOR('',#2317,1.);
#2317 = DIRECTION('',(1.,0.,1.110223024625E-16));
#2318 = ORIENTED_EDGE('',*,*,#1833,.T.);
#2319 = ORIENTED_EDGE('',*,*,#2313,.T.);
#2320 = CYLINDRICAL_SURFACE('',#2321,2.6);
#2321 = AXIS2_PLACEMENT_3D('',#2322,#2323,#2324);
#2322 = CARTESIAN_POINT('',(-264.,27.716385975339,316.48050297095));
#2323 = DIRECTION('',(1.,0.,1.110223024625E-16));
#2324 = DIRECTION('',(1.110223024625E-16,0.,-1.));
#2325 = ADVANCED_FACE('',(#2326),#2337,.F.);
#2326 = FACE_BOUND('',#2327,.F.);
#2327 = EDGE_LOOP('',(#2328,#2329,#2335,#2336));
#2328 = ORIENTED_EDGE('',*,*,#1502,.F.);
#2329 = ORIENTED_EDGE('',*,*,#2330,.F.);
#2330 = EDGE_CURVE('',#1845,#1503,#2331,.T.);
#2331 = LINE('',#2332,#2333);
#2332 = CARTESIAN_POINT('',(-264.,-1.959434878636E-15,297.));
#2333 = VECTOR('',#2334,1.);
#2334 = DIRECTION('',(1.,0.,1.110223024625E-16));
#2335 = ORIENTED_EDGE('',*,*,#1844,.T.);
#2336 = ORIENTED_EDGE('',*,*,#2330,.T.);
#2337 = CYLINDRICAL_SURFACE('',#2338,8.);
#2338 = AXIS2_PLACEMENT_3D('',#2339,#2340,#2341);
#2339 = CARTESIAN_POINT('',(-264.,0.,305.));
#2340 = DIRECTION('',(1.,0.,1.110223024625E-16));
#2341 = DIRECTION('',(1.110223024625E-16,0.,-1.));
#2342 = ADVANCED_FACE('',(#2343),#2354,.F.);
#2343 = FACE_BOUND('',#2344,.F.);
#2344 = EDGE_LOOP('',(#2345,#2346,#2352,#2353));
#2345 = ORIENTED_EDGE('',*,*,#1513,.F.);
#2346 = ORIENTED_EDGE('',*,*,#2347,.F.);
#2347 = EDGE_CURVE('',#1856,#1514,#2348,.T.);
#2348 = LINE('',#2349,#2350);
#2349 = CARTESIAN_POINT('',(-264.,10.,285.07949192431));
#2350 = VECTOR('',#2351,1.);
#2351 = DIRECTION('',(1.,0.,1.110223024625E-16));
#2352 = ORIENTED_EDGE('',*,*,#1855,.T.);
#2353 = ORIENTED_EDGE('',*,*,#2347,.T.);
#2354 = CYLINDRICAL_SURFACE('',#2355,2.6);
#2355 = AXIS2_PLACEMENT_3D('',#2356,#2357,#2358);
#2356 = CARTESIAN_POINT('',(-264.,10.,287.67949192431));
#2357 = DIRECTION('',(1.,0.,1.110223024625E-16));
#2358 = DIRECTION('',(1.110223024625E-16,0.,-1.));
#2359 = ADVANCED_FACE('',(#2360),#2371,.F.);
#2360 = FACE_BOUND('',#2361,.F.);
#2361 = EDGE_LOOP('',(#2362,#2363,#2369,#2370));
#2362 = ORIENTED_EDGE('',*,*,#1524,.F.);
#2363 = ORIENTED_EDGE('',*,*,#2364,.F.);
#2364 = EDGE_CURVE('',#1867,#1525,#2365,.T.);
#2365 = LINE('',#2366,#2367);
#2366 = CARTESIAN_POINT('',(-264.,11.480502970953,274.68361402466));
#2367 = VECTOR('',#2368,1.);
#2368 = DIRECTION('',(1.,0.,1.110223024625E-16));
#2369 = ORIENTED_EDGE('',*,*,#1866,.T.);
#2370 = ORIENTED_EDGE('',*,*,#2364,.T.);
#2371 = CYLINDRICAL_SURFACE('',#2372,2.6);
#2372 = AXIS2_PLACEMENT_3D('',#2373,#2374,#2375);
#2373 = CARTESIAN_POINT('',(-264.,11.480502970953,277.28361402466));
#2374 = DIRECTION('',(1.,0.,1.110223024625E-16));
#2375 = DIRECTION('',(1.110223024625E-16,0.,-1.));
#2376 = ADVANCED_FACE('',(#2377),#2388,.F.);
#2377 = FACE_BOUND('',#2378,.F.);
#2378 = EDGE_LOOP('',(#2379,#2380,#2386,#2387));
#2379 = ORIENTED_EDGE('',*,*,#1535,.F.);
#2380 = ORIENTED_EDGE('',*,*,#2381,.F.);
#2381 = EDGE_CURVE('',#1878,#1536,#2382,.T.);
#2382 = LINE('',#2383,#2384);
#2383 = CARTESIAN_POINT('',(-264.,20.,302.4));
#2384 = VECTOR('',#2385,1.);
#2385 = DIRECTION('',(1.,0.,1.110223024625E-16));
#2386 = ORIENTED_EDGE('',*,*,#1877,.T.);
#2387 = ORIENTED_EDGE('',*,*,#2381,.T.);
#2388 = CYLINDRICAL_SURFACE('',#2389,2.6);
#2389 = AXIS2_PLACEMENT_3D('',#2390,#2391,#2392);
#2390 = CARTESIAN_POINT('',(-264.,20.,305.));
#2391 = DIRECTION('',(1.,0.,1.110223024625E-16));
#2392 = DIRECTION('',(1.110223024625E-16,0.,-1.));
#2393 = ADVANCED_FACE('',(#2394),#2405,.F.);
#2394 = FACE_BOUND('',#2395,.F.);
#2395 = EDGE_LOOP('',(#2396,#2397,#2403,#2404));
#2396 = ORIENTED_EDGE('',*,*,#1546,.F.);
#2397 = ORIENTED_EDGE('',*,*,#2398,.F.);
#2398 = EDGE_CURVE('',#1889,#1547,#2399,.T.);
#2399 = LINE('',#2400,#2401);
#2400 = CARTESIAN_POINT('',(-264.,21.217622392719,289.25));
#2401 = VECTOR('',#2402,1.);
#2402 = DIRECTION('',(1.,0.,1.110223024625E-16));
#2403 = ORIENTED_EDGE('',*,*,#1888,.T.);
#2404 = ORIENTED_EDGE('',*,*,#2398,.T.);
#2405 = CYLINDRICAL_SURFACE('',#2406,3.5);
#2406 = AXIS2_PLACEMENT_3D('',#2407,#2408,#2409);
#2407 = CARTESIAN_POINT('',(-264.,21.217622392719,292.75));
#2408 = DIRECTION('',(1.,0.,1.110223024625E-16));
#2409 = DIRECTION('',(1.110223024625E-16,0.,-1.));
#2410 = ADVANCED_FACE('',(#2411),#2422,.F.);
#2411 = FACE_BOUND('',#2412,.F.);
#2412 = EDGE_LOOP('',(#2413,#2414,#2420,#2421));
#2413 = ORIENTED_EDGE('',*,*,#1557,.F.);
#2414 = ORIENTED_EDGE('',*,*,#2415,.F.);
#2415 = EDGE_CURVE('',#1900,#1558,#2416,.T.);
#2416 = LINE('',#2417,#2418);
#2417 = CARTESIAN_POINT('',(-264.,30.,302.4));
#2418 = VECTOR('',#2419,1.);
#2419 = DIRECTION('',(1.,0.,1.110223024625E-16));
#2420 = ORIENTED_EDGE('',*,*,#1899,.T.);
#2421 = ORIENTED_EDGE('',*,*,#2415,.T.);
#2422 = CYLINDRICAL_SURFACE('',#2423,2.6);
#2423 = AXIS2_PLACEMENT_3D('',#2424,#2425,#2426);
#2424 = CARTESIAN_POINT('',(-264.,30.,305.));
#2425 = DIRECTION('',(1.,0.,1.110223024625E-16));
#2426 = DIRECTION('',(1.110223024625E-16,0.,-1.));
#2427 = ADVANCED_FACE('',(#2428),#2439,.F.);
#2428 = FACE_BOUND('',#2429,.F.);
#2429 = EDGE_LOOP('',(#2430,#2431,#2437,#2438));
#2430 = ORIENTED_EDGE('',*,*,#1568,.F.);
#2431 = ORIENTED_EDGE('',*,*,#2432,.F.);
#2432 = EDGE_CURVE('',#1911,#1569,#2433,.T.);
#2433 = LINE('',#2434,#2435);
#2434 = CARTESIAN_POINT('',(-264.,27.716385975339,290.91949702904));
#2435 = VECTOR('',#2436,1.);
#2436 = DIRECTION('',(1.,0.,1.110223024625E-16));
#2437 = ORIENTED_EDGE('',*,*,#1910,.T.);
#2438 = ORIENTED_EDGE('',*,*,#2432,.T.);
#2439 = CYLINDRICAL_SURFACE('',#2440,2.6);
#2440 = AXIS2_PLACEMENT_3D('',#2441,#2442,#2443);
#2441 = CARTESIAN_POINT('',(-264.,27.716385975339,293.51949702904));
#2442 = DIRECTION('',(1.,0.,1.110223024625E-16));
#2443 = DIRECTION('',(1.110223024625E-16,0.,-1.));
#2444 = ADVANCED_FACE('',(#2445),#2456,.F.);
#2445 = FACE_BOUND('',#2446,.F.);
#2446 = EDGE_LOOP('',(#2447,#2448,#2454,#2455));
#2447 = ORIENTED_EDGE('',*,*,#1579,.F.);
#2448 = ORIENTED_EDGE('',*,*,#2449,.F.);
#2449 = EDGE_CURVE('',#1922,#1580,#2450,.T.);
#2450 = LINE('',#2451,#2452);
#2451 = CARTESIAN_POINT('',(-264.,21.213203435596,281.1867965644));
#2452 = VECTOR('',#2453,1.);
#2453 = DIRECTION('',(1.,0.,1.110223024625E-16));
#2454 = ORIENTED_EDGE('',*,*,#1921,.T.);
#2455 = ORIENTED_EDGE('',*,*,#2449,.T.);
#2456 = CYLINDRICAL_SURFACE('',#2457,2.6);
#2457 = AXIS2_PLACEMENT_3D('',#2458,#2459,#2460);
#2458 = CARTESIAN_POINT('',(-264.,21.213203435596,283.7867965644));
#2459 = DIRECTION('',(1.,0.,1.110223024625E-16));
#2460 = DIRECTION('',(1.110223024625E-16,0.,-1.));
#2461 = ( GEOMETRIC_REPRESENTATION_CONTEXT(3) 
GLOBAL_UNCERTAINTY_ASSIGNED_CONTEXT((#2465)) 
GLOBAL_UNIT_ASSIGNED_CONTEXT((#2462,#2463,#2464)) REPRESENTATION_CONTEXT
('Context #1','3D Context with UNIT and UNCERTAINTY') );
#2462 = ( LENGTH_UNIT() NAMED_UNIT(*) SI_UNIT(.MILLI.,.METRE.) );
#2463 = ( NAMED_UNIT(*) PLANE_ANGLE_UNIT() SI_UNIT($,.RADIAN.) );
#2464 = ( NAMED_UNIT(*) SI_UNIT($,.STERADIAN.) SOLID_ANGLE_UNIT() );
#2465 = UNCERTAINTY_MEASURE_WITH_UNIT(LENGTH_MEASURE(1.E-07),#2462,
  'distance_accuracy_value','confusion accuracy');
#2466 = PRODUCT_RELATED_PRODUCT_CATEGORY('part',$,(#7));
ENDSEC;
END-ISO-10303-21;
